{"type":"FeatureCollection","crs":{"type":"name","properties":{"name":"EPSG:4326"}},"features":[{"type":"Feature","id":1,"geometry":{"type":"Polygon","coordinates":[[[-75.6611064765599,4.81231653527385],[-75.6609305375247,4.81216571727437],[-75.6608249866615,4.81200990109821],[-75.6607951333511,4.81202702595043],[-75.6606393067935,4.81181697641558],[-75.6608523464661,4.81167767189308],[-75.6608180889017,4.81161757821316],[-75.6609134136925,4.81156289397198],[-75.6608809546368,4.81150595747539],[-75.6612020369182,4.81118533327675],[-75.6613687583315,4.81114241732144],[-75.6620580748681,4.81074697293639],[-75.662083339417,4.81079207983272],[-75.662131421682,4.81087278343499],[-75.662099319151,4.81089203079107],[-75.6624791236651,4.8115295128074],[-75.6623773550956,4.81159224232634],[-75.6623474397523,4.81161146939784],[-75.6622221225724,4.81168660344152],[-75.6619645800199,4.81183497017139],[-75.6618391130472,4.81190985163875],[-75.6617798606346,4.81194546294547],[-75.6621725673641,4.81263444850448],[-75.661506137198,4.813017593308],[-75.6611064765599,4.81231653527385]]]},"properties":{"FID":1,"BARRIO":"BARRIO URBANIZACIÓN LARA BONILLA III","AÑO":"≥2000","Area_Ha":2.52171572879,"Shape_Leng":747.075014161,"Shape_Area":25217.1572879,"CCInundaci":" ","CCMovMasa":" ","CCVendaval":" ","Shape__Area":25550.36083984375,"Shape__Length":751.95735180378551}},{"type":"Feature","id":2,"geometry":{"type":"Polygon","coordinates":[[[-75.662379609861,4.81159615622015],[-75.6624852473864,4.81153110711322],[-75.6621054977142,4.81089359234326],[-75.6621376011461,4.81087434498344],[-75.662087207475,4.81078976115663],[-75.6620619429262,4.81074465426054],[-75.662524086583,4.81048431055586],[-75.6625782956971,4.81058109415901],[-75.6632903407494,4.81017975623941],[-75.6633340353142,4.81025776740632],[-75.663466964633,4.81018284315383],[-75.6636646317166,4.81053574926186],[-75.6635248141182,4.81061455634919],[-75.6645363973188,4.81242058478624],[-75.6645824957219,4.81239460240946],[-75.664671520994,4.81255354155769],[-75.6648237946609,4.81246668709768],[-75.6649425282546,4.8126761614616],[-75.6641334983805,4.81313762023342],[-75.663964640501,4.81283971614863],[-75.6633110630346,4.81321250566969],[-75.662379609861,4.81159615622015]]]},"properties":{"FID":2,"BARRIO":"BARRIO SANTIAGO LONDOÑO","AÑO":"1980","Area_Ha":5.19764251668,"Shape_Leng":1100.16308813,"Shape_Area":51976.4251668,"CCInundaci":" ","CCMovMasa":" ","CCVendaval":" ","Shape__Area":52663.041015625,"Shape__Length":1107.8703252588075}},{"type":"Feature","id":3,"geometry":{"type":"Polygon","coordinates":[[[-75.6600781817602,4.81216612846962],[-75.6602836806981,4.81204364281228],[-75.6602874407938,4.81204994930797],[-75.6607363046403,4.81280286815516],[-75.6599021571944,4.81330328738742],[-75.6594481117442,4.81254167638571],[-75.6600781817602,4.81216612846962]]]},"properties":{"FID":3,"BARRIO":"BARRIO URBANIZACIÓN DIANA TURBAY","AÑO":"≥2000","Area_Ha":1.05695446324,"Shape_Leng":411.704199594,"Shape_Area":10569.5446324,"CCInundaci":" ","CCMovMasa":" ","CCVendaval":" ","Shape__Area":10709.25439453125,"Shape__Length":414.387289720772}},{"type":"Feature","id":4,"geometry":{"type":"Polygon","coordinates":[[[-75.6628988047398,4.81335132613069],[-75.6624377386711,4.81254255906203],[-75.6627990149696,4.81233298081042],[-75.6632943795113,4.81319258676294],[-75.6629281098938,4.81340273104208],[-75.6628988047398,4.81335132613069]]]},"properties":{"FID":4,"BARRIO":"BARRIO URBANIZACIÓN VELA I","AÑO":"≥2000","Area_Ha":0.510877831615,"Shape_Leng":312.560842045,"Shape_Area":5108.77831615,"CCInundaci":" ","CCMovMasa":" ","CCVendaval":" ","Shape__Area":5176.287109375,"Shape__Length":314.83560187705388}},{"type":"Feature","id":5,"geometry":{"type":"Polygon","coordinates":[[[-75.661770817293,4.81354090906055],[-75.6613453479034,4.81282723505798],[-75.6609074472995,4.81308994056415],[-75.6609074119236,4.81308988193853],[-75.6607363046403,4.81280286815516],[-75.6602874407938,4.81204994930797],[-75.6602836806981,4.81204364281228],[-75.6605368323477,4.81188229143773],[-75.6606393067935,4.81181697641558],[-75.6607951333511,4.81202702595043],[-75.6608249866615,4.81200990109821],[-75.6609305375247,4.81216571727437],[-75.6611025649396,4.81231877908417],[-75.6615044623667,4.8130237619379],[-75.6621751607773,4.81263900114694],[-75.6624338216126,4.81254479295498],[-75.6628941417796,4.81335225115775],[-75.6628217091906,4.81336661816479],[-75.66260385689,4.81340548851252],[-75.6624960942788,4.81343119871035],[-75.66240415641,4.81344928539549],[-75.6622800387681,4.81347188000665],[-75.6621370068206,4.8135018389703],[-75.6619365979041,4.81351784409179],[-75.661770817293,4.81354090906055]]]},"properties":{"FID":5,"BARRIO":"BARRIO CAMILO MEJÍA DUQUE","AÑO":"1980","Area_Ha":1.81796212692,"Shape_Leng":844.837515712,"Shape_Area":18179.6212692,"CCInundaci":" ","CCMovMasa":" ","CCVendaval":" ","Shape__Area":18419.888671875,"Shape__Length":850.35426585278049}},{"type":"Feature","id":6,"geometry":{"type":"Polygon","coordinates":[[[-75.6583130829019,4.81304295747273],[-75.6584656850126,4.81296459451554],[-75.6588378021426,4.81356082942172],[-75.6590159477387,4.81382646796749],[-75.6590840237287,4.81392797934025],[-75.659000406881,4.81396285771696],[-75.6587671090441,4.81406016999402],[-75.6585337463219,4.81415750960266],[-75.6584797679561,4.81418002474398],[-75.6580693561014,4.81349350408511],[-75.6580414529458,4.81344682786437],[-75.6580488314438,4.81341645596078],[-75.6580860672184,4.81326318205466],[-75.6580874616606,4.81325744122943],[-75.6581000888349,4.81320546159924],[-75.6581045072417,4.81318727447396],[-75.658118838729,4.81317732259567],[-75.6583102163959,4.81304442964053],[-75.6583130829019,4.81304295747273]]]},"properties":{"FID":6,"BARRIO":"BARRIO URBANIZACIÓN NUEVA ESPERANZA","AÑO":"≥2000","Area_Ha":0.819693368521,"Shape_Leng":370.626475049,"Shape_Area":8196.93368521,"CCInundaci":" ","CCMovMasa":" ","CCVendaval":" ","Shape__Area":8305.32666015625,"Shape__Length":373.24331277334244}},{"type":"Feature","id":7,"geometry":{"type":"Polygon","coordinates":[[[-75.6643028447132,4.81407234923962],[-75.6642092104488,4.81412575536466],[-75.6641918842951,4.81409518650218],[-75.664162233038,4.81411209916436],[-75.6641140123954,4.81402702538817],[-75.6640588139669,4.81405850938845],[-75.6638881715863,4.81375745541478],[-75.663685479353,4.81387306747991],[-75.6633132908409,4.81321643593298],[-75.6639629512577,4.81284588030831],[-75.664131808235,4.81314378349254],[-75.6649447560568,4.81268008990725],[-75.6655221746594,4.81369879081198],[-75.6647056559299,4.81416452099691],[-75.6646628128516,4.81408893511343],[-75.6643978949132,4.81424004042429],[-75.6643028447132,4.81407234923962]]]},"properties":{"FID":7,"BARRIO":"BARRIO SATURNO","AÑO":"1995 - 2000","Area_Ha":2.40215829732,"Shape_Leng":708.444907703,"Shape_Area":24021.5829732,"CCInundaci":" ","CCMovMasa":" ","CCVendaval":" ","Shape__Area":24338.9931640625,"Shape__Length":713.05117102739109}},{"type":"Feature","id":8,"geometry":{"type":"Polygon","coordinates":[[[-75.6727940435306,4.81321289448869],[-75.6726986420603,4.81283181076846],[-75.6732431258058,4.8124228388411],[-75.6733110398649,4.81237182753611],[-75.6737682511729,4.81277456133258],[-75.6737792478381,4.81278424841775],[-75.6740550272305,4.81302716878715],[-75.6747071855669,4.81295497656353],[-75.6752375651955,4.81298811993208],[-75.6754534476381,4.81308220519985],[-75.6753192029214,4.81343334839029],[-75.6751212353321,4.81402996871491],[-75.6750726497467,4.81424924926749],[-75.6750123060656,4.81442660282036],[-75.674842383144,4.81440965669324],[-75.6744976077917,4.81430687148773],[-75.6738349762249,4.81375219628489],[-75.6736452836264,4.81360292005763],[-75.6733315650771,4.81350254861997],[-75.6729695925715,4.81338673826707],[-75.6727940435306,4.81321289448869]]]},"properties":{"FID":8,"BARRIO":"BARRIO URBANIZACIÓN LA REQUELITA","AÑO":"≥2000","Area_Ha":3.32058834428,"Shape_Leng":840.276425725,"Shape_Area":33205.8834428,"CCInundaci":" ","CCMovMasa":" ","CCVendaval":" ","Shape__Area":33644.10693359375,"Shape__Length":845.26733116508876}},{"type":"Feature","id":9,"geometry":{"type":"Polygon","coordinates":[[[-75.6588378021426,4.81356082942172],[-75.6584656850126,4.81296459451554],[-75.6594481117442,4.81254167638571],[-75.6599021571944,4.81330328738742],[-75.6607363046403,4.81280286815516],[-75.6609074119236,4.81308988193853],[-75.6605791182132,4.81328691071369],[-75.6608040082326,4.81366777261836],[-75.6609339242458,4.81388569272169],[-75.660905428511,4.81389990032963],[-75.6600288069417,4.81433696719856],[-75.6598627685773,4.81441975065145],[-75.6598355950258,4.81443329852648],[-75.6595318886313,4.81426997419285],[-75.6593940067205,4.81419582521433],[-75.6592770717715,4.81413294116805],[-75.6591901176723,4.8140861795328],[-75.6590840237287,4.81392797934025],[-75.6590159477387,4.81382646796749],[-75.6588378021426,4.81356082942172]]]},"properties":{"FID":9,"BARRIO":"BARRIO URBANIZACIÓN VILLA MARIELA","AÑO":"≥2000","Area_Ha":3.15523744677,"Shape_Leng":846.325825597,"Shape_Area":31552.3744677,"CCInundaci":" ","CCMovMasa":" ","CCVendaval":" ","Shape__Area":31969.5400390625,"Shape__Length":851.51129871465389}},{"type":"Feature","id":10,"geometry":{"type":"Polygon","coordinates":[[[-75.6753374183825,4.81445902776401],[-75.6750123060656,4.81442660282036],[-75.6750726497467,4.81424924926749],[-75.6751212353321,4.81402996871491],[-75.6753192029214,4.81343334839029],[-75.6754534476381,4.81308220519985],[-75.6762126222213,4.81330993499969],[-75.6760681676438,4.81374509280532],[-75.6758426336153,4.81442449055387],[-75.6756984362428,4.8144866327972],[-75.6753374183825,4.81445902776401]]]},"properties":{"FID":10,"BARRIO":"BARRIO SAN GREGORIO","AÑO":"1980","Area_Ha":1.30979636625,"Shape_Leng":468.439974181,"Shape_Area":13097.9636625,"CCInundaci":" ","CCMovMasa":" ","CCVendaval":" ","Shape__Area":13270.806640625,"Shape__Length":471.75495169495628}},{"type":"Feature","id":11,"geometry":{"type":"Polygon","coordinates":[[[-75.6762046127375,4.81457095238703],[-75.6758426336153,4.81442449055387],[-75.6760681676438,4.81374509280532],[-75.6762126222213,4.81330993499969],[-75.6770350745688,4.81346888768291],[-75.6767122094772,4.81406682557914],[-75.6765432474121,4.81445008887114],[-75.6764539236112,4.81469332512423],[-75.6762046127375,4.81457095238703]]]},"properties":{"FID":11,"BARRIO":"BARRIO URBANIZACIÓN EL PARAISO","AÑO":"≥2000","Area_Ha":1.11552782975,"Shape_Leng":447.236624509,"Shape_Area":11155.2782975,"CCInundaci":" ","CCMovMasa":" ","CCVendaval":" ","Shape__Area":11302.474609375,"Shape__Length":450.38840491323066}},{"type":"Feature","id":12,"geometry":{"type":"Polygon","coordinates":[[[-75.6615327587735,4.81475478883187],[-75.661316005799,4.81429534101786],[-75.6612619373422,4.81432777694721],[-75.6609814011676,4.81385721166739],[-75.6609339242458,4.81388569272169],[-75.6605791182132,4.81328691071369],[-75.6609074472995,4.81308994056415],[-75.6613453479034,4.81282723505798],[-75.661770817293,4.81354090906055],[-75.6619365979041,4.81351784409179],[-75.6621370068206,4.8135018389703],[-75.66240415641,4.81344928539549],[-75.6624960942788,4.81343119871035],[-75.6628217091906,4.81336661816479],[-75.6628948885824,4.81335356002444],[-75.6628941417796,4.81335225115775],[-75.6628988047398,4.81335132613069],[-75.6629281098938,4.81340273104208],[-75.6632943795113,4.81319258676294],[-75.663685479353,4.81387306747991],[-75.6632893666221,4.81414092387469],[-75.6631428043901,4.81403210573509],[-75.6623761338517,4.81442003449953],[-75.6620611566243,4.81457941029898],[-75.6617067879807,4.81469702708025],[-75.6615327587735,4.81475478883187]]]},"properties":{"FID":12,"BARRIO":"BARRIO URBANIZACIÓN ALVARO PATIÑO AMARILES I","AÑO":"≥2000","Area_Ha":3.48959643512,"Shape_Leng":935.026306443,"Shape_Area":34895.9643512,"CCInundaci":" ","CCMovMasa":" ","CCVendaval":" ","Shape__Area":35357.23388671875,"Shape__Length":940.656333581152}},{"type":"Feature","id":13,"geometry":{"type":"Polygon","coordinates":[[[-75.6653747215051,4.81505937074689],[-75.6652734112245,4.81488063605535],[-75.665065780644,4.81499906419331],[-75.6647206888855,4.81478859675519],[-75.6646966068878,4.81482833317595],[-75.6645202844988,4.81472079658865],[-75.6644966108172,4.81475985788401],[-75.6639136483039,4.81440431547445],[-75.663947774041,4.81434800990923],[-75.6638332488803,4.81427816162575],[-75.6638848749339,4.81419298058356],[-75.6638289805297,4.8141588913951],[-75.6639311929721,4.81399024297079],[-75.6644841268823,4.81432747217569],[-75.6645280141335,4.81425506053408],[-75.664671463507,4.81434254922421],[-75.6655900764156,4.81381858625395],[-75.6655221746594,4.81369879081198],[-75.6662846456371,4.8132638871022],[-75.6666214323474,4.81385805372591],[-75.6660621690832,4.81417704963641],[-75.6661934265418,4.81440861827598],[-75.6659930009991,4.81452293736862],[-75.6660609438063,4.81464280393008],[-75.6660770803569,4.81467127361362],[-75.6660291487433,4.81469861308888],[-75.6658851803216,4.81478073072973],[-75.6659135404296,4.81483076489076],[-75.6656649258773,4.81497257092793],[-75.6656312044645,4.81491307782026],[-75.6653747215051,4.81505937074689]]]},"properties":{"FID":13,"BARRIO":"BARRIO URBANIZACIÓN DIEGO PATIÑO AMARILES II","AÑO":"≥2000","Area_Ha":2.54948580421,"Shape_Leng":918.583711454,"Shape_Area":25494.8580421,"CCInundaci":" ","CCMovMasa":" ","CCVendaval":" ","Shape__Area":25831.7548828125,"Shape__Length":923.907758711612}},{"type":"Feature","id":14,"geometry":{"type":"Polygon","coordinates":[[[-75.6768863764978,4.8149893018775],[-75.6767981306642,4.81492890439999],[-75.6764539236112,4.81469332512423],[-75.6765432474121,4.81445008887114],[-75.6767122094772,4.81406682557914],[-75.6768367023239,4.81384155184142],[-75.6770350745688,4.81346888768291],[-75.6780007299666,4.81395090751107],[-75.6777823430042,4.81439720846492],[-75.6776201034293,4.81472876260193],[-75.6775690443467,4.81479565262656],[-75.6773578546779,4.81535031634611],[-75.6768863764978,4.8149893018775]]]},"properties":{"FID":14,"BARRIO":"BARRIO URBANIZACIÓN MIRADOR DE FRAILES","AÑO":"≥2000","Area_Ha":1.92669026908,"Shape_Leng":564.683666439,"Shape_Area":19266.9026908,"CCInundaci":" ","CCMovMasa":" ","CCVendaval":" ","Shape__Area":19521.1318359375,"Shape__Length":568.71573546041475}},{"type":"Feature","id":15,"geometry":{"type":"Polygon","coordinates":[[[-75.6744889367339,4.81432705869583],[-75.6744976077917,4.81430687148773],[-75.674842383144,4.81440965669324],[-75.6750123060656,4.81442660282036],[-75.6753374183825,4.81445902776401],[-75.6756984362428,4.8144866327972],[-75.6756319655531,4.81465711886011],[-75.6755474878325,4.81488437330186],[-75.6754245070051,4.81526668287397],[-75.6753294451082,4.81556187862718],[-75.6752681581594,4.8157570186095],[-75.6751746026402,4.8160394279222],[-75.6750720148268,4.8162828359025],[-75.6744978331086,4.81627115112974],[-75.6741608945777,4.81610289837585],[-75.6741831675817,4.81584496268175],[-75.6741955650235,4.81570138402532],[-75.6741957391767,4.81569936459382],[-75.6741949887139,4.81569804672686],[-75.6741327682132,4.81558874305077],[-75.6741489327605,4.81543108886442],[-75.6741570922853,4.81535150387359],[-75.6741647795552,4.81527652597831],[-75.6743912982373,4.81455437398455],[-75.6744889367339,4.81432705869583]]]},"properties":{"FID":15,"BARRIO":"BARRIO URBANIZACIÓN LA OKARINA","AÑO":"≥2000","Area_Ha":2.63173897125,"Shape_Leng":658.547774141,"Shape_Area":26317.3897125,"CCInundaci":" ","CCMovMasa":" ","CCVendaval":" ","Shape__Area":26664.82421875,"Shape__Length":663.29677859571007}},{"type":"Feature","id":16,"geometry":{"type":"Polygon","coordinates":[[[-75.6799703693275,4.81401912857819],[-75.6800223257304,4.81394742094729],[-75.6804276398126,4.81427903083777],[-75.6807271818291,4.81450016419586],[-75.6811635281184,4.81473656063947],[-75.6817095625232,4.81487153941051],[-75.6821905151226,4.8148813326273],[-75.6826890564323,4.81488235466799],[-75.6829651530263,4.81492308281502],[-75.6829334635888,4.81498628939296],[-75.6826439742693,4.8155636925287],[-75.6823067022251,4.81625236529814],[-75.6822222786715,4.81647663678436],[-75.6821642180265,4.81663576271453],[-75.681252762365,4.81614398122895],[-75.6808196574264,4.81554879634266],[-75.6805643230268,4.81522551436291],[-75.6807022701509,4.81506438290473],[-75.6796753408965,4.81442630959543],[-75.6799703693275,4.81401912857819]]]},"properties":{"FID":16,"BARRIO":"BARRIO URBANIZACIÓN EL BALSO","AÑO":"≥2000","Area_Ha":4.0305751444,"Shape_Leng":1030.84099094,"Shape_Area":40305.751444,"CCInundaci":"Inundación","CCMovMasa":" ","CCVendaval":" ","Shape__Area":40837.41259765625,"Shape__Length":1037.0284594644293}},{"type":"Feature","id":17,"geometry":{"type":"Polygon","coordinates":[[[-75.676537844928,4.81669640295082],[-75.6761892425191,4.81657029279931],[-75.6761442875776,4.81641545960178],[-75.6764093398256,4.81581657345774],[-75.6766688953687,4.81521148562152],[-75.6767981306642,4.81492890439999],[-75.6768863764978,4.8149893018775],[-75.6774264275899,4.8154030452743],[-75.6773790605544,4.81567230298444],[-75.6773376815887,4.81603882093124],[-75.67726597107,4.81667401515557],[-75.6772358686689,4.81676662878505],[-75.6770094855322,4.817097346502],[-75.676537844928,4.81669640295082]]]},"properties":{"FID":17,"BARRIO":"BARRIO URBANIZACIÓN VILLA LAURA","AÑO":"≥2000","Area_Ha":2.01023483696,"Shape_Leng":591.455727389,"Shape_Area":20102.3483696,"CCInundaci":" ","CCMovMasa":" ","CCVendaval":" ","Shape__Area":20367.70947265625,"Shape__Length":596.12673395831291}},{"type":"Feature","id":18,"geometry":{"type":"Polygon","coordinates":[[[-75.6724340711754,4.81558325931187],[-75.6739328870934,4.81523760729721],[-75.6741327682132,4.81558874305077],[-75.6741949887139,4.81569804672686],[-75.6741957391767,4.81569936459382],[-75.6741955650235,4.81570138402532],[-75.6741831675817,4.81584496268175],[-75.6741608945777,4.81610289837585],[-75.6735967480861,4.81640281887192],[-75.6735101121191,4.81664805729409],[-75.6737144568982,4.81738374276318],[-75.6732809315728,4.81731465096963],[-75.6723698996456,4.81716945754639],[-75.6718279100752,4.81690274839184],[-75.6715858460871,4.8168173827111],[-75.6713029130916,4.81675826941322],[-75.6713422946355,4.81646906438123],[-75.6720516058953,4.81589357077323],[-75.6724340711754,4.81558325931187]]]},"properties":{"FID":18,"BARRIO":"BARRIO URBANIZACIÓN OLAYA HERRERA","AÑO":"≥2000","Area_Ha":4.48838539432,"Shape_Leng":925.058700451,"Shape_Area":44883.8539432,"CCInundaci":" ","CCMovMasa":" ","CCVendaval":" ","Shape__Area":45476.68017578125,"Shape__Length":930.2745600113476}},{"type":"Feature","id":19,"geometry":{"type":"Polygon","coordinates":[[[-75.6742730108273,4.81721150030772],[-75.6735147810893,4.81665121486357],[-75.6735967480861,4.81640281887192],[-75.6741608945777,4.81610289837585],[-75.6744978331086,4.81627115112974],[-75.6750720148268,4.8162828359025],[-75.6755121336217,4.81680383921149],[-75.6747170114451,4.81764668177141],[-75.6742730108273,4.81721150030772]]]},"properties":{"FID":19,"BARRIO":"BARRIO URBANIZACIÓN ALTOS DE LA SULTANA","AÑO":"≥2000","Area_Ha":2.04714558171,"Shape_Leng":582.550692637,"Shape_Area":20471.4558171,"CCInundaci":" ","CCMovMasa":" ","CCVendaval":" ","Shape__Area":20741.81103515625,"Shape__Length":585.99279734226309}},{"type":"Feature","id":20,"geometry":{"type":"Polygon","coordinates":[[[-75.6726852307287,4.8183549517068],[-75.6717886040351,4.8179943389467],[-75.6714414101862,4.81808145792446],[-75.6708980255148,4.81769039481012],[-75.670947587368,4.81722443341286],[-75.6713029130916,4.81675826941322],[-75.6715858460871,4.8168173827111],[-75.6718279100752,4.81690274839184],[-75.6723698996456,4.81716945754639],[-75.6732809315728,4.81731465096963],[-75.6737144568982,4.81738374276318],[-75.6735380296901,4.81837731612536],[-75.6726852307287,4.8183549517068]]]},"properties":{"FID":20,"BARRIO":"BARRIO URBANIZACIÓN SAN RAFAEL","AÑO":"≥2000","Area_Ha":3.5571794574,"Shape_Leng":822.733530013,"Shape_Area":35571.794574,"CCInundaci":" ","CCMovMasa":" ","CCVendaval":" ","Shape__Area":36041.796875,"Shape__Length":827.16811833235374}},{"type":"Feature","id":21,"geometry":{"type":"Polygon","coordinates":[[[-75.6775274552163,4.81872024883325],[-75.6769780005346,4.81819991057718],[-75.6762430635473,4.81750445155392],[-75.6755121336217,4.81680383921149],[-75.6750720148268,4.8162828359025],[-75.6751746026402,4.8160394279222],[-75.6752681581594,4.8157570186095],[-75.6753294451082,4.81556187862718],[-75.6754245070051,4.81526668287397],[-75.6755474878325,4.81488437330186],[-75.6756319655531,4.81465711886011],[-75.6756984362428,4.8144866327972],[-75.6758426336153,4.81442449055387],[-75.6762046127375,4.81457095238703],[-75.6764539236112,4.81469332512423],[-75.6767981306642,4.81492890439999],[-75.6766688953687,4.81521148562152],[-75.6764093398256,4.81581657345774],[-75.6761442875776,4.81641545960178],[-75.6761892425191,4.81657029279931],[-75.676537844928,4.81669640295082],[-75.6770094855322,4.817097346502],[-75.677392068526,4.81750699640103],[-75.6774694035039,4.81763386065454],[-75.6777117441949,4.81813972633374],[-75.6778259003359,4.81823452431791],[-75.6780715587146,4.81832959231376],[-75.6783109141213,4.81839111048558],[-75.6783595787319,4.81843675119003],[-75.678419377119,4.81845686921056],[-75.6784758963122,4.81845476328025],[-75.6785228480575,4.81843676935112],[-75.6785588994103,4.81859772677934],[-75.6780932118906,4.81893203530429],[-75.6780820198412,4.81894797530372],[-75.6775274552163,4.81872024883325]]]},"properties":{"FID":21,"BARRIO":"BARRIO URBANIZACIÓN LOS HÉROES","AÑO":"≥2000","Area_Ha":5.70097794516,"Shape_Leng":1429.71212928,"Shape_Area":57009.7794516,"CCInundaci":" ","CCMovMasa":" ","CCVendaval":" ","Shape__Area":57762.47802734375,"Shape__Length":1439.4990248283746}},{"type":"Feature","id":22,"geometry":{"type":"Polygon","coordinates":[[[-75.6829334635888,4.81498628939296],[-75.6829651530263,4.81492308281502],[-75.6831038585783,4.81499189562012],[-75.6833432374852,4.8151067590882],[-75.6837571451139,4.81543166355601],[-75.6840082063342,4.81583450082994],[-75.6842775543084,4.81617435864469],[-75.6845371681585,4.81673156775614],[-75.6845691423213,4.81680019398974],[-75.6845816194639,4.81681919923651],[-75.6848084766435,4.81716476336937],[-75.6853903210371,4.8177157624821],[-75.6855790809897,4.81789451516394],[-75.6859579660955,4.8180112420486],[-75.685687331958,4.8187384813811],[-75.6852310947542,4.81852377630382],[-75.6829883921361,4.81735834318363],[-75.6825555294926,4.81700290074317],[-75.6823354238051,4.81676226549358],[-75.6822672262218,4.81663250397419],[-75.6822222786715,4.81647663678436],[-75.6823067022251,4.81625236529814],[-75.6826439742693,4.8155636925287],[-75.6829334635888,4.81498628939296]]]},"properties":{"FID":22,"BARRIO":"BARRIO OTÚN","AÑO":"1920","Area_Ha":6.98036740318,"Shape_Leng":1236.90959692,"Shape_Area":69803.6740318,"CCInundaci":" ","CCMovMasa":" ","CCVendaval":" ","Shape__Area":70724.4560546875,"Shape__Length":1245.1118637427689}},{"type":"Feature","id":23,"geometry":{"type":"Polygon","coordinates":[[[-75.6788567679235,4.81840098881833],[-75.6787947952569,4.81835795908799],[-75.6785228480575,4.81843676935112],[-75.6784758963122,4.81845476328025],[-75.678419377119,4.81845686921056],[-75.6783595787319,4.81843675119003],[-75.6783109141213,4.81839111048558],[-75.6780715587146,4.81832959231376],[-75.6778259003359,4.81823452431791],[-75.6777117441949,4.81813972633374],[-75.6774694035039,4.81763386065454],[-75.677392068526,4.81750699640103],[-75.6770094855322,4.817097346502],[-75.6772358686689,4.81676662878505],[-75.67726597107,4.81667401515557],[-75.6773376815887,4.81603882093124],[-75.6773790605544,4.81567230298444],[-75.6774264275899,4.8154030452743],[-75.6773578546779,4.81535031634611],[-75.6775690443467,4.81479565262656],[-75.6776201034293,4.81472876260193],[-75.6777823430042,4.81439720846492],[-75.6780007299666,4.81395090751107],[-75.6784968081998,4.81408521297226],[-75.6785200921597,4.8139981997521],[-75.6785495788904,4.81400044951232],[-75.6787481867006,4.81409282849865],[-75.678917320843,4.81417638789201],[-75.6790165667863,4.81425104465043],[-75.6790866759271,4.81433064920876],[-75.6791334203324,4.81444023361757],[-75.6793078182827,4.81462015441693],[-75.6794422174711,4.81475240953045],[-75.6796025784937,4.8148534684748],[-75.6796385479811,4.8148907687489],[-75.6796536313223,4.81499262436525],[-75.6796512839285,4.81507254597136],[-75.6796818874044,4.81513902471483],[-75.6800376366102,4.81545298580274],[-75.6805895572731,4.81556252932725],[-75.6806378034322,4.81559964910136],[-75.6806726501685,4.81565076933261],[-75.6806855393515,4.81569583856762],[-75.6806764986935,4.81598341796047],[-75.6807064185789,4.81602121839932],[-75.6807560631232,4.81607388584389],[-75.6808111229735,4.8161090440511],[-75.6809078285284,4.81616315678394],[-75.6809817216779,4.81619430899689],[-75.6810528425286,4.81626589113474],[-75.6811949700221,4.81646566627725],[-75.6812693749847,4.81650299647326],[-75.6814519990182,4.8166260254988],[-75.6815671445769,4.81686887710377],[-75.6816264803692,4.81695862991356],[-75.6817002451791,4.8169924223016],[-75.6818053717147,4.81700833728316],[-75.681903699765,4.81706685057865],[-75.6820779471871,4.81719952957701],[-75.6817589766606,4.81781562521065],[-75.6815473977055,4.818291927676],[-75.6822336282316,4.81879882228125],[-75.6812176831786,4.81906659317952],[-75.6811613249181,4.81908144758489],[-75.6811124696611,4.819091101233],[-75.6804143862776,4.81922903700361],[-75.6803216091898,4.81933666819168],[-75.6802363109766,4.81945685149438],[-75.6801962452021,4.81947682898799],[-75.6801162363861,4.81945660470541],[-75.6799338232771,4.81935843788154],[-75.6798863445657,4.8193332657564],[-75.6797947956695,4.81924662049892],[-75.6795041799797,4.81903580025815],[-75.6791024036209,4.81863102258801],[-75.6788567679235,4.81840098881833]]]},"properties":{"FID":23,"BARRIO":"BARRIO EL JAPÓN","AÑO":"1950","Area_Ha":20.1252241637,"Shape_Leng":1959.61790348,"Shape_Area":201252.241637,"CCInundaci":"Inundación","CCMovMasa":"Mov. en masa","CCVendaval":" ","Shape__Area":203908.53173828125,"Shape__Length":1972.3774364207748}},{"type":"Feature","id":24,"geometry":{"type":"Polygon","coordinates":[[[-75.6754637454937,4.81960815317128],[-75.6760964021378,4.81893931135242],[-75.6761884207034,4.81904447409778],[-75.6769780005346,4.81819991057718],[-75.6775274552163,4.81872024883325],[-75.6780820198412,4.81894797530372],[-75.6780471298072,4.81899766191732],[-75.6779894595244,4.81907979060381],[-75.6777107458415,4.81932805065289],[-75.6775927568799,4.81936909574315],[-75.6773867221575,4.8194058690468],[-75.6773551256462,4.81941150827223],[-75.676761965323,4.81954716138048],[-75.6768621873348,4.81976562592828],[-75.6767345225446,4.81981885135486],[-75.6768098188516,4.81998838752608],[-75.6764949002263,4.82013102363786],[-75.6758434383373,4.8196957571843],[-75.6754637454937,4.81960815317128]]]},"properties":{"FID":24,"BARRIO":"BARRIO URBANIZACIÓN ALTOS DE SANTA MÓNICA","AÑO":"≥2000","Area_Ha":2.61982007451,"Shape_Leng":794.113076129,"Shape_Area":26198.2007451,"CCInundaci":" ","CCMovMasa":" ","CCVendaval":" ","Shape__Area":26544.2802734375,"Shape__Length":798.6440859072768}},{"type":"Feature","id":25,"geometry":{"type":"Polygon","coordinates":[[[-75.6748267177975,4.819001806262],[-75.6762430635473,4.81750445155392],[-75.6769780005346,4.81819991057718],[-75.6761884207034,4.81904447409778],[-75.6760964021378,4.81893931135242],[-75.6754637454937,4.81960815317128],[-75.6748267177975,4.819001806262]]]},"properties":{"FID":25,"BARRIO":"BARRIO URBANIZACIÓN VILLAS DE SANTA MÓNICA","AÑO":"≥2000","Area_Ha":2.41770954066,"Shape_Leng":683.415093136,"Shape_Area":24177.0954066,"CCInundaci":" ","CCMovMasa":" ","CCVendaval":" ","Shape__Area":24496.46728515625,"Shape__Length":687.97510406790968}},{"type":"Feature","id":26,"geometry":{"type":"Polygon","coordinates":[[[-75.6607638452339,4.81998038675662],[-75.6605873722907,4.81939651751904],[-75.6604091610004,4.8195596427051],[-75.6602670217358,4.81939926015699],[-75.6602148476299,4.81944590429144],[-75.6600388905608,4.81924248966242],[-75.6600849422995,4.8192008716877],[-75.6599614491914,4.81906025199888],[-75.6604944747752,4.81858486804516],[-75.6605591384101,4.8184597748469],[-75.6605802907285,4.81841885648451],[-75.6606989256691,4.81839309269963],[-75.6607804772636,4.81838025753622],[-75.6608434239842,4.81840454183059],[-75.6609173557616,4.81849201763675],[-75.661006450051,4.81841602956841],[-75.6611838525215,4.81864306587348],[-75.6610799202571,4.81872645486641],[-75.6612358233168,4.8189470959042],[-75.6613669630562,4.81914616714246],[-75.6615258533638,4.8193657331299],[-75.6616110873912,4.8195024131608],[-75.6615970808338,4.81950970956221],[-75.661481982068,4.81956967300156],[-75.6612359641658,4.81970280506648],[-75.6609691405397,4.81978348452726],[-75.6609820110538,4.8198804687649],[-75.6609976531636,4.81991895483289],[-75.6607638452339,4.81998038675662]]]},"properties":{"FID":26,"BARRIO":"BARRIO URBANIZACIÓN LOS ROSALES","AÑO":"≥2000","Area_Ha":1.67227836923,"Shape_Leng":609.890169746,"Shape_Area":16722.7836923,"CCInundaci":" ","CCMovMasa":" ","CCVendaval":" ","Shape__Area":16944.1279296875,"Shape__Length":613.978813598077}},{"type":"Feature","id":27,"geometry":{"type":"Polygon","coordinates":[[[-75.6706217931416,4.8190882869552],[-75.6699972259962,4.81840100898885],[-75.6708980255148,4.81769039481012],[-75.6714414101862,4.81808145792446],[-75.6714885548607,4.81826244031853],[-75.6716043646505,4.81871362370278],[-75.6718081308379,4.81904389928366],[-75.6717845993843,4.81913904576041],[-75.6713773335904,4.81949161975644],[-75.671294451621,4.81980009857219],[-75.6712488608829,4.82003388794944],[-75.6706217931416,4.8190882869552]]]},"properties":{"FID":27,"BARRIO":"BARRIO URBANIZACIÓN LA CASTILLA","AÑO":"≥2000","Area_Ha":2.46248701016,"Shape_Leng":677.275080986,"Shape_Area":24624.8701016,"CCInundaci":" ","CCMovMasa":" ","CCVendaval":" ","Shape__Area":24950.3623046875,"Shape__Length":682.22147541323568}},{"type":"Feature","id":28,"geometry":{"type":"Polygon","coordinates":[[[-75.6720944973259,4.81891732577503],[-75.6740722075836,4.81876329437981],[-75.6740716069722,4.81905604843844],[-75.6741634092569,4.81905664991055],[-75.674187604201,4.82017846863355],[-75.672272411126,4.82026330817171],[-75.6720944973259,4.81891732577503]]]},"properties":{"FID":28,"BARRIO":"BARRIO URBANIZACIÓN MIRADOR DE SANTA MÓNICA","AÑO":"≥2000","Area_Ha":3.36168212311,"Shape_Leng":749.700744422,"Shape_Area":33616.8212311,"CCInundaci":" ","CCMovMasa":" ","CCVendaval":" ","Shape__Area":34061.1318359375,"Shape__Length":754.17933909756221}},{"type":"Feature","id":29,"geometry":{"type":"Polygon","coordinates":[[[-75.6611124874795,4.82057319499484],[-75.6610593657329,4.82049703802448],[-75.6610108760909,4.82052520416625],[-75.660986438604,4.82048459547747],[-75.6609180357838,4.82047518549721],[-75.6608138339058,4.82029677409428],[-75.6610470363693,4.82004045337821],[-75.6609976531636,4.81991895483289],[-75.6609820110538,4.8198804687649],[-75.6609691405397,4.81978348452726],[-75.6612359641658,4.81970280506648],[-75.6615971651967,4.81950985026509],[-75.6616110873912,4.8195024131608],[-75.6616528500207,4.81959713247283],[-75.6617338841968,4.81981547188453],[-75.6618020689869,4.81995406563949],[-75.6618761845772,4.82008194109815],[-75.661865639474,4.8200887239997],[-75.6618612074772,4.82009157559671],[-75.6611124874795,4.82057319499484]]]},"properties":{"FID":29,"BARRIO":"BARRIO URBANIZACIÓN DIEGO JARAMILLO CUARTAS","AÑO":"≥2000","Area_Ha":0.750444735993,"Shape_Leng":370.026052149,"Shape_Area":7504.44735993,"CCInundaci":" ","CCMovMasa":" ","CCVendaval":" ","Shape__Area":7603.78955078125,"Shape__Length":372.42329804199693}},{"type":"Feature","id":30,"geometry":{"type":"Polygon","coordinates":[[[-75.6619972344194,4.82349607705204],[-75.662087445317,4.8233361024344],[-75.6621156353356,4.82322605005538],[-75.6621178263917,4.82313543657755],[-75.6621559983303,4.82302740541092],[-75.6621901964083,4.8229093574801],[-75.6621944282553,4.82279525033698],[-75.6621825947463,4.82270824120021],[-75.6621567670687,4.82264212099781],[-75.6621529880038,4.822538007101],[-75.6621751368661,4.82245196494688],[-75.6623395436404,4.82223913742196],[-75.6623957999345,4.82207909171732],[-75.6624020280792,4.82196498851742],[-75.6623684349233,4.82179074157762],[-75.6623385907059,4.82173462246043],[-75.6622209612268,4.82153138089111],[-75.6620086256822,4.82128594918492],[-75.661791894127,4.82126635432951],[-75.6614350188832,4.82113660916754],[-75.6611124874795,4.82057319499484],[-75.6618612074772,4.82009157559671],[-75.662033809442,4.82045291554983],[-75.662129175819,4.82060818382311],[-75.6624160135749,4.82107519063179],[-75.6624772471154,4.82117968859305],[-75.6624906769522,4.8212892197262],[-75.662725015347,4.82187828652238],[-75.6628240268954,4.82204051140368],[-75.6631238454539,4.82257679417045],[-75.6635557939986,4.82335790250087],[-75.6636679713515,4.82328970310257],[-75.6637745589134,4.82322490138862],[-75.6638466051138,4.82335503997058],[-75.6642099540651,4.82389091211168],[-75.6642577877559,4.82396145696508],[-75.6641331185438,4.82406066771712],[-75.664042500639,4.82413278035456],[-75.6640152553878,4.82413606145017],[-75.6627959564001,4.82428291668877],[-75.6626908911027,4.82429557078587],[-75.662247302693,4.82438473815011],[-75.6621896546089,4.82425248336533],[-75.6620659109687,4.824069764633],[-75.6619324818706,4.82388129513103],[-75.6619168054948,4.82373511405177],[-75.6619330264259,4.82363808818738],[-75.6619972344194,4.82349607705204]]]},"properties":{"FID":30,"BARRIO":"BARRIO URBANIZACIÓN LAS VIOLETAS","AÑO":"≥2000","Area_Ha":5.3628560965,"Shape_Leng":1384.24757205,"Shape_Area":53628.560965,"CCInundaci":" ","CCMovMasa":" ","CCVendaval":" ","Shape__Area":54338.80224609375,"Shape__Length":1394.1880546214554}},{"type":"Feature","id":31,"geometry":{"type":"Polygon","coordinates":[[[-75.6753132230562,4.82163518386805],[-75.6751638951271,4.82104714043748],[-75.6750842435577,4.8208984097225],[-75.6748820096567,4.82074118547241],[-75.6746826060521,4.82070080304991],[-75.674187604201,4.82017846863355],[-75.6741634092569,4.81905664991055],[-75.6740716069722,4.81905604843844],[-75.6740722075836,4.81876329437981],[-75.6735380296901,4.81837731612536],[-75.6737144568982,4.81738374276318],[-75.6735101121191,4.81664805729409],[-75.6742730108273,4.81721150030772],[-75.6747170114451,4.81764668177141],[-75.6755121336217,4.81680383921149],[-75.6762430635473,4.81750445155392],[-75.6748267177975,4.819001806262],[-75.6754637454937,4.81960815317128],[-75.6758434383373,4.8196957571843],[-75.6764949002263,4.82013102363786],[-75.6767642764358,4.82069993897065],[-75.6764301988901,4.82138806382083],[-75.6763887427776,4.8214999948584],[-75.6763663479876,4.82165756674868],[-75.6758711059338,4.82196839535954],[-75.6753132230562,4.82163518386805]]]},"properties":{"FID":31,"BARRIO":"BARRIO URBANIZACIÓN LA SULTANA","AÑO":"≥2000","Area_Ha":9.66262743258,"Shape_Leng":1844.72402039,"Shape_Area":96626.2743258,"CCInundaci":" ","CCMovMasa":" ","CCVendaval":" ","Shape__Area":97902.9970703125,"Shape__Length":1857.9274181916514}},{"type":"Feature","id":32,"geometry":{"type":"Polygon","coordinates":[[[-75.6772708688584,4.82191072824503],[-75.6771246302987,4.82158486632622],[-75.6783096397952,4.82106081584449],[-75.678483326573,4.82153618622567],[-75.6774528418061,4.82198971614907],[-75.6774032325073,4.82206669444693],[-75.6772708688584,4.82191072824503]]]},"properties":{"FID":32,"BARRIO":"BARRIO URBANIZACIÓN MIRADOR DE SANTA MARÍA","AÑO":"≥2000","Area_Ha":0.789242963546,"Shape_Leng":396.893107732,"Shape_Area":7892.42963546,"CCInundaci":" ","CCMovMasa":" ","CCVendaval":" ","Shape__Area":7996.73095703125,"Shape__Length":399.15882530390172}},{"type":"Feature","id":33,"geometry":{"type":"Polygon","coordinates":[[[-75.6566884385462,4.8211653763586],[-75.6567540853274,4.82035797131513],[-75.6572339449457,4.82031411125083],[-75.6578031084904,4.82039220942468],[-75.6580201233748,4.82062338884647],[-75.6583268274215,4.82079066596631],[-75.6589600270945,4.82083685105704],[-75.659171297924,4.82075397389502],[-75.6595230865002,4.82077393587721],[-75.659727494766,4.82091536147497],[-75.6604182803234,4.82095525782253],[-75.6602504723316,4.82167272369818],[-75.6602688523849,4.82206371515386],[-75.6594819142048,4.8221197543285],[-75.6583050292872,4.82204679728084],[-75.6580233927516,4.82212952682013],[-75.6566884385462,4.8211653763586]]]},"properties":{"FID":33,"BARRIO":"BARRIO URBANIZACIÓN GALATEA","AÑO":"≥2000","Area_Ha":5.59822749428,"Shape_Leng":1077.98437469,"Shape_Area":55982.2749428,"CCInundaci":" ","CCMovMasa":" ","CCVendaval":" ","Shape__Area":56723.822265625,"Shape__Length":1083.6200525874979}},{"type":"Feature","id":34,"geometry":{"type":"Polygon","coordinates":[[[-75.6804827530332,4.82213109570738],[-75.6805265820473,4.82154316045716],[-75.6805308904684,4.82148380274124],[-75.6813484430963,4.82154910795411],[-75.6812950663627,4.8222530163249],[-75.6804827530332,4.82213109570738]]]},"properties":{"FID":34,"BARRIO":"BARRIO URBANIZACIÓN GRANATE","AÑO":"≥2000","Area_Ha":0.681552658617,"Shape_Leng":332.028307356,"Shape_Area":6815.52658617,"CCInundaci":" ","CCMovMasa":" ","CCVendaval":" ","Shape__Area":6905.56689453125,"Shape__Length":334.11954598758115}},{"type":"Feature","id":35,"geometry":{"type":"Polygon","coordinates":[[[-75.6766091925209,4.8226341400213],[-75.6765408526318,4.8226206742366],[-75.6764620334556,4.82262336715112],[-75.6763917259967,4.82264321067381],[-75.6763385587697,4.82263929238536],[-75.6762873218211,4.82262015132838],[-75.67627696295,4.82257825059203],[-75.6762532234461,4.82257820224001],[-75.6761104072065,4.82215532369999],[-75.6758711059338,4.82196839535954],[-75.6763663479876,4.82165756674868],[-75.6763887427776,4.8214999948584],[-75.6764301988901,4.82138806382083],[-75.6767642764358,4.82069993897065],[-75.6764949002263,4.82013102363786],[-75.6768098188516,4.81998838752608],[-75.6767345225446,4.81981885135486],[-75.6768621873348,4.81976562592828],[-75.676761965323,4.81954716138048],[-75.6773551256462,4.81941150827223],[-75.6773867221575,4.8194058690468],[-75.6774754096564,4.81972354307339],[-75.6775722243854,4.81991923787398],[-75.6778365800483,4.81981064291978],[-75.6780370417326,4.82031467142714],[-75.6783096397952,4.82106081584449],[-75.6771245720613,4.82158472371609],[-75.6771246302987,4.82158486632622],[-75.6772708688584,4.82191072824503],[-75.6774032325073,4.82206669444693],[-75.6773536240978,4.82214367183969],[-75.6771646098962,4.82240900155551],[-75.6770857347374,4.82251008330576],[-75.6769568516643,4.82265636039014],[-75.6769295014831,4.82268013895465],[-75.6769303611921,4.82277510592392],[-75.6768915246656,4.82275698642382],[-75.6767477749627,4.82273471514757],[-75.6766690431393,4.8226955294727],[-75.6766091925209,4.8226341400213]]]},"properties":{"FID":35,"BARRIO":"BARRIO URBANIZACIÓN ARBOLEDA DE SANTA MÓNICA","AÑO":"≥2000","Area_Ha":4.63650463216,"Shape_Leng":1131.71827358,"Shape_Area":46365.0463216,"CCInundaci":" ","CCMovMasa":" ","CCVendaval":" ","Shape__Area":46977.7568359375,"Shape__Length":1139.5143014920488}},{"type":"Feature","id":36,"geometry":{"type":"Polygon","coordinates":[[[-75.7132548596575,4.82139195446156],[-75.7123096088392,4.82136456184125],[-75.7117489285586,4.82141867580455],[-75.7115747599586,4.82149717521355],[-75.7108576549553,4.82153731047206],[-75.7108747379498,4.82145070908219],[-75.7109895518064,4.82135112175918],[-75.7113354938555,4.82124069901447],[-75.7115443671255,4.82117270689554],[-75.7116572823629,4.82108253167755],[-75.7120070797,4.82092314860589],[-75.7122559772849,4.82087069759686],[-75.7125153686837,4.82082036793075],[-75.7127279260398,4.82070025932492],[-75.7128657743801,4.82063411913834],[-75.7129318865485,4.82045909843676],[-75.7129544926906,4.82042900995484],[-75.7132191048057,4.8203744709517],[-75.7133815238852,4.82035795831448],[-75.7133874304282,4.82020361901713],[-75.7135330057944,4.82020952289382],[-75.7135323792438,4.82052383763588],[-75.7135356719939,4.82072873104914],[-75.7142158261728,4.82082270725826],[-75.7148319608458,4.82016420625234],[-75.7148320030219,4.82016416088268],[-75.7148710242047,4.82012245700316],[-75.7149762405424,4.82030610960254],[-75.7150956188646,4.82044745882803],[-75.7152502189013,4.82057476696381],[-75.7153906705362,4.82073732513054],[-75.7154605956941,4.82097029555018],[-75.7154556353666,4.82105667106142],[-75.7154460114526,4.82122426436456],[-75.7153967513596,4.82130782109973],[-75.7153952367377,4.82131039005528],[-75.7153753846407,4.82134406466007],[-75.7153704247594,4.82134641415517],[-75.7150935663106,4.82147755467354],[-75.7148117612358,4.82160398778846],[-75.7145581402134,4.82171636725376],[-75.7145173354685,4.82179776213416],[-75.7144945373087,4.8218432378666],[-75.7144944479023,4.82188832990911],[-75.7144940172199,4.82210428969442],[-75.7145498772542,4.82233017656973],[-75.714573166987,4.82250797767583],[-75.7145743770427,4.82251721103163],[-75.7145776104159,4.82254189596622],[-75.7145713500577,4.82255126857976],[-75.7145431470822,4.82259349066757],[-75.7145352517539,4.82260531067662],[-75.7142256288437,4.82256235646866],[-75.7138529239693,4.8223852216948],[-75.7136489261891,4.82232131276287],[-75.7136571756369,4.82171455894988],[-75.7138038379507,4.82165234290032],[-75.7138866341415,4.82158452313118],[-75.713903760226,4.82149957606736],[-75.7138890675058,4.8214273130391],[-75.7138425058336,4.82139322675392],[-75.7132548596575,4.82139195446156]]]},"properties":{"FID":36,"BARRIO":"BARRIO PEDREGALES","AÑO":"1980","Area_Ha":4.9808445461,"Shape_Leng":1518.38850055,"Shape_Area":49808.445461,"CCInundaci":" ","CCMovMasa":"Mov. en masa","CCVendaval":" ","Shape__Area":50463.6474609375,"Shape__Length":1526.882923179739}},{"type":"Feature","id":37,"geometry":{"type":"Polygon","coordinates":[[[-75.6728641541116,4.82166580446641],[-75.6738836315754,4.82097944705358],[-75.6742768888064,4.82099513068389],[-75.6742874532408,4.8220493608959],[-75.6743586179493,4.82271858731292],[-75.6743779135619,4.82290004473578],[-75.6742412030525,4.82287636920104],[-75.6737334880515,4.82286020217326],[-75.6733246964293,4.82284718546581],[-75.6733022950274,4.82277132881342],[-75.6731180051423,4.82214728773524],[-75.6728641541116,4.82166580446641]]]},"properties":{"FID":37,"BARRIO":"BARRIO URBANIZACIÓN SENDEROS DE LA PRADERA","AÑO":"≥2000","Area_Ha":2.50535605131,"Shape_Leng":649.2903523,"Shape_Area":25053.5605131,"CCInundaci":" ","CCMovMasa":" ","CCVendaval":" ","Shape__Area":25384.85302734375,"Shape__Length":653.9078811438045}},{"type":"Feature","id":38,"geometry":{"type":"Polygon","coordinates":[[[-75.6803746446148,4.82287740072532],[-75.6804702568964,4.8222108738092],[-75.6808715644887,4.82225825698576],[-75.6808185304371,4.82282355859673],[-75.680797677159,4.82291225917873],[-75.6807668341163,4.82290964985543],[-75.6807013574241,4.82288857473547],[-75.6806472522816,4.82287894603652],[-75.6805912262305,4.82287978202259],[-75.6804924226971,4.82290432557496],[-75.680379609167,4.82294484650337],[-75.6803746446148,4.82287740072532]]]},"properties":{"FID":38,"BARRIO":"BARRIO URBANIZACIÓNALONSO VALENCIA","AÑO":"≥2000","Area_Ha":0.345686487663,"Shape_Leng":247.662198007,"Shape_Area":3456.86487663,"CCInundaci":" ","CCMovMasa":" ","CCVendaval":" ","Shape__Area":3502.54150390625,"Shape__Length":249.51004496852192}},{"type":"Feature","id":39,"geometry":{"type":"Polygon","coordinates":[[[-75.6855967602692,4.82306881112134],[-75.6856166076167,4.82188144693121],[-75.6860236218442,4.82173094475199],[-75.6872259988926,4.82188474263471],[-75.6874920290072,4.82209560966653],[-75.6866760064846,4.82313154896179],[-75.6855967602692,4.82306881112134]]]},"properties":{"FID":39,"BARRIO":"BARRIO URBANIZACIÓN MITACA","AÑO":"≥2000","Area_Ha":2.4439587199,"Shape_Leng":617.614522526,"Shape_Area":24439.587199,"CCInundaci":" ","CCMovMasa":" ","CCVendaval":" ","Shape__Area":24762.27587890625,"Shape__Length":621.24803677697275}},{"type":"Feature","id":40,"geometry":{"type":"Polygon","coordinates":[[[-75.6749032102593,4.82310211331962],[-75.6747963224496,4.82304185010444],[-75.6745758124146,4.82291752689381],[-75.6743779135619,4.82290004473578],[-75.6743586179493,4.82271858731292],[-75.6742874532408,4.8220493608959],[-75.6742768888064,4.82099513068389],[-75.6746826060521,4.82070080304991],[-75.6748820096567,4.82074118547241],[-75.6750842435577,4.8208984097225],[-75.6751638951271,4.82104714043748],[-75.6753132230562,4.82163518386805],[-75.6758711059338,4.82196839535954],[-75.6761104072065,4.82215532369999],[-75.6762532234461,4.82257820224001],[-75.6762037591618,4.82262093005481],[-75.6761633944078,4.82267534209881],[-75.6761271886539,4.82273523075495],[-75.6760920124467,4.82275609837603],[-75.6760606942044,4.82274746701408],[-75.6760133008822,4.82270644182096],[-75.6759496789931,4.82270726215692],[-75.6758670416772,4.82272041725959],[-75.6758147556503,4.82274981512245],[-75.6757801534446,4.82277595831418],[-75.6757278340908,4.82283964601814],[-75.6757237603259,4.822846497597],[-75.6757201190054,4.82285262151925],[-75.6757054812026,4.82287723954091],[-75.6757015590589,4.82292763137876],[-75.675687636645,4.82297612977488],[-75.6756753421679,4.82301895607356],[-75.6756473418871,4.82303991473694],[-75.6756430753489,4.82304310838566],[-75.675585828967,4.8230439912683],[-75.675504508533,4.82304524567065],[-75.675380780683,4.823054797324],[-75.6753038776863,4.8230658477591],[-75.6752612454265,4.82306505929003],[-75.6751546787986,4.82308105243566],[-75.6750777749202,4.82309280349128],[-75.6749862250156,4.8230891114043],[-75.6749369662611,4.82315237208076],[-75.6749356265567,4.82315409234393],[-75.6749340920338,4.8231516312369],[-75.6749032102593,4.82310211331962]]]},"properties":{"FID":40,"BARRIO":"BARRIO URBANIZACIÓN RESERVA DE LA PRADERA","AÑO":"≥2000","Area_Ha":3.6624065167,"Shape_Leng":811.447622585,"Shape_Area":36624.065167,"CCInundaci":" ","CCMovMasa":" ","CCVendaval":" ","Shape__Area":37108.28369140625,"Shape__Length":817.18522986679352}},{"type":"Feature","id":41,"geometry":{"type":"Polygon","coordinates":[[[-75.6785250663335,4.82297961258575],[-75.6784896988226,4.82294016658867],[-75.6783605283901,4.82295512835472],[-75.6782717908621,4.82296944058279],[-75.6781910280098,4.82299402115996],[-75.6781387404892,4.82302437022316],[-75.6780958907942,4.82308234231115],[-75.6780653871392,4.8231403389205],[-75.6780473241331,4.82315077148026],[-75.6779799230621,4.82314206742035],[-75.6779286336283,4.82314862431625],[-75.6778526345538,4.82316560020777],[-75.6777914096373,4.82319805478815],[-75.6777515102825,4.82320653847124],[-75.6777173483823,4.82319599822771],[-75.6776765762109,4.82316736059592],[-75.6776111383581,4.82312725024119],[-75.6775712923723,4.82311003521562],[-75.6775171837613,4.82310230928775],[-75.6774507622284,4.82307932908784],[-75.6774109661509,4.82303736822968],[-75.6773851096811,4.82299892609215],[-75.677385196075,4.82295704659597],[-75.6773700944441,4.82291228161081],[-75.6773188667674,4.82288838080576],[-75.6772495693585,4.82287871951238],[-75.6771783899402,4.8228604889207],[-75.6771354015778,4.82283458568001],[-75.6770746674998,4.82281637535632],[-75.6770157984086,4.82281435009346],[-75.6769303611921,4.82277510592392],[-75.6769295014831,4.82268013895465],[-75.6769568516643,4.82265636039014],[-75.6770857347374,4.82251008330576],[-75.6771646098962,4.82240900155551],[-75.6773536240978,4.82214367183969],[-75.6774032325073,4.82206669444693],[-75.6774528418061,4.82198971614907],[-75.678483326573,4.82153618622567],[-75.6784870490724,4.82154641169376],[-75.6789548176436,4.82259862356726],[-75.6795513728373,4.822380945088],[-75.6797731928104,4.82295227981276],[-75.6797567767064,4.82295957337671],[-75.6797157820664,4.8229475106803],[-75.6796797270946,4.8229331593234],[-75.6796066725293,4.82290350294405],[-75.6795591895017,4.82290626057849],[-75.6795221077647,4.82292997997888],[-75.6795072932376,4.82294740791389],[-75.6794954561498,4.82296133357012],[-75.679463184696,4.82295460556052],[-75.6794224249883,4.82291742657841],[-75.6794025267616,4.8228992759076],[-75.679354663753,4.82287248172046],[-75.6793052631412,4.82288380190527],[-75.6792894151546,4.82289670011931],[-75.6792434397375,4.822934120192],[-75.6791474095091,4.8229948380379],[-75.6791123007554,4.8230491751529],[-75.6791007334026,4.82306707845617],[-75.6790435730672,4.8231583344045],[-75.678990302744,4.82320486352185],[-75.6788929946719,4.82322403185714],[-75.6787619659152,4.82321900352203],[-75.678672798745,4.82317408520295],[-75.6785951038606,4.82309207009756],[-75.6785250663335,4.82297961258575]]]},"properties":{"FID":41,"BARRIO":"BARRIO URBANIZACIÓN LOS ALMENDROS","AÑO":"≥2000","Area_Ha":3.06498677049,"Shape_Leng":879.732278333,"Shape_Area":30649.8677049,"CCInundaci":" ","CCMovMasa":" ","CCVendaval":" ","Shape__Area":31054.98193359375,"Shape__Length":885.07985159305736}},{"type":"Feature","id":42,"geometry":{"type":"Polygon","coordinates":[[[-75.6832116044406,4.82321792176019],[-75.6823791394907,4.82311233049774],[-75.6820795819946,4.82307204107285],[-75.6820455555782,4.82306707036927],[-75.6820915180057,4.82249318883537],[-75.6821614035199,4.82251015740319],[-75.683468006418,4.82295650364614],[-75.6834060885899,4.82325404520223],[-75.6832116044406,4.82321792176019]]]},"properties":{"FID":42,"BARRIO":"BARRIO URBANIZACIÓN PORTAL DEL PARQUE","AÑO":"≥2000","Area_Ha":0.752659625705,"Shape_Leng":410.848044485,"Shape_Area":7526.59625705,"CCInundaci":" ","CCMovMasa":" ","CCVendaval":" ","Shape__Area":7626.03564453125,"Shape__Length":412.94679542226055}},{"type":"Feature","id":43,"geometry":{"type":"Polygon","coordinates":[[[-75.6860783538316,4.82395980479361],[-75.6864848721986,4.82337419454761],[-75.6866760064846,4.82313154896179],[-75.6874920290072,4.82209560966653],[-75.6878221309123,4.82167654373193],[-75.688717067335,4.82227266059591],[-75.6886172246564,4.82275491592544],[-75.6882927662736,4.82309783515319],[-75.6875844808215,4.82360994320002],[-75.6873256380738,4.82375961961537],[-75.68706816573,4.82386824165327],[-75.6863981554212,4.82406085671762],[-75.6860783538316,4.82395980479361]]]},"properties":{"FID":43,"BARRIO":"BARRIO URBANIZACIÓN PARQUE RESIDENCIAL PAPIRO","AÑO":"≥2000","Area_Ha":3.45589602416,"Shape_Leng":819.820122839,"Shape_Area":34558.9602416,"CCInundaci":" ","CCMovMasa":" ","CCVendaval":" ","Shape__Area":35015.251953125,"Shape__Length":824.96813250155355}},{"type":"Feature","id":44,"geometry":{"type":"Polygon","coordinates":[[[-75.6809377701473,4.82296044396057],[-75.6809689234078,4.82294404447897],[-75.6810060939395,4.82294412097801],[-75.6813207834223,4.82297551774261],[-75.6817528989827,4.82302431801348],[-75.6820455555782,4.82306707036927],[-75.6820795819946,4.82307204107285],[-75.6823791394907,4.82311233049774],[-75.6827337668079,4.82316006571821],[-75.6832116044406,4.82321792176019],[-75.6834060885899,4.82325404520223],[-75.6833561665203,4.82338813333421],[-75.6832482648309,4.82365249657127],[-75.6830878605647,4.82399836179451],[-75.6829462653835,4.82424113862536],[-75.6827673443304,4.8245149786605],[-75.6825982279969,4.8247772109029],[-75.6824602079298,4.82499846916095],[-75.68232301083,4.82522413954221],[-75.6821533437417,4.82548916392189],[-75.6820702874195,4.82542794846463],[-75.6820318805301,4.82540154847453],[-75.6820293630352,4.82539136260281],[-75.6820408425666,4.82536466416142],[-75.6820510316515,4.82534877777889],[-75.6820548939234,4.82532206334178],[-75.6820403675019,4.82528640193246],[-75.6819839610397,4.82524365652348],[-75.6819408934232,4.82519648461106],[-75.6819109232165,4.8251552348569],[-75.6818532438154,4.82511375921726],[-75.6817815673944,4.82508879794147],[-75.6816990889088,4.82506890403185],[-75.6816496215534,4.82504716919407],[-75.6816312599087,4.82502422566267],[-75.681632436924,4.82498131681409],[-75.6816395995907,4.82489289092705],[-75.681634719266,4.82478246928847],[-75.6816171440656,4.82468508533486],[-75.6816070843142,4.82463798181981],[-75.681581694782,4.82457966543148],[-75.6815539302997,4.82449880248442],[-75.6815412968637,4.82446621183509],[-75.681526778787,4.82442875763346],[-75.6815091020078,4.82438100165403],[-75.6815142987158,4.82434686062665],[-75.6815473526388,4.82432402310449],[-75.6815651515131,4.82431060996496],[-75.6815785051574,4.82430054579832],[-75.6815944513271,4.82426240257789],[-75.6816059435438,4.82422997696495],[-75.6816040991422,4.82420070492609],[-75.6815920824198,4.82416152496224],[-75.6815579224223,4.82410419065561],[-75.6815295224211,4.82402396394144],[-75.6815233132615,4.82395678985168],[-75.6815234501972,4.82388998304396],[-75.681517854199,4.82383207119101],[-75.6814944814109,4.8237766677815],[-75.6814660226274,4.82372507241408],[-75.6814272573101,4.82368079894515],[-75.6813918479468,4.82361328275588],[-75.6813716653245,4.82355025104721],[-75.6813336294836,4.82347278263798],[-75.6813083395502,4.82342373770209],[-75.6812703612643,4.82337148651074],[-75.681175269882,4.82331084625633],[-75.6810830992974,4.8232511002968],[-75.6809691209851,4.82311470681812],[-75.6808926968595,4.82302446299844],[-75.6809195767249,4.82298033521637],[-75.6809377701473,4.82296044396057]]]},"properties":{"FID":44,"BARRIO":"BARRIO VALHER","AÑO":"1965","Area_Ha":3.88586210344,"Shape_Leng":911.685250721,"Shape_Area":38858.6210344,"CCInundaci":"Inundación","CCMovMasa":" ","CCVendaval":" ","Shape__Area":39372.14208984375,"Shape__Length":917.70928292705707}},{"type":"Feature","id":45,"geometry":{"type":"Polygon","coordinates":[[[-75.6957775620051,4.8251455382343],[-75.6962795250733,4.82495795082481],[-75.6963866096502,4.82496934375398],[-75.696959180965,4.82503025845267],[-75.6969820346593,4.82503268987285],[-75.6976372568034,4.82529394109841],[-75.6981198627555,4.8255648395707],[-75.6981938279501,4.82604423640269],[-75.6983245896111,4.82655497065546],[-75.6965908955018,4.82624599160203],[-75.696071510836,4.82599649832644],[-75.6959135785374,4.82576403134793],[-75.6958197147138,4.82539203495159],[-75.695809076058,4.82534987233891],[-75.6957738787972,4.82521038213701],[-75.6957592447038,4.82515238313639],[-75.6957775620051,4.8251455382343]]]},"properties":{"FID":45,"BARRIO":"BARRIO URBANIZACIÓN VILLA ALEXANDRA","AÑO":"≥2000","Area_Ha":3.25388599815,"Shape_Leng":751.782411247,"Shape_Area":32538.8599815,"CCInundaci":" ","CCMovMasa":" ","CCVendaval":" ","Shape__Area":32968.22265625,"Shape__Length":755.85677515114048}},{"type":"Feature","id":46,"geometry":{"type":"Polygon","coordinates":[[[-75.709143210565,4.82643614868315],[-75.7095780651835,4.82599349805162],[-75.7096331648523,4.82537603595198],[-75.7094838947425,4.82536263233283],[-75.7090404914359,4.82513190381165],[-75.7085825148876,4.82491209035205],[-75.7088051402779,4.82444080550409],[-75.709375719383,4.82475205087957],[-75.7096061450181,4.82485084024836],[-75.7097682773832,4.82481800138668],[-75.7098742428295,4.82475520141173],[-75.7099936171279,4.82460288107566],[-75.71002374903,4.82442053377251],[-75.7100911857474,4.82393801703528],[-75.7101856418686,4.82318618929759],[-75.7114124258647,4.82329634335752],[-75.7113726861216,4.8237417021378],[-75.7110590412587,4.82406231233705],[-75.7106426793627,4.82402492610527],[-75.7105567376529,4.82498804709553],[-75.7106185907198,4.82499360113337],[-75.7106099271445,4.82509069540185],[-75.7106480699786,4.82509412025019],[-75.7106158738655,4.82545493465301],[-75.7109358865291,4.82548366877319],[-75.7108918839422,4.82597679442758],[-75.7103489408493,4.82622324114362],[-75.7104031648926,4.82639846308236],[-75.7103194126816,4.82643477608251],[-75.7103555019174,4.82658077556838],[-75.70990767953,4.82674039393622],[-75.7095426561066,4.8268163646158],[-75.709143210565,4.82643614868315]]]},"properties":{"FID":46,"BARRIO":"BARRIO LAS VEGAS","AÑO":"1980","Area_Ha":5.01444253896,"Shape_Leng":1444.86108766,"Shape_Area":50144.4253896,"CCInundaci":" ","CCMovMasa":"Mov. en masa","CCVendaval":"Vendaval","Shape__Area":50804.91650390625,"Shape__Length":1454.4514379968357}},{"type":"Feature","id":47,"geometry":{"type":"Polygon","coordinates":[[[-75.7006862863408,4.82433449963851],[-75.7006885590704,4.82433332620132],[-75.7012681409375,4.82500669778604],[-75.7018467599681,4.8256712442],[-75.7021973630399,4.82607706478003],[-75.7025497763843,4.82648497869568],[-75.7012321809852,4.82690171106897],[-75.7011613736308,4.82680663674641],[-75.7006150466775,4.82607306422129],[-75.7004556935533,4.82510638097821],[-75.7005614812332,4.824398905011],[-75.7006862863408,4.82433449963851]]]},"properties":{"FID":47,"BARRIO":"BARRIO URBANIZACIÓN VALLARTA","AÑO":"≥2000","Area_Ha":3.17527691691,"Shape_Leng":786.209774255,"Shape_Area":31752.7691691,"CCInundaci":" ","CCMovMasa":" ","CCVendaval":" ","Shape__Area":32171.54833984375,"Shape__Length":791.78838928637992}},{"type":"Feature","id":48,"geometry":{"type":"Polygon","coordinates":[[[-75.6654651726396,4.82642862810309],[-75.6653871829064,4.82642154477673],[-75.6652744643123,4.82643791895934],[-75.6651866292387,4.82647650207945],[-75.6651183686294,4.82653964566832],[-75.6650851062488,4.82655368256617],[-75.6650843234563,4.8265540129105],[-75.6650502782846,4.82656838105579],[-75.6649811653153,4.82656626044542],[-75.6649250605432,4.82653450072009],[-75.6649180468828,4.82653053053011],[-75.6648569605819,4.82646612946788],[-75.664790661185,4.82641526905808],[-75.6647243617965,4.82636440863627],[-75.6646951129264,4.82634642700078],[-75.6646533590103,4.82632075303448],[-75.6646220638785,4.82628857487169],[-75.6645656674927,4.82623058589913],[-75.6644305523484,4.82608333472149],[-75.664410830563,4.82607043803902],[-75.6643743103442,4.82606443025688],[-75.6643717623452,4.82606484528192],[-75.6643317509096,4.82607135885427],[-75.6649604217622,4.82455649940672],[-75.6650120353572,4.8244321298045],[-75.6650165263667,4.82442130777372],[-75.6654704233121,4.82462159647149],[-75.6659521079644,4.82486633561769],[-75.6660967963887,4.82495486197428],[-75.6662717998597,4.82502837934468],[-75.6664887121849,4.82512941688802],[-75.6666491236558,4.82520107576026],[-75.6667639486648,4.82525983747133],[-75.6669466076831,4.82533067108974],[-75.6669251078351,4.82536116714863],[-75.6669141356333,4.82537673021147],[-75.6668535407387,4.82545957472889],[-75.6665813888872,4.82583165746334],[-75.6657905893517,4.82691282626234],[-75.6657611567694,4.82693527124476],[-75.6656769383631,4.82692815460524],[-75.6656118563193,4.82688648742966],[-75.6655591597786,4.82684035886761],[-75.6655434882261,4.82677901868588],[-75.6655476202817,4.82674967211577],[-75.6655535087841,4.82670784355629],[-75.6655660259689,4.82667248550496],[-75.6655855959928,4.82661720505365],[-75.6655955750726,4.82656679447829],[-75.6655907227759,4.82652525312683],[-75.6655661265223,4.82648268188846],[-75.6655253614936,4.82644852947916],[-75.6654651726396,4.82642862810309]]]},"properties":{"FID":48,"BARRIO":"BARRIO URBANIZACIÓN LOS LAGOS","AÑO":"≥2000","Area_Ha":4.29272020094,"Shape_Leng":886.958473108,"Shape_Area":42927.2020094,"CCInundaci":" ","CCMovMasa":" ","CCVendaval":" ","Shape__Area":43495.88330078125,"Shape__Length":892.83800899101584}},{"type":"Feature","id":49,"geometry":{"type":"Polygon","coordinates":[[[-75.696959180965,4.82503025845267],[-75.6963866096502,4.82496934375398],[-75.6957775620051,4.8251455382343],[-75.6957592447038,4.82515238313639],[-75.6957738787972,4.82521038213701],[-75.695809076058,4.82534987233891],[-75.6958197147138,4.82539203495159],[-75.6957961570981,4.82544094826014],[-75.6956766614352,4.82557465433228],[-75.6956026020739,4.82564387042599],[-75.6951762950517,4.82538706321117],[-75.6944892221786,4.82486541317805],[-75.6943999855656,4.82477553385349],[-75.6949609344692,4.82448366134455],[-75.6952470729969,4.82448424443377],[-75.6953485349533,4.82442465153379],[-75.6953665272967,4.82437086951306],[-75.6953379297278,4.82400938695243],[-75.695329478839,4.82394335269098],[-75.6953153664682,4.82384716691612],[-75.6953405256714,4.82385010817783],[-75.6964488555066,4.82407959854857],[-75.6969967885142,4.82404740467655],[-75.6977844476912,4.82404032984666],[-75.6988930096498,4.82406064584521],[-75.6991949534212,4.82412619158081],[-75.6993398210887,4.82415763984848],[-75.6995603783121,4.82420551793291],[-75.7005614812332,4.824398905011],[-75.7004556935533,4.82510638097821],[-75.7006150466775,4.82607306422129],[-75.7011613736308,4.82680663674641],[-75.7006222727009,4.82699285507334],[-75.6999643434013,4.82717694618327],[-75.6983245896111,4.82655497065546],[-75.6981938279501,4.82604423640269],[-75.6981198627555,4.8255648395707],[-75.6976372568034,4.82529394109841],[-75.696959180965,4.82503025845267]]]},"properties":{"FID":49,"BARRIO":"BARRIO CENTRO INDUSTRIAL LA BADEA","AÑO":"1985","Area_Ha":13.095376646,"Shape_Leng":2010.14021755,"Shape_Area":130953.76646,"CCInundaci":"Inundación","CCMovMasa":"Mov. en masa","CCVendaval":" ","Shape__Area":132681.31298828125,"Shape__Length":2020.7908778484184}},{"type":"Feature","id":50,"geometry":{"type":"Polygon","coordinates":[[[-75.6848135333467,4.82712267324577],[-75.6846755419761,4.82694730437643],[-75.6846327849977,4.82691502026089],[-75.6842531236019,4.82664596065959],[-75.6845398195849,4.82625143338444],[-75.6849728006571,4.8265836308551],[-75.6852976481899,4.82677842282584],[-75.6849249498217,4.82726426732871],[-75.6848135333467,4.82712267324577]]]},"properties":{"FID":50,"BARRIO":"BARRIO URBANIZACIÓN TORRES DEL SOL","AÑO":"≥2000","Area_Ha":0.56696521301,"Shape_Leng":326.48075551,"Shape_Area":5669.6521301,"CCInundaci":"Inundación","CCMovMasa":" ","CCVendaval":" ","Shape__Area":5744.599609375,"Shape__Length":328.60036698333306}},{"type":"Feature","id":51,"geometry":{"type":"Polygon","coordinates":[[[-75.6749182380738,4.8272112973767],[-75.6745220307915,4.82712858152644],[-75.6743570725332,4.82714578695355],[-75.6744121230954,4.82697427213753],[-75.6744934993453,4.82683463704172],[-75.6744942996724,4.82683326424908],[-75.6747230262871,4.82673523296171],[-75.6750710430422,4.82638925554769],[-75.6755897201656,4.82691514625803],[-75.6756536574922,4.82705215775952],[-75.67559286224,4.82708995995731],[-75.6755743144494,4.82712343957996],[-75.6755747755321,4.82716450061674],[-75.6755750577587,4.82718959412364],[-75.675542455957,4.82727109085064],[-75.6755414144186,4.82727369410321],[-75.6754690668798,4.82736615915813],[-75.6752286146808,4.82733391816113],[-75.6751479911925,4.82725376032263],[-75.6751457586926,4.82725349610498],[-75.6750876712727,4.82724661033705],[-75.6749995924795,4.82723742903597],[-75.6749182380738,4.8272112973767]]]},"properties":{"FID":51,"BARRIO":"BARRIO URBANIZACIÓN PRADO VERDE","AÑO":"≥2000","Area_Ha":0.831345809742,"Shape_Leng":389.90935022,"Shape_Area":8313.45809742,"CCInundaci":" ","CCMovMasa":" ","CCVendaval":" ","Shape__Area":8423.4921875,"Shape__Length":392.23054712023145}},{"type":"Feature","id":52,"geometry":{"type":"Polygon","coordinates":[[[-75.7025846303872,4.82745029250521],[-75.7019898401548,4.82727367884624],[-75.7016629806844,4.82740905685019],[-75.7014024602639,4.82733169882864],[-75.7012321809852,4.82690171106897],[-75.7025497763843,4.82648497869568],[-75.7027788402907,4.82677263966073],[-75.7028500762531,4.82683595521788],[-75.7033393551394,4.82727083697614],[-75.7029811324273,4.82753985303285],[-75.7027002502659,4.82760092501422],[-75.7025846303872,4.82745029250521]]]},"properties":{"FID":52,"BARRIO":"BARRIO URBANIZACIÓN FUTURAMA","AÑO":"≥2000","Area_Ha":1.57886363143,"Shape_Leng":569.09136669,"Shape_Area":15788.6363143,"CCInundaci":" ","CCMovMasa":" ","CCVendaval":" ","Shape__Area":15996.90478515625,"Shape__Length":572.0391173454608}},{"type":"Feature","id":53,"geometry":{"type":"Polygon","coordinates":[[[-75.6824794028322,4.82710929942476],[-75.6821428782981,4.82679994158578],[-75.6825601996406,4.82553025437961],[-75.6826125609293,4.82558869907213],[-75.6830912327028,4.82583103571336],[-75.6829130945987,4.82607867456905],[-75.6829129726977,4.82607884410749],[-75.6829171036359,4.82729923108242],[-75.6827139362361,4.8275920104576],[-75.6824794028322,4.82710929942476]]]},"properties":{"FID":53,"BARRIO":"BARRIO URBANIZACIÓN ZANDALO","AÑO":"≥2000","Area_Ha":1.24444103049,"Shape_Leng":534.373598618,"Shape_Area":12444.4103049,"CCInundaci":" ","CCMovMasa":" ","CCVendaval":" ","Shape__Area":12608.94970703125,"Shape__Length":538.82557449415742}},{"type":"Feature","id":54,"geometry":{"type":"Polygon","coordinates":[[[-75.6758992593537,4.82340794765809],[-75.6756747061081,4.82319708717301],[-75.6751993628578,4.82316943530591],[-75.674945975061,4.82315469434431],[-75.6749356265567,4.82315409234393],[-75.6749369662611,4.82315237208076],[-75.6749862250156,4.8230891114043],[-75.6750777749202,4.82309280349128],[-75.6752612454265,4.82306505929003],[-75.6753038776863,4.8230658477591],[-75.675380780683,4.823054797324],[-75.675504508533,4.82304524567065],[-75.675585828967,4.8230439912683],[-75.6756430753489,4.82304310838566],[-75.6756473418871,4.82303991473694],[-75.6756753421679,4.82301895607356],[-75.675687636645,4.82297612977488],[-75.6757015590589,4.82292763137876],[-75.6757054812026,4.82287723954091],[-75.6757201190054,4.82285262151925],[-75.6757237603259,4.822846497597],[-75.6757278340908,4.82283964601814],[-75.6757801534446,4.82277595831418],[-75.6758147556503,4.82274981512245],[-75.6758670416772,4.82272041725959],[-75.6759496789931,4.82270726215692],[-75.6760133008822,4.82270644182096],[-75.6760606942044,4.82274746701408],[-75.6760920124467,4.82275609837603],[-75.6761271886539,4.82273523075495],[-75.6761633944078,4.82267534209881],[-75.6762037591618,4.82262093005481],[-75.6762532234461,4.82257820224001],[-75.67627696295,4.82257825059203],[-75.6762873218211,4.82262015132838],[-75.6763385587697,4.82263929238536],[-75.6763917259967,4.82264321067381],[-75.6764620334556,4.82262336715112],[-75.6765408526318,4.8226206742366],[-75.6766091925209,4.8226341400213],[-75.6766690431393,4.8226955294727],[-75.6767477749627,4.82273471514757],[-75.6768915246656,4.82275698642382],[-75.6769303611921,4.82277510592392],[-75.6769427514316,4.82278088727859],[-75.6770157984086,4.82281435009346],[-75.6770746674998,4.82281637535632],[-75.6771354015778,4.82283458568001],[-75.6771783899402,4.8228604889207],[-75.6772495693585,4.82287871951238],[-75.6773188667674,4.82288838080576],[-75.6773700944441,4.82291228161081],[-75.677385196075,4.82295704659597],[-75.6773851096811,4.82299892609215],[-75.6774109661509,4.82303736822968],[-75.6774507622284,4.82307932908784],[-75.6775171837613,4.82310230928775],[-75.6775712923723,4.82311003521562],[-75.6776111383581,4.82312725024119],[-75.6776765762109,4.82316736059592],[-75.6777173483823,4.82319599822771],[-75.6777515102825,4.82320653847124],[-75.6777914096373,4.82319805478815],[-75.6778526345538,4.82316560020777],[-75.6779286336283,4.82314862431625],[-75.6779799230621,4.82314206742035],[-75.6780473241331,4.82315077148026],[-75.6780653871392,4.8231403389205],[-75.6780958907942,4.82308234231115],[-75.6781387404892,4.82302437022316],[-75.6781910280098,4.82299402115996],[-75.6782717908621,4.82296944058279],[-75.6783605283901,4.82295512835472],[-75.6784896988226,4.82294016658867],[-75.6785250663335,4.82297961258575],[-75.6785951038606,4.82309207009756],[-75.678672798745,4.82317408520295],[-75.6787619659152,4.82321900352203],[-75.6788929946719,4.82322403185714],[-75.678990302744,4.82320486352185],[-75.6790435730672,4.8231583344045],[-75.6791119121147,4.82305072984036],[-75.6791474095091,4.8229948380379],[-75.6792434397375,4.822934120192],[-75.6792894151546,4.82289670011931],[-75.6793052631412,4.82288380190527],[-75.679354663753,4.82287248172046],[-75.6794025267616,4.8228992759076],[-75.6794224249883,4.82291742657841],[-75.679463184696,4.82295460556052],[-75.6794954561498,4.82296133357012],[-75.6795072932376,4.82294740791389],[-75.6795221077647,4.82292997997888],[-75.6795591895017,4.82290626057849],[-75.6796066725293,4.82290350294405],[-75.6796797270946,4.8229331593234],[-75.6797157820664,4.8229475106803],[-75.6797567767064,4.82295957337671],[-75.6797977731524,4.82297163696672],[-75.6798783981112,4.82301463428488],[-75.6799828021664,4.82303769207177],[-75.6800825184856,4.8230312349457],[-75.6801870383523,4.82299813647253],[-75.6802843203429,4.82297718711995],[-75.6803764908057,4.82294596627319],[-75.680379609167,4.82294484650337],[-75.6804924226971,4.82290432557496],[-75.6805912262305,4.82287978202259],[-75.6806472522816,4.82287894603652],[-75.6807013574241,4.82288857473547],[-75.6807668341163,4.82290964985543],[-75.680797677159,4.82291225917873],[-75.6808926968595,4.82302446299844],[-75.6809691209851,4.82311470681812],[-75.6810197747128,4.82317652793918],[-75.6810830992974,4.8232511002968],[-75.681175269882,4.82331084625633],[-75.6812703612643,4.82337148651074],[-75.6813083395502,4.82342373770209],[-75.6813336294836,4.82347278263798],[-75.6813716653245,4.82355025104721],[-75.6813918479468,4.82361328275588],[-75.6814272573101,4.82368079894515],[-75.6814660226274,4.82372507241408],[-75.6814944814109,4.8237766677815],[-75.681517854199,4.82383207119101],[-75.6815234501972,4.82388998304396],[-75.6815233132615,4.82395678985168],[-75.6815295224211,4.82402396394144],[-75.6815579224223,4.82410419065561],[-75.6815920824198,4.82416152496224],[-75.6816040991422,4.82420070492609],[-75.6816059435438,4.82422997696495],[-75.6815944513271,4.82426240257789],[-75.6815785051574,4.82430054579832],[-75.6815651515131,4.82431060996496],[-75.6815473526388,4.82432402310449],[-75.6815142987158,4.82434686062665],[-75.6815091020078,4.82438100165403],[-75.681526778787,4.82442875763346],[-75.6815412968637,4.82446621183509],[-75.6815539302997,4.82449880248442],[-75.681581694782,4.82457966543148],[-75.6816070843142,4.82463798181981],[-75.6816171440656,4.82468508533486],[-75.681634719266,4.82478246928847],[-75.6816395995907,4.82489289092705],[-75.681632436924,4.82498131681409],[-75.6816312599087,4.82502422566267],[-75.6816496215534,4.82504716919407],[-75.6816990889088,4.82506890403185],[-75.6817815673944,4.82508879794147],[-75.6818532438154,4.82511375921726],[-75.6819109232165,4.8251552348569],[-75.6819408934232,4.82519648461106],[-75.6819839610397,4.82524365652348],[-75.6820403675019,4.82528640193246],[-75.6820548939234,4.82532206334178],[-75.6820510316515,4.82534877777889],[-75.6820408425666,4.82536466416142],[-75.6820293630352,4.82539136260281],[-75.6820318805301,4.82540154847453],[-75.6820702874195,4.82542794846463],[-75.6821533437417,4.82548916392189],[-75.6821174284473,4.82554802635116],[-75.6819205909328,4.82587063105105],[-75.6817251387873,4.8261747326423],[-75.6816431513464,4.82631749816309],[-75.6813983862386,4.82671082697865],[-75.6812058000265,4.82702534461138],[-75.6810716960279,4.82723053625879],[-75.6809521342781,4.82742012898248],[-75.6807918024434,4.82767923135954],[-75.6806580502419,4.82755509569311],[-75.6801410667501,4.82716806799296],[-75.6794992931085,4.82665994994936],[-75.6788835145486,4.82617800515884],[-75.6781843355394,4.82560894539511],[-75.6777928432358,4.82528537585985],[-75.6773971326939,4.8248887428515],[-75.6769092527099,4.82440545007099],[-75.6764328366289,4.82394043733043],[-75.6758992593537,4.82340794765809]]]},"properties":{"FID":54,"BARRIO":"BARRIO SANTA MÓNICA","AÑO":"1965","Area_Ha":20.694570263,"Shape_Leng":2246.69222183,"Shape_Area":206945.70263,"CCInundaci":"Inundación","CCMovMasa":" ","CCVendaval":" ","Shape__Area":209681.9169921875,"Shape__Length":2260.3958959315723}},{"type":"Feature","id":55,"geometry":{"type":"Polygon","coordinates":[[[-75.6827139362361,4.8275920104576],[-75.6829171036359,4.82729923108242],[-75.6829130945987,4.82607867456905],[-75.6830912327028,4.82583103571336],[-75.683785436332,4.82622004201354],[-75.6840611010376,4.82640756385147],[-75.6831115620703,4.82777202654122],[-75.6827139362361,4.8275920104576]]]},"properties":{"FID":55,"BARRIO":"BARRIO URBANIZACIÓN ÓPALO","AÑO":"≥2000","Area_Ha":1.61583413735,"Shape_Leng":565.915312489,"Shape_Area":16158.3413735,"CCInundaci":" ","CCMovMasa":" ","CCVendaval":" ","Shape__Area":16371.9755859375,"Shape__Length":570.08853266552626}},{"type":"Feature","id":56,"geometry":{"type":"Polygon","coordinates":[[[-75.6841094308098,4.82770174541099],[-75.6846755419761,4.82694730437643],[-75.6848135333467,4.82712267324577],[-75.6849249498217,4.82726426732871],[-75.6851838519944,4.82767320324728],[-75.6854743795791,4.8279314362913],[-75.6851542779157,4.82831855479687],[-75.6845852285753,4.8281055714723],[-75.6842108061508,4.82808467134727],[-75.6839648748166,4.827894391586],[-75.6841094308098,4.82770174541099]]]},"properties":{"FID":56,"BARRIO":"BARRIO URBANIZACIÓN LOS CEREZOS","AÑO":"≥2000","Area_Ha":1.25599941996,"Shape_Leng":471.548920586,"Shape_Area":12559.9941996,"CCInundaci":" ","CCMovMasa":" ","CCVendaval":" ","Shape__Area":12726.0625,"Shape__Length":474.57184464355646}},{"type":"Feature","id":57,"geometry":{"type":"Polygon","coordinates":[[[-75.6722415760235,4.82749224879451],[-75.6721343524207,4.82700876991552],[-75.6728520411881,4.8267904857427],[-75.6729928582163,4.8268039101957],[-75.6730910410227,4.82684351130032],[-75.6733101046618,4.82703439099348],[-75.6734180928851,4.82708386178033],[-75.6735588908282,4.82710713579195],[-75.6737292684833,4.82708122216078],[-75.6739227094764,4.82698969284344],[-75.6741371124711,4.8269113224935],[-75.6743107720695,4.82688213309598],[-75.6744517115943,4.82683645893227],[-75.6744942996724,4.82683326424908],[-75.6744934993453,4.82683463704172],[-75.6744121230954,4.82697427213753],[-75.6743564031858,4.82714585649256],[-75.6743356843612,4.82722214787074],[-75.6742841178573,4.82741203103131],[-75.6740696952897,4.82736674366299],[-75.674066891921,4.82736615171387],[-75.6740422307008,4.82741245319135],[-75.6739527802049,4.82758039977986],[-75.67385319947,4.8277673650692],[-75.6736760384645,4.82779223426574],[-75.6735331255163,4.82781229626894],[-75.6733348186616,4.82790618178578],[-75.6732975142998,4.82789714729349],[-75.6731753182203,4.82786755208599],[-75.6727224553813,4.82786487916281],[-75.6725118309614,4.82775094974743],[-75.6723832895236,4.82765721877439],[-75.6722415760235,4.82749224879451]]]},"properties":{"FID":57,"BARRIO":"BARRIO URBANIZACIÓN RESERVA DEL LAGO","AÑO":"≥2000","Area_Ha":2.07558621661,"Shape_Leng":675.940989821,"Shape_Area":20755.8621661,"CCInundaci":" ","CCMovMasa":" ","CCVendaval":" ","Shape__Area":21030.6689453125,"Shape__Length":679.61068818521312}},{"type":"Feature","id":58,"geometry":{"type":"Polygon","coordinates":[[[-75.6851838519944,4.82767320324728],[-75.6849249498217,4.82726426732871],[-75.6852976481899,4.82677842282584],[-75.6853693951261,4.82668291505037],[-75.6857765817009,4.82701877387031],[-75.6859316548822,4.82712010414502],[-75.685507973066,4.82780344992173],[-75.6854743795791,4.8279314362913],[-75.6851838519944,4.82767320324728]]]},"properties":{"FID":58,"BARRIO":"BARRIO URBANIZACIÓN PORTAL DEL SOL","AÑO":"≥2000","Area_Ha":0.786233225056,"Shape_Leng":360.382065388,"Shape_Area":7862.33225056,"CCInundaci":" ","CCMovMasa":" ","CCVendaval":" ","Shape__Area":7966.26953125,"Shape__Length":362.99875254417242}},{"type":"Feature","id":59,"geometry":{"type":"Polygon","coordinates":[[[-75.6833492710414,4.82782655456356],[-75.6842099912875,4.82661539385575],[-75.6842531236019,4.82664596065959],[-75.6846327849977,4.82691502026089],[-75.6846755419761,4.82694730437643],[-75.6841094308098,4.82770174541099],[-75.6841088477536,4.82770129750482],[-75.6839644607894,4.82789407048098],[-75.6839648748166,4.827894391586],[-75.6837830265552,4.82813673420844],[-75.6833492710414,4.82782655456356]]]},"properties":{"FID":59,"BARRIO":"BARRIO URBANIZACIÓN EL REFUGIO","AÑO":"≥2000","Area_Ha":1.00819706546,"Shape_Leng":451.829590503,"Shape_Area":10081.9706546,"CCInundaci":" ","CCMovMasa":" ","CCVendaval":" ","Shape__Area":10215.27685546875,"Shape__Length":455.01010143234112}},{"type":"Feature","id":60,"geometry":{"type":"Polygon","coordinates":[[[-75.6707812029188,4.82759328855022],[-75.6708278846469,4.827736785931],[-75.6708767958804,4.82788713989822],[-75.6701591615278,4.82811772781638],[-75.6700234889903,4.82783846271875],[-75.6707812029188,4.82759328855022]]]},"properties":{"FID":60,"BARRIO":"BARRIO URBANIZACIÓN TORRES AMBAR","AÑO":"≥2000","Area_Ha":0.293207756277,"Shape_Leng":240.508382133,"Shape_Area":2932.07756277,"CCInundaci":" ","CCMovMasa":" ","CCVendaval":" ","Shape__Area":2970.91650390625,"Shape__Length":241.79256183163966}},{"type":"Feature","id":61,"geometry":{"type":"Polygon","coordinates":[[[-75.67121023234,4.82774361812177],[-75.6715992903916,4.82760698662261],[-75.6719070797277,4.82749889425969],[-75.6722415760235,4.82749224879451],[-75.6723832895236,4.82765721877439],[-75.6725118309614,4.82775094974743],[-75.6727224553813,4.82786487916281],[-75.6724378195181,4.8279836605921],[-75.6713691961515,4.8282397835991],[-75.67121023234,4.82774361812177]]]},"properties":{"FID":61,"BARRIO":"BARRIO URBANIZACIÓN VILLA DEL LAGO","AÑO":"≥2000","Area_Ha":0.819792563924,"Shape_Leng":401.084230269,"Shape_Area":8197.92563924,"CCInundaci":" ","CCMovMasa":" ","CCVendaval":" ","Shape__Area":8306.494140625,"Shape__Length":403.05104433033017}},{"type":"Feature","id":62,"geometry":{"type":"Polygon","coordinates":[[[-75.6743564031858,4.82714585649256],[-75.6744121230954,4.82697427213753],[-75.6743570725332,4.82714578695355],[-75.6745220307915,4.82712858152644],[-75.6749182380738,4.8272112973767],[-75.6749995924795,4.82723742903597],[-75.6750876712727,4.82724661033705],[-75.6750763295612,4.82731683107668],[-75.67492561607,4.8282499608001],[-75.6741742545018,4.82812413680745],[-75.6742841178573,4.82741203103131],[-75.6743356843612,4.82722214787074],[-75.6743564031858,4.82714585649256]]]},"properties":{"FID":62,"BARRIO":"BARRIO URBANIZACIÓN COOMNES","AÑO":"≥2000","Area_Ha":0.956174610022,"Shape_Leng":429.682364139,"Shape_Area":9561.74610022,"CCInundaci":" ","CCMovMasa":" ","CCVendaval":" ","Shape__Area":9688.32958984375,"Shape__Length":432.80463816459496}},{"type":"Feature","id":63,"geometry":{"type":"Polygon","coordinates":[[[-75.7011446329364,4.82820541868344],[-75.7014024602639,4.82733169882864],[-75.7016629806844,4.82740905685019],[-75.7019898401548,4.82727367884624],[-75.7025846303872,4.82745029250521],[-75.7024422152001,4.827932908817],[-75.7023356848594,4.8279012755243],[-75.7022984985554,4.82802729275638],[-75.702259844894,4.82801581553428],[-75.7022338297644,4.82810397447342],[-75.7019737169232,4.82802673818147],[-75.701913108528,4.82823212591751],[-75.701768583098,4.82818921156744],[-75.7017139177497,4.82837446005876],[-75.7011446329364,4.82820541868344]]]},"properties":{"FID":63,"BARRIO":"BARRIO URBANIZACIÓN LOS INQUILINOS","AÑO":"≥2000","Area_Ha":1.23052957618,"Shape_Leng":493.960826018,"Shape_Area":12305.2957618,"CCInundaci":" ","CCMovMasa":" ","CCVendaval":" ","Shape__Area":12467.6474609375,"Shape__Length":497.11272423732004}},{"type":"Feature","id":64,"geometry":{"type":"Polygon","coordinates":[[[-75.6859684813694,4.82833628043203],[-75.6854743795791,4.8279314362913],[-75.685507973066,4.82780344992173],[-75.6859316548822,4.82712010414502],[-75.685990334571,4.82702545990968],[-75.6868747266495,4.82754733550065],[-75.6863056994659,4.82845348078658],[-75.6859684813694,4.82833628043203]]]},"properties":{"FID":64,"BARRIO":"BARRIO URBANIZACIÓN QUINTAS DE SAN MARTIN","AÑO":"≥2000","Area_Ha":1.37164933037,"Shape_Leng":458.689047521,"Shape_Area":13716.4933037,"CCInundaci":" ","CCMovMasa":" ","CCVendaval":" ","Shape__Area":13897.822265625,"Shape__Length":461.74285186085626}},{"type":"Feature","id":65,"geometry":{"type":"Polygon","coordinates":[[[-75.6795036077043,4.82826543562686],[-75.6794271627217,4.82826167129066],[-75.6793848759441,4.82826789549682],[-75.6793263674252,4.82829031471197],[-75.6792548849298,4.82830911837085],[-75.6792108141989,4.82830812627919],[-75.6791640470087,4.82830622632626],[-75.6791154388853,4.82832505892994],[-75.6790794612492,4.82832498500836],[-75.6790453301478,4.82830147359176],[-75.6790130007036,4.82827706547144],[-75.6789590389477,4.82827424919731],[-75.6789077436974,4.82828766721466],[-75.6788897165561,4.82830656341549],[-75.6788581473599,4.82834977232855],[-75.678818494401,4.82838755634663],[-75.6787622324275,4.82843908241227],[-75.6787289306847,4.8284498329155],[-75.678688409058,4.82847318995523],[-75.6786326259742,4.82848118874877],[-75.6785642786616,4.82847653981964],[-75.6785094361133,4.82846470640736],[-75.6784505694305,4.82844343164046],[-75.6784245594577,4.82840731551061],[-75.6783940354641,4.82837930391707],[-75.6783545104882,4.82835488078195],[-75.6783221623565,4.82833948695254],[-75.6782825962737,4.82833489788206],[-75.678230415584,4.82834110143556],[-75.6781773560041,4.82833738562505],[-75.678141402631,4.82832559057426],[-75.6781153777255,4.82829668697583],[-75.6780713938915,4.82825332082392],[-75.6780381958901,4.82821358431342],[-75.6780130881587,4.82817656867569],[-75.6779951507629,4.82815128819409],[-75.6779618807675,4.82814671039512],[-75.6779303872319,4.8281529569812],[-75.6778979633739,4.82817452724233],[-75.6778637836564,4.82820246441685],[-75.6778074002667,4.82823410275438],[-75.6777722060623,4.8282322654845],[-75.6777511332958,4.82820928913627],[-75.6777204124461,4.82817129757476],[-75.6777011379778,4.82812980192203],[-75.6776755942357,4.82805263828558],[-75.6776678091104,4.8279873506206],[-75.6776468176305,4.82792468169341],[-75.6776284021397,4.82789377176046],[-75.6775659889733,4.82786189011448],[-75.677544029727,4.82784243942268],[-75.6774971212321,4.82781739534404],[-75.6774452424968,4.82779788377169],[-75.6773704886754,4.82777656038547],[-75.6773440795577,4.82778179783542],[-75.6773211418817,4.82780997537677],[-75.6772787661288,4.82787692294412],[-75.6772602126097,4.82791304965597],[-75.6772408079145,4.82793506029491],[-75.6771976563002,4.82795173044616],[-75.6771642282135,4.82794636941334],[-75.6771352323413,4.82792514019281],[-75.677117700376,4.82789246837018],[-75.6770913843868,4.82785184033394],[-75.6770641555378,4.82782708647706],[-75.6770184083471,4.82782169993104],[-75.6769638682908,4.82781276624835],[-75.6769380357442,4.82781243698738],[-75.6768966914193,4.82780529547019],[-75.6768632741176,4.82779464207143],[-75.6768501107375,4.82777697376428],[-75.6768503326287,4.82777587266073],[-75.6768545556904,4.82775493087189],[-75.6768722031222,4.82773203487971],[-75.6768801265803,4.82772118123322],[-75.676917207887,4.82767038461514],[-75.6769163901239,4.82763951095278],[-75.6768962057056,4.82761300796599],[-75.6768336281571,4.82756678232111],[-75.6766375338834,4.82749933943236],[-75.6765601493287,4.82747272134561],[-75.6764210809767,4.82748919318785],[-75.6763811737692,4.8274863248198],[-75.6763257972652,4.8274562206246],[-75.6762950480473,4.82743234216341],[-75.6762847165534,4.82732118303709],[-75.6762537375941,4.82726859286379],[-75.6761403939074,4.82718456479788],[-75.6760665648555,4.82714119140378],[-75.6759319866193,4.82711357026128],[-75.6759040067035,4.82702619123279],[-75.6758697225626,4.82700936109047],[-75.6758059695679,4.82701454419231],[-75.6756536574922,4.82705215775952],[-75.6755897201656,4.82691514625803],[-75.6750710430422,4.82638925554769],[-75.6747230262871,4.82673523296171],[-75.6744942996724,4.82683326424908],[-75.6744517115943,4.82683645893227],[-75.6743107720695,4.82688213309598],[-75.6741371124711,4.8269113224935],[-75.6739227094764,4.82698969284344],[-75.6737292684833,4.82708122216078],[-75.6735588908282,4.82710713579195],[-75.6734180928851,4.82708386178033],[-75.6733101046618,4.82703439099348],[-75.6730910410227,4.82684351130032],[-75.6729928582163,4.8268039101957],[-75.6728520411881,4.8267904857427],[-75.6727179039826,4.82682650647656],[-75.6721343524207,4.82700876991552],[-75.6721193350173,4.82699908881581],[-75.6719778980381,4.82690791087569],[-75.671091188927,4.82633628707774],[-75.669232802889,4.82509976375375],[-75.6690199046046,4.82495810589706],[-75.6688333884728,4.82483400216685],[-75.6688646530643,4.82478181648605],[-75.6695564719928,4.82362704053139],[-75.6698210060227,4.8235033108429],[-75.670155626099,4.82335807912125],[-75.6701827964255,4.82334628643757],[-75.6705449482655,4.82348576935113],[-75.6706333782932,4.82354381696643],[-75.670895509609,4.82371588466323],[-75.6713783896748,4.82403285560405],[-75.6715649713187,4.82433801926593],[-75.671616448566,4.82442221267509],[-75.671621046768,4.82440588093743],[-75.6716997460027,4.82412636703117],[-75.6717231014683,4.82404341773728],[-75.6717485873005,4.82393923470576],[-75.6717969510428,4.82374153046858],[-75.6718701054748,4.82347182210527],[-75.671967260109,4.82329919140116],[-75.6721066882971,4.82316303465351],[-75.6721085199732,4.82316312869711],[-75.6722911927184,4.82317251237657],[-75.6723913717808,4.82299988877179],[-75.6725945676908,4.82274560972962],[-75.6726109085384,4.82272710001975],[-75.6726747223587,4.82265481662261],[-75.6728142916273,4.82270635772057],[-75.6729817971387,4.82276821430978],[-75.6730132622995,4.82277983405262],[-75.6731339764893,4.82280593966613],[-75.6733246964293,4.82284718546581],[-75.6737334880515,4.82286020217326],[-75.6742412030525,4.82287636920104],[-75.6743779135619,4.82290004473578],[-75.6745758124146,4.82291752689381],[-75.6747963224496,4.82304185010444],[-75.6749032102593,4.82310211331962],[-75.6749340920338,4.8231516312369],[-75.6749356265567,4.82315409234393],[-75.674945975061,4.82315469434431],[-75.6751993628578,4.82316943530591],[-75.6756747061081,4.82319708717301],[-75.6758992593537,4.82340794765809],[-75.6764328366289,4.82394043733043],[-75.6769092527099,4.82440545007099],[-75.6773971326939,4.8248887428515],[-75.6777928432358,4.82528537585985],[-75.6781843355394,4.82560894539511],[-75.6788835145486,4.82617800515884],[-75.6794992931085,4.82665994994936],[-75.6801410667501,4.82716806799296],[-75.6806580502419,4.82755509569311],[-75.6807918024434,4.82767923135954],[-75.6807401570302,4.82776750769055],[-75.680624451088,4.82795630050248],[-75.6805693976811,4.82804814683347],[-75.6804093947779,4.82829284470982],[-75.6803309343976,4.82839546127079],[-75.6802614945851,4.82848457278936],[-75.6802034046359,4.82855319352943],[-75.6801484295824,4.82860627314952],[-75.6800008408901,4.82851367550964],[-75.6799514453441,4.82847841221771],[-75.67988409002,4.82842778601279],[-75.6798382923146,4.82839162975294],[-75.6797906882628,4.82835907511641],[-75.679724201566,4.82832377718176],[-75.6796888093401,4.8283063875755],[-75.6796177974456,4.82828460402522],[-75.6795701513692,4.82827278565669],[-75.6795036077043,4.82826543562686]]]},"properties":{"FID":65,"BARRIO":"BARRIO LA PRADERA","AÑO":"1965","Area_Ha":41.0020049647,"Shape_Leng":3447.6412444,"Shape_Area":410020.049647,"CCInundaci":"Inundación","CCMovMasa":" ","CCVendaval":" ","Shape__Area":415445.4609375,"Shape__Length":3467.3057567205456}},{"type":"Feature","id":66,"geometry":{"type":"Polygon","coordinates":[[[-75.6715349076706,4.82848958959122],[-75.6715286159144,4.82848010464725],[-75.6715302727374,4.82848042177048],[-75.6713691961515,4.8282397835991],[-75.6724378195181,4.8279836605921],[-75.6727224553813,4.82786487916281],[-75.6731753182203,4.82786755208599],[-75.6732975142998,4.82789714729349],[-75.6733348186616,4.82790618178578],[-75.673144501024,4.82824042405157],[-75.6731046278229,4.82845331366187],[-75.6729206792345,4.82841536707384],[-75.6726547370829,4.82836050513902],[-75.672434598433,4.82846918100593],[-75.6722569094283,4.8284599041723],[-75.6718145822172,4.82859484582865],[-75.6715349076706,4.82848958959122]]]},"properties":{"FID":66,"BARRIO":"BARRIO URBANIZACIÓN RIVIERA DEL LAGO","AÑO":"≥2000","Area_Ha":0.995004966558,"Shape_Leng":506.997238254,"Shape_Area":9950.04966558,"CCInundaci":" ","CCMovMasa":" ","CCVendaval":" ","Shape__Area":10081.8271484375,"Shape__Length":509.36188538675879}},{"type":"Feature","id":67,"geometry":{"type":"Polygon","coordinates":[[[-75.6740422307008,4.82741245319135],[-75.674066891921,4.82736615171387],[-75.6740696952897,4.82736674366299],[-75.6742841178573,4.82741203103131],[-75.6741742545018,4.82812413680745],[-75.6741002105158,4.82860407580237],[-75.6731046278229,4.82845331366187],[-75.673144501024,4.82824042405157],[-75.6733348186616,4.82790618178578],[-75.6735331255163,4.82781229626894],[-75.6736760384645,4.82779223426574],[-75.67385319947,4.8277673650692],[-75.6739527802049,4.82758039977986],[-75.6740422307008,4.82741245319135]]]},"properties":{"FID":67,"BARRIO":"BARRIO URBANIZACIÓN COLMENARES","AÑO":"≥2000","Area_Ha":1.00708631695,"Shape_Leng":446.826858015,"Shape_Area":10070.8631695,"CCInundaci":" ","CCMovMasa":" ","CCVendaval":" ","Shape__Area":10204.212890625,"Shape__Length":449.84522278657022}},{"type":"Feature","id":68,"geometry":{"type":"Polygon","coordinates":[[[-75.6969200559997,4.82835269947548],[-75.6968039864185,4.82795999835801],[-75.6959405525483,4.82747271225308],[-75.6965631798697,4.82633577658275],[-75.6965908955018,4.82624599160203],[-75.6983245896111,4.82655497065546],[-75.6999643434013,4.82717694618327],[-75.7006222727009,4.82699285507334],[-75.7008045124741,4.82761156094155],[-75.6997377737316,4.8279288312803],[-75.6997126091825,4.82784369478157],[-75.6986634254426,4.82815574193206],[-75.6986230338523,4.82801908179497],[-75.6979433035985,4.8282212451968],[-75.6980326008285,4.82852336504352],[-75.6975146319422,4.82867741657608],[-75.6969200559997,4.82835269947548]]]},"properties":{"FID":68,"BARRIO":"BARRIO LA GRACIELA","AÑO":"1985","Area_Ha":7.71504005158,"Shape_Leng":1365.26129803,"Shape_Area":77150.4005158,"CCInundaci":" ","CCMovMasa":"Mov. en masa","CCVendaval":"Vendaval","Shape__Area":78168.71044921875,"Shape__Length":1372.3073321365896}},{"type":"Feature","id":69,"geometry":{"type":"Polygon","coordinates":[[[-75.674635528509,4.82872142566344],[-75.6742502210403,4.82865880395716],[-75.6741002105158,4.82860407580237],[-75.6741742545018,4.82812413680745],[-75.67492561607,4.8282499608001],[-75.6748439955404,4.82875530617913],[-75.674635528509,4.82872142566344]]]},"properties":{"FID":69,"BARRIO":"BARRIO URBANIZACIÓN TERRAZAS DE MILÁN","AÑO":"≥2000","Area_Ha":0.476313190937,"Shape_Leng":279.326975671,"Shape_Area":4763.13190937,"CCInundaci":" ","CCMovMasa":" ","CCVendaval":" ","Shape__Area":4826.20166015625,"Shape__Length":280.99769480093448}},{"type":"Feature","id":70,"geometry":{"type":"Polygon","coordinates":[[[-75.6701897029444,4.82871767786841],[-75.6699834327997,4.82817600708019],[-75.6701591615278,4.82811772781638],[-75.6708767958804,4.82788713989822],[-75.6708278846469,4.827736785931],[-75.6707812029188,4.82759328855022],[-75.6707778222438,4.82758289530361],[-75.6707741250327,4.82757152963778],[-75.6707611533352,4.82753165590909],[-75.671168406623,4.82734550673608],[-75.671168473105,4.8273454531351],[-75.6714213773255,4.82722984842563],[-75.6715992903916,4.82760698662261],[-75.67121023234,4.82774361812177],[-75.6713691961515,4.8282397835991],[-75.6715286159144,4.82848010464725],[-75.6713761502258,4.82845089779548],[-75.670479951896,4.82886642868663],[-75.6701897029444,4.82871767786841]]]},"properties":{"FID":70,"BARRIO":"BARRIO URBANIZACIÓN EL CIPRES","AÑO":"≥2000","Area_Ha":1.5367606676,"Shape_Leng":634.563610466,"Shape_Area":15367.606676,"CCInundaci":" ","CCMovMasa":" ","CCVendaval":" ","Shape__Area":15571.16796875,"Shape__Length":638.38298756694314}},{"type":"Feature","id":71,"geometry":{"type":"Polygon","coordinates":[[[-75.67492561607,4.8282499608001],[-75.6750763295612,4.82731683107668],[-75.6750876712727,4.82724661033705],[-75.6751457586926,4.82725349610498],[-75.6751479911925,4.82725376032263],[-75.6752286146808,4.82733391816113],[-75.6754690668798,4.82736615915813],[-75.6755414144186,4.82727369410321],[-75.675542455957,4.82727109085064],[-75.6755750577587,4.82718959412364],[-75.6755747755321,4.82716450061674],[-75.6755743144494,4.82712343957996],[-75.67559286224,4.82708995995731],[-75.6756536574922,4.82705215775952],[-75.6758059695679,4.82701454419231],[-75.6758697225626,4.82700936109047],[-75.6759040067035,4.82702619123279],[-75.6759232358939,4.82708973696771],[-75.6759319866193,4.82711357026128],[-75.6760665648555,4.82714119140378],[-75.6760540149577,4.82722871857277],[-75.6758125602983,4.82891271996117],[-75.6748439955404,4.82875530617913],[-75.67492561607,4.8282499608001]]]},"properties":{"FID":71,"BARRIO":"BARRIO URBANIZACIÓN RESERVAS DE MILÁN","AÑO":"≥2000","Area_Ha":1.97315679974,"Shape_Leng":618.809476136,"Shape_Area":19731.5679974,"CCInundaci":" ","CCMovMasa":" ","CCVendaval":" ","Shape__Area":19992.779296875,"Shape__Length":623.56720540908782}},{"type":"Feature","id":72,"geometry":{"type":"Polygon","coordinates":[[[-75.6758125602983,4.82891271996117],[-75.6760540149577,4.82722871857277],[-75.6760665648555,4.82714119140378],[-75.6761403939074,4.82718456479788],[-75.6762537375941,4.82726859286379],[-75.6762847165534,4.82732118303709],[-75.6762890115258,4.82737235065896],[-75.6762950480473,4.82743234216341],[-75.6763257972652,4.8274562206246],[-75.6763811737692,4.8274863248198],[-75.6764210809767,4.82748919318785],[-75.6765170203165,4.82747792439587],[-75.6765601493287,4.82747272134561],[-75.6766375338834,4.82749933943236],[-75.6767263455085,4.82753039649047],[-75.6768336281571,4.82756678232111],[-75.6768962057056,4.82761300796599],[-75.6769163901239,4.82763951095278],[-75.676917207887,4.82767038461514],[-75.6768799541853,4.82772065575716],[-75.6768545556904,4.82775493087189],[-75.6768503326287,4.82777587266073],[-75.6768501107375,4.82777697376428],[-75.6768168221189,4.82784898158269],[-75.6768042877258,4.8278760955761],[-75.6767307908318,4.82838472528148],[-75.6766377418237,4.82905235774157],[-75.6760277577414,4.82894913646537],[-75.6758125602983,4.82891271996117]]]},"properties":{"FID":72,"BARRIO":"BARRIO URBANIZACIÓN SANTA BÁRBARA","AÑO":"≥2000","Area_Ha":1.638370303,"Shape_Leng":571.799719521,"Shape_Area":16383.70303,"CCInundaci":" ","CCMovMasa":" ","CCVendaval":" ","Shape__Area":16600.57568359375,"Shape__Length":576.24750061004454}},{"type":"Feature","id":73,"geometry":{"type":"Polygon","coordinates":[[[-75.6963742636377,4.82925849158663],[-75.6965061898702,4.8288684843606],[-75.6964645380158,4.82848585281966],[-75.6962113031421,4.82807896653608],[-75.6959464173455,4.82784126854476],[-75.6959075994957,4.82769380930424],[-75.6959063395664,4.8275573836686],[-75.6959405525483,4.82747271225308],[-75.6968039864185,4.82795999835801],[-75.6969200559997,4.82835269947548],[-75.6975146319422,4.82867741657608],[-75.6974590326405,4.82876764609925],[-75.697076523977,4.82909918183492],[-75.6966709972717,4.82936884388561],[-75.6963742636377,4.82925849158663]]]},"properties":{"FID":73,"BARRIO":"BARRIO URBANIZACIÓN MINUTO DE DIOS","AÑO":"≥2000","Area_Ha":1.42860221065,"Shape_Leng":609.983037846,"Shape_Area":14286.0221065,"CCInundaci":" ","CCMovMasa":" ","CCVendaval":" ","Shape__Area":14474.66259765625,"Shape__Length":614.080663630125}},{"type":"Feature","id":74,"geometry":{"type":"Polygon","coordinates":[[[-75.6738980432317,4.82963210034855],[-75.6728757601387,4.82944953185944],[-75.6730223318398,4.82860236003797],[-75.6730207576654,4.82854722450506],[-75.6730819899603,4.82852910006645],[-75.6740746193438,4.82867593307044],[-75.6739256975263,4.82963593112542],[-75.6738980432317,4.82963210034855]]]},"properties":{"FID":74,"BARRIO":"BARRIO URBANIZACIÓN MILÁN","AÑO":"≥2000","Area_Ha":1.24206890043,"Shape_Leng":445.407177135,"Shape_Area":12420.6890043,"CCInundaci":" ","CCMovMasa":" ","CCVendaval":" ","Shape__Area":12585.19580078125,"Shape__Length":448.26379478950957}},{"type":"Feature","id":75,"geometry":{"type":"Polygon","coordinates":[[[-75.6716740672711,4.82917973947104],[-75.6719743121742,4.82891131467047],[-75.6730207576654,4.82854722450506],[-75.6730223318398,4.82860236003797],[-75.6728757601387,4.82944953185944],[-75.6728593585721,4.82954433303312],[-75.672712158267,4.82959184724926],[-75.6726836304815,4.82952471632709],[-75.6718929584039,4.82979894126088],[-75.6716740672711,4.82917973947104]]]},"properties":{"FID":75,"BARRIO":"BARRIO URBANIZACIÓN  BOSQUES DE MILÁN","AÑO":"≥2000","Area_Ha":1.24234446025,"Shape_Leng":470.107576814,"Shape_Area":12423.4446025,"CCInundaci":" ","CCMovMasa":" ","CCVendaval":" ","Shape__Area":12588.015625,"Shape__Length":473.14456952489257}},{"type":"Feature","id":76,"geometry":{"type":"Polygon","coordinates":[[[-75.6736555327818,4.8300090011797],[-75.6732474846186,4.8298165702864],[-75.6728603105615,4.82992712747435],[-75.6728016822739,4.82991592419548],[-75.6728593585721,4.82954433303312],[-75.6728757601387,4.82944953185944],[-75.6738980432317,4.82963210034855],[-75.6738418107019,4.8300237555329],[-75.6736555327818,4.8300090011797]]]},"properties":{"FID":76,"BARRIO":"BARRIO URBANIZACIÓN QUINTAS DE MILÁN","AÑO":"≥2000","Area_Ha":0.48701861897,"Shape_Leng":333.279321097,"Shape_Area":4870.1861897,"CCInundaci":" ","CCMovMasa":" ","CCVendaval":" ","Shape__Area":4934.7021484375,"Shape__Length":335.10235759493122}},{"type":"Feature","id":77,"geometry":{"type":"Polygon","coordinates":[[[-75.6748008742763,4.82976148293434],[-75.6747228730188,4.82975902250153],[-75.6745827192433,4.82985764238223],[-75.6744244337918,4.82984811439164],[-75.674561691567,4.82892599531892],[-75.674635528509,4.82872142566344],[-75.6760277577414,4.82894913646537],[-75.6759911572196,4.82917836530155],[-75.6757943436904,4.82915104062162],[-75.6756399750386,4.83011909717444],[-75.6752184242477,4.83005758238288],[-75.6751169062079,4.83004276876617],[-75.6749912803757,4.82987546916466],[-75.6749750489691,4.82985385318329],[-75.6749435575467,4.82985378850418],[-75.6748695127699,4.82985363498762],[-75.6748414617579,4.82981597444505],[-75.6748008742763,4.82976148293434]]]},"properties":{"FID":77,"BARRIO":"BARRIO URBANIZACIÓN GUADUALES DE MILÁN","AÑO":"≥2000","Area_Ha":1.81042095308,"Shape_Leng":594.380313254,"Shape_Area":18104.2095308,"CCInundaci":" ","CCMovMasa":" ","CCVendaval":" ","Shape__Area":18343.96337890625,"Shape__Length":598.2573287625147}},{"type":"Feature","id":78,"geometry":{"type":"Polygon","coordinates":[[[-75.6718929584039,4.82979894126088],[-75.6726836304815,4.82952471632709],[-75.672712158267,4.82959184724926],[-75.6727124448,4.82959252144645],[-75.6728593585721,4.82954433303312],[-75.6728016822739,4.82991592419548],[-75.6720276511156,4.83017235813216],[-75.6718929584039,4.82979894126088]]]},"properties":{"FID":78,"BARRIO":"BARRIO URBANIZACIÓN QUINTAS DE MILÁN ETAPA 2","AÑO":"≥2000","Area_Ha":0.442061421586,"Shape_Leng":294.104204108,"Shape_Area":4420.61421586,"CCInundaci":" ","CCMovMasa":" ","CCVendaval":" ","Shape__Area":4479.18212890625,"Shape__Length":295.77812479681234}},{"type":"Feature","id":79,"geometry":{"type":"Polygon","coordinates":[[[-75.6768958687323,4.83026206907045],[-75.6758425756076,4.83010893869731],[-75.675678122475,4.83011718460106],[-75.6756399750386,4.83011909717444],[-75.6757943436904,4.82915104062162],[-75.6759911572196,4.82917836530155],[-75.6760277577414,4.82894913646537],[-75.6776445660385,4.82922577182567],[-75.6777427736513,4.82926426164119],[-75.6779332732165,4.82946155542867],[-75.6776810312132,4.82969121364626],[-75.6772991204855,4.83003406644928],[-75.6770243381335,4.83028074652011],[-75.6768958687323,4.83026206907045]]]},"properties":{"FID":79,"BARRIO":"BARRIO URBANIZACIÓN JARDINES DE MILÁN","AÑO":"≥2000","Area_Ha":2.53232587351,"Shape_Leng":670.828618484,"Shape_Area":25323.2587351,"CCInundaci":" ","CCMovMasa":" ","CCVendaval":" ","Shape__Area":25658.56689453125,"Shape__Length":674.46452986881434}},{"type":"Feature","id":80,"geometry":{"type":"Polygon","coordinates":[[[-75.6715456495773,4.8293110158614],[-75.6716740672711,4.82917973947104],[-75.6717011097327,4.82925654429308],[-75.6718929584039,4.82979894126088],[-75.6719727814318,4.83002461717998],[-75.6720276511156,4.83017235813216],[-75.6718107477003,4.83030345457889],[-75.6716126006181,4.83038662917115],[-75.6715815929201,4.83039964499108],[-75.6714654974014,4.83042198427197],[-75.671207753645,4.83047157847786],[-75.6709267270027,4.82963093182329],[-75.6713622988188,4.8294290618311],[-75.6715456495773,4.8293110158614]]]},"properties":{"FID":80,"BARRIO":"BARRIO URBANIZACIÓNCASAS DE MILÁN","AÑO":"≥2000","Area_Ha":1.0308921746,"Shape_Leng":410.330919633,"Shape_Area":10308.921746,"CCInundaci":" ","CCMovMasa":" ","CCVendaval":" ","Shape__Area":10445.517578125,"Shape__Length":413.22017348486543}},{"type":"Feature","id":81,"geometry":{"type":"Polygon","coordinates":[[[-75.6885074324716,4.82994670306376],[-75.6917954949911,4.82823498917273],[-75.6924553779831,4.82907689234861],[-75.6895394639578,4.83058351265069],[-75.6889832296848,4.83086638434926],[-75.6885074324716,4.82994670306376]]]},"properties":{"FID":81,"BARRIO":"BARRIO URBANIZACIÓN LA MACARENA","AÑO":"≥2000","Area_Ha":4.88237205104,"Shape_Leng":1077.27804457,"Shape_Area":48823.7205104,"CCInundaci":" ","CCMovMasa":" ","CCVendaval":" ","Shape__Area":49469.08056640625,"Shape__Length":1083.0589672176259}},{"type":"Feature","id":82,"geometry":{"type":"Polygon","coordinates":[[[-75.697060453056,4.82986932558492],[-75.6982363934703,4.82882761563275],[-75.6991627089113,4.82911470347809],[-75.6999509425864,4.82893058941771],[-75.7007910495763,4.82882318485004],[-75.7007982205646,4.82882226762224],[-75.7009642027081,4.82880104694782],[-75.7026065232283,4.82859107680189],[-75.7026324764768,4.8288665714445],[-75.7023394834709,4.82970169728843],[-75.7025289573795,4.83095566071911],[-75.7019464968638,4.83099060599592],[-75.6988181816325,4.83117828248686],[-75.6982514605425,4.83121227976992],[-75.6982374940574,4.83117852363014],[-75.6981770002554,4.83103231560845],[-75.6972055579377,4.83014156040164],[-75.697060453056,4.82986932558492]]]},"properties":{"FID":82,"BARRIO":"BARRIO URBANIZACIÓN LA ALQUERIA","AÑO":"≥2000","Area_Ha":13.2959204676,"Shape_Leng":1614.57466345,"Shape_Area":132959.204676,"CCInundaci":" ","CCMovMasa":" ","CCVendaval":" ","Shape__Area":134714.6474609375,"Shape__Length":1622.8970417563719}},{"type":"Feature","id":83,"geometry":{"type":"Polygon","coordinates":[[[-75.6866928536726,4.83126960652293],[-75.6862715418723,4.83107584450534],[-75.6853252312042,4.83039958557672],[-75.6855348158317,4.83013221992839],[-75.6855699837451,4.83015166758239],[-75.6857022182012,4.83005943667986],[-75.6857812570479,4.82995111665656],[-75.6857807640595,4.82974007983876],[-75.6858895681036,4.82974030327862],[-75.6858899721713,4.82954193850275],[-75.6861545176398,4.8295424814447],[-75.6861546599932,4.82947243659454],[-75.6865405780059,4.82947322803639],[-75.6865397498002,4.82987963613124],[-75.6867215839698,4.82988000844772],[-75.6867212249391,4.83005586950214],[-75.6869970773833,4.83005643498975],[-75.6869966954861,4.83024408208489],[-75.6869944786362,4.83133200725715],[-75.6866928536726,4.83126960652293]]]},"properties":{"FID":83,"BARRIO":"BARRIO URBANIZACIÓN LOS OLIVOS","AÑO":"≥2000","Area_Ha":2.2955725759,"Shape_Leng":682.895642483,"Shape_Area":22955.725759,"CCInundaci":"Inundación","CCMovMasa":" ","CCVendaval":" ","Shape__Area":23259.36669921875,"Shape__Length":687.47339255403165}},{"type":"Feature","id":84,"geometry":{"type":"Polygon","coordinates":[[[-75.694617447884,4.83085273771494],[-75.6952981874075,4.82938281740279],[-75.695646228645,4.82956290058294],[-75.6960185736579,4.82968970606329],[-75.6962162219123,4.83023564496138],[-75.6964959894051,4.83067737790409],[-75.6957251503165,4.83138845568331],[-75.694617447884,4.83085273771494]]]},"properties":{"FID":84,"BARRIO":"BARRIO URBANIZACIÓN SAKABUMA","AÑO":"≥2000","Area_Ha":2.65069504546,"Shape_Leng":641.161727202,"Shape_Area":26506.9504546,"CCInundaci":" ","CCMovMasa":" ","CCVendaval":" ","Shape__Area":26857.15771484375,"Shape__Length":645.50682852173918}},{"type":"Feature","id":85,"geometry":{"type":"Polygon","coordinates":[[[-75.6751341483065,4.83110095755075],[-75.6746991335416,4.82997992600682],[-75.6748695127699,4.82985363498762],[-75.6749435575467,4.82985378850418],[-75.6749750489691,4.82985385318329],[-75.6749912803757,4.82987546916466],[-75.6751169062079,4.83004276876617],[-75.6752184242477,4.83005758238288],[-75.6756399750386,4.83011909717444],[-75.675678122475,4.83011718460106],[-75.6756831252611,4.83021757948056],[-75.6756851101204,4.83025740679479],[-75.6759187038665,4.83130138527679],[-75.6756991683543,4.83133283702274],[-75.6754881870629,4.83134927753965],[-75.6753585500189,4.83134984539375],[-75.6752547114993,4.83135030052963],[-75.6751341483065,4.83110095755075]]]},"properties":{"FID":85,"BARRIO":"BARRIO URBANIZACIÓN QUINTAS DE BALEARES","AÑO":"≥2000","Area_Ha":1.32166685939,"Shape_Leng":495.86117893,"Shape_Area":13216.6685939,"CCInundaci":" ","CCMovMasa":" ","CCVendaval":" ","Shape__Area":13391.73681640625,"Shape__Length":499.45674892555706}},{"type":"Feature","id":86,"geometry":{"type":"Polygon","coordinates":[[[-75.6659752727305,4.82959632158346],[-75.6661264950465,4.82914831907117],[-75.6672191071821,4.82928840743565],[-75.6677489299165,4.82947188566372],[-75.6679633355877,4.82954613457956],[-75.6678735449124,4.83040595550438],[-75.6678356603843,4.83071453313034],[-75.6676015196487,4.83081793034966],[-75.6674542167769,4.83133651875655],[-75.6673637715722,4.83131360707188],[-75.6658646841586,4.83091522964704],[-75.6658801358207,4.83067400261752],[-75.6659345036349,4.83005813952123],[-75.6659752727305,4.82959632158346]]]},"properties":{"FID":86,"BARRIO":"BARRIO URBANIZACIÓN QUINTAS DE JARDÍN COLONIAL","AÑO":"≥2000","Area_Ha":4.30197891517,"Shape_Leng":808.785743045,"Shape_Area":43019.7891517,"CCInundaci":" ","CCMovMasa":" ","CCVendaval":" ","Shape__Area":43590.17724609375,"Shape__Length":814.13070215303117}},{"type":"Feature","id":87,"geometry":{"type":"Polygon","coordinates":[[[-75.6895394639578,4.83058351265069],[-75.6924553779831,4.82907689234861],[-75.6931476420422,4.83041496808843],[-75.6918193614768,4.83110645373027],[-75.6915886664334,4.83066054190859],[-75.690005658418,4.83148462878309],[-75.6895394639578,4.83058351265069]]]},"properties":{"FID":87,"BARRIO":"BARRIO URBANIZACIÓN LIMONAR","AÑO":"≥2000","Area_Ha":4.98965723627,"Shape_Leng":1062.52776435,"Shape_Area":49896.5723627,"CCInundaci":" ","CCMovMasa":" ","CCVendaval":" ","Shape__Area":50556.16162109375,"Shape__Length":1068.7712937232666}},{"type":"Feature","id":88,"geometry":{"type":"Polygon","coordinates":[[[-75.6872106844809,4.83152975971176],[-75.6869941378442,4.83149916137079],[-75.6869944786362,4.83133200725715],[-75.6869966954861,4.83024408208489],[-75.6874115580897,4.82983737173428],[-75.6877635866235,4.82983809330529],[-75.688174079742,4.83024379288027],[-75.6882331359215,4.83132437361941],[-75.6880799929444,4.83151961655545],[-75.6876576285143,4.83171618684349],[-75.6872103061601,4.83171526960052],[-75.6872106844809,4.83152975971176]]]},"properties":{"FID":88,"BARRIO":"BARRIO URBANIZACIÓN VILLA DEL CAMPESTRE","AÑO":"≥2000","Area_Ha":2.41895737871,"Shape_Leng":599.47352506,"Shape_Area":24189.5737871,"CCInundaci":" ","CCMovMasa":" ","CCVendaval":" ","Shape__Area":24509.51318359375,"Shape__Length":603.88922433629716}},{"type":"Feature","id":89,"geometry":{"type":"Polygon","coordinates":[[[-75.686057649845,4.83137116687577],[-75.6862715418723,4.83107584450534],[-75.6866928536726,4.83126960652293],[-75.6869944786362,4.83133200725715],[-75.6869941378442,4.83149916137079],[-75.6872106844809,4.83152975971176],[-75.6872103061601,4.83171526960052],[-75.687164906118,4.83181259883603],[-75.6868068256792,4.83179088254551],[-75.686471722613,4.83164622108211],[-75.6862038059504,4.83149519347563],[-75.686057649845,4.83137116687577]]]},"properties":{"FID":89,"BARRIO":"BARRIO URBANIZACIÓN VILLAS DE SAN MIGUEL","AÑO":"≥2000","Area_Ha":0.5602237015,"Shape_Leng":336.767876518,"Shape_Area":5602.237015,"CCInundaci":" ","CCMovMasa":" ","CCVendaval":" ","Shape__Area":5676.3544921875,"Shape__Length":338.59568434136787}},{"type":"Feature","id":90,"geometry":{"type":"Polygon","coordinates":[[[-75.6659298553376,4.83175850636279],[-75.6659597931896,4.83166910120285],[-75.6658006944562,4.8316314909277],[-75.6658646841586,4.83091522964704],[-75.6673637715722,4.83131360707188],[-75.6672340147665,4.83160334971558],[-75.6665005500972,4.83213592572936],[-75.6659298553376,4.83175850636279]]]},"properties":{"FID":90,"BARRIO":"BARRIO URBANIZACIÓN JARDÍN COLONIAL II","AÑO":"≥2000","Area_Ha":1.38810830709,"Shape_Leng":491.637161031,"Shape_Area":13881.0830709,"CCInundaci":"Inundación","CCMovMasa":" ","CCVendaval":" ","Shape__Area":14065.197265625,"Shape__Length":494.49780723364813}},{"type":"Feature","id":91,"geometry":{"type":"Polygon","coordinates":[[[-75.6688773300067,4.83221104644098],[-75.6673329741685,4.83176335418587],[-75.6674542167769,4.83133651875655],[-75.6676015196487,4.83081793034966],[-75.6678171323186,4.83081423570109],[-75.6679045084685,4.83083225493321],[-75.6679309079115,4.83083596612718],[-75.6679733994999,4.83086649515861],[-75.6680158919891,4.83089702327767],[-75.6680896051096,4.8309159334191],[-75.668143806671,4.8309100805399],[-75.6682249337465,4.83088092359326],[-75.6683041120747,4.83089938638265],[-75.6684366226125,4.83089596716778],[-75.6685618419268,4.83089528156928],[-75.6686260354485,4.83089860524833],[-75.6686506089025,4.83090414527134],[-75.6686796927585,4.83092571993299],[-75.6687078818182,4.83094088203782],[-75.6687455568133,4.83098491032732],[-75.6688163809495,4.83106288370948],[-75.668851318796,4.83110919555814],[-75.6689094719967,4.83115784065135],[-75.6689676243001,4.83120648483442],[-75.669023104886,4.83123314478302],[-75.6690831768024,4.83124470339343],[-75.6691610860755,4.83122721769637],[-75.6692016400363,4.83121607370545],[-75.6692162275822,4.83121030714518],[-75.6692604410418,4.83119282849289],[-75.669327071974,4.83113594240282],[-75.6693626858173,4.83109914723799],[-75.6694824720588,4.83110851514009],[-75.6694772796687,4.83115448234899],[-75.6694403712028,4.83148124450865],[-75.6694137394026,4.83201924733249],[-75.6694471908608,4.83207375930486],[-75.6692276653304,4.83201012165478],[-75.6689577560265,4.83193187847245],[-75.6688773300067,4.83221104644098]]]},"properties":{"FID":91,"BARRIO":"BARRIO URBANIZACIÓN EL PROGRESO","AÑO":"≥2000","Area_Ha":2.51037493693,"Shape_Leng":715.662313473,"Shape_Area":25103.7493693,"CCInundaci":" ","CCMovMasa":" ","CCVendaval":" ","Shape__Area":25436.6201171875,"Shape__Length":719.96903156345}},{"type":"Feature","id":92,"geometry":{"type":"Polygon","coordinates":[[[-75.6894362505176,4.83140689492465],[-75.689474871698,4.83137233027855],[-75.6896024843934,4.83137392298327],[-75.6896651871924,4.83140602517313],[-75.6896834885294,4.83141539522707],[-75.6897528891193,4.83146047633267],[-75.6897657981045,4.83146886159046],[-75.6898149508071,4.83148495185583],[-75.6898906891809,4.83150109660072],[-75.6899398179953,4.83152917903129],[-75.6901076460529,4.83171777975216],[-75.6901232371074,4.83173530051523],[-75.6900732370622,4.83194348228998],[-75.6895787971104,4.83227906735373],[-75.6895676546918,4.8319556841704],[-75.6894848675531,4.831763575269],[-75.6895063536108,4.83175003426182],[-75.6895176763035,4.83168001845693],[-75.6895115668733,4.83163090182],[-75.6894546119161,4.8315295174225],[-75.6894308061902,4.83146950862834],[-75.6894334649915,4.83143893158799],[-75.6894362505176,4.83140689492465]]]},"properties":{"FID":92,"BARRIO":"BARRIO URBANIZACIÓN ALTOS DE SANTA CLARA","AÑO":"≥2000","Area_Ha":0.446972786275,"Shape_Leng":284.019144069,"Shape_Area":4469.72786275,"CCInundaci":" ","CCMovMasa":" ","CCVendaval":" ","Shape__Area":4528.8408203125,"Shape__Length":286.03070369089636}},{"type":"Feature","id":93,"geometry":{"type":"Polygon","coordinates":[[[-75.6644535299108,4.83183738079562],[-75.6644987722673,4.83176115443903],[-75.6647105383223,4.83165828883552],[-75.6648903155939,4.83200193292287],[-75.6656321169294,4.83173303692342],[-75.6657013935286,4.83192533941588],[-75.6656558196834,4.83194185953802],[-75.6655125877061,4.8319937806841],[-75.6647284875447,4.83239248769534],[-75.6644535299108,4.83183738079562]]]},"properties":{"FID":93,"BARRIO":"BARRIO URBANIZACIÓN VILLA DE LOS MOLINOS I","AÑO":"≥2000","Area_Ha":0.474527881836,"Shape_Leng":377.363853965,"Shape_Area":4745.27881836,"CCInundaci":" ","CCMovMasa":" ","CCVendaval":" ","Shape__Area":4808.23583984375,"Shape__Length":379.62583824047954}},{"type":"Feature","id":94,"geometry":{"type":"Polygon","coordinates":[[[-75.6743499414981,4.83233322814094],[-75.6741098146127,4.83161144501918],[-75.6740480685633,4.83162706930137],[-75.673973313188,4.83140716276095],[-75.6742629149184,4.83135375678598],[-75.6743838352626,4.83133572744615],[-75.6746890478992,4.8313307330998],[-75.675139590502,4.83135080470811],[-75.6752547114993,4.83135030052963],[-75.6753585500189,4.83134984539375],[-75.6754881870629,4.83134927753965],[-75.6756991683543,4.83133283702274],[-75.6759187038665,4.83130138527679],[-75.6760010932809,4.83128958122589],[-75.6761442626139,4.83127299339796],[-75.6762091176561,4.83138226378045],[-75.675760252489,4.83166302784287],[-75.675500164576,4.83182955109938],[-75.6751518904885,4.83204035301037],[-75.6748310378672,4.83224048096734],[-75.6745899522597,4.83237877967303],[-75.6744259655301,4.83246727451711],[-75.6743499414981,4.83233322814094]]]},"properties":{"FID":94,"BARRIO":"BARRIO URBANIZACIÓN CARMELITA","AÑO":"≥2000","Area_Ha":1.63187073146,"Shape_Leng":621.667139851,"Shape_Area":16318.7073146,"CCInundaci":" ","CCMovMasa":" ","CCVendaval":" ","Shape__Area":16534.9296875,"Shape__Length":624.94738886277037}},{"type":"Feature","id":95,"geometry":{"type":"Polygon","coordinates":[[[-75.6847792987165,4.83236177171708],[-75.6847152275718,4.83235938670139],[-75.6845757864402,4.83238276270275],[-75.6844718638076,4.8324006071395],[-75.6844033298177,4.83238131066094],[-75.6843528888175,4.83231021945019],[-75.6843291670386,4.83225566490927],[-75.6842719625602,4.83219357401455],[-75.6842001072409,4.83214948189463],[-75.6840866641277,4.8321030503075],[-75.6839755328825,4.83202507287265],[-75.6838683973266,4.83193416802459],[-75.6837100954271,4.8318346848168],[-75.6835552292348,4.83170478584165],[-75.6835043263567,4.83166926864646],[-75.6834054430842,4.83164878314163],[-75.6833403224828,4.83161033707507],[-75.6832314065239,4.83154814069093],[-75.6831593712521,4.831464246736],[-75.6830988298133,4.83138524785828],[-75.6830089652163,4.83135238544665],[-75.6828670885197,4.83129435240179],[-75.6827581865126,4.83122652182747],[-75.6826818220423,4.83118805326595],[-75.6825414580523,4.83111339688214],[-75.6824524586897,4.83103723622678],[-75.6823908037896,4.83095259948115],[-75.6823157121687,4.8308420209909],[-75.6822708832545,4.83077544824589],[-75.6822225170688,4.83066191802207],[-75.6821912283141,4.83057058321941],[-75.6822004267596,4.8304703180512],[-75.6821928185983,4.83034017108912],[-75.6821773568504,4.83020492384178],[-75.6821685347322,4.83012152352293],[-75.6821855973108,4.83002352803286],[-75.682193802545,4.82987625645153],[-75.6822062229057,4.82985161275988],[-75.682149128818,4.82973543562182],[-75.6820817981051,4.82967783047015],[-75.6820300194823,4.82963567357641],[-75.6819728247765,4.82956907554125],[-75.6819111077085,4.82951486272573],[-75.68223827614,4.82911651536079],[-75.6827463783841,4.82841141405124],[-75.6831168154587,4.82793272859074],[-75.6831442277611,4.82789730634732],[-75.6833214505271,4.82798780873578],[-75.6834491645236,4.82805664537072],[-75.6835421338897,4.82811416974551],[-75.6836205744421,4.82814693197017],[-75.6837763326102,4.82821245359149],[-75.6838099000188,4.82825074441486],[-75.6838388631153,4.82834748272133],[-75.6838488519833,4.82837144012752],[-75.6838605276568,4.82839944458965],[-75.6838871542025,4.82842088618231],[-75.6839030346439,4.82841992380209],[-75.6839212964762,4.8284188172931],[-75.6839782695954,4.82835234797118],[-75.684037082969,4.82828403254134],[-75.684102221248,4.82825422422955],[-75.684211098779,4.82822343727485],[-75.6842986109201,4.82820757656748],[-75.6843316692901,4.82821406059083],[-75.684356149085,4.82824191399951],[-75.6843848638211,4.82828581549486],[-75.6844320253942,4.82829660568967],[-75.6844885757578,4.82829244380228],[-75.6845248752646,4.82827861830254],[-75.6846112554693,4.82829483478252],[-75.6846553719847,4.82828849906555],[-75.6847546380384,4.82826303873993],[-75.6848421387258,4.82825252452316],[-75.6849072081921,4.82825586588151],[-75.6849626257369,4.82828378298869],[-75.6849945534043,4.82832127470465],[-75.6850094311198,4.82835017771774],[-75.6850661383615,4.82840306389163],[-75.6850852783444,4.8284341133973],[-75.6851160105329,4.82853469395359],[-75.6851470148855,4.82858855248497],[-75.6851736456535,4.82860785501803],[-75.6852653219104,4.82864226235313],[-75.685285808171,4.82867578449397],[-75.6852908406137,4.82868401847488],[-75.6853035029179,4.82875248211843],[-75.6853311746646,4.8287846188286],[-75.6853802135577,4.82880182923874],[-75.6854188086252,4.82879651248521],[-75.6854261001461,4.82879550814376],[-75.6854820292462,4.828766770405],[-75.6855524832593,4.82874552841031],[-75.6856154195072,4.82874886546517],[-75.6856495293545,4.82876283703861],[-75.6856633277401,4.82879708356698],[-75.685660025172,4.828847336103],[-75.6856525374575,4.8289056457718],[-75.6856620255973,4.82896127008991],[-75.68569179192,4.82901266000479],[-75.6857343813421,4.82905338204375],[-75.6857792121404,4.82907579195383],[-75.6857799024418,4.829371311668],[-75.6857807640595,4.82974007983876],[-75.6857805802073,4.82974007966314],[-75.6857812570479,4.82995111665656],[-75.6857022182012,4.83005943667986],[-75.6855699837451,4.83015166758239],[-75.6855348158317,4.83013221992839],[-75.6853252312042,4.83039958557672],[-75.6862715418723,4.83107584450534],[-75.686057649845,4.83137116687577],[-75.6856493280258,4.83193493965901],[-75.6856274038347,4.83192331649337],[-75.6855768207145,4.83192208587902],[-75.6855194509034,4.83194112276916],[-75.6854969034921,4.83197262671017],[-75.6854854840086,4.83205936604321],[-75.6854145073422,4.83213584187606],[-75.685311778677,4.8321991450839],[-75.6852542908971,4.83227564882127],[-75.6851844881999,4.83232733747664],[-75.6851484100566,4.83237909588475],[-75.6851449131529,4.83243993555717],[-75.6851335576713,4.83249625180733],[-75.685093742584,4.83251678763487],[-75.6850229200106,4.83251776894908],[-75.6849307955201,4.83249053631982],[-75.6848679104598,4.8324577309995],[-75.6848253242537,4.83239341617208],[-75.6847792987165,4.83236177171708]]]},"properties":{"FID":95,"BARRIO":"BARRIO CAMPESTRE D","AÑO":"1985","Area_Ha":15.2823877327,"Shape_Leng":1673.61541955,"Shape_Area":152823.877327,"CCInundaci":"Inundación","CCMovMasa":" ","CCVendaval":" ","Shape__Area":154845.7724609375,"Shape__Length":1684.7080255687213}},{"type":"Feature","id":96,"geometry":{"type":"Polygon","coordinates":[[[-75.688683660846,4.83184279730016],[-75.6886717185313,4.83150429334265],[-75.6886705953069,4.83147245026699],[-75.6888787886962,4.83149220828777],[-75.6889905252448,4.8315232544354],[-75.6890553567342,4.83155580297521],[-75.6891033060377,4.83160701641132],[-75.6891236858511,4.83162878347006],[-75.6892003603131,4.83172139279458],[-75.6892770996848,4.83178178366835],[-75.6893679080521,4.83179597739924],[-75.6894531805624,4.83178354561288],[-75.6894848675531,4.831763575269],[-75.6895676546918,4.8319556841704],[-75.6895787971104,4.83227906735373],[-75.6891131993401,4.83258144003491],[-75.6887220325066,4.83211676722764],[-75.688683660846,4.83184279730016]]]},"properties":{"FID":96,"BARRIO":"BARRIO URBANIZACIÓN EL PORVENIR","AÑO":"≥2000","Area_Ha":0.798646120509,"Shape_Leng":362.595753174,"Shape_Area":7986.46120509,"CCInundaci":" ","CCMovMasa":" ","CCVendaval":" ","Shape__Area":8092.099609375,"Shape__Length":365.15411755232731}},{"type":"Feature","id":97,"geometry":{"type":"Polygon","coordinates":[[[-75.666589322835,4.83239942434284],[-75.6665692271801,4.83236404995517],[-75.6665196159981,4.83226587753033],[-75.6669776860799,4.8320206538725],[-75.666992596414,4.83205015963009],[-75.6669892798667,4.83225153854195],[-75.6669875041843,4.83227198714573],[-75.666982849313,4.83247474820371],[-75.6669419633931,4.8324955360924],[-75.6666982830313,4.83261943427372],[-75.666589322835,4.83239942434284]]]},"properties":{"FID":97,"BARRIO":"BARRIO URBANIZACIÓN VILLALON","AÑO":"≥2000","Area_Ha":0.209921683599,"Shape_Leng":187.504763812,"Shape_Area":2099.21683599,"CCInundaci":" ","CCMovMasa":" ","CCVendaval":" ","Shape__Area":2127.06298828125,"Shape__Length":188.81968914146796}},{"type":"Feature","id":98,"geometry":{"type":"Polygon","coordinates":[[[-75.6694471908608,4.83207375930486],[-75.6694137394026,4.83201924733249],[-75.6694403712028,4.83148124450865],[-75.6697196182789,4.83150061221892],[-75.6697093194775,4.83194962961647],[-75.6698422895018,4.83200439041686],[-75.6701155705148,4.83244972453268],[-75.669799001206,4.83264706321003],[-75.6694471908608,4.83207375930486]]]},"properties":{"FID":98,"BARRIO":"BARRIO URBANIZACIÓN SANTA LUCIA","AÑO":"≥2000","Area_Ha":0.477365512973,"Shape_Leng":337.020426022,"Shape_Area":4773.65512973,"CCInundaci":" ","CCMovMasa":" ","CCVendaval":" ","Shape__Area":4836.95263671875,"Shape__Length":339.62372858013106}},{"type":"Feature","id":99,"geometry":{"type":"Polygon","coordinates":[[[-75.6679720823289,4.83233385380191],[-75.6685791244549,4.83225332657787],[-75.6686183938255,4.83256304037428],[-75.6680128845964,4.83264336375749],[-75.6679720823289,4.83233385380191]]]},"properties":{"FID":99,"BARRIO":"BARRIO URBANIZACIÓN CATALAN","AÑO":"≥2000","Area_Ha":0.234337065366,"Shape_Leng":204.782110609,"Shape_Area":2343.37065366,"CCInundaci":" ","CCMovMasa":" ","CCVendaval":" ","Shape__Area":2374.45166015625,"Shape__Length":205.92116004266563}},{"type":"Feature","id":100,"geometry":{"type":"Polygon","coordinates":[[[-75.6637393762928,4.83176448994792],[-75.6639288512713,4.8316681436225],[-75.6641041491258,4.83201503775345],[-75.6644535299108,4.83183738079562],[-75.6647284875447,4.83239248769534],[-75.6641883109503,4.83261888443101],[-75.6641557377133,4.83263544739555],[-75.6637393762928,4.83176448994792]]]},"properties":{"FID":100,"BARRIO":"BARRIO URBANIZACIÓN VILLA DE LOS MOLINOS II","AÑO":"≥2000","Area_Ha":0.555427495801,"Shape_Leng":354.470188015,"Shape_Area":5554.27495801,"CCInundaci":" ","CCMovMasa":" ","CCVendaval":" ","Shape__Area":5627.97314453125,"Shape__Length":356.97197627623495}},{"type":"Feature","id":101,"geometry":{"type":"Polygon","coordinates":[[[-75.6661838526132,4.83286094989094],[-75.6661422308735,4.83288211402845],[-75.6656558196834,4.83194185953802],[-75.6657013935286,4.83192533941588],[-75.6657273852685,4.83197804313772],[-75.6657955002333,4.83194352857471],[-75.6659574181231,4.83187141317699],[-75.665978927176,4.83187228685176],[-75.6660005387815,4.83188256231416],[-75.6660901925455,4.83194020481433],[-75.6663551389247,4.83247518199459],[-75.6665695250983,4.83236464003558],[-75.666589322835,4.83239942434284],[-75.6666982830313,4.83261943427372],[-75.6663364259047,4.83280852346532],[-75.6663522848597,4.8328386149537],[-75.6662401966425,4.83289794273531],[-75.6662113433193,4.83291321370638],[-75.6661838526132,4.83286094989094]]]},"properties":{"FID":101,"BARRIO":"BARRIO URBANIZACIÓN JARDÍN COLONIAL I","AÑO":"≥2000","Area_Ha":0.56085806447,"Shape_Leng":376.897688416,"Shape_Area":5608.5806447,"CCInundaci":" ","CCMovMasa":" ","CCVendaval":" ","Shape__Area":5682.9853515625,"Shape__Length":379.56050076227172}},{"type":"Feature","id":102,"geometry":{"type":"Polygon","coordinates":[[[-75.6671083273713,4.83270433653371],[-75.6671686017763,4.83207257993399],[-75.6673360799252,4.83208865835168],[-75.6673319866759,4.83213156468674],[-75.6674413836005,4.83214206676877],[-75.6674416937015,4.83199189011801],[-75.6677313062367,4.83199249296019],[-75.6677308816125,4.83219791596303],[-75.6678527907381,4.83218174517292],[-75.6678670713239,4.83229006712171],[-75.6679646034871,4.83227712936166],[-75.6679720823289,4.83233385380191],[-75.6680128845964,4.83264336375749],[-75.6677298857813,4.83268090437467],[-75.6677322257661,4.83270563373879],[-75.667747576103,4.83309466255643],[-75.6677064965991,4.83309706909782],[-75.6675849773995,4.83310306959887],[-75.6675866432621,4.83313701304369],[-75.6673707196837,4.83312847375524],[-75.667068324416,4.83311619574246],[-75.6670107518884,4.83311097546748],[-75.6670474041298,4.8327042093252],[-75.6671083273713,4.83270433653371]]]},"properties":{"FID":102,"BARRIO":"BARRIO URBANIZACIÓN CAMBULOS","AÑO":"≥2000","Area_Ha":0.97591714719,"Shape_Leng":470.030057435,"Shape_Area":9759.1714719,"CCInundaci":" ","CCMovMasa":" ","CCVendaval":" ","Shape__Area":9888.625,"Shape__Length":473.31693533156823}},{"type":"Feature","id":103,"geometry":{"type":"Polygon","coordinates":[[[-75.6883843757888,4.83152949259456],[-75.6885171486887,4.83146881188958],[-75.6886705953069,4.83147245026699],[-75.6886717185313,4.83150429334265],[-75.688683660846,4.83184279730016],[-75.6887220325066,4.83211676722764],[-75.6891131993401,4.83258144003491],[-75.6887509753048,4.83284242491706],[-75.6882725400102,4.83319545386431],[-75.6882636292187,4.83258132292576],[-75.6882494093245,4.83160139299635],[-75.6883523492271,4.83154655413936],[-75.6883843757888,4.83152949259456]]]},"properties":{"FID":103,"BARRIO":"BARRIO URBANIZACIÓN QUINTAS DE BUENAVISTA","AÑO":"≥2000","Area_Ha":1.01831533761,"Shape_Leng":480.781236022,"Shape_Area":10183.1533761,"CCInundaci":" ","CCMovMasa":" ","CCVendaval":" ","Shape__Area":10317.8681640625,"Shape__Length":484.57671123273383}},{"type":"Feature","id":104,"geometry":{"type":"Polygon","coordinates":[[[-75.6651408034129,4.83320840875787],[-75.6647284875447,4.83239248769534],[-75.6655125877061,4.8319937806841],[-75.6656558196834,4.83194185953802],[-75.6661422308735,4.83288211402845],[-75.6652143432584,4.83335393485465],[-75.6651408034129,4.83320840875787]]]},"properties":{"FID":104,"BARRIO":"BARRIO URBANIZACIÓN VILLA DEL PILAR I","AÑO":"≥2000","Area_Ha":1.36778764676,"Shape_Leng":466.275120533,"Shape_Area":13677.8764676,"CCInundaci":" ","CCMovMasa":" ","CCVendaval":" ","Shape__Area":13859.35986328125,"Shape__Length":469.35939563393242}},{"type":"Feature","id":105,"geometry":{"type":"Polygon","coordinates":[[[-75.6622614635696,4.83310509146951],[-75.6628339315523,4.83193389563073],[-75.6632906680089,4.83215853478144],[-75.6633938899751,4.83194735496215],[-75.6639094650927,4.8322009326484],[-75.664066183081,4.83251601996137],[-75.6640376969116,4.8325742990846],[-75.6639952989061,4.83255344644097],[-75.6637639000511,4.83302685974656],[-75.6631770819417,4.83273824255363],[-75.6628537528382,4.83339973162372],[-75.6622614635696,4.83310509146951]]]},"properties":{"FID":105,"BARRIO":"BARRIO URBANIZACIÓN LAS COLINAS","AÑO":"≥2000","Area_Ha":1.72959134934,"Shape_Leng":627.510451926,"Shape_Area":17295.9134934,"CCInundaci":" ","CCMovMasa":" ","CCVendaval":" ","Shape__Area":17525.46533203125,"Shape__Length":631.841629221238}},{"type":"Feature","id":106,"geometry":{"type":"Polygon","coordinates":[[[-75.6641557377133,4.83263544739555],[-75.6641883109503,4.83261888443101],[-75.6647284875447,4.83239248769534],[-75.6651408034129,4.83320840875787],[-75.6645870963854,4.83348905126625],[-75.6641557377133,4.83263544739555]]]},"properties":{"FID":106,"BARRIO":"BARRIO URBANIZACIÓN VILLA DEL PILAR II","AÑO":"≥2000","Area_Ha":0.713556160354,"Shape_Leng":344.888096561,"Shape_Area":7135.56160354,"CCInundaci":" ","CCMovMasa":" ","CCVendaval":" ","Shape__Area":7230.25439453125,"Shape__Length":347.28460331241354}},{"type":"Feature","id":107,"geometry":{"type":"Polygon","coordinates":[[[-75.6645870963854,4.83348905126625],[-75.6651408034129,4.83320840875787],[-75.6652143432584,4.83335393485465],[-75.6652235268871,4.83337210824667],[-75.6651949347063,4.8333866467877],[-75.6646708661565,4.8336529727746],[-75.6645870963854,4.83348905126625]]]},"properties":{"FID":107,"BARRIO":"BARRIO GIRASOL III","AÑO":"1995 - 2000","Area_Ha":0.13990568621899999,"Shape_Leng":178.254090148,"Shape_Area":1399.05686219,"CCInundaci":" ","CCMovMasa":" ","CCVendaval":" ","Shape__Area":1417.625,"Shape__Length":179.24134341698579}},{"type":"Feature","id":108,"geometry":{"type":"Polygon","coordinates":[[[-75.6873025111339,4.8337238437141],[-75.6871982295405,4.83371073207587],[-75.6871246669776,4.83371714156408],[-75.6870558567668,4.83373341426919],[-75.6869993403111,4.83374396714725],[-75.6869330169642,4.83374547240332],[-75.6868765512444,4.83373140530686],[-75.6868232858906,4.83369632371829],[-75.6867641892487,4.83364973872159],[-75.6866641644611,4.8335960023566],[-75.686579779374,4.83351107235362],[-75.6865108246557,4.83349754835231],[-75.6863506321868,4.83348606770212],[-75.6862811152984,4.83346802298062],[-75.6862445590514,4.83342885749124],[-75.6862436488723,4.83328983751252],[-75.6862555682348,4.83324011042273],[-75.6862899666194,4.83317858323246],[-75.6863515641593,4.83310763474404],[-75.6864070463759,4.8330555606864],[-75.6864708101335,4.8330025931394],[-75.6865140152059,4.83296892072272],[-75.6865779546988,4.83290863877933],[-75.6866044428386,4.83285372981592],[-75.6866169553812,4.83278163981586],[-75.6866541989587,4.83270960181314],[-75.6867127834554,4.83264662175528],[-75.6867399579001,4.83255090072929],[-75.6867502543014,4.83246303224529],[-75.6867435696788,4.83243372169626],[-75.6867098933984,4.83240999034759],[-75.6865986766725,4.8323737046706],[-75.6864286888312,4.83233566220453],[-75.6863567592558,4.83232762660139],[-75.6863286446367,4.83233320300708],[-75.6863105935753,4.83236471535102],[-75.6862722446557,4.83242773719592],[-75.6861866786005,4.83249178791397],[-75.6861112781596,4.83253219920906],[-75.6860415655721,4.83253994208146],[-75.6859449243819,4.83252284194696],[-75.685872581073,4.83249444167418],[-75.6858367165124,4.83244140898393],[-75.6858503167963,4.83238735119394],[-75.6858853072372,4.83231756234877],[-75.6858842613676,4.83227924865992],[-75.6858529311612,4.83220819760202],[-75.6858001811232,4.83209043549885],[-75.6857531013724,4.83202498501897],[-75.6856914108098,4.83195725097283],[-75.6856493280258,4.83193493965901],[-75.686057649845,4.83137116687577],[-75.6862038059504,4.83149519347563],[-75.686471722613,4.83164622108211],[-75.6868068256792,4.83179088254551],[-75.687164906118,4.83181259883603],[-75.6872103061601,4.83171526960052],[-75.6876576285143,4.83171618684349],[-75.6880799929444,4.83151961655545],[-75.6882331359215,4.83132437361941],[-75.6882494093245,4.83160139299635],[-75.6882636292187,4.83258132292576],[-75.6882725400102,4.83319545386431],[-75.6874084653855,4.83376803144195],[-75.6873025111339,4.8337238437141]]]},"properties":{"FID":108,"BARRIO":"BARRIO URBANIZACIÓN QUINTAS DEL CAMPESTRE","AÑO":"≥2000","Area_Ha":4.90028706045,"Shape_Leng":1129.13346845,"Shape_Area":49002.8706045,"CCInundaci":" ","CCMovMasa":" ","CCVendaval":" ","Shape__Area":49651.28759765625,"Shape__Length":1136.4462160076093}},{"type":"Feature","id":109,"geometry":{"type":"Polygon","coordinates":[[[-75.6803520674404,4.83186144572569],[-75.6804665456503,4.83168378171588],[-75.6805130948755,4.83182206944761],[-75.6805623351378,4.83196835546518],[-75.6805770375581,4.83201203505878],[-75.6808294713509,4.83276197678421],[-75.680847163014,4.83281453491205],[-75.6808738003716,4.83289366913594],[-75.6809332066718,4.83293081996318],[-75.6809638647849,4.83294999278484],[-75.6809689904814,4.8329791813204],[-75.6810586330351,4.8334896151837],[-75.6799652865181,4.83376319582866],[-75.6799652378944,4.8337632068696],[-75.6797890045088,4.83380541525476],[-75.6794379890108,4.833885351149],[-75.6793148089355,4.83388123864108],[-75.6789109849363,4.83369132887661],[-75.6791164509556,4.833520661107],[-75.6802125970613,4.83207789727853],[-75.6803520674404,4.83186144572569]]]},"properties":{"FID":109,"BARRIO":"BARRIO URBANIZACIÓN ZUITAMA","AÑO":"≥2000","Area_Ha":2.70241937848,"Shape_Leng":744.04974065,"Shape_Area":27024.1937848,"CCInundaci":" ","CCMovMasa":" ","CCVendaval":" ","Shape__Area":27382.14111328125,"Shape__Length":749.04627503182826}},{"type":"Feature","id":110,"geometry":{"type":"Polygon","coordinates":[[[-75.6669197512665,4.8341899758374],[-75.6669479343729,4.83380812804524],[-75.6670107518884,4.83311097546748],[-75.667068324416,4.83311619574246],[-75.6673707196837,4.83312847375524],[-75.6675866432621,4.83313701304369],[-75.6675849773995,4.83310306959887],[-75.6677064965991,4.83309706909782],[-75.667747576103,4.83309466255643],[-75.6677676528193,4.83360344745457],[-75.6678493299157,4.83384574081847],[-75.6672910336561,4.83412126463579],[-75.6671303165536,4.83417252830508],[-75.6669562179712,4.8342616540795],[-75.6669197512665,4.8341899758374]]]},"properties":{"FID":110,"BARRIO":"BARRIO URBANIZACIÓN TORREDALES","AÑO":"≥2000","Area_Ha":0.955728606313,"Shape_Leng":408.532773112,"Shape_Area":9557.28606313,"CCInundaci":" ","CCMovMasa":" ","CCVendaval":" ","Shape__Area":9684.09375,"Shape__Length":411.41769420278371}},{"type":"Feature","id":111,"geometry":{"type":"Polygon","coordinates":[[[-75.6808294713509,4.83276197678421],[-75.6805770375581,4.83201203505878],[-75.6805623351378,4.83196835546518],[-75.6805130948755,4.83182206944761],[-75.6804665456503,4.83168378171588],[-75.6804263203812,4.83156427492811],[-75.6819023023123,4.82952601279774],[-75.6819111077085,4.82951486272573],[-75.6819728247765,4.82956907554125],[-75.6820300194823,4.82963567357641],[-75.6820817981051,4.82967783047015],[-75.682149128818,4.82973543562182],[-75.6822062229057,4.82985161275988],[-75.682193802545,4.82987625645153],[-75.6821855973108,4.83002352803286],[-75.6821685347322,4.83012152352293],[-75.6821773568504,4.83020492384178],[-75.6821928185983,4.83034017108912],[-75.6822004267596,4.8304703180512],[-75.6821912283141,4.83057058321941],[-75.6822225170688,4.83066191802207],[-75.6822708832545,4.83077544824589],[-75.6823157121687,4.8308420209909],[-75.6823908037896,4.83095259948115],[-75.6824524586897,4.83103723622678],[-75.6825414580523,4.83111339688214],[-75.6826818220423,4.83118805326595],[-75.6827581865126,4.83122652182747],[-75.6828670885197,4.83129435240179],[-75.6830089652163,4.83135238544665],[-75.6830988298133,4.83138524785828],[-75.6831593712521,4.831464246736],[-75.6832314065239,4.83154814069093],[-75.6833403224828,4.83161033707507],[-75.6834054430842,4.83164878314163],[-75.6835043263567,4.83166926864646],[-75.6835552292348,4.83170478584165],[-75.6837100954271,4.8318346848168],[-75.6838683973266,4.83193416802459],[-75.6839755328825,4.83202507287265],[-75.6840866641277,4.8321030503075],[-75.6842001072409,4.83214948189463],[-75.6842719625602,4.83219357401455],[-75.6843291670386,4.83225566490927],[-75.6843528888175,4.83231021945019],[-75.6844033298177,4.83238131066094],[-75.6844718638076,4.8324006071395],[-75.6845757864402,4.83238276270275],[-75.6847152275718,4.83235938670139],[-75.6847792987165,4.83236177171708],[-75.6848253242537,4.83239341617208],[-75.6848679104598,4.8324577309995],[-75.6849307955201,4.83249053631982],[-75.6850229200106,4.83251776894908],[-75.685093742584,4.83251678763487],[-75.6851335576713,4.83249625180733],[-75.6851449131529,4.83243993555717],[-75.6851484100566,4.83237909588475],[-75.6851844881999,4.83232733747664],[-75.6852542908971,4.83227564882127],[-75.685311778677,4.8321991450839],[-75.6854145073422,4.83213584187606],[-75.6854854840086,4.83205936604321],[-75.6854969034921,4.83197262671017],[-75.6855194509034,4.83194112276916],[-75.6855768207145,4.83192208587902],[-75.6856274038347,4.83192331649337],[-75.6856493280258,4.83193493965901],[-75.6856914108098,4.83195725097283],[-75.6857531013724,4.83202498501897],[-75.6858001811232,4.83209043549885],[-75.6858529311612,4.83220819760202],[-75.6858842613676,4.83227924865992],[-75.6858853072372,4.83231756234877],[-75.6858503167963,4.83238735119394],[-75.6858367165124,4.83244140898393],[-75.685872581073,4.83249444167418],[-75.6859449243819,4.83252284194696],[-75.6860415655721,4.83253994208146],[-75.6861112781596,4.83253219920906],[-75.6861866786005,4.83249178791397],[-75.6862722446557,4.83242773719592],[-75.6863105935753,4.83236471535102],[-75.6863286446367,4.83233320300708],[-75.6863567592558,4.83232762660139],[-75.6864286888312,4.83233566220453],[-75.6865986766725,4.8323737046706],[-75.6867098933984,4.83240999034759],[-75.6867435696788,4.83243372169626],[-75.6867502543014,4.83246303224529],[-75.6867399579001,4.83255090072929],[-75.6867127834554,4.83264662175528],[-75.6866541989587,4.83270960181314],[-75.6866169553812,4.83278163981586],[-75.6866044428386,4.83285372981592],[-75.6865779546988,4.83290863877933],[-75.6865140152059,4.83296892072272],[-75.6864708101335,4.8330025931394],[-75.6864070463759,4.8330555606864],[-75.6863515641593,4.83310763474404],[-75.6862899666194,4.83317858323246],[-75.6862555682348,4.83324011042273],[-75.6862436488723,4.83328983751252],[-75.6862445590514,4.83342885749124],[-75.6862811152984,4.83346802298062],[-75.6863506321868,4.83348606770212],[-75.6861912661893,4.83436659844551],[-75.6854214152512,4.83418666241391],[-75.6849826023432,4.83408409732471],[-75.6845543998789,4.83398958191282],[-75.6836195296057,4.83378322849217],[-75.6823823070446,4.83351013640978],[-75.6822564593386,4.83348235803675],[-75.6814437745404,4.83325011332827],[-75.6809638647849,4.83294999278484],[-75.6809332066718,4.83293081996318],[-75.6808738003716,4.83289366913594],[-75.680847163014,4.83281453491205],[-75.6808294713509,4.83276197678421]]]},"properties":{"FID":111,"BARRIO":"BARRIO CAMPESTRE A","AÑO":"1985","Area_Ha":15.9915261628,"Shape_Leng":2117.33103891,"Shape_Area":159915.261628,"CCInundaci":"Inundación","CCMovMasa":" ","CCVendaval":"Vendaval","Shape__Area":162032.27197265625,"Shape__Length":2130.5612376533936}},{"type":"Feature","id":112,"geometry":{"type":"Polygon","coordinates":[[[-75.6632316449725,4.83435588846238],[-75.6635853748041,4.83374424604859],[-75.6636582722586,4.83361819850581],[-75.6644625473405,4.83375179394973],[-75.6640315812542,4.83447877620422],[-75.6632316449725,4.83435588846238]]]},"properties":{"FID":112,"BARRIO":"BARRIO URBANIZACIÓN PABLO VI","AÑO":"≥2000","Area_Ha":0.788439911929,"Shape_Leng":368.14157229,"Shape_Area":7884.39911929,"CCInundaci":" ","CCMovMasa":" ","CCVendaval":" ","Shape__Area":7989.0654296875,"Shape__Length":370.31217302088817}},{"type":"Feature","id":113,"geometry":{"type":"Polygon","coordinates":[[[-75.6624193573718,4.83452151455798],[-75.661941242665,4.83424329457668],[-75.6619879618979,4.83416251311722],[-75.660878110383,4.83351665045701],[-75.6610563652126,4.83320842861335],[-75.6608333014887,4.83307861924035],[-75.6610453255564,4.8327120062543],[-75.662239086355,4.83340669866256],[-75.6622745330582,4.83334540695212],[-75.6626617614883,4.83357074871664],[-75.6627197297824,4.83347051471482],[-75.66317591059,4.83373598197195],[-75.6632281790038,4.83364560291544],[-75.6633204203808,4.83369928125515],[-75.6633676800924,4.83361756288745],[-75.6635853748041,4.83374424604859],[-75.6632316449725,4.83435588846238],[-75.6630980219612,4.8345869380934],[-75.6628490287357,4.83444681524328],[-75.6627770307692,4.83457130882888],[-75.6626692640486,4.83450859666167],[-75.6626007421297,4.83462707905329],[-75.6624193573718,4.83452151455798]]]},"properties":{"FID":113,"BARRIO":"BARRIO GIRASOL","AÑO":"1995 - 2000","Area_Ha":2.81680997128,"Shape_Leng":880.286823382,"Shape_Area":28168.0997128,"CCInundaci":" ","CCMovMasa":" ","CCVendaval":" ","Shape__Area":28542.08935546875,"Shape__Length":885.57738544872473}},{"type":"Feature","id":114,"geometry":{"type":"Polygon","coordinates":[[[-75.6861912661893,4.83436659844551],[-75.6863506321868,4.83348606770212],[-75.6865108246557,4.83349754835231],[-75.686579779374,4.83351107235362],[-75.6866641644611,4.8335960023566],[-75.6867641892487,4.83364973872159],[-75.6868232858906,4.83369632371829],[-75.6868765512444,4.83373140530686],[-75.6869330169642,4.83374547240332],[-75.6869993403111,4.83374396714725],[-75.6870558567668,4.83373341426919],[-75.6871246669776,4.83371714156408],[-75.6871982295405,4.83371073207587],[-75.6873025111339,4.8337238437141],[-75.6874084653855,4.83376803144195],[-75.6882725400102,4.83319545386431],[-75.6887509753048,4.83284242491706],[-75.6891131993401,4.83258144003491],[-75.6895787971104,4.83227906735373],[-75.6900732370622,4.83194348228998],[-75.6901232371074,4.83173530051523],[-75.6901843042165,4.83177539901669],[-75.6902759334277,4.83182222245702],[-75.6903228283909,4.83183986753523],[-75.6903973051896,4.83182269794076],[-75.6904625185792,4.83178552257675],[-75.6905037840761,4.83175762552559],[-75.6905994823519,4.8317644832758],[-75.6906871656166,4.83178997976513],[-75.6907655473342,4.83181412366854],[-75.6908192259113,4.83182355931305],[-75.6908870864972,4.83179171808518],[-75.6909603377998,4.83172391267837],[-75.6910376000385,4.83164412368036],[-75.6911188253192,4.83157766616946],[-75.6911777922579,4.83153320371447],[-75.6912762540311,4.83148810164904],[-75.6913693956239,4.83144432071328],[-75.6914558581459,4.83141651534172],[-75.6915503432928,4.83136607533544],[-75.6916248370505,4.83134091117458],[-75.6917069327871,4.83134499770302],[-75.6917085769562,4.83134507976806],[-75.6917643886978,4.83135452043833],[-75.691818837658,4.83138128155621],[-75.6919004971267,4.83143215104207],[-75.6920000402648,4.83150963666504],[-75.6920596950831,4.83159103881327],[-75.6921069085707,4.83167133682411],[-75.6921193089674,4.83169242757792],[-75.6921739132362,4.83177312291837],[-75.6922455672879,4.83183722650369],[-75.6923252478547,4.83187603123399],[-75.6923303535056,4.83187813001148],[-75.6924620551316,4.83193227384605],[-75.6925696953481,4.83194981566787],[-75.6926175644454,4.83194325107636],[-75.6926734694664,4.83190738814626],[-75.6927080643392,4.83189147069652],[-75.6927731984747,4.83189293585241],[-75.6928635820757,4.83189934156779],[-75.6929255112334,4.83191467652739],[-75.6929911943414,4.8319490319658],[-75.693044245908,4.8319770252636],[-75.6930017788092,4.83200207224609],[-75.6929235368771,4.83204822060935],[-75.6926987715566,4.83223439452392],[-75.6923927356715,4.83247304170912],[-75.6921920255335,4.83256834016312],[-75.6919291619598,4.83270658145534],[-75.6917044150474,4.83288318327924],[-75.6913887917735,4.83314095179997],[-75.6910778263648,4.8334561552545],[-75.6908479632464,4.83380023697891],[-75.6905876480697,4.83407651205609],[-75.6902969077677,4.83419478434513],[-75.6899168522677,4.8343457478957],[-75.6895291981154,4.83444783024652],[-75.6890774658009,4.83451634584153],[-75.6887606863828,4.83458259234787],[-75.6884245345396,4.83473217053707],[-75.6881659296187,4.83491764040298],[-75.6880660653965,4.83489552802173],[-75.6876063702816,4.8347937404999],[-75.6871648182666,4.83465500294121],[-75.6869085600996,4.83459147387289],[-75.6865270954438,4.83449477848003],[-75.6864136251872,4.83447426115552],[-75.6862555262032,4.83444567325401],[-75.6861793870165,4.83443223200751],[-75.6861850046543,4.83440119204198],[-75.6861912661893,4.83436659844551]]]},"properties":{"FID":114,"BARRIO":"BARRIO CAMPESTRE B","AÑO":"1985","Area_Ha":12.2574845522,"Shape_Leng":1868.27033348,"Shape_Area":122574.845522,"CCInundaci":"Inundación","CCMovMasa":" ","CCVendaval":"Vendaval","Shape__Area":124196.54638671875,"Shape__Length":1878.0249144270294}},{"type":"Feature","id":115,"geometry":{"type":"Polygon","coordinates":[[[-75.6809689904814,4.8329791813204],[-75.6809638647849,4.83294999278484],[-75.6814437745404,4.83325011332827],[-75.6822564593386,4.83348235803675],[-75.6823823070446,4.83351013640978],[-75.6836195296057,4.83378322849217],[-75.6845543998789,4.83398958191282],[-75.6845501453495,4.83401549238407],[-75.6844310071759,4.83474105709841],[-75.684079369024,4.83479617099311],[-75.6838552306133,4.83489600060583],[-75.6838107737561,4.83491740194135],[-75.6838453623472,4.83457985311202],[-75.683139038734,4.83442027562726],[-75.683023756655,4.8343942311917],[-75.6822669172479,4.83421467170349],[-75.681184641208,4.83395014903116],[-75.6811234765193,4.83367497902276],[-75.6810586330351,4.8334896151837],[-75.6809689904814,4.8329791813204]]]},"properties":{"FID":115,"BARRIO":"BARRIO URBANIZACIÓN EL BOHIO","AÑO":"≥2000","Area_Ha":3.28979306224,"Shape_Leng":1028.41286719,"Shape_Area":32897.9306224,"CCInundaci":" ","CCMovMasa":" ","CCVendaval":" ","Shape__Area":33333.62158203125,"Shape__Length":1033.6762862442279}},{"type":"Feature","id":116,"geometry":{"type":"Polygon","coordinates":[[[-75.6853732334869,4.83465718256279],[-75.6850743316957,4.83464022541732],[-75.6844310071759,4.83474105709841],[-75.6845501453495,4.83401549238407],[-75.6845543998789,4.83398958191282],[-75.6854214152512,4.83418666241391],[-75.6861912661893,4.83436659844551],[-75.6861850046543,4.83440119204198],[-75.6861793870165,4.83443223200751],[-75.6864136251872,4.83447426115552],[-75.6863200537734,4.83499496272348],[-75.685715195349,4.83488125306823],[-75.6855795821461,4.83475022288323],[-75.6853732334869,4.83465718256279]]]},"properties":{"FID":116,"BARRIO":"BARRIO URBANIZACIÓN QUINTAS DE SAN RAFAEL","AÑO":"≥2000","Area_Ha":1.34315549772,"Shape_Leng":582.651296529,"Shape_Area":13431.5549772,"CCInundaci":" ","CCMovMasa":" ","CCVendaval":" ","Shape__Area":13609.4013671875,"Shape__Length":585.71504847718461}},{"type":"Feature","id":117,"geometry":{"type":"Polygon","coordinates":[[[-75.6824643224045,4.83484448824735],[-75.682443590287,4.83483557512537],[-75.6816652747525,4.83450083042102],[-75.6815031744755,4.83442934662269],[-75.6812535018627,4.83425994603351],[-75.681184641208,4.83395014903116],[-75.6822669172479,4.83421467170349],[-75.6827304986454,4.83432797650494],[-75.683023756655,4.8343942311917],[-75.683139038734,4.83442027562726],[-75.6838453623472,4.83457985311202],[-75.6838107737561,4.83491740194135],[-75.6836652422208,4.83498949129144],[-75.6832844549011,4.83514669839225],[-75.6831431288956,4.83515185547088],[-75.6824643224045,4.83484448824735]]]},"properties":{"FID":117,"BARRIO":"BARRIO URBANIZACIÓN QUINTAS DE SAN SEBASTIAN","AÑO":"≥2000","Area_Ha":1.71401344471,"Shape_Leng":687.581471887,"Shape_Area":17140.1344471,"CCInundaci":" ","CCMovMasa":" ","CCVendaval":" ","Shape__Area":17367.1708984375,"Shape__Length":690.75346007474866}},{"type":"Feature","id":118,"geometry":{"type":"Polygon","coordinates":[[[-75.6646708661565,4.8336529727746],[-75.6651949347063,4.8333866467877],[-75.6652235268871,4.83337210824667],[-75.6652143432584,4.83335393485465],[-75.6661422308735,4.83288211402845],[-75.6661838526132,4.83286094989094],[-75.6662113433193,4.83291321370638],[-75.6662401966425,4.83289794273531],[-75.6663522848597,4.8328386149537],[-75.6663364259047,4.83280852346532],[-75.6666982830313,4.83261943427372],[-75.6669419633931,4.8324955360924],[-75.6670474041298,4.8327042093252],[-75.6670107518884,4.83311097546748],[-75.6669479343729,4.83380812804524],[-75.6669197512665,4.8341899758374],[-75.6669562179712,4.8342616540795],[-75.6667236010233,4.83438073653057],[-75.66620442297,4.83468519753735],[-75.6654848667154,4.83507034321595],[-75.6654051286793,4.83511678027672],[-75.6646708661565,4.8336529727746]]]},"properties":{"FID":118,"BARRIO":"BARRIO URBANIZACIÓN MOLINOS","AÑO":"≥2000","Area_Ha":4.33782118624,"Shape_Leng":872.599656863,"Shape_Area":43378.2118624,"CCInundaci":" ","CCMovMasa":" ","CCVendaval":" ","Shape__Area":43953.87744140625,"Shape__Length":878.46947932123214}},{"type":"Feature","id":119,"geometry":{"type":"Polygon","coordinates":[[[-75.6634750211457,4.83497343860586],[-75.663524558138,4.83489997613849],[-75.663070493457,4.8346345383716],[-75.6630980219612,4.8345869380934],[-75.6632316449725,4.83435588846238],[-75.6640315812542,4.83447877620422],[-75.6644706450135,4.83481835070783],[-75.6642175493674,4.8352838090679],[-75.6634750211457,4.83497343860586]]]},"properties":{"FID":119,"BARRIO":"BARRIO URBANIZACIÓN RAFAEL GARCÍA HERREROS","AÑO":"≥2000","Area_Ha":0.868505860425,"Shape_Leng":402.968254458,"Shape_Area":8685.05860425,"CCInundaci":" ","CCMovMasa":" ","CCVendaval":" ","Shape__Area":8800.37255859375,"Shape__Length":405.16882096251379}},{"type":"Feature","id":120,"geometry":{"type":"Polygon","coordinates":[[[-75.6570321289582,4.83455241779149],[-75.657145707011,4.83416232360263],[-75.6575526806386,4.83428155575919],[-75.6582000931261,4.83431897823789],[-75.6586466293586,4.83442922251392],[-75.6588074601162,4.83457179275632],[-75.6582971502328,4.83500850453104],[-75.6582305190205,4.83512212739624],[-75.6581381298894,4.83527967490986],[-75.6580192943158,4.83548231873627],[-75.6579571748523,4.83545666209584],[-75.6578936318069,4.83543041706596],[-75.6577020909398,4.83535130489224],[-75.6575156540448,4.83527430077265],[-75.6570539305783,4.83508359424007],[-75.6570523312215,4.83504463267283],[-75.6570494172903,4.8349736380662],[-75.6570321289582,4.83455241779149]]]},"properties":{"FID":120,"BARRIO":"BARRIO URBANIZACIÓN PANORAMA COUNTRY III","AÑO":"≥2000","Area_Ha":1.75845982222,"Shape_Leng":548.664392852,"Shape_Area":17584.5982222,"CCInundaci":" ","CCMovMasa":" ","CCVendaval":" ","Shape__Area":17818.25,"Shape__Length":551.87490311694251}},{"type":"Feature","id":121,"geometry":{"type":"Polygon","coordinates":[[[-75.6838107737561,4.83491740194135],[-75.6838552306133,4.83489600060583],[-75.684079369024,4.83479617099311],[-75.6844310071759,4.83474105709841],[-75.6850743316957,4.83464022541732],[-75.6853732334869,4.83465718256279],[-75.6855795821461,4.83475022288323],[-75.685715195349,4.83488125306823],[-75.685709248051,4.83513184828482],[-75.6855949422689,4.83521333277702],[-75.6851708516637,4.83528328524778],[-75.6840996740602,4.83549900158732],[-75.6838829439943,4.83559501854231],[-75.6838452727441,4.83560274013765],[-75.6838108304675,4.83491852905924],[-75.6838107737561,4.83491740194135]]]},"properties":{"FID":121,"BARRIO":"BARRIO URBANIZACIÓN EL POBLADO","AÑO":"≥2000","Area_Ha":1.47812946757,"Shape_Leng":542.301837338,"Shape_Area":14781.2946757,"CCInundaci":" ","CCMovMasa":" ","CCVendaval":" ","Shape__Area":14977.05224609375,"Shape__Length":545.01511099161314}},{"type":"Feature","id":122,"geometry":{"type":"Polygon","coordinates":[[[-75.6582971502328,4.83500850453104],[-75.6588074601162,4.83457179275632],[-75.6590595409399,4.8347952535838],[-75.6595851749926,4.8350127489236],[-75.6597125473821,4.83501301529938],[-75.6598099706784,4.83501321937883],[-75.6601427344078,4.83501391565291],[-75.6606350908246,4.8352605799576],[-75.6598745614798,4.83609298260827],[-75.6597268020721,4.83602084312431],[-75.6595085983563,4.83589167817682],[-75.6594381878108,4.83584999906215],[-75.6594267243258,4.8358432130007],[-75.6592996757418,4.8357543970603],[-75.6591623160721,4.83572520828738],[-75.658649753287,4.83561629002026],[-75.6580192943158,4.83548231873627],[-75.6581381298894,4.83527967490986],[-75.6582305190205,4.83512212739624],[-75.6582971502328,4.83500850453104]]]},"properties":{"FID":122,"BARRIO":"BARRIO URBANIZACIÓN ALTOS DE LOS ROBLES","AÑO":"≥2000","Area_Ha":2.37844299304,"Shape_Leng":702.770283567,"Shape_Area":23784.4299304,"CCInundaci":" ","CCMovMasa":" ","CCVendaval":" ","Shape__Area":24100.439453125,"Shape__Length":706.46369154419745}},{"type":"Feature","id":123,"geometry":{"type":"Polygon","coordinates":[[[-75.6618180070558,4.83580575032185],[-75.6617573521133,4.83564882790866],[-75.6616276242013,4.83555819959679],[-75.6613842829427,4.83527864703426],[-75.6610920949971,4.83553847689979],[-75.6607857551965,4.83533606012323],[-75.6606350908246,4.8352605799576],[-75.6601427344078,4.83501391565291],[-75.6598099706784,4.83501321937883],[-75.6597125473821,4.83501301529938],[-75.6595851749926,4.8350127489236],[-75.6590595409399,4.8347952535838],[-75.6588074601162,4.83457179275632],[-75.6586466293586,4.83442922251392],[-75.6582000931261,4.83431897823789],[-75.6575526806386,4.83428155575919],[-75.657145707011,4.83416232360263],[-75.6567932434795,4.83405906184905],[-75.6566363942004,4.83380627165646],[-75.6569656572989,4.83331556630279],[-75.6575328274896,4.83301921269427],[-75.6581698660204,4.83278155675018],[-75.6587727998267,4.83258445671312],[-75.6595914410522,4.83244641455024],[-75.6600092810901,4.83260507602332],[-75.6602153570449,4.83297212664735],[-75.6602601535195,4.83305191494038],[-75.660878110383,4.83351665045701],[-75.6619879618979,4.83416251311722],[-75.661941242665,4.83424329457668],[-75.6624193573718,4.83452151455798],[-75.6623391594383,4.83471215425397],[-75.662182889004,4.83508362740828],[-75.6621793698841,4.83508393235057],[-75.662180778036,4.83508864510174],[-75.6622968729666,4.83547738992164],[-75.6623114988872,4.83552636498608],[-75.6623203131537,4.83555587770582],[-75.6622728861414,4.83561466171043],[-75.6621919544665,4.83575338060318],[-75.6620542405201,4.83567868170629],[-75.6618180070558,4.83580575032185]]]},"properties":{"FID":123,"BARRIO":"BARRIO URBANIZACIÓN PRIMAVERA AZUL","AÑO":"≥2000","Area_Ha":11.7688563922,"Shape_Leng":1646.70788027,"Shape_Area":117688.563922,"CCInundaci":" ","CCMovMasa":" ","CCVendaval":" ","Shape__Area":119251.693359375,"Shape__Length":1655.5600369233068}},{"type":"Feature","id":124,"geometry":{"type":"Polygon","coordinates":[[[-75.6816652747525,4.83450083042102],[-75.6816769444619,4.83450597614448],[-75.682443590287,4.83483557512537],[-75.6826611016309,4.83577339480438],[-75.682004808754,4.83591714706722],[-75.6816652747525,4.83450083042102]]]},"properties":{"FID":124,"BARRIO":"BARRIO URBANIZACIÓN VILLA NAVARRA","AÑO":"≥2000","Area_Ha":1.00358071009,"Shape_Leng":436.140571694,"Shape_Area":10035.8071009,"CCInundaci":" ","CCMovMasa":" ","CCVendaval":" ","Shape__Area":10168.7646484375,"Shape__Length":439.38090622381196}},{"type":"Feature","id":125,"geometry":{"type":"Polygon","coordinates":[[[-75.6826611016309,4.83577339480438],[-75.682443590287,4.83483557512537],[-75.6831431288956,4.83515185547088],[-75.6832844549011,4.83514669839225],[-75.6836652422208,4.83498949129144],[-75.6838107737561,4.83491740194135],[-75.6838108304675,4.83491852905924],[-75.6838452727441,4.83560274013765],[-75.6827077239438,4.83592721587993],[-75.6826611016309,4.83577339480438]]]},"properties":{"FID":125,"BARRIO":"BARRIO URBANIZACIÓN ALTAMIRA","AÑO":"≥2000","Area_Ha":1.14298181095,"Shape_Leng":495.953067848,"Shape_Area":11429.8181095,"CCInundaci":" ","CCMovMasa":" ","CCVendaval":" ","Shape__Area":11581.2294921875,"Shape__Length":499.09265049954541}},{"type":"Feature","id":126,"geometry":{"type":"Polygon","coordinates":[[[-75.6916721840555,4.83554072034413],[-75.6912691792274,4.83551203794785],[-75.6913280563924,4.83473201304199],[-75.6911233719359,4.83487090840139],[-75.6905876480697,4.83407651205609],[-75.6908479632464,4.83380023697891],[-75.6910778263648,4.8334561552545],[-75.6913887917735,4.83314095179997],[-75.6917044150474,4.83288318327924],[-75.6919291619598,4.83270658145534],[-75.6921920255335,4.83256834016312],[-75.6923927356715,4.83247304170912],[-75.6926987715566,4.83223439452392],[-75.6929235368771,4.83204822060935],[-75.6931917037745,4.83244981372537],[-75.6940335402595,4.83369811776129],[-75.6939130172806,4.83377990343963],[-75.6940658781984,4.83400657017711],[-75.6939604428187,4.83407811823515],[-75.6943846228193,4.83470710451823],[-75.6936820411761,4.83518386510826],[-75.6938415684924,4.83542041889979],[-75.6930554156677,4.83595388951992],[-75.6928069957237,4.83558552510607],[-75.6924931645714,4.8357984851766],[-75.6924289446501,4.8357032579359],[-75.6919849694565,4.83600453013759],[-75.6916721840555,4.83554072034413]]]},"properties":{"FID":126,"BARRIO":"BARRIO CAMPESTRE C - LOS GUADUALES","AÑO":"1985","Area_Ha":10.7535361981,"Shape_Leng":1432.67769552,"Shape_Area":107535.361981,"CCInundaci":" ","CCMovMasa":" ","CCVendaval":" ","Shape__Area":108957.8544921875,"Shape__Length":1442.4135447042941}},{"type":"Feature","id":127,"geometry":{"type":"Polygon","coordinates":[[[-75.6638233092774,4.83588314524561],[-75.6632424858164,4.83571024352119],[-75.6630196133396,4.83558491441645],[-75.6628044760388,4.83548301149224],[-75.6625716521062,4.83541906171419],[-75.6622968729666,4.83547738992164],[-75.662180778036,4.83508864510174],[-75.6621793698841,4.83508393235057],[-75.662182889004,4.83508362740828],[-75.6625660386071,4.83505039121139],[-75.6628100982047,4.83509608099061],[-75.6627966578229,4.83518903586761],[-75.6629588546023,4.83522922533231],[-75.6632170106311,4.83530946323436],[-75.6634882354753,4.835476072181],[-75.6635176303134,4.83549252794611],[-75.6636398586094,4.83556095085082],[-75.6638157263709,4.83565940073217],[-75.6639512636132,4.83577923380113],[-75.6642128432052,4.83580634606503],[-75.6643699260247,4.83576372900778],[-75.6644968611779,4.83577649562773],[-75.6645158697502,4.83569219788232],[-75.6645237736848,4.8356571489986],[-75.6646677305177,4.83566753060519],[-75.6647054720135,4.83567410645214],[-75.6647699801154,4.83569455730004],[-75.6648187505649,4.83570880857673],[-75.6648464012292,4.83572335542727],[-75.6648536443149,4.83572581036584],[-75.6649137070602,4.83574616839621],[-75.6649341954474,4.83575311318564],[-75.6649099335921,4.83583236254134],[-75.6648468584593,4.8360383924107],[-75.6646972913132,4.83622180057448],[-75.6643918690476,4.83610527442158],[-75.6642109592318,4.83603625365248],[-75.6640898855504,4.83598955000183],[-75.6638233092774,4.83588314524561]]]},"properties":{"FID":127,"BARRIO":"BARRIO URBANIZACIÓN BARRO BLANCO","AÑO":"≥2000","Area_Ha":1.08614103184,"Shape_Leng":737.087598952,"Shape_Area":10861.4103184,"CCInundaci":" ","CCMovMasa":" ","CCVendaval":" ","Shape__Area":11005.65185546875,"Shape__Length":740.72165957610241}},{"type":"Feature","id":128,"geometry":{"type":"Polygon","coordinates":[[[-75.6621360551869,4.83634527397715],[-75.6617325241069,4.83605247526652],[-75.6618632297093,4.83600786134304],[-75.6620070509396,4.83593709201418],[-75.6621303862665,4.83584757527486],[-75.6621919544665,4.83575338060318],[-75.6622728861414,4.83561466171043],[-75.6623203131537,4.83555587770582],[-75.6623114988872,4.83552636498608],[-75.6622968729666,4.83547738992164],[-75.6625716521062,4.83541906171419],[-75.6628044760388,4.83548301149224],[-75.6625748439275,4.83578631964854],[-75.6623324741201,4.83610645365509],[-75.6621461300879,4.83635258345965],[-75.6621360551869,4.83634527397715]]]},"properties":{"FID":128,"BARRIO":"BARRIO URBANIZACIÓN VILLA TULA","AÑO":"≥2000","Area_Ha":0.452354152563,"Shape_Leng":333.018678171,"Shape_Area":4523.54152563,"CCInundaci":" ","CCMovMasa":" ","CCVendaval":" ","Shape__Area":4583.62841796875,"Shape__Length":335.08483376362631}},{"type":"Feature","id":129,"geometry":{"type":"Polygon","coordinates":[[[-75.6603574483102,4.83613652517746],[-75.6600640727931,4.83591263904918],[-75.6600793784261,4.83588182094602],[-75.6606350908246,4.8352605799576],[-75.6607857551965,4.83533606012323],[-75.6610920949971,4.83553847689979],[-75.6613674747779,4.83571179409885],[-75.6615208710495,4.83589548648701],[-75.6614128936337,4.83600707328058],[-75.661213811033,4.83611508734496],[-75.6611609055691,4.83633963516608],[-75.6610822228602,4.83653342151742],[-75.6610627750887,4.8367061165472],[-75.6608171462143,4.83686293580001],[-75.6603574483102,4.83613652517746]]]},"properties":{"FID":129,"BARRIO":"BARRIO URBANIZACIÓN PANORAMA COUNTRY I","AÑO":"≥2000","Area_Ha":1.40686414895,"Shape_Leng":496.685547667,"Shape_Area":14068.6414895,"CCInundaci":" ","CCMovMasa":" ","CCVendaval":" ","Shape__Area":14255.55712890625,"Shape__Length":500.09563030898158}},{"type":"Feature","id":130,"geometry":{"type":"Polygon","coordinates":[[[-75.6599801285145,4.83659859983129],[-75.659640954402,4.83647423449615],[-75.6597296239339,4.83623090878307],[-75.6598745614798,4.83609298260827],[-75.6600640727931,4.83591263904918],[-75.6603574483102,4.83613652517746],[-75.6608171462143,4.83686293580001],[-75.66060936683,4.83709134618411],[-75.6599801285145,4.83659859983129]]]},"properties":{"FID":130,"BARRIO":"BARRIO URBANIZACIÓN PUERTO NUEVO","AÑO":"≥2000","Area_Ha":0.766406149171,"Shape_Leng":378.727581427,"Shape_Area":7664.06149171,"CCInundaci":" ","CCMovMasa":" ","CCVendaval":" ","Shape__Area":7765.90380859375,"Shape__Length":381.23881698770043}},{"type":"Feature","id":131,"geometry":{"type":"Polygon","coordinates":[[[-75.662797583408,4.83686462179618],[-75.6626105967676,4.83671692526133],[-75.6621461300879,4.83635258345965],[-75.6623324741201,4.83610645365509],[-75.6625748439275,4.83578631964854],[-75.6628044760388,4.83548301149224],[-75.6630196133396,4.83558491441645],[-75.6632424858164,4.83571024352119],[-75.6638233092774,4.83588314524561],[-75.6640898855504,4.83598955000183],[-75.6641188367631,4.83600110566255],[-75.6642109592318,4.83603625365248],[-75.6643918690476,4.83610527442158],[-75.6646972913132,4.83622180057448],[-75.6648468584593,4.8360383924107],[-75.6649099335921,4.83583236254134],[-75.6649341954474,4.83575311318564],[-75.664971777674,4.83578717118281],[-75.6650049205692,4.83584387249812],[-75.6650337386078,4.83591792071139],[-75.6650436357861,4.83598715877687],[-75.6650522407499,4.83607464309615],[-75.6650564317261,4.83618064903877],[-75.6650732880768,4.83622284375444],[-75.6651042437695,4.83625653454698],[-75.6651569060167,4.83628118519393],[-75.6652164886096,4.83629766936147],[-75.6652496991195,4.83632165072901],[-75.6652847483406,4.83636640009219],[-75.6653381187468,4.83644926469824],[-75.6653495202049,4.8364694462823],[-75.6653843870873,4.83653116279289],[-75.6654413096446,4.83665555210751],[-75.6654495111018,4.83667789703834],[-75.6653950519496,4.83671065662738],[-75.6653104203246,4.83676156734291],[-75.6650944566591,4.83692261029554],[-75.6648724753637,4.83685312143829],[-75.6647089924004,4.83697908188881],[-75.6642824990493,4.83747466661681],[-75.6642356312261,4.83752912623431],[-75.664068824056,4.83773432238689],[-75.6640590039656,4.83776428084812],[-75.6640474492802,4.83778303491182],[-75.6640169263542,4.83783257630705],[-75.6634917496405,4.83741157829706],[-75.6629659201946,4.83699775398578],[-75.662797583408,4.83686462179618]]]},"properties":{"FID":131,"BARRIO":"BARRIO URBANIZACIÓN EL MARTILLO (NUEVA GRANADA)","AÑO":"≥2000","Area_Ha":4.64999180212,"Shape_Leng":1013.0760448,"Shape_Area":46499.9180212,"CCInundaci":" ","CCMovMasa":" ","CCVendaval":" ","Shape__Area":47117.56689453125,"Shape__Length":1019.3640134598925}},{"type":"Feature","id":132,"geometry":{"type":"Polygon","coordinates":[[[-75.681801731643,4.83738586334548],[-75.6830531707842,4.83706695524586],[-75.683236386484,4.83758984142376],[-75.6819288603095,4.83788630096918],[-75.681801731643,4.83738586334548]]]},"properties":{"FID":132,"BARRIO":"BARRIO URBANIZACIÓN NUEVO ATARDECER","AÑO":"≥2000","Area_Ha":0.862108970901,"Shape_Leng":410.44188564,"Shape_Area":8621.08970901,"CCInundaci":" ","CCMovMasa":"Mov. en masa","CCVendaval":" ","Shape__Area":8735.357421875,"Shape__Length":412.61144792165078}},{"type":"Feature","id":133,"geometry":{"type":"Polygon","coordinates":[[[-75.6668743914797,4.83765057324959],[-75.6668534097704,4.8376048926028],[-75.6668324280723,4.83755921376186],[-75.6668129153946,4.83750915349838],[-75.6667748575808,4.83744644171156],[-75.666735195706,4.83738285207163],[-75.6666932839728,4.83732263076257],[-75.6666371926123,4.8372649008389],[-75.6665968777459,4.837245146923],[-75.6665402721304,4.83724390354918],[-75.6664741180784,4.83725219670774],[-75.6664225115694,4.83727232089456],[-75.6663770025839,4.83729465046198],[-75.6663484921855,4.83730776582033],[-75.6663263361205,4.83731570664009],[-75.6663041800547,4.83732364745938],[-75.666276893773,4.83733589642804],[-75.6662583009042,4.83735801509065],[-75.6662473341488,4.8373832733346],[-75.6662410532393,4.83740812437559],[-75.6662402498185,4.83744416504542],[-75.6662463677788,4.83748865217216],[-75.6662621127555,4.83758971249379],[-75.666255979018,4.83760173981691],[-75.6662430163,4.83761303825126],[-75.6662227257151,4.83761864829915],[-75.6662007956006,4.8376198484887],[-75.6661790365347,4.83761409399992],[-75.6661483120893,4.83759576323699],[-75.6661174257839,4.8375759142941],[-75.6660865385715,4.83755606354425],[-75.6660425593068,4.83752943873441],[-75.6659742611791,4.8374935472991],[-75.6659254021638,4.83745002679438],[-75.6658539896646,4.83738821111761],[-75.6658217115305,4.8373639106325],[-75.6657894532789,4.83733962362716],[-75.6657164376977,4.83728638740883],[-75.665647547338,4.83721891411259],[-75.6656131652206,4.83715465805171],[-75.6656037437495,4.8371026856546],[-75.6655713130491,4.837005083891],[-75.66554878998,4.8369432012775],[-75.6655262669141,4.83688131775688],[-75.665499389091,4.8368109414908],[-75.6654496342785,4.83667782151658],[-75.6654495111018,4.83667789703834],[-75.6654413096446,4.83665555210751],[-75.6653843870873,4.83653116279289],[-75.6653495202049,4.8364694462823],[-75.6653381187468,4.83644926469824],[-75.6652847483406,4.83636640009219],[-75.6652496991195,4.83632165072901],[-75.6652164886096,4.83629766936147],[-75.6651569060167,4.83628118519393],[-75.6651042437695,4.83625653454698],[-75.6650732880768,4.83622284375444],[-75.6650564317261,4.83618064903877],[-75.6650522407499,4.83607464309615],[-75.6650436357861,4.83598715877687],[-75.6650337386078,4.83591792071139],[-75.6650049205692,4.83584387249812],[-75.664971777674,4.83578717118281],[-75.6649341954474,4.83575311318564],[-75.6649137070602,4.83574616839621],[-75.6648536443149,4.83572581036584],[-75.6648464012292,4.83572335542727],[-75.6648187505649,4.83570880857673],[-75.6648547313363,4.83562629917246],[-75.6649643401653,4.83543801815955],[-75.6650290074835,4.83533582030157],[-75.6654051286793,4.83511678027672],[-75.6654848667154,4.83507034321595],[-75.66620442297,4.83468519753735],[-75.6667236010233,4.83438073653057],[-75.6669562179712,4.8342616540795],[-75.6671303165536,4.83417252830508],[-75.6672910336561,4.83412126463579],[-75.6673013610429,4.83417927701092],[-75.6673513310172,4.8344599730866],[-75.6672685172915,4.83447509231469],[-75.6672876624615,4.83469794082753],[-75.6670845364819,4.83472702604061],[-75.6667333589167,4.83494036773161],[-75.6666481769172,4.83504722632905],[-75.6674518600042,4.83556976939703],[-75.6683166384634,4.83611882644708],[-75.6691561087791,4.83667773344145],[-75.668847177414,4.83685616701047],[-75.6685584093516,4.83711665080904],[-75.668232392649,4.83741268967138],[-75.6679731405346,4.83765576433859],[-75.6679033293938,4.83770665669166],[-75.6677583482606,4.83783491337282],[-75.6677361661153,4.8378550545712],[-75.667678158476,4.83778763726925],[-75.6676259536725,4.83771414352725],[-75.6675849391666,4.83767454301322],[-75.6675358135802,4.83764604462465],[-75.6674795502243,4.83762955762069],[-75.667410286978,4.83763788031665],[-75.6673646235409,4.83766770427334],[-75.6673223108897,4.83771108309307],[-75.6672734163437,4.8377539996628],[-75.6672109071447,4.83778281508501],[-75.6671360249921,4.83781219728949],[-75.6670776468118,4.83783747693526],[-75.667016327172,4.83786097994719],[-75.6669821724982,4.8378532284619],[-75.6669521708171,4.83783189886342],[-75.6669194818827,4.83779959828234],[-75.6669061291282,4.83775180101755],[-75.6668989286787,4.83771075902522],[-75.6668743914797,4.83765057324959]]]},"properties":{"FID":133,"BARRIO":"BARRIO SAN FERNANDO","AÑO":"1890","Area_Ha":9.67921259459,"Shape_Leng":1561.46125128,"Shape_Area":96792.1259459,"CCInundaci":"Inundación","CCMovMasa":" ","CCVendaval":" ","Shape__Area":98077.21923828125,"Shape__Length":1570.9901631031166}},{"type":"Feature","id":134,"geometry":{"type":"Polygon","coordinates":[[[-75.6586427168639,4.83756047802788],[-75.6580743073793,4.8375106664262],[-75.6579931686067,4.8375035563938],[-75.6581715570882,4.83627093955942],[-75.6587957066611,4.83614156008583],[-75.6591073613749,4.83627858158808],[-75.65911118549,4.83627998323251],[-75.6591658468105,4.83630002584266],[-75.659640954402,4.83647423449615],[-75.6599801285145,4.83659859983129],[-75.66060936683,4.83709134618411],[-75.6604588722496,4.83724980933934],[-75.6603605443286,4.83747653741169],[-75.6602781394408,4.83753680597656],[-75.6602447676988,4.83752531815379],[-75.6599323793205,4.83774058060948],[-75.6596483723871,4.83794453830563],[-75.6590815293435,4.83778993723178],[-75.6589231498137,4.83758505264614],[-75.6586427168639,4.83756047802788]]]},"properties":{"FID":134,"BARRIO":"BARRIO URBANIZACIÓN EL ENSUEÑO","AÑO":"≥2000","Area_Ha":3.69887738301,"Shape_Leng":782.956596808,"Shape_Area":36988.7738301,"CCInundaci":" ","CCMovMasa":" ","CCVendaval":" ","Shape__Area":37480.4169921875,"Shape__Length":787.3968474606437}},{"type":"Feature","id":135,"geometry":{"type":"Polygon","coordinates":[[[-75.6617076384014,4.83909930294167],[-75.6606672385134,4.83800761202316],[-75.6605979267868,4.83778727923985],[-75.6603605443286,4.83747653741169],[-75.6604588722496,4.83724980933934],[-75.66060936683,4.83709134618411],[-75.6611072218788,4.83769896262876],[-75.6614779464608,4.83752499483367],[-75.6617284677688,4.83777807399208],[-75.6622249867696,4.83827966141298],[-75.6621897504611,4.83859462340203],[-75.662244976141,4.83881265874913],[-75.6621056709567,4.83906165506626],[-75.6620278057018,4.83916958881999],[-75.6617076384014,4.83909930294167]]]},"properties":{"FID":135,"BARRIO":"BARRIO URBANIZACIÓN COUNTRY II","AÑO":"≥2000","Area_Ha":2.14030973205,"Shape_Leng":680.150983377,"Shape_Area":21403.0973205,"CCInundaci":" ","CCMovMasa":" ","CCVendaval":" ","Shape__Area":21687.5703125,"Shape__Length":684.97228679541161}},{"type":"Feature","id":136,"geometry":{"type":"Polygon","coordinates":[[[-75.6654260341326,4.83833631608446],[-75.6654100533845,4.83831431099332],[-75.6649353221759,4.83855633815514],[-75.6640590039656,4.83776428084812],[-75.664068824056,4.83773432238689],[-75.6642824990493,4.83747466661681],[-75.6647089924004,4.83697908188881],[-75.6648724753637,4.83685312143829],[-75.6650944566591,4.83692261029554],[-75.6653104203246,4.83676156734291],[-75.6653950519496,4.83671065662738],[-75.6654495111018,4.83667789703834],[-75.665472511277,4.83674056522045],[-75.665499389091,4.8368109414908],[-75.66554878998,4.8369432012775],[-75.6656037437495,4.8371026856546],[-75.6656131652206,4.83715465805171],[-75.665647547338,4.83721891411259],[-75.6657164376977,4.83728638740883],[-75.6658217115305,4.8373639106325],[-75.6658539896646,4.83738821111761],[-75.6659254021638,4.83745002679438],[-75.6659742611791,4.8374935472991],[-75.6660425593068,4.83752943873441],[-75.6661174257839,4.8375759142941],[-75.6661483120893,4.83759576323699],[-75.6661790365347,4.83761409399992],[-75.6662007956006,4.8376198484887],[-75.6662227257151,4.83761864829915],[-75.6662430163,4.83761303825126],[-75.666255979018,4.83760173981691],[-75.6662621127555,4.83758971249379],[-75.6662586729334,4.83756031798761],[-75.6662537270764,4.83753137511408],[-75.6662463677788,4.83748865217216],[-75.6662402498185,4.83744416504542],[-75.6662410532393,4.83740812437559],[-75.6662473341488,4.8373832733346],[-75.6662583009042,4.83735801509065],[-75.666276893773,4.83733589642804],[-75.6663041800547,4.83732364745938],[-75.6663263361205,4.83731570664009],[-75.6663484921855,4.83730776582033],[-75.6663770025839,4.83729465046198],[-75.6664225115694,4.83727232089456],[-75.6664741180784,4.83725219670774],[-75.6665402721304,4.83724390354918],[-75.6665968777459,4.837245146923],[-75.6666371926123,4.8372649008389],[-75.6666932839728,4.83732263076257],[-75.666735195706,4.83738285207163],[-75.6667748575808,4.83744644171156],[-75.6668129153946,4.83750915349838],[-75.6668324280723,4.83755921376186],[-75.6668534097704,4.8376048926028],[-75.6668743914797,4.83765057324959],[-75.6668989286787,4.83771075902522],[-75.6669061291282,4.83775180101755],[-75.6669194818827,4.83779959828234],[-75.6669521708171,4.83783189886342],[-75.6669821724982,4.8378532284619],[-75.667016327172,4.83786097994719],[-75.6670776468118,4.83783747693526],[-75.6671360249921,4.83781219728949],[-75.6672109071447,4.83778281508501],[-75.6672734163437,4.8377539996628],[-75.6673223108897,4.83771108309307],[-75.6673646235409,4.83766770427334],[-75.667410286978,4.83763788031665],[-75.6674795502243,4.83762955762069],[-75.6675358135802,4.83764604462465],[-75.6675849391666,4.83767454301322],[-75.6676259536725,4.83771414352725],[-75.667678158476,4.83778763726925],[-75.6677361661153,4.8378550545712],[-75.6676853672133,4.83790118264167],[-75.6675164220936,4.83805511403468],[-75.6673032593751,4.83825390899963],[-75.6670973931057,4.83843475500906],[-75.6669165288575,4.83859911645916],[-75.6667609829174,4.8387444390518],[-75.6666054378094,4.83888976164125],[-75.6665165035741,4.83896437674283],[-75.6664275693173,4.83903899184331],[-75.6662821414886,4.83918773619354],[-75.6662430366801,4.8392229342411],[-75.6662063864595,4.8392536475355],[-75.6658700833596,4.83890111854828],[-75.6656228603811,4.83860733650162],[-75.6654260341326,4.83833631608446]]]},"properties":{"FID":136,"BARRIO":"BARRIO URBANIZACIÓN MODELO","AÑO":"≥2000","Area_Ha":5.24993255459,"Shape_Leng":1164.53247428,"Shape_Area":52499.3255459,"CCInundaci":" ","CCMovMasa":" ","CCVendaval":" ","Shape__Area":53196.69677734375,"Shape__Length":1172.0371854429679}},{"type":"Feature","id":137,"geometry":{"type":"Polygon","coordinates":[[[-75.6723029123724,4.83366819071351],[-75.6723112872944,4.83366349728303],[-75.6724251304419,4.83394120058073],[-75.6729383206432,4.83484641500367],[-75.6734157000573,4.83577308268022],[-75.6742337434125,4.83729703706667],[-75.6735890291408,4.83798430522249],[-75.674160220655,4.83851649794846],[-75.67368191268,4.83903696711653],[-75.6735802889062,4.83914754902551],[-75.6733280789261,4.83889319085435],[-75.6732549445369,4.83881943346701],[-75.6727469670588,4.83826432457558],[-75.672169489036,4.83760186453861],[-75.6716360802518,4.83703576690179],[-75.6714452608174,4.83688140445674],[-75.6718835727794,4.83638702282496],[-75.670603310423,4.83528352420507],[-75.6706517631502,4.83520249716593],[-75.6708218517311,4.83503509356397],[-75.6710704285349,4.83488934977734],[-75.6713517443535,4.83470874761876],[-75.6720212122279,4.83399516231681],[-75.6722380527128,4.83374324698144],[-75.6723029123724,4.83366819071351]]]},"properties":{"FID":137,"BARRIO":"BARRIO URBANIZACIÓN GUADALUPE","AÑO":"≥2000","Area_Ha":10.6445409676,"Shape_Leng":1609.935075,"Shape_Area":106445.409676,"CCInundaci":"Inundación","CCMovMasa":" ","CCVendaval":"Vendaval","Shape__Area":107857.68798828125,"Shape__Length":1621.4305154413705}},{"type":"Feature","id":138,"geometry":{"type":"Polygon","coordinates":[[[-75.6715662401172,4.84002245591495],[-75.6715318339311,4.8400174567743],[-75.6714973861446,4.84003216976158],[-75.6714670177903,4.8400559261502],[-75.6714390557018,4.84010514924295],[-75.6713980066624,4.84014202583892],[-75.6713520191324,4.84018956896752],[-75.6712909534904,4.84022561332477],[-75.6712008944976,4.84018682256848],[-75.6711075714782,4.8401414541367],[-75.6710191531754,4.84010184412193],[-75.6709655188516,4.84009092700279],[-75.6708958676683,4.84008996074798],[-75.6707762305116,4.84008888988663],[-75.6707074604591,4.84004742306553],[-75.670696596228,4.84004087179285],[-75.6705234767318,4.83992129625077],[-75.6703645230653,4.83977548241841],[-75.6701630890573,4.83970030083509],[-75.6700152260905,4.83965275983247],[-75.6699489889639,4.83963573392812],[-75.6699097180483,4.839614259423],[-75.6698256991758,4.83950487229745],[-75.6696956265975,4.83939539023535],[-75.6695880189811,4.83928595328404],[-75.6695026061439,4.83918626574],[-75.6694364553588,4.83912758149668],[-75.6693612758645,4.83908914480313],[-75.6692767502193,4.8390649304852],[-75.6692498263113,4.83904798623682],[-75.6691847985287,4.83898930384733],[-75.6691130470715,4.83892272754732],[-75.6690704983091,4.83885733606872],[-75.6690189809145,4.83878291952497],[-75.6689490109833,4.83873948809377],[-75.6688333541635,4.83872010750862],[-75.6686817765544,4.8386893915946],[-75.6685347293043,4.83864067340815],[-75.6683708770494,4.83857052663433],[-75.6683058982231,4.83851902209709],[-75.6682560570838,4.83847951704986],[-75.6681977803605,4.83841521899844],[-75.668176568073,4.83835212545351],[-75.6681755474892,4.83830258363708],[-75.6681643779594,4.8382721601128],[-75.6681385995536,4.83824508494829],[-75.6680690632317,4.83819314901459],[-75.6679981409093,4.83811801233607],[-75.6679399065186,4.83803344875943],[-75.6678547276144,4.83794207355628],[-75.6677583482606,4.83783491337282],[-75.6679033293938,4.83770665669166],[-75.6679731405346,4.83765576433859],[-75.668232392649,4.83741268967138],[-75.6685584093516,4.83711665080904],[-75.668847177414,4.83685616701047],[-75.6691561087791,4.83667773344145],[-75.6693196307976,4.83652048292743],[-75.6696022056371,4.83626755971616],[-75.6698893111777,4.83601058022427],[-75.6700308817542,4.83588386571907],[-75.6702318858758,4.83610471261874],[-75.6705977067902,4.83650578953102],[-75.6706249989346,4.83653669360793],[-75.671159570871,4.83714202584825],[-75.6713624597371,4.83695694029509],[-75.6714452608174,4.83688140445674],[-75.6716360802518,4.83703576690179],[-75.672169489036,4.83760186453861],[-75.6727469670588,4.83826432457558],[-75.6732549445369,4.83881943346701],[-75.6733280789261,4.83889319085435],[-75.6735802889062,4.83914754902551],[-75.673696747932,4.83926499878701],[-75.6732918324736,4.83928227959059],[-75.6730452202522,4.8392457792208],[-75.6728350291815,4.8393448547326],[-75.6727599301141,4.83952432182865],[-75.6727492526362,4.83965669188459],[-75.6727835741896,4.83989860169088],[-75.6727493414704,4.83999331793946],[-75.6727154332681,4.84008713337757],[-75.6727084406872,4.84010648149733],[-75.6726909222215,4.84015495093719],[-75.672640766937,4.84029372127055],[-75.6725171551143,4.84027100987858],[-75.6724737565542,4.84025531432316],[-75.6723984814011,4.84020012642538],[-75.6722073652576,4.84012227228466],[-75.6720861875076,4.84007356057375],[-75.6719862563548,4.84005363943844],[-75.6718756467195,4.84004601760559],[-75.6717404437947,4.84004327351591],[-75.6716424180438,4.8400373991982],[-75.6715662401172,4.84002245591495]]]},"properties":{"FID":138,"BARRIO":"BARRIO BUENOS AIRES","AÑO":"1960","Area_Ha":16.0153963728,"Shape_Leng":1792.85187166,"Shape_Area":160153.963728,"CCInundaci":"Inundación","CCMovMasa":" ","CCVendaval":" ","Shape__Area":162280.2490234375,"Shape__Length":1803.7873476456703}},{"type":"Feature","id":139,"geometry":{"type":"Polygon","coordinates":[[[-75.6615406131233,4.83984491085223],[-75.6620278057018,4.83916958881999],[-75.6621056709567,4.83906165506626],[-75.662765279851,4.83965708557586],[-75.6626538393071,4.83982821327749],[-75.662313260557,4.84035120049281],[-75.6615406131233,4.83984491085223]]]},"properties":{"FID":139,"BARRIO":"BARRIO URBANIZACIÓN EL MIRADOR","AÑO":"≥2000","Area_Ha":0.993057803264,"Shape_Leng":399.512334498,"Shape_Area":9930.57803264,"CCInundaci":" ","CCMovMasa":" ","CCVendaval":" ","Shape__Area":10062.60205078125,"Shape__Length":402.22657697660532}},{"type":"Feature","id":140,"geometry":{"type":"Polygon","coordinates":[[[-75.6751608184403,4.83884101959785],[-75.6757100718476,4.8381055803612],[-75.6758081832587,4.83817147192862],[-75.6764151940617,4.83857913916042],[-75.6770071605101,4.83901514541622],[-75.6774126485412,4.83931661687834],[-75.6781763774053,4.83988544052334],[-75.6778197800021,4.8402923403559],[-75.6774338113252,4.84049903293961],[-75.6771754653307,4.84056276574685],[-75.6752382690355,4.83890720987625],[-75.6751608184403,4.83884101959785]]]},"properties":{"FID":140,"BARRIO":"BARRIO URBANIZACIÓN BALCONES DE SEGOVIA","AÑO":"≥2000","Area_Ha":3.78436609943,"Shape_Leng":870.501897627,"Shape_Area":37843.6609943,"CCInundaci":" ","CCMovMasa":" ","CCVendaval":" ","Shape__Area":38345.8173828125,"Shape__Length":875.69499803270219}},{"type":"Feature","id":141,"geometry":{"type":"Polygon","coordinates":[[[-75.6757100718476,4.8381055803612],[-75.676206622754,4.83752334649588],[-75.676405481881,4.83723898161851],[-75.6767644519871,4.83672566064977],[-75.6773162076738,4.83594382534007],[-75.6773617714033,4.83587876430702],[-75.6778744015916,4.8362462512263],[-75.6780894992164,4.83600750194185],[-75.6791231094721,4.83488542611342],[-75.6794379890108,4.833885351149],[-75.6797890045088,4.83380541525476],[-75.6798577969654,4.8337897498762],[-75.6799652378944,4.8337632068696],[-75.6799652865181,4.83376319582866],[-75.6805703434908,4.83361371957596],[-75.6810586330351,4.8334896151837],[-75.6811234765193,4.83367497902276],[-75.681184641208,4.83395014903116],[-75.6812535018627,4.83425994603351],[-75.6815031744755,4.83442934662269],[-75.6816652747525,4.83450083042102],[-75.682004808754,4.83591714706722],[-75.6826611016309,4.83577339480438],[-75.6827077239438,4.83592721587993],[-75.6830531707842,4.83706695524586],[-75.681801731643,4.83738586334548],[-75.6810113109761,4.83818649967669],[-75.6807279539835,4.83806696280828],[-75.6805897006602,4.83804404502998],[-75.6805378936559,4.83808076104505],[-75.6803946676219,4.83818226691855],[-75.6803497063689,4.83819651829062],[-75.6800916098118,4.83827832791151],[-75.6797809612561,4.83836538835294],[-75.6795917296656,4.8384272368032],[-75.6794043286564,4.83851226858376],[-75.679141819044,4.83852304276089],[-75.6789553689518,4.83860470040869],[-75.6789395812915,4.83862084501055],[-75.6788394048339,4.83872328143562],[-75.6787543358962,4.83891548239814],[-75.6786259913044,4.839236345172],[-75.6784643976101,4.83958398642772],[-75.6784236325955,4.83969609423525],[-75.6783818279736,4.83981106295416],[-75.678477529832,4.83993856790958],[-75.6784548103927,4.8400064189481],[-75.6784530641145,4.84000833973128],[-75.6783753592443,4.84009381863361],[-75.6783161957782,4.840158902036],[-75.6780221617115,4.84040159251898],[-75.6776254272741,4.84063636779704],[-75.6773119379312,4.8407319082356],[-75.6771754653307,4.84056276574685],[-75.6774338113252,4.84049903293961],[-75.6778197800021,4.8402923403559],[-75.6781763774053,4.83988544052334],[-75.6776742962773,4.83950883254903],[-75.6774126485412,4.83931661687834],[-75.6768378563328,4.83888851161204],[-75.6765037631699,4.83863862242361],[-75.6764151940617,4.83857913916042],[-75.6758081832587,4.83817147192862],[-75.6757100718476,4.8381055803612]]]},"properties":{"FID":141,"BARRIO":"BARRIO SANTA ISABEL","AÑO":"1962 - 1965","Area_Ha":27.3607320899,"Shape_Leng":2747.39869665,"Shape_Area":273607.320899,"CCInundaci":" ","CCMovMasa":" ","CCVendaval":"Vendaval","Shape__Area":277234.68212890625,"Shape__Length":2765.0712411946092}},{"type":"Feature","id":142,"geometry":{"type":"Polygon","coordinates":[[[-75.6646896720889,4.84050445147247],[-75.6620922524025,4.83732467662872],[-75.6618293350994,4.83762311740679],[-75.6617284677688,4.83777807399208],[-75.6614779464608,4.83752499483367],[-75.6611072218788,4.83769896262876],[-75.66060936683,4.83709134618411],[-75.6608171462143,4.83686293580001],[-75.6610627750887,4.8367061165472],[-75.6610822228602,4.83653342151742],[-75.6611609055691,4.83633963516608],[-75.661213811033,4.83611508734496],[-75.6614128936337,4.83600707328058],[-75.6615208710495,4.83589548648701],[-75.6613674747779,4.83571179409885],[-75.6610920949971,4.83553847689979],[-75.6613842829427,4.83527864703426],[-75.6616276242013,4.83555819959679],[-75.6617573521133,4.83564882790866],[-75.6618180070558,4.83580575032185],[-75.6620542405201,4.83567868170629],[-75.6621919544665,4.83575338060318],[-75.6621303862665,4.83584757527486],[-75.6620070509396,4.83593709201418],[-75.6618632297093,4.83600786134304],[-75.6617325241069,4.83605247526652],[-75.6621360551869,4.83634527397715],[-75.6621461300879,4.83635258345965],[-75.6629659201946,4.83699775398578],[-75.6634917496405,4.83741157829706],[-75.6640169263542,4.83783257630705],[-75.6640474492802,4.83778303491182],[-75.6640590039656,4.83776428084812],[-75.6649353221759,4.83855633815514],[-75.6654100533845,4.83831431099332],[-75.6654260341326,4.83833631608446],[-75.6656228603811,4.83860733650162],[-75.6658700833596,4.83890111854828],[-75.6662063864595,4.8392536475355],[-75.666119682287,4.83932630469986],[-75.6659459202952,4.8394747665364],[-75.6656753224815,4.839701079479],[-75.6656527131629,4.83972056962923],[-75.6652485602167,4.8400689592645],[-75.6652468877145,4.84007040149707],[-75.6646896720889,4.84050445147247]]]},"properties":{"FID":142,"BARRIO":"BARRIO SAN DIEGO","AÑO":"1890","Area_Ha":9.95539906255,"Shape_Leng":2034.85731447,"Shape_Area":99553.9906255,"CCInundaci":"Inundación","CCMovMasa":" ","CCVendaval":" ","Shape__Area":100876.74609375,"Shape__Length":2048.1148640700308}},{"type":"Feature","id":143,"geometry":{"type":"Polygon","coordinates":[[[-75.6906008707392,4.83917184273168],[-75.6905955203381,4.83917008757284],[-75.6904220236656,4.83920671576168],[-75.6903402652703,4.83914549570921],[-75.6899613678344,4.83854425669007],[-75.6894959707512,4.83805909689566],[-75.68937589787,4.83793392432107],[-75.6896312113542,4.83776711154307],[-75.6896609971072,4.83774765034001],[-75.6896856556799,4.8376316626211],[-75.6898183443255,4.83700753526646],[-75.6898583861169,4.83681919222248],[-75.6898953921569,4.83664512970298],[-75.6900163961386,4.83659081694347],[-75.6900612868839,4.83639342421404],[-75.6902896439703,4.83619063760492],[-75.6903390295502,4.83616290432312],[-75.6904110237776,4.83612266873859],[-75.6906249824822,4.83599518519969],[-75.6907258704576,4.83592599955218],[-75.6920648361087,4.83618992541759],[-75.6920184321552,4.83678142476054],[-75.6920259739471,4.83686448487577],[-75.6919290057209,4.8373012658311],[-75.691938699807,4.83768690697225],[-75.6920603539866,4.83814204270383],[-75.6921958420911,4.83860413499361],[-75.6923450521034,4.83877045827764],[-75.692394403591,4.83939840699242],[-75.6920940388965,4.84001393741164],[-75.6917743996634,4.84022583665143],[-75.6916303833355,4.84045748996663],[-75.6916109262977,4.84078219567263],[-75.6915307073352,4.84080812901417],[-75.6915235695994,4.84081043649842],[-75.6913933747674,4.84085252678464],[-75.6912515255391,4.8409107010671],[-75.6908679781397,4.84092995986406],[-75.6908651756166,4.84019537191904],[-75.6908621507027,4.83963354660719],[-75.6908621408376,4.83963173495321],[-75.6908604234507,4.83931286027006],[-75.690782294367,4.83923135641622],[-75.6906030780367,4.83917256622516],[-75.6906008707392,4.83917184273168]]]},"properties":{"FID":143,"BARRIO":"BARRIO URBANIZACIÓN EL COLIBRÍ","AÑO":"≥2000","Area_Ha":10.7811359677,"Shape_Leng":1494.29750092,"Shape_Area":107811.359677,"CCInundaci":" ","CCMovMasa":" ","CCVendaval":" ","Shape__Area":109239.03369140625,"Shape__Length":1505.6570130881037}},{"type":"Feature","id":144,"geometry":{"type":"Polygon","coordinates":[[[-75.6636028436203,4.84141271195863],[-75.6635497681772,4.84137357908634],[-75.6634997002138,4.84132844768625],[-75.6634600748281,4.84130210036437],[-75.6634054490291,4.84128847797438],[-75.6633318674956,4.84126348665407],[-75.6632488549164,4.84121978770822],[-75.6631965340672,4.841178405231],[-75.6631486735389,4.84115129021573],[-75.6631082624374,4.84114295028534],[-75.6629963849054,4.84094213102594],[-75.6627556011236,4.84081287824721],[-75.6623734566076,4.84056632045507],[-75.662313260557,4.84035120049281],[-75.6626538393071,4.83982821327749],[-75.6630026992461,4.84012673814306],[-75.6634265740121,4.84034180564852],[-75.6636427411535,4.84035309415611],[-75.6638370031699,4.84043464457362],[-75.6640329268642,4.84056793213381],[-75.6642816128928,4.84082889347656],[-75.6642741523029,4.84083489687998],[-75.6642650080172,4.84084247726442],[-75.6641767208788,4.84091470126431],[-75.6641221172071,4.84096105133741],[-75.6640675117318,4.84100740322534],[-75.6639900454876,4.84107373443937],[-75.6639365597323,4.84111972029265],[-75.6638825282688,4.841173653159],[-75.6638331428347,4.84122897263249],[-75.6638102055085,4.84125587282685],[-75.6637695540416,4.8413035493454],[-75.6637239556856,4.84136968542765],[-75.6636754498773,4.84144941463266],[-75.6636028436203,4.84141271195863]]]},"properties":{"FID":144,"BARRIO":"BARRIO URBANIZACIÓN TERRAZINO","AÑO":"≥2000","Area_Ha":1.80478628096,"Shape_Leng":586.315967668,"Shape_Area":18047.8628096,"CCInundaci":" ","CCMovMasa":" ","CCVendaval":" ","Shape__Area":18287.82421875,"Shape__Length":589.87452126991309}},{"type":"Feature","id":145,"geometry":{"type":"Polygon","coordinates":[[[-75.6728350291815,4.8393448547326],[-75.6730452202522,4.8392457792208],[-75.6732918324736,4.83928227959059],[-75.673696747932,4.83926499878701],[-75.6738128355043,4.83929084700149],[-75.6739552723315,4.83933693310323],[-75.6741451187246,4.83943256993898],[-75.674358920546,4.83954404950479],[-75.6745753634002,4.83965308572296],[-75.6742005969879,4.84021088752062],[-75.6737834896807,4.84070094270048],[-75.6735976814501,4.84106598902492],[-75.6731737137894,4.84150922984892],[-75.6730399114456,4.84140971277467],[-75.672795748287,4.84123584685336],[-75.6725575677639,4.8410530269084],[-75.6723778168918,4.84091521832702],[-75.6723718488148,4.84091064118708],[-75.6723858440126,4.84088551381353],[-75.6725163507265,4.84061288211845],[-75.6725785579364,4.84045330169318],[-75.672640766937,4.84029372127055],[-75.6726909222215,4.84015495093719],[-75.6727084406872,4.84010648149733],[-75.6727154332681,4.84008713337757],[-75.6727493414704,4.83999331793946],[-75.6727835741896,4.83989860169088],[-75.6727492526362,4.83965669188459],[-75.6727599301141,4.83952432182865],[-75.6728350291815,4.8393448547326]]]},"properties":{"FID":145,"BARRIO":"BARRIO URBANIZACIÓN GARMA","AÑO":"≥2000","Area_Ha":3.46726566237,"Shape_Leng":759.547682078,"Shape_Area":34672.6566237,"CCInundaci":" ","CCMovMasa":" ","CCVendaval":" ","Shape__Area":35133.03271484375,"Shape__Length":764.64657817454952}},{"type":"Feature","id":146,"geometry":{"type":"Polygon","coordinates":[[[-75.6642816128928,4.84082889347656],[-75.6646481549581,4.8405367922495],[-75.6646896720889,4.84050445147247],[-75.6652468877145,4.84007040149707],[-75.6652485602167,4.8400689592645],[-75.6652526539744,4.84007293002786],[-75.6652956515649,4.84011463926127],[-75.6656066141145,4.84038256802433],[-75.6657900549944,4.84056039724421],[-75.6658614301827,4.84062958909043],[-75.6658587915784,4.84065198212898],[-75.6658197559274,4.8406418107471],[-75.6657238941619,4.84065287722241],[-75.6656753646041,4.84066226274158],[-75.6655945842404,4.84065023981562],[-75.6655898996368,4.84064889947965],[-75.6654609638747,4.84061201127208],[-75.665395335327,4.84059349262488],[-75.6653326322902,4.84059039650612],[-75.6652847080637,4.84059326135962],[-75.6652505805464,4.84060814101028],[-75.6651996206069,4.84064776413394],[-75.6651486287235,4.84070339733439],[-75.6650373867173,4.84085298614491],[-75.6649403987459,4.84097372818407],[-75.664885145638,4.84103304142072],[-75.6647476545988,4.84112242127618],[-75.6645786955344,4.84120687684605],[-75.6644954809526,4.84123726281115],[-75.6644850079203,4.84124108755455],[-75.6643007541741,4.84130847325703],[-75.6641336510082,4.84139094518824],[-75.6640798085163,4.84141349114351],[-75.663977502461,4.84145633154678],[-75.6639379243168,4.84147290424484],[-75.663834900907,4.84149458436158],[-75.6637925342511,4.84148399294929],[-75.6637423712385,4.8414714532587],[-75.6636754498773,4.84144941463266],[-75.6637239556856,4.84136968542765],[-75.6637695540416,4.8413035493454],[-75.6638102055085,4.84125587282685],[-75.6638825282688,4.841173653159],[-75.6639365597323,4.84111972029265],[-75.6639900454876,4.84107373443937],[-75.6640675117318,4.84100740322534],[-75.6641221172071,4.84096105133741],[-75.6641767208788,4.84091470126431],[-75.6642429104453,4.84086079463886],[-75.6642650080172,4.84084247726442],[-75.6642816128928,4.84082889347656]]]},"properties":{"FID":146,"BARRIO":"BARRIO URBANIZACIÓN VERSALLES","AÑO":"≥2000","Area_Ha":1.17745700865,"Shape_Leng":605.264578046,"Shape_Area":11774.5700865,"CCInundaci":" ","CCMovMasa":" ","CCVendaval":" ","Shape__Area":11931.0947265625,"Shape__Length":608.63875477990166}},{"type":"Feature","id":147,"geometry":{"type":"Polygon","coordinates":[[[-75.659433250619,4.84150037511339],[-75.6593054024916,4.84131434916614],[-75.6591516748561,4.84140009906595],[-75.659111606018,4.84135321105156],[-75.6589036792332,4.84077912928803],[-75.6588845671884,4.8407263601934],[-75.6588224214296,4.84055477666698],[-75.658796362313,4.84048282626541],[-75.6587875775421,4.84045857045871],[-75.6587888331522,4.84044384196984],[-75.6587959127756,4.84036082848496],[-75.6588158029619,4.84012760266713],[-75.6589431901589,4.84011062905014],[-75.6594740813343,4.84030169663384],[-75.659475665286,4.8403022671976],[-75.6598045393058,4.8404206284293],[-75.6599314512731,4.84078987320789],[-75.6598913146798,4.84119812606998],[-75.6594854000175,4.8414743771604],[-75.659433250619,4.84150037511339]]]},"properties":{"FID":147,"BARRIO":"BARRIO URBANIZACIÓN LOMA LINDA","AÑO":"≥2000","Area_Ha":1.31086073686,"Shape_Leng":458.633506852,"Shape_Area":13108.6073686,"CCInundaci":" ","CCMovMasa":" ","CCVendaval":" ","Shape__Area":13282.98486328125,"Shape__Length":461.94260110459}},{"type":"Feature","id":148,"geometry":{"type":"Polygon","coordinates":[[[-75.6735057078881,4.84334364947208],[-75.6732988328569,4.84301875326651],[-75.6732233108861,4.84317493295906],[-75.6724954117656,4.84259733450393],[-75.6732661837939,4.84162577896109],[-75.6732121457073,4.84158620436844],[-75.6735976814501,4.84106598902492],[-75.6741910874504,4.84036723006562],[-75.6745807913933,4.83982436555647],[-75.6748372140916,4.83996782347647],[-75.6756673757311,4.84048687774543],[-75.6765570124229,4.84100463718302],[-75.6759558166363,4.84171164581833],[-75.6756215893324,4.84134010116714],[-75.6755799126283,4.84140177940402],[-75.6753038334219,4.8416543647346],[-75.6752825759437,4.84167602940742],[-75.6756484406465,4.84187601953674],[-75.6759359317806,4.8421354796],[-75.675998688939,4.84234856610099],[-75.6759121444969,4.84260534224009],[-75.6753500833964,4.84284118476801],[-75.6754597340872,4.84316337638214],[-75.6752982565356,4.8432154043312],[-75.6753411260013,4.84335133847945],[-75.6753465881574,4.84336865834669],[-75.6753788335921,4.84347090352527],[-75.6753376579396,4.84354220707187],[-75.6752908737169,4.84355599004285],[-75.6752551702514,4.84356650893262],[-75.6748310639447,4.84369145720451],[-75.6742601669665,4.84426647641753],[-75.6739108634115,4.84401522863115],[-75.6737125849738,4.8436685463989],[-75.6735057078881,4.84334364947208]]]},"properties":{"FID":148,"BARRIO":"BARRIO PLAYA RICA","AÑO":"1985","Area_Ha":11.0088015186,"Shape_Leng":1612.7146092,"Shape_Area":110088.015186,"CCInundaci":" ","CCMovMasa":" ","CCVendaval":" ","Shape__Area":111550.11474609375,"Shape__Length":1623.3420241501672}},{"type":"Feature","id":149,"geometry":{"type":"Polygon","coordinates":[[[-75.660732908297,4.84207710818238],[-75.660576391954,4.84188248310162],[-75.6604234960354,4.84169429506906],[-75.6603980343588,4.84150919657781],[-75.6605779324851,4.84111357706721],[-75.6607265200833,4.84090549435235],[-75.6607748738591,4.84073535431124],[-75.6608240502193,4.84025876075119],[-75.6608092699249,4.83987108270255],[-75.6608528831913,4.83963041298746],[-75.6607949642694,4.83934631645776],[-75.6615406131233,4.83984491085223],[-75.662313260557,4.84035120049281],[-75.6623734566076,4.84056632045507],[-75.6627556011236,4.84081287824721],[-75.6629963849054,4.84094213102594],[-75.6631082624374,4.84114295028534],[-75.663079787765,4.84115489744261],[-75.6630550293904,4.84117960974199],[-75.6630436879609,4.84120565694121],[-75.6630377273903,4.84121934616553],[-75.663023415615,4.84126134181122],[-75.6630165552683,4.8413198605306],[-75.662998339757,4.84136291664138],[-75.6629632758123,4.84142550258095],[-75.6629412280488,4.84146485629336],[-75.6629381640544,4.84149786831778],[-75.6629387964904,4.84155077316465],[-75.6629394692644,4.84156101621538],[-75.6629438766301,4.84162807822503],[-75.6629467625924,4.84168061347786],[-75.6629307750172,4.84170778192953],[-75.6628903224033,4.84171970483999],[-75.6628699231621,4.84171625210531],[-75.6628678696213,4.84171590489651],[-75.6628185097907,4.84169028747292],[-75.6627691185679,4.84167967845173],[-75.6627406508127,4.84168787373765],[-75.6627256324371,4.84170960407358],[-75.6627195250823,4.84176662452714],[-75.6627163681797,4.84181873336305],[-75.6627020743184,4.84185172271179],[-75.6626075611163,4.84193782498618],[-75.6625853108375,4.84195122938939],[-75.6625502189415,4.84197236885957],[-75.6625030218603,4.84198652874023],[-75.6624595984905,4.84198643753861],[-75.6624424148582,4.84196914093005],[-75.6624342754528,4.84192259765071],[-75.6624253440326,4.841897064211],[-75.66239317342,4.84188649133198],[-75.6623422678826,4.84188413326724],[-75.6622920751889,4.84189903631033],[-75.6622844240068,4.84190309763435],[-75.6622456059754,4.84192370390246],[-75.6621720663969,4.84200459665625],[-75.662129054504,4.84201753583194],[-75.6620692552615,4.84200873156215],[-75.6620079134995,4.84198414757388],[-75.6619557924049,4.84194753492827],[-75.6619023750226,4.84189772177853],[-75.6618638664169,4.84187002923072],[-75.661826897108,4.8418589065551],[-75.6617962029377,4.84185805370467],[-75.6617528691891,4.8418792635571],[-75.6616265812445,4.84194107669916],[-75.661607113482,4.84194996067762],[-75.66159862499,4.84195332464568],[-75.6615377927291,4.8419774285538],[-75.6614284609444,4.84199609738241],[-75.6613997621381,4.84200099823827],[-75.6613446648985,4.84200167073509],[-75.6612746292053,4.84199521383777],[-75.6612400603395,4.84199018047112],[-75.6612081066114,4.84198782548546],[-75.6611907477084,4.84198654675192],[-75.6611695798295,4.84200180290037],[-75.6611425648531,4.84202290330352],[-75.6611425298315,4.84202293598751],[-75.6610871944773,4.84209108394013],[-75.6610271843403,4.84214981009349],[-75.6610222230192,4.84215169379059],[-75.6609590221399,4.84217556108428],[-75.6608826333859,4.84220482688503],[-75.6608347862318,4.84223300669213],[-75.6608282698554,4.84223871435514],[-75.6607741852767,4.84228608750059],[-75.6607738404827,4.84228434402065],[-75.660732908297,4.84207710818238]]]},"properties":{"FID":149,"BARRIO":"BARRIO URBANIZACIÓN CERRO AZUL","AÑO":"≥2000","Area_Ha":5.29638544971,"Shape_Leng":1044.2238659,"Shape_Area":52963.8544971,"CCInundaci":" ","CCMovMasa":" ","CCVendaval":" ","Shape__Area":53668.24853515625,"Shape__Length":1051.4768273790121}},{"type":"Feature","id":150,"geometry":{"type":"Polygon","coordinates":[[[-75.6586602977321,4.84215866401817],[-75.6586010860928,4.84210721792835],[-75.6585235639338,4.84207436805159],[-75.6584580308357,4.84205983614624],[-75.6583818632959,4.84205466873101],[-75.6583318954647,4.8420614476498],[-75.6582821157522,4.84208869470078],[-75.6582806345277,4.84208950513934],[-75.6582374620052,4.84213197412994],[-75.6581875723386,4.84218898244059],[-75.6581214131013,4.84224787730042],[-75.6581015396799,4.84225261405954],[-75.6580767724134,4.84225851731174],[-75.658001813178,4.84225835994895],[-75.6578972270107,4.84222142333872],[-75.6578948073666,4.84222056856603],[-75.6578413619768,4.84217394458668],[-75.6578361165867,4.84213726116561],[-75.6578272899248,4.84207552487576],[-75.6579654289128,4.84193006518813],[-75.6579900593333,4.84190412936227],[-75.6581191832712,4.84168264091733],[-75.6582214947151,4.84150714357001],[-75.6582362541304,4.84148182605241],[-75.6583444893967,4.84147216289319],[-75.6591516748561,4.84140009906595],[-75.6593054024916,4.84131434916614],[-75.659433250619,4.84150037511339],[-75.6594854000175,4.8414743771604],[-75.6595388414396,4.84157095761969],[-75.6596534995138,4.84150285126256],[-75.6597878077128,4.84169570715917],[-75.6599222088431,4.84160152682849],[-75.6601726838654,4.84196118777104],[-75.6601345115942,4.84198793722041],[-75.6601990387354,4.84208059280866],[-75.6602409822072,4.84214082087291],[-75.6601379122259,4.84213458513276],[-75.660131848862,4.84213421843202],[-75.6600608305637,4.84214362883405],[-75.6600035817926,4.84215625505109],[-75.6599749289238,4.8421763764472],[-75.6599589826266,4.84220077288576],[-75.6599281296193,4.84225912664062],[-75.6599182302816,4.8422732391025],[-75.6598983706558,4.84230155015209],[-75.6598813329658,4.84231858188283],[-75.6598697392919,4.84233017144711],[-75.6598450376679,4.84234201779738],[-75.6597717919425,4.84236424839683],[-75.6597340431342,4.842390974481],[-75.6595540022152,4.84246295074085],[-75.6594072957005,4.84248446404471],[-75.6592663440024,4.8424933565894],[-75.6591841241246,4.84249825631986],[-75.6590733696655,4.84248922275863],[-75.6589872408141,4.84246963957211],[-75.6588640987133,4.84241848562569],[-75.6587973804214,4.84237328180666],[-75.6587612822583,4.84231687738971],[-75.6587227329085,4.8422379371078],[-75.6586602977321,4.84215866401817]]]},"properties":{"FID":150,"BARRIO":"BARRIO URBANIZACIÓN DIAMANTE","AÑO":"≥2000","Area_Ha":2.11828582845,"Shape_Leng":699.370489591,"Shape_Area":21182.8582845,"CCInundaci":" ","CCMovMasa":" ","CCVendaval":" ","Shape__Area":21464.7255859375,"Shape__Length":703.31422890999943}},{"type":"Feature","id":151,"geometry":{"type":"Polygon","coordinates":[[[-75.6602558201372,4.83945939469302],[-75.6607949642694,4.83934631645776],[-75.6608528831913,4.83963041298746],[-75.6608092699249,4.83987108270255],[-75.6608240502193,4.84025876075119],[-75.6607748738591,4.84073535431124],[-75.6607265200833,4.84090549435235],[-75.6605779324851,4.84111357706721],[-75.6603980343588,4.84150919657781],[-75.6604234960354,4.84169429506906],[-75.660732908297,4.84207710818238],[-75.6607738404827,4.84228434402065],[-75.6607741852767,4.84228608750059],[-75.6607584572396,4.84231143506058],[-75.6607419804625,4.84233798977579],[-75.6607265664092,4.84236526898215],[-75.6607035701846,4.84240596535405],[-75.6606712997802,4.84248880213039],[-75.6606217785646,4.84255675453532],[-75.6605923908029,4.8425583419896],[-75.6605763891156,4.8425531270512],[-75.6604579024498,4.84251451165008],[-75.6604418762433,4.84248435828846],[-75.6604315276533,4.84236537489053],[-75.6604264124625,4.84227720479494],[-75.6604106483513,4.84221450511389],[-75.6604075467987,4.84217732244895],[-75.6603532663143,4.84216123670059],[-75.6603329390802,4.84215754041365],[-75.6602409822072,4.84214082087291],[-75.6601990387354,4.84208059280866],[-75.6601345115942,4.84198793722041],[-75.6601726838654,4.84196118777104],[-75.6599222088431,4.84160152682849],[-75.6599648115792,4.84151501961397],[-75.6602509722676,4.84075630994507],[-75.6603592503034,4.84007077591336],[-75.6602558201372,4.83945939469302]]]},"properties":{"FID":151,"BARRIO":"BARRIO URBANIZACIÓN LA SOLEDAD","AÑO":"≥2000","Area_Ha":1.80406340486,"Shape_Leng":841.469955761,"Shape_Area":18040.6340486,"CCInundaci":" ","CCMovMasa":" ","CCVendaval":" ","Shape__Area":18280.5908203125,"Shape__Length":848.587635469601}},{"type":"Feature","id":152,"geometry":{"type":"Polygon","coordinates":[[[-75.6532226110174,4.84181231540438],[-75.6538907303194,4.84166894965513],[-75.6551246877521,4.84173806114609],[-75.6553428979373,4.8421310726854],[-75.655586615081,4.84269279251858],[-75.654880445411,4.84274703965102],[-75.6537106373144,4.84263741435645],[-75.653090773325,4.84257932520374],[-75.6527875676666,4.84255091035313],[-75.6528029295504,4.84242785909481],[-75.6528071386353,4.84239414712624],[-75.6528471476031,4.84207367947778],[-75.6532226110174,4.84181231540438]]]},"properties":{"FID":152,"BARRIO":"BARRIO URBANIZACIÓN LA SOLEDAD","AÑO":"≥2000","Area_Ha":2.85032790184,"Shape_Leng":746.174722966,"Shape_Area":28503.2790184,"CCInundaci":" ","CCMovMasa":" ","CCVendaval":" ","Shape__Area":28882.80712890625,"Shape__Length":749.76784116678675}},{"type":"Feature","id":153,"geometry":{"type":"Polygon","coordinates":[[[-75.6668267741052,4.84159477180719],[-75.6667837514476,4.84149819028331],[-75.6667485140912,4.84143707039135],[-75.666650430465,4.84136597342947],[-75.6665952246464,4.84128826507343],[-75.6665580354583,4.84122123399515],[-75.6664873950212,4.84117973245411],[-75.666407039667,4.8410850410726],[-75.6662971635137,4.84101588902115],[-75.6662353044197,4.84095813494437],[-75.666163207904,4.840920626877],[-75.6659945394224,4.84084057846726],[-75.665952025542,4.84080135448136],[-75.665911341396,4.84073663430107],[-75.6658953948126,4.84068288407701],[-75.665877109499,4.84065675477214],[-75.6658587915784,4.84065198212898],[-75.6658614301827,4.84062958909043],[-75.6657900549944,4.84056039724421],[-75.6656066141145,4.84038256802433],[-75.6652956515649,4.84011463926127],[-75.6652526539744,4.84007293002786],[-75.6652485602167,4.8400689592645],[-75.6656527131629,4.83972056962923],[-75.6656753224815,4.839701079479],[-75.6657221200479,4.83966346079495],[-75.6659459202952,4.8394747665364],[-75.6662063864595,4.8392536475355],[-75.6662430366801,4.8392229342411],[-75.6662821414886,4.83918773619354],[-75.6664275693173,4.83903899184331],[-75.6665165035741,4.83896437674283],[-75.6666054378094,4.83888976164125],[-75.6667609829174,4.8387444390518],[-75.6669165288575,4.83859911645916],[-75.6670973931057,4.83843475500906],[-75.6673032593751,4.83825390899963],[-75.6675164220936,4.83805511403468],[-75.6677361661153,4.8378550545712],[-75.6677583482606,4.83783491337282],[-75.6678547276144,4.83794207355628],[-75.6679399065186,4.83803344875943],[-75.6679981409093,4.83811801233607],[-75.6680690632317,4.83819314901459],[-75.6681385995536,4.83824508494829],[-75.6681643779594,4.8382721601128],[-75.6681755474892,4.83830258363708],[-75.668176568073,4.83835212545351],[-75.6681977803605,4.83841521899844],[-75.6682560570838,4.83847951704986],[-75.6683058982231,4.83851902209709],[-75.6683708770494,4.83857052663433],[-75.6685347293043,4.83864067340815],[-75.6686817765544,4.8386893915946],[-75.6688333541635,4.83872010750862],[-75.6689490109833,4.83873948809377],[-75.6690189809145,4.83878291952497],[-75.6690704983091,4.83885733606872],[-75.6691130470715,4.83892272754732],[-75.6691847985287,4.83898930384733],[-75.6692498263113,4.83904798623682],[-75.6692767502193,4.8390649304852],[-75.6693612758645,4.83908914480313],[-75.6694364553588,4.83912758149668],[-75.6695026061439,4.83918626574],[-75.6695880189811,4.83928595328404],[-75.6696956265975,4.83939539023535],[-75.6698256991758,4.83950487229745],[-75.6699097180483,4.839614259423],[-75.6699489889639,4.83963573392812],[-75.6700152260905,4.83965275983247],[-75.6701630890573,4.83970030083509],[-75.6703645230653,4.83977548241841],[-75.6705234767318,4.83992129625077],[-75.670696596228,4.84004087179285],[-75.6707074604591,4.84004742306553],[-75.6707762305116,4.84008888988663],[-75.6708958676683,4.84008996074798],[-75.6709655188516,4.84009092700279],[-75.6710191531754,4.84010184412193],[-75.6711075714782,4.8401414541367],[-75.6712008944976,4.84018682256848],[-75.6712909534904,4.84022561332477],[-75.6713520191324,4.84018956896752],[-75.6713980066624,4.84014202583892],[-75.6714390557018,4.84010514924295],[-75.6714670177903,4.8400559261502],[-75.6714973861446,4.84003216976158],[-75.6715318339311,4.8400174567743],[-75.6715662401172,4.84002245591495],[-75.6716424180438,4.8400373991982],[-75.6717404437947,4.84004327351591],[-75.6718756467195,4.84004601760559],[-75.6719862563548,4.84005363943844],[-75.6720861875076,4.84007356057375],[-75.6722073652576,4.84012227228466],[-75.6723984814011,4.84020012642538],[-75.6724737565542,4.84025531432316],[-75.6725171551143,4.84027100987858],[-75.672640766937,4.84029372127055],[-75.6725785579364,4.84045330169318],[-75.6725163507265,4.84061288211845],[-75.6723858440126,4.84088551381353],[-75.6723718488148,4.84091064118708],[-75.672230572283,4.84116429511579],[-75.6721212940996,4.84134109572552],[-75.6721157129192,4.84135012665832],[-75.6721127737217,4.8413530610725],[-75.6720010015232,4.84146463061384],[-75.6719188972665,4.84152028211199],[-75.6718865973935,4.84154217479013],[-75.6718604970011,4.84155986534773],[-75.6718367938876,4.84157593179588],[-75.6717030876029,4.84170332574066],[-75.6716287769553,4.84175611585204],[-75.6716118416593,4.84176054571719],[-75.6714136005083,4.84181239611704],[-75.6712555267519,4.84180986632817],[-75.6712325044282,4.84180949801312],[-75.671109816276,4.84182198304726],[-75.6710141062425,4.84188355373867],[-75.6709320606539,4.84202835272851],[-75.6708005473459,4.84227296926181],[-75.6701845878028,4.84153968133268],[-75.6693890706165,4.842248429023],[-75.668193781702,4.84327375446161],[-75.6681537539151,4.84320207894028],[-75.6681186096859,4.84307423508199],[-75.6679655436185,4.84289409049185],[-75.6678731798085,4.842787327135],[-75.667840899684,4.8427623868665],[-75.6677115996376,4.84258488584125],[-75.6675391151973,4.84238957165426],[-75.6674190717348,4.84225241180903],[-75.6673465769852,4.84215773758855],[-75.6672995149427,4.84211431610608],[-75.6672151538703,4.84205703249477],[-75.6671563450001,4.8419938946674],[-75.6670878238251,4.84187756613232],[-75.6670466801107,4.84182234142077],[-75.6669776883375,4.8417703491427],[-75.6669228090509,4.84170721837251],[-75.6668267741052,4.84159477180719]]]},"properties":{"FID":153,"BARRIO":"BARRIO LOS NARANJOS","AÑO":"1960","Area_Ha":22.6414563342,"Shape_Leng":2243.00933352,"Shape_Area":226414.563342,"CCInundaci":"Inundación","CCMovMasa":"Mov. en masa","CCVendaval":" ","Shape__Area":229422.80859375,"Shape__Length":2256.9772340329087}},{"type":"Feature","id":154,"geometry":{"type":"Polygon","coordinates":[[[-75.6568330461487,4.84330340370708],[-75.656682786102,4.84269509573561],[-75.6561195668609,4.84249515088659],[-75.655586615081,4.84269279251858],[-75.6553428979373,4.8421310726854],[-75.656121264333,4.84158169434032],[-75.6566713059525,4.84158284984251],[-75.6567709088193,4.84158305884537],[-75.6568986883096,4.84158332709715],[-75.6575553701508,4.84170162361508],[-75.6578223215763,4.84206869341751],[-75.6578272899248,4.84207552487576],[-75.6578361165867,4.84213726116561],[-75.6578413619768,4.84217394458668],[-75.6578948073666,4.84222056856603],[-75.6578972270107,4.84222142333872],[-75.658001813178,4.84225835994895],[-75.6580767724134,4.84225851731174],[-75.6580702007339,4.8422814529926],[-75.6580432853959,4.84237539144451],[-75.6585685063186,4.84252681275763],[-75.6584241949855,4.84306257776972],[-75.6583972608248,4.8430552785079],[-75.6582990973284,4.84341971772411],[-75.6581245690956,4.84345138080496],[-75.6579403869063,4.84355028981658],[-75.657810768933,4.84365944518055],[-75.6576285571932,4.84378267564734],[-75.6575961074963,4.8438052059036],[-75.6575044586214,4.84359637422123],[-75.6568330461487,4.84330340370708]]]},"properties":{"FID":154,"BARRIO":"BARRIO URBANIZACIÓN ALTOS DE LA CAPILLA","AÑO":"≥2000","Area_Ha":4.68945881988,"Shape_Leng":1000.46713929,"Shape_Area":46894.5881988,"CCInundaci":" ","CCMovMasa":" ","CCVendaval":" ","Shape__Area":47518.818359375,"Shape__Length":1006.395673302748}},{"type":"Feature","id":155,"geometry":{"type":"Polygon","coordinates":[[[-75.655659490758,4.84372971562423],[-75.6555329856831,4.84366056530976],[-75.6553812399837,4.84356866930454],[-75.6554704936586,4.84342036947215],[-75.6552269996337,4.8432729137824],[-75.655438398767,4.84293677591068],[-75.6556789196341,4.84306537723363],[-75.6559318234651,4.84314720141606],[-75.6561571088516,4.84351225694299],[-75.6561535064504,4.8438108960375],[-75.655659490758,4.84372971562423]]]},"properties":{"FID":155,"BARRIO":"BARRIO CAMILO TORRES","AÑO":"1975","Area_Ha":0.59009976204,"Shape_Leng":326.130000946,"Shape_Area":5900.9976204,"CCInundaci":" ","CCMovMasa":" ","CCVendaval":" ","Shape__Area":5979.5751953125,"Shape__Length":328.1497112140334}},{"type":"Feature","id":156,"geometry":{"type":"Polygon","coordinates":[[[-75.6690291848566,4.84353773496214],[-75.6690293781988,4.84346458715267],[-75.6690295542628,4.84339783017229],[-75.6691432867841,4.84339560645989],[-75.6693039894807,4.84330839425988],[-75.6695686007127,4.84320010324312],[-75.6698899366037,4.84305880534932],[-75.6700374592093,4.84299575804145],[-75.6700743760708,4.84297998115186],[-75.6702191659885,4.8429033847154],[-75.670419416769,4.84276639631206],[-75.6706075533918,4.84257563202504],[-75.6707210624178,4.84242081386057],[-75.670811963635,4.84225208212575],[-75.6709320606539,4.84202835272851],[-75.6710141062425,4.84188355373867],[-75.671109816276,4.84182198304726],[-75.6712325044282,4.84180949801312],[-75.6712555267519,4.84180986632817],[-75.6714136005083,4.84181239611704],[-75.6716118416593,4.84176054571719],[-75.6716287769553,4.84175611585204],[-75.6717030876029,4.84170332574066],[-75.6718367938876,4.84157593179588],[-75.6718604970011,4.84155986534773],[-75.6718865973935,4.84154217479013],[-75.6719188972665,4.84152028211199],[-75.6720010015232,4.84146463061384],[-75.6721127737217,4.8413530610725],[-75.6721157129192,4.84135012665832],[-75.6721212940996,4.84134109572552],[-75.672230572283,4.84116429511579],[-75.6723718488148,4.84091064118708],[-75.6723778168918,4.84091521832702],[-75.672795748287,4.84123584685336],[-75.6731737137894,4.84150922984892],[-75.6721946917693,4.84281181974604],[-75.6716423088237,4.84241700076543],[-75.6712904427031,4.84289083183972],[-75.6712903866062,4.84291785872037],[-75.6713240687693,4.84293719621928],[-75.6712223740086,4.84308613844157],[-75.6711232936312,4.84321989671803],[-75.6709114204953,4.84335600459028],[-75.6706359662,4.84363679970799],[-75.6702418159612,4.84350339426858],[-75.6698899338585,4.8438642594625],[-75.6695592808128,4.84353883848024],[-75.6695506277124,4.84353882021738],[-75.6690291848566,4.84353773496214]]]},"properties":{"FID":156,"BARRIO":"BARRIO URBANIZACIÓN GUAYACANES","AÑO":"≥2000","Area_Ha":4.3952242657,"Shape_Leng":1264.27435923,"Shape_Area":43952.242657,"CCInundaci":" ","CCMovMasa":" ","CCVendaval":" ","Shape__Area":44536.26416015625,"Shape__Length":1272.0685000717028}},{"type":"Feature","id":157,"geometry":{"type":"Polygon","coordinates":[[[-75.6572191655048,4.84390875651587],[-75.6570847733219,4.84389612075636],[-75.6570610230488,4.84389360047053],[-75.6568648865246,4.84387544668082],[-75.6567475571726,4.84386441448859],[-75.6567564941994,4.84361245396213],[-75.6568330461487,4.84330340370708],[-75.6575044586214,4.84359637422123],[-75.6575961074963,4.8438052059036],[-75.6573932659355,4.84391170098518],[-75.6572191655048,4.84390875651587]]]},"properties":{"FID":157,"BARRIO":"BARRIO CAMILO TORRES III - ZONA 2A","AÑO":"1995 - 2000","Area_Ha":0.42065616281,"Shape_Leng":266.870051416,"Shape_Area":4206.5616281,"CCInundaci":" ","CCMovMasa":" ","CCVendaval":" ","Shape__Area":4262.572265625,"Shape__Length":268.42519218015195}},{"type":"Feature","id":158,"geometry":{"type":"Polygon","coordinates":[[[-75.6730428810792,4.84376060028776],[-75.6729864041678,4.84373346611828],[-75.6730760028935,4.84347956694598],[-75.6732233108861,4.84317493295906],[-75.6732988328569,4.84301875326651],[-75.6735057078881,4.84334364947208],[-75.6737125849738,4.8436685463989],[-75.6734981511779,4.84397932498069],[-75.6730428810792,4.84376060028776]]]},"properties":{"FID":158,"BARRIO":"BARRIO URBANIZACIÓN LA MONTANA","AÑO":"≥2000","Area_Ha":0.445385629612,"Shape_Leng":276.496864494,"Shape_Area":4453.85629612,"CCInundaci":" ","CCMovMasa":" ","CCVendaval":" ","Shape__Area":4513.03857421875,"Shape__Length":278.56321621311025}},{"type":"Feature","id":159,"geometry":{"type":"Polygon","coordinates":[[[-75.6552938042691,4.84405797149853],[-75.6538442684418,4.84318015005334],[-75.6540112913749,4.84290263700031],[-75.6540483951308,4.84284098777735],[-75.6540741049373,4.84279827011343],[-75.6547329226934,4.8431972420265],[-75.6547819262273,4.84311582207914],[-75.6549744624946,4.84323241990443],[-75.6550240587849,4.84315001400369],[-75.6552269996337,4.8432729137824],[-75.6554704936586,4.84342036947215],[-75.6553812399837,4.84356866930454],[-75.6555329856831,4.84366056530976],[-75.6552938042691,4.84405797149853]]]},"properties":{"FID":159,"BARRIO":"BARRIO PUEBLO SOL BAJO","AÑO":"1995 - 2000","Area_Ha":1.07965986912,"Shape_Leng":516.759008342,"Shape_Area":10796.5986912,"CCInundaci":" ","CCMovMasa":" ","CCVendaval":"Vendaval","Shape__Area":10940.37939453125,"Shape__Length":519.826863926377}},{"type":"Feature","id":160,"geometry":{"type":"Polygon","coordinates":[[[-75.6561511665141,4.84400492184961],[-75.6561535064504,4.8438108960375],[-75.6561571088516,4.84351225694299],[-75.6559318234651,4.84314720141606],[-75.6556789196341,4.84306537723363],[-75.655438398767,4.84293677591068],[-75.655586615081,4.84269279251858],[-75.6561195668609,4.84249515088659],[-75.656682786102,4.84269509573561],[-75.6568330461487,4.84330340370708],[-75.6567564941994,4.84361245396213],[-75.6567475571726,4.84386441448859],[-75.6565968923529,4.84389351267516],[-75.6564872057662,4.84396877852645],[-75.6563646309847,4.84412735747941],[-75.6561511665141,4.84400492184961]]]},"properties":{"FID":160,"BARRIO":"BARRIO CAMILO TORRES III - ZONA 2","AÑO":"1995 - 2000","Area_Ha":1.47420517592,"Shape_Leng":536.33621488,"Shape_Area":14742.0517592,"CCInundaci":" ","CCMovMasa":" ","CCVendaval":" ","Shape__Area":14938.33740234375,"Shape__Length":540.03600520365285}},{"type":"Feature","id":161,"geometry":{"type":"Polygon","coordinates":[[[-75.6585989751332,4.84434097192006],[-75.6584894625096,4.84430502503341],[-75.658457846562,4.84426485262781],[-75.6584262288198,4.84422468112976],[-75.6585862040223,4.84411178275816],[-75.6586409627174,4.84402881224634],[-75.6586780385188,4.84388821947875],[-75.6586843863429,4.84375246135632],[-75.6586866532784,4.84363493251816],[-75.6586504520802,4.84354366699834],[-75.6585919410076,4.84348680379194],[-75.6584828701581,4.84343794056299],[-75.6583454492944,4.84341130938722],[-75.6582990973284,4.84341971772411],[-75.6583972608248,4.8430552785079],[-75.6584241949855,4.84306257776972],[-75.6585685063186,4.84252681275763],[-75.6590777593773,4.84266483485432],[-75.6590309231759,4.84283871553678],[-75.6590028964342,4.84283111954237],[-75.6589035517096,4.84319993895869],[-75.6589787170928,4.84322031107901],[-75.6589446593281,4.84334674970182],[-75.6594109309399,4.84347312233571],[-75.6592610824105,4.84402943938225],[-75.659145228497,4.84399141107825],[-75.6590918603253,4.84415500396264],[-75.6589900256276,4.84412157730753],[-75.6589398048035,4.84427552504506],[-75.6587248955873,4.84420498121319],[-75.65867824778,4.84434797576179],[-75.6586592646938,4.84436076064242],[-75.6585989751332,4.84434097192006]]]},"properties":{"FID":161,"BARRIO":"BARRIO CAMILO TORRES III - ZONA 1","AÑO":"1995 - 2000","Area_Ha":1.24130655338,"Shape_Leng":639.164778238,"Shape_Area":12413.0655338,"CCInundaci":" ","CCMovMasa":" ","CCVendaval":" ","Shape__Area":12578.30126953125,"Shape__Length":643.76927372514274}},{"type":"Feature","id":162,"geometry":{"type":"Polygon","coordinates":[[[-75.657777601156,4.84403098893441],[-75.6575961074963,4.8438052059036],[-75.657810768933,4.84365944518055],[-75.6579403869063,4.84355028981658],[-75.6581245690956,4.84345138080496],[-75.6582990973284,4.84341971772411],[-75.6583454492944,4.84341130938722],[-75.6584828701581,4.84343794056299],[-75.6585919410076,4.84348680379194],[-75.6586504520802,4.84354366699834],[-75.6586866532784,4.84363493251816],[-75.6586843863429,4.84375246135632],[-75.6586780385188,4.84388821947875],[-75.6586409627174,4.84402881224634],[-75.6585862040223,4.84411178275816],[-75.6584262288198,4.84422468112976],[-75.6582804477435,4.84434012826904],[-75.658229659485,4.84445755506836],[-75.6582123511129,4.84457183333599],[-75.657777601156,4.84403098893441]]]},"properties":{"FID":162,"BARRIO":"BARRIO CAMILO TORRES III - ZONA 6","AÑO":"1995 - 2000","Area_Ha":0.884954312909,"Shape_Leng":377.628563565,"Shape_Area":8849.54312909,"CCInundaci":" ","CCMovMasa":" ","CCVendaval":" ","Shape__Area":8967.3603515625,"Shape__Length":380.18234768866017}},{"type":"Feature","id":163,"geometry":{"type":"Polygon","coordinates":[[[-75.6564872057662,4.84396877852645],[-75.6565968923529,4.84389351267516],[-75.6567475571726,4.84386441448859],[-75.6568648865246,4.84387544668082],[-75.6570847733219,4.84389612075636],[-75.6572283668353,4.84391135478361],[-75.6573932659355,4.84391170098518],[-75.6575961074963,4.8438052059036],[-75.657777601156,4.84403098893441],[-75.6582123511129,4.84457183333599],[-75.6581447698023,4.84464347396055],[-75.6577936428547,4.84464625709611],[-75.6573772375437,4.84465621100043],[-75.657205273885,4.84464866558968],[-75.6569270146669,4.8446364553793],[-75.6568473851712,4.84458613002925],[-75.6564402554697,4.84419922533517],[-75.6563646309847,4.84412735747941],[-75.6564872057662,4.84396877852645]]]},"properties":{"FID":163,"BARRIO":"BARRIO CAMILO TORRES III - ZONA 5","AÑO":"1995 - 2000","Area_Ha":1.29085813838,"Shape_Leng":490.512266677,"Shape_Area":12908.5813838,"CCInundaci":" ","CCMovMasa":" ","CCVendaval":" ","Shape__Area":13080.4755859375,"Shape__Length":493.0306354997046}},{"type":"Feature","id":164,"geometry":{"type":"Polygon","coordinates":[[[-75.6544640782229,4.84460544511801],[-75.6540478831158,4.84435340163143],[-75.6539164165549,4.84414895718793],[-75.6537517781681,4.84404925414457],[-75.6538179184685,4.84393936115228],[-75.6535023502004,4.84374825553722],[-75.6538442684418,4.84318015005334],[-75.6552938042691,4.84405797149853],[-75.6553291348407,4.84407936751848],[-75.6550931724598,4.84447142624556],[-75.6550578807078,4.84445005357369],[-75.6548307241276,4.84482748073595],[-75.6545239644503,4.84464171152797],[-75.6544640782229,4.84460544511801]]]},"properties":{"FID":164,"BARRIO":"BARRIO URBANIZACIÓN SOLIDARIDAD POR COLOMBIA","AÑO":"≥2000","Area_Ha":1.7451529194,"Shape_Leng":574.659488431,"Shape_Area":17451.529194,"CCInundaci":" ","CCMovMasa":" ","CCVendaval":" ","Shape__Area":17683.99365234375,"Shape__Length":578.24553403853554}},{"type":"Feature","id":165,"geometry":{"type":"Polygon","coordinates":[[[-75.6731397686072,4.84490432497125],[-75.6727204913658,4.84480138272167],[-75.6727482236561,4.84466666516808],[-75.6729693948758,4.84404172817586],[-75.6730428810792,4.84376060028776],[-75.6734981511779,4.84397932498069],[-75.6732397763898,4.84492887938684],[-75.6731397686072,4.84490432497125]]]},"properties":{"FID":165,"BARRIO":"BARRIO URBANIZACIÓN VILLA ELENA","AÑO":"≥2000","Area_Ha":0.655824529102,"Shape_Leng":344.922618637,"Shape_Area":6558.24529102,"CCInundaci":" ","CCMovMasa":" ","CCVendaval":" ","Shape__Area":6645.408203125,"Shape__Length":347.56207651795228}},{"type":"Feature","id":166,"geometry":{"type":"Polygon","coordinates":[[[-75.6591024467446,4.84499400838622],[-75.6590022863506,4.84499858196975],[-75.6589307406935,4.84500321472455],[-75.6588640549273,4.84496480495265],[-75.6587734420007,4.84496461450095],[-75.6586399589772,4.84494041626842],[-75.6585493063871,4.84495936041431],[-75.6585064547659,4.84492578396855],[-75.6584921782546,4.84491140316285],[-75.658460112956,4.84488609532247],[-75.6582517583968,4.84457483803715],[-75.6585989751332,4.84434097192006],[-75.6586592646938,4.84436076064242],[-75.65867824778,4.84434797576179],[-75.6587248955873,4.84420498121319],[-75.6589398048035,4.84427552504506],[-75.6589900256276,4.84412157730753],[-75.6590918603253,4.84415500396264],[-75.659145228497,4.84399141107825],[-75.6592123445135,4.84408088238116],[-75.6594066862527,4.84437120475812],[-75.6593070310354,4.84443832746059],[-75.6594608529918,4.84466811773201],[-75.6594128438945,4.84479852133163],[-75.6593505776117,4.84492755533675],[-75.6591691840801,4.84500849916465],[-75.6591024467446,4.84499400838622]]]},"properties":{"FID":166,"BARRIO":"BARRIO CAMILO TORRES II","AÑO":"1995 - 2000","Area_Ha":0.899721353586,"Shape_Leng":419.663477134,"Shape_Area":8997.21353586,"CCInundaci":" ","CCMovMasa":" ","CCVendaval":" ","Shape__Area":9117.00634765625,"Shape__Length":422.35115748366792}},{"type":"Feature","id":167,"geometry":{"type":"Polygon","coordinates":[[[-75.6538944740062,4.84506438791448],[-75.6538237662517,4.84479122103817],[-75.6534437336562,4.84456107714149],[-75.6537517781681,4.84404925414457],[-75.6539164165549,4.84414895718793],[-75.6540478831158,4.84435340163143],[-75.6545248786936,4.84463995405095],[-75.6545239644503,4.84464171152797],[-75.6543333464264,4.84500790592813],[-75.6541427646407,4.84492139589136],[-75.6541091008773,4.8450552719043],[-75.6538944740062,4.84506438791448]]]},"properties":{"FID":167,"BARRIO":"BARRIO PUEBLO SOL ALTO","AÑO":"1995 - 2000","Area_Ha":0.668506197127,"Shape_Leng":364.774539174,"Shape_Area":6685.06197127,"CCInundaci":" ","CCMovMasa":" ","CCVendaval":"Vendaval","Shape__Area":6774.12451171875,"Shape__Length":367.2258746457025}},{"type":"Feature","id":168,"geometry":{"type":"Polygon","coordinates":[[[-75.6555347113016,4.84485657046234],[-75.6555822684159,4.84477544362291],[-75.6558315655629,4.84471313227623],[-75.6559754705974,4.84461075197329],[-75.6561991703275,4.84434141831595],[-75.6563646309847,4.84412735747941],[-75.6564402554697,4.84419922533517],[-75.6568473851712,4.84458613002925],[-75.6569270146669,4.8446364553793],[-75.6564796776367,4.84488804097192],[-75.6560453144966,4.84506891382153],[-75.6555922152787,4.84508709513888],[-75.6555347113016,4.84485657046234]]]},"properties":{"FID":168,"BARRIO":"BARRIO CAMILO TORRES III - ZONA 4","AÑO":"1995 - 2000","Area_Ha":0.766488223683,"Shape_Leng":397.141666984,"Shape_Area":7664.88223683,"CCInundaci":" ","CCMovMasa":" ","CCVendaval":" ","Shape__Area":7766.9716796875,"Shape__Length":399.398359165452}},{"type":"Feature","id":169,"geometry":{"type":"Polygon","coordinates":[[[-75.6550616223687,4.84495478085363],[-75.6549535953514,4.84489496652874],[-75.6548307241276,4.84482748073595],[-75.6550578807078,4.84445005357369],[-75.6550931724598,4.84447142624556],[-75.6553291348407,4.84407936751848],[-75.6552938042691,4.84405797149853],[-75.6555329856831,4.84366056530976],[-75.655659490758,4.84372971562423],[-75.6561535064504,4.8438108960375],[-75.6561511665141,4.84400492184961],[-75.6563646309847,4.84412735747941],[-75.6559754705974,4.84461075197329],[-75.6558315655629,4.84471313227623],[-75.6555822684159,4.84477544362291],[-75.6555347113016,4.84485657046234],[-75.6555695274591,4.8450206288947],[-75.6552625123462,4.84502175300484],[-75.6550616223687,4.84495478085363]]]},"properties":{"FID":169,"BARRIO":"BARRIO CAMILO TORRES III - ZONA 3","AÑO":"1995 - 2000","Area_Ha":1.34485943398,"Shape_Leng":512.760022325,"Shape_Area":13448.5943398,"CCInundaci":" ","CCMovMasa":" ","CCVendaval":" ","Shape__Area":13627.72265625,"Shape__Length":515.99535165210727}},{"type":"Feature","id":170,"geometry":{"type":"Polygon","coordinates":[[[-75.65976823041,4.84506177580745],[-75.6597286074826,4.84504326922143],[-75.65965617851,4.84511285148205],[-75.6596296242125,4.84512711087971],[-75.6594339894341,4.84499460227167],[-75.6594567390022,4.84496178933808],[-75.6594670053283,4.84494471913222],[-75.659485067469,4.84489625997428],[-75.6595069328537,4.84481297225516],[-75.6595254474006,4.84470274584729],[-75.6595269739357,4.84466581797428],[-75.6595221760761,4.84459013075642],[-75.6595083704019,4.84440622757913],[-75.6594941656148,4.84422235399301],[-75.6594808670636,4.84405310906973],[-75.659462593547,4.84382255851744],[-75.6594486808029,4.8436637895515],[-75.6594378295328,4.84356652358982],[-75.6594210409809,4.84343636501006],[-75.6594023445809,4.8433064679726],[-75.6593714929704,4.84314918861612],[-75.6593541058832,4.8430733972105],[-75.6593422771362,4.84303200788873],[-75.6593267184602,4.84299187993864],[-75.6592957203854,4.84291677309976],[-75.6592683876484,4.84284024783092],[-75.6592527751262,4.84277711895085],[-75.659246953868,4.84271234142409],[-75.6592505513163,4.84261032290843],[-75.6592572106077,4.84256024063409],[-75.6592640056051,4.84250913714094],[-75.6592663440024,4.8424933565894],[-75.6594072957005,4.84248446404471],[-75.6595540022152,4.84246295074085],[-75.659675557164,4.84241496960204],[-75.6597340431342,4.842390974481],[-75.6597717919425,4.84236424839683],[-75.6598450376679,4.84234201779738],[-75.6598697392919,4.84233017144711],[-75.6598813329658,4.84231858188283],[-75.6598983706558,4.84230155015209],[-75.6599182302816,4.8422732391025],[-75.6599281296193,4.84225912664062],[-75.6599589826266,4.84220077288576],[-75.6599749289238,4.8421763764472],[-75.6600035817926,4.84215625505109],[-75.6600608305637,4.84214362883405],[-75.660131848862,4.84213421843202],[-75.6601379122259,4.84213458513276],[-75.6602409822072,4.84214082087291],[-75.6603329390802,4.84215754041365],[-75.6603532663143,4.84216123670059],[-75.6604075467987,4.84217732244895],[-75.6604106483513,4.84221450511389],[-75.6604264124625,4.84227720479494],[-75.6604315276533,4.84236537489053],[-75.6604418762433,4.84248435828846],[-75.6604579024498,4.84251451165008],[-75.6605763891156,4.8425531270512],[-75.6605923908029,4.8425583419896],[-75.6606217785646,4.84255675453532],[-75.6606712997802,4.84248880213039],[-75.6607035701846,4.84240596535405],[-75.6607265664092,4.84236526898215],[-75.6607419804625,4.84233798977579],[-75.6607584572396,4.84231143506058],[-75.6607741852767,4.84228608750059],[-75.6608282698554,4.84223871435514],[-75.6608347862318,4.84223300669213],[-75.6608826333859,4.84220482688503],[-75.6610222230192,4.84215169379059],[-75.6610271843403,4.84214981009349],[-75.6610871944773,4.84209108394013],[-75.6611425298315,4.84202293598751],[-75.6611425648531,4.84202290330352],[-75.6611907477084,4.84198654675192],[-75.6612089227982,4.84198842437742],[-75.6612746292053,4.84199521383777],[-75.6613446648985,4.84200167073509],[-75.6613997621381,4.84200099823827],[-75.6614249664945,4.84199718877564],[-75.6614666849141,4.8419908823931],[-75.6615377927291,4.8419774285538],[-75.6615996953079,4.84195345604183],[-75.6616073255923,4.8419505013746],[-75.6616265812445,4.84194107669916],[-75.6616725026296,4.84192011974666],[-75.6617528691891,4.8418792635571],[-75.6617962029377,4.84185805370467],[-75.661826897108,4.8418589065551],[-75.6618638664169,4.84187002923072],[-75.6619023750226,4.84189772177853],[-75.6619557924049,4.84194753492827],[-75.6620079134995,4.84198414757388],[-75.6620692552615,4.84200873156215],[-75.662129054504,4.84201753583194],[-75.6621720663969,4.84200459665625],[-75.662199825145,4.84197688824303],[-75.6622456059754,4.84192370390246],[-75.6622844240068,4.84190309763435],[-75.6622920751889,4.84189903631033],[-75.6623422678826,4.84188413326724],[-75.66239317342,4.84188649133198],[-75.6624253440326,4.841897064211],[-75.6624342754528,4.84192259765071],[-75.6624424148582,4.84196914093005],[-75.6624595984905,4.84198643753861],[-75.6625030218603,4.84198652874023],[-75.6625502189415,4.84197236885957],[-75.6625853108375,4.84195122938939],[-75.6626075611163,4.84193782498618],[-75.6626585686716,4.84189140411586],[-75.6627020743184,4.84185172271179],[-75.6627163681797,4.84181873336305],[-75.6627256324371,4.84170960407358],[-75.6627406508127,4.84168787373765],[-75.6627691185679,4.84167967845173],[-75.6628185097907,4.84169028747292],[-75.6628678696213,4.84171590489651],[-75.6628699231621,4.84171625210531],[-75.6628903224033,4.84171970483999],[-75.6629307750172,4.84170778192953],[-75.6629467625924,4.84168061347786],[-75.6629409165144,4.84155636365354],[-75.6629381640544,4.84149786831778],[-75.6629412280488,4.84146485629336],[-75.6629632926221,4.84142565258851],[-75.6629652742445,4.84142213161258],[-75.662998339757,4.84136291664138],[-75.6630165552683,4.8413198605306],[-75.663023415615,4.84126134181122],[-75.6630462693993,4.84120225745982],[-75.6630550293904,4.84117960974199],[-75.663079787765,4.84115489744261],[-75.6631082624374,4.84114295028534],[-75.6631486735389,4.84115129021573],[-75.6631965340672,4.841178405231],[-75.6632488549164,4.84121978770822],[-75.6633318674956,4.84126348665407],[-75.6634054490291,4.84128847797438],[-75.6634600748281,4.84130210036437],[-75.6634997002138,4.84132844768625],[-75.6635497681772,4.84137357908634],[-75.6636028436203,4.84141271195863],[-75.6636754498773,4.84144941463266],[-75.6636611884847,4.84147387676544],[-75.6635772172449,4.84161790940387],[-75.663478983674,4.8417864032864],[-75.6633307641284,4.84203319478151],[-75.6631707560541,4.84230994622876],[-75.6630248906374,4.84256461189792],[-75.6629168067215,4.84275331419804],[-75.662684844106,4.84314869227111],[-75.6624213174027,4.84359872215768],[-75.6621911942089,4.84400500692885],[-75.6620265452473,4.84428346927899],[-75.6619488545697,4.84440196749779],[-75.6617144220801,4.84479790613872],[-75.6615625239991,4.8450565592271],[-75.6614218390456,4.84530566650964],[-75.6613910150937,4.84536518374648],[-75.6613321489887,4.8454576324239],[-75.6612951065173,4.84550547471498],[-75.6612221228272,4.84559353825582],[-75.6611386044319,4.84568627930936],[-75.6609252304305,4.84558229925806],[-75.6606325708175,4.84545279957181],[-75.6601501700877,4.84524016428094],[-75.65976823041,4.84506177580745]]]},"properties":{"FID":170,"BARRIO":"BARRIO LA CAPILLA","AÑO":"1890","Area_Ha":12.2077730083,"Shape_Leng":1707.84129346,"Shape_Area":122077.730083,"CCInundaci":"Inundación","CCMovMasa":" ","CCVendaval":"Vendaval","Shape__Area":123702.26708984375,"Shape__Length":1719.9079158792242}},{"type":"Feature","id":171,"geometry":{"type":"Polygon","coordinates":[[[-75.6671706015878,4.84581042392444],[-75.6670820258104,4.84535159908771],[-75.6670596238614,4.84523555610733],[-75.6674255289225,4.84471966353341],[-75.6675769593653,4.84413874175771],[-75.6684433038635,4.84377458151069],[-75.6690291848566,4.84353773496214],[-75.6695506277124,4.84353882021738],[-75.6695592808128,4.84353883848024],[-75.6698899338585,4.8438642594625],[-75.6702418159612,4.84350339426858],[-75.6706359662,4.84363679970799],[-75.6709114204953,4.84335600459028],[-75.6711232936312,4.84321989671803],[-75.6712223740086,4.84308613844157],[-75.6713240687693,4.84293719621928],[-75.6712903866062,4.84291785872037],[-75.6712904427031,4.84289083183972],[-75.6716423088237,4.84241700076543],[-75.6721946917693,4.84281181974604],[-75.6713225608348,4.84403937179866],[-75.6700229994893,4.84583304669189],[-75.6699491383776,4.84584277236447],[-75.6695232489253,4.84589885029215],[-75.6694063054667,4.84605846924684],[-75.6691570664486,4.84594966557714],[-75.6686462900995,4.84555578138283],[-75.6681812132125,4.84613017142477],[-75.6677915902023,4.84613902472141],[-75.667257797716,4.84626210485342],[-75.6671706015878,4.84581042392444]]]},"properties":{"FID":171,"BARRIO":"BARRIO URBANIZACIÓN VILLA DEL CAMPO","AÑO":"≥2000","Area_Ha":10.5571770642,"Shape_Leng":1673.78787637,"Shape_Area":105571.770642,"CCInundaci":" ","CCMovMasa":" ","CCVendaval":" ","Shape__Area":106975.59716796875,"Shape__Length":1684.6542902630104}},{"type":"Feature","id":172,"geometry":{"type":"Polygon","coordinates":[[[-75.6635772172449,4.84161790940387],[-75.6636611884847,4.84147387676544],[-75.6636754498773,4.84144941463266],[-75.6637423712385,4.8414714532587],[-75.6637925342511,4.84148399294929],[-75.663834900907,4.84149458436158],[-75.6639379243168,4.84147290424484],[-75.663977502461,4.84145633154678],[-75.6640798085163,4.84141349114351],[-75.6641336510082,4.84139094518824],[-75.6643007541741,4.84130847325703],[-75.6644850079203,4.84124108755455],[-75.6644954809526,4.84123726281115],[-75.6645786955344,4.84120687684605],[-75.6647476545988,4.84112242127618],[-75.664885145638,4.84103304142072],[-75.6649403987459,4.84097372818407],[-75.6650373867173,4.84085298614491],[-75.6651486287235,4.84070339733439],[-75.6651996206069,4.84064776413394],[-75.6652505805464,4.84060814101028],[-75.6652847080637,4.84059326135962],[-75.6653326322902,4.84059039650612],[-75.665395335327,4.84059349262488],[-75.6654609638747,4.84061201127208],[-75.6655898996368,4.84064889947965],[-75.6655945842404,4.84065023981562],[-75.6656753646041,4.84066226274158],[-75.6657238941619,4.84065287722241],[-75.6658197559274,4.8406418107471],[-75.6658587915784,4.84065198212898],[-75.665877109499,4.84065675477214],[-75.6658953948126,4.84068288407701],[-75.665911341396,4.84073663430107],[-75.665952025542,4.84080135448136],[-75.6659945394224,4.84084057846726],[-75.666163207904,4.840920626877],[-75.6662353044197,4.84095813494437],[-75.6662971635137,4.84101588902115],[-75.666407039667,4.8410850410726],[-75.6664873950212,4.84117973245411],[-75.6665580354583,4.84122123399515],[-75.6665952246464,4.84128826507343],[-75.666650430465,4.84136597342947],[-75.6667485140912,4.84143707039135],[-75.6667837514476,4.84149819028331],[-75.6668267741052,4.84159477180719],[-75.6669228090509,4.84170721837251],[-75.6669776883375,4.8417703491427],[-75.6670466801107,4.84182234142077],[-75.6670878238251,4.84187756613232],[-75.6671563450001,4.8419938946674],[-75.6672151538703,4.84205703249477],[-75.6672995149427,4.84211431610608],[-75.6673465769852,4.84215773758855],[-75.6674190717348,4.84225241180903],[-75.6675391151973,4.84238957165426],[-75.6677115996376,4.84258488584125],[-75.667840899684,4.8427623868665],[-75.6677033188877,4.84304478529806],[-75.6676014747735,4.84304882508639],[-75.6674007310628,4.84339433086864],[-75.6671345394577,4.84387437073885],[-75.6670069146491,4.84403359398591],[-75.666816989636,4.84414038009355],[-75.6665430568523,4.84426102139436],[-75.6661293024866,4.84428354999945],[-75.6657669041813,4.84420864721263],[-75.6656141206616,4.84415787042022],[-75.6651535623435,4.84378781169431],[-75.6630248906374,4.84256461189792],[-75.6631707560541,4.84230994622876],[-75.6633307641284,4.84203319478151],[-75.663478983674,4.8417864032864],[-75.6635772172449,4.84161790940387]]]},"properties":{"FID":172,"BARRIO":"BARRIO URBANIZACIÓN 7 DE AGOSTO","AÑO":"≥2000","Area_Ha":12.8615483172,"Shape_Leng":1421.47804373,"Shape_Area":128615.483172,"CCInundaci":" ","CCMovMasa":" ","CCVendaval":" ","Shape__Area":130325.70068359375,"Shape__Length":1429.9662950813365}},{"type":"Feature","id":173,"geometry":{"type":"Polygon","coordinates":[[[-75.6587690282661,4.84588878201264],[-75.6592467796885,4.84548035714706],[-75.6604854713059,4.8458373947837],[-75.6604632290192,4.84591184316004],[-75.6603464510403,4.84592243116495],[-75.6602122206349,4.84595578160091],[-75.6600653670901,4.84601012428696],[-75.659938234224,4.84607597124103],[-75.659860996627,4.84613579960166],[-75.6598117040641,4.84618368830647],[-75.659782343468,4.84623695183977],[-75.6597527207636,4.8463773299311],[-75.6597313006639,4.84644794007151],[-75.6597125983495,4.84649056153235],[-75.6596766063589,4.84653581226751],[-75.6596127167148,4.84657033946697],[-75.6595869950486,4.84657789200177],[-75.6587690282661,4.84588878201264]]]},"properties":{"FID":173,"BARRIO":"BARRIO CAMILO TORRES PLAN I","AÑO":"1975","Area_Ha":1.06033067065,"Shape_Leng":473.152261857,"Shape_Area":10603.3067065,"CCInundaci":"Inundación","CCMovMasa":" ","CCVendaval":"Vendaval","Shape__Area":10744.517578125,"Shape__Length":475.71117343349323}},{"type":"Feature","id":174,"geometry":{"type":"Polygon","coordinates":[[[-75.6553453312855,4.84663839553807],[-75.6552573534646,4.84656951169906],[-75.6551709523845,4.84652680154108],[-75.6550503170044,4.84646766344531],[-75.6549411256755,4.84639873452679],[-75.6548776082836,4.84633808091101],[-75.6548124225852,4.84629541478235],[-75.6547178049681,4.8462804943204],[-75.6546149760177,4.84629009270448],[-75.654523515318,4.84632588598896],[-75.6544549285956,4.84634864047093],[-75.6543406626063,4.84636475686317],[-75.6542590524907,4.84637276295144],[-75.6541790111023,4.84641021550421],[-75.6541299933729,4.84643955514005],[-75.6540106852543,4.84652599503344],[-75.6539571799239,4.84639786682039],[-75.653912521949,4.84600756916981],[-75.6545086105425,4.84591540593514],[-75.6549421064017,4.845676649709],[-75.6552053395066,4.84554647517416],[-75.6554898991034,4.84561838001868],[-75.6556137834708,4.84594150020517],[-75.6556646966598,4.84617731417205],[-75.6556546369444,4.84654030020528],[-75.6554186429258,4.84669743478859],[-75.6553453312855,4.84663839553807]]]},"properties":{"FID":174,"BARRIO":"BARRIO URBANIZACIÓN ALTOS DE CAMILO TORRES","AÑO":"≥2000","Area_Ha":1.3861164727,"Shape_Leng":558.750876475,"Shape_Area":13861.164727,"CCInundaci":" ","CCMovMasa":" ","CCVendaval":" ","Shape__Area":14045.873046875,"Shape__Length":562.094589937745}},{"type":"Feature","id":175,"geometry":{"type":"Polygon","coordinates":[[[-75.65531218012,4.84672735920619],[-75.6550404330385,4.84668373304018],[-75.6549593393957,4.84669312945943],[-75.6549068994885,4.84668345231382],[-75.6547972010743,4.84668800414284],[-75.6546207658865,4.84667806567264],[-75.6543155463457,4.84667742248995],[-75.6541581978812,4.84666274030697],[-75.654029282041,4.84664020939179],[-75.6540208799947,4.84663874074777],[-75.6539484155063,4.84662607559658],[-75.6539722289903,4.84659811784675],[-75.6540089816415,4.84656033993533],[-75.6540106852543,4.84652599503344],[-75.6541299933729,4.84643955514005],[-75.6541790111023,4.84641021550421],[-75.6542590524907,4.84637276295144],[-75.6543406626063,4.84636475686317],[-75.6544549285956,4.84634864047093],[-75.654523515318,4.84632588598896],[-75.6546149760177,4.84629009270448],[-75.6547178049681,4.8462804943204],[-75.6548124225852,4.84629541478235],[-75.6548776082836,4.84633808091101],[-75.6549411256755,4.84639873452679],[-75.6550503170044,4.84646766344531],[-75.6552573534646,4.84656951169906],[-75.6554186429258,4.84669743478859],[-75.65531218012,4.84672735920619]]]},"properties":{"FID":175,"BARRIO":"BARRIO URBANIZACIÓN BELLAVISTA II","AÑO":"≥2000","Area_Ha":0.462121551696,"Shape_Leng":354.740284009,"Shape_Area":4621.21551696,"CCInundaci":" ","CCMovMasa":" ","CCVendaval":" ","Shape__Area":4682.80419921875,"Shape__Length":356.23697365615021}},{"type":"Feature","id":176,"geometry":{"type":"Polygon","coordinates":[[[-75.6586429233452,4.84678603085315],[-75.6586108937061,4.84669890046177],[-75.6583595186853,4.84648980643946],[-75.6584557559827,4.84638357111488],[-75.6583539916078,4.84627581407013],[-75.6587690282661,4.84588878201264],[-75.6595869950486,4.84657789200177],[-75.6595252360036,4.8466501969565],[-75.6591560053719,4.84675457061537],[-75.6588936768852,4.84680141379141],[-75.6586429233452,4.84678603085315]]]},"properties":{"FID":176,"BARRIO":"BARRIO URBANIZACIÓN LLANO AZUL","AÑO":"≥2000","Area_Ha":0.785565731705,"Shape_Leng":370.731692396,"Shape_Area":7855.65731705,"CCInundaci":" ","CCMovMasa":" ","CCVendaval":" ","Shape__Area":7960.29736328125,"Shape__Length":372.8214459344033}},{"type":"Feature","id":177,"geometry":{"type":"Polygon","coordinates":[[[-75.6582130593667,4.84674533009867],[-75.6580790439978,4.84651365533364],[-75.6583539916078,4.84627581407013],[-75.6584557559827,4.84638357111488],[-75.6583595186853,4.84648980643946],[-75.6586108937061,4.84669890046177],[-75.6586429233452,4.84678603085315],[-75.6582628318696,4.84686712659557],[-75.6582130593667,4.84674533009867]]]},"properties":{"FID":177,"BARRIO":"BARRIO URBANIZACIÓN EMAUS II","AÑO":"≥2000","Area_Ha":0.203022622263,"Shape_Leng":206.389644151,"Shape_Area":2030.22622263,"CCInundaci":" ","CCMovMasa":" ","CCVendaval":" ","Shape__Area":2057.27197265625,"Shape__Length":207.7056431873055}},{"type":"Feature","id":178,"geometry":{"type":"Polygon","coordinates":[[[-75.6713770841656,4.84564999924558],[-75.6717031469119,4.84468012180855],[-75.6718958866633,4.84467785820283],[-75.67213945527,4.84467499850224],[-75.6722524687459,4.84470425789756],[-75.6725252975618,4.84460459219876],[-75.6727482236561,4.84466666516808],[-75.6727204913658,4.84480138272167],[-75.6731397686072,4.84490432497125],[-75.673093324805,4.84528994559401],[-75.6731197095961,4.84562081264026],[-75.6729160316903,4.84619010679931],[-75.6725282835534,4.84689252950982],[-75.6721108013298,4.84689626940759],[-75.6720065575115,4.84670832156782],[-75.671814107315,4.84636134171708],[-75.6716141228503,4.84620907739348],[-75.6714684747311,4.84595931030157],[-75.6713770841656,4.84564999924558]]]},"properties":{"FID":178,"BARRIO":"BARRIO URBANIZACIÓN QUINTAS DE ARAGÓN","AÑO":"≥2000","Area_Ha":3.54567715683,"Shape_Leng":740.565485738,"Shape_Area":35456.7715683,"CCInundaci":" ","CCMovMasa":" ","CCVendaval":" ","Shape__Area":35928.19091796875,"Shape__Length":746.01325054113613}},{"type":"Feature","id":179,"geometry":{"type":"Polygon","coordinates":[[[-75.6681812132125,4.84613017142477],[-75.6686462900995,4.84555578138283],[-75.6691570664486,4.84594966557714],[-75.6691579577956,4.84595035275337],[-75.6694063054667,4.84605846924684],[-75.6695232489253,4.84589885029215],[-75.6699491383776,4.84584277236447],[-75.6700229994893,4.84583304669189],[-75.6700062604571,4.84585443494545],[-75.669033172011,4.84709781228097],[-75.6690273125242,4.84710529930617],[-75.6682237162726,4.84650035873605],[-75.6681812132125,4.84613017142477]]]},"properties":{"FID":179,"BARRIO":"BARRIO URBANIZACIÓN BOULEVAR NORTE","AÑO":"≥2000","Area_Ha":1.71023357759,"Shape_Leng":592.947937578,"Shape_Area":17102.3357759,"CCInundaci":" ","CCMovMasa":" ","CCVendaval":" ","Shape__Area":17329.84765625,"Shape__Length":596.82374767559725}},{"type":"Feature","id":180,"geometry":{"type":"Polygon","coordinates":[[[-75.6559630994718,4.84719407464541],[-75.6558405473509,4.84715049784768],[-75.6557554478515,4.8470707088498],[-75.6556738894013,4.8469733652572],[-75.6555510832494,4.84683338358335],[-75.6554741699222,4.84674892719197],[-75.6556326290203,4.84665735724856],[-75.6557312282751,4.84670497996846],[-75.6558806878378,4.84672753914574],[-75.6559559285133,4.84672183251468],[-75.6562175800626,4.84671535859224],[-75.6563168400491,4.84672610365336],[-75.6564547368753,4.84678989005844],[-75.6564550718128,4.84681125085882],[-75.6564841791271,4.84687688984178],[-75.6565626315168,4.84698153495813],[-75.6566922392832,4.84707643104992],[-75.6566581740342,4.84714753490536],[-75.6565157034909,4.84713318630632],[-75.6564234282031,4.84713416305113],[-75.6562890315539,4.84716900349051],[-75.6562340974527,4.84718644825315],[-75.6560904035986,4.84719902468195],[-75.6559630994718,4.84719407464541]]]},"properties":{"FID":180,"BARRIO":"BARRIO URBANIZACIÓN BELLAVISTA I","AÑO":"≥2000","Area_Ha":0.498424795037,"Shape_Leng":318.619306809,"Shape_Area":4984.24795037,"CCInundaci":" ","CCMovMasa":" ","CCVendaval":" ","Shape__Area":5050.6708984375,"Shape__Length":320.19625183339861}},{"type":"Feature","id":181,"geometry":{"type":"Polygon","coordinates":[[[-75.6570203426667,4.84724074232712],[-75.6569005736697,4.84714389464459],[-75.6568475279267,4.84711618400541],[-75.6566922392832,4.84707643104992],[-75.6565626315168,4.84698153495813],[-75.6564841791271,4.84687688984178],[-75.6564550718128,4.84681125085882],[-75.6564547368753,4.84678989005844],[-75.6564540703514,4.8467475644242],[-75.6564734447914,4.84670666524884],[-75.656555212252,4.84666930874911],[-75.6566505574547,4.84665017539572],[-75.6567136882236,4.84658651341335],[-75.6565988585246,4.84647193917844],[-75.6568130773842,4.84622492395261],[-75.6567340679603,4.84615598068114],[-75.6569893000812,4.84586167087762],[-75.6567845350314,4.8456829932745],[-75.6570341051233,4.84543131883785],[-75.6571044997052,4.84550155805267],[-75.6571687453489,4.8454367715894],[-75.6573016003181,4.84556933264042],[-75.6577483074625,4.84511885964433],[-75.6581284348825,4.84595264943473],[-75.6576026965513,4.84648281947575],[-75.6578193251083,4.84669550232372],[-75.6573501913182,4.84724999609023],[-75.6572271479575,4.84739542855305],[-75.6570203426667,4.84724074232712]]]},"properties":{"FID":181,"BARRIO":"BARRIO VENUS","AÑO":"1995 - 2000","Area_Ha":2.43107368944,"Shape_Leng":762.922171782,"Shape_Area":24310.7368944,"CCInundaci":" ","CCMovMasa":" ","CCVendaval":" ","Shape__Area":24634.60888671875,"Shape__Length":768.17852730310688}},{"type":"Feature","id":182,"geometry":{"type":"Polygon","coordinates":[[[-75.6658976867912,4.84670416413016],[-75.6677656600623,4.84628469176893],[-75.6678292994658,4.84664361349526],[-75.667549445388,4.84705922532503],[-75.6675254671822,4.84711343767979],[-75.6674955884483,4.8471809909786],[-75.6673338246237,4.84754672810807],[-75.666575017516,4.84779629564691],[-75.6664113365006,4.84773880381457],[-75.6664106036582,4.84773854633953],[-75.6664081597542,4.84773289117107],[-75.6662895725563,4.84745843849637],[-75.6658976867912,4.84670416413016]]]},"properties":{"FID":182,"BARRIO":"BARRIO URBANIZACIÓN CORAMUR","AÑO":"≥2000","Area_Ha":2.13830732631,"Shape_Leng":602.971301702,"Shape_Area":21383.0732631,"CCInundaci":" ","CCMovMasa":" ","CCVendaval":" ","Shape__Area":21667.65771484375,"Shape__Length":606.62769281472322}},{"type":"Feature","id":183,"geometry":{"type":"Polygon","coordinates":[[[-75.661814825746,4.84635648655571],[-75.6624170893558,4.84593697053476],[-75.6628100865636,4.8459571092866],[-75.6628522069228,4.84595926762043],[-75.6632000926537,4.84597709504767],[-75.6640641359698,4.84640128102818],[-75.6641441570333,4.84690853615664],[-75.6635000536222,4.84704113664558],[-75.6626173353629,4.84724977745256],[-75.6618294620088,4.84745485320823],[-75.6617896357291,4.84739298171955],[-75.6615531303064,4.8466766525024],[-75.661814825746,4.84635648655571]]]},"properties":{"FID":183,"BARRIO":"BARRIO URBANIZACIÓN VERACRUZ","AÑO":"≥2000","Area_Ha":3.19116406982,"Shape_Leng":733.195729949,"Shape_Area":31911.6406982,"CCInundaci":" ","CCMovMasa":" ","CCVendaval":" ","Shape__Area":32336.521484375,"Shape__Length":737.1158627509709}},{"type":"Feature","id":184,"geometry":{"type":"Polygon","coordinates":[[[-75.6606500839077,4.84616062175073],[-75.6607602646408,4.84603422329607],[-75.660842475985,4.84607404162163],[-75.6610845056903,4.84650575533283],[-75.6612195773385,4.8467466859706],[-75.6607195729433,4.84748059638029],[-75.6601677653243,4.8471715496177],[-75.6601627531623,4.84716874235812],[-75.6603584087739,4.84666090947416],[-75.6606276994502,4.84618630204692],[-75.6606500839077,4.84616062175073]]]},"properties":{"FID":184,"BARRIO":"BARRIO URBANIZACIÓN VARUA","AÑO":"≥2000","Area_Ha":1.01565324983,"Shape_Leng":407.548442415,"Shape_Area":10156.5324983,"CCInundaci":" ","CCMovMasa":" ","CCVendaval":" ","Shape__Area":10291.798828125,"Shape__Length":410.643445452758}},{"type":"Feature","id":185,"geometry":{"type":"Polygon","coordinates":[[[-75.6582628318696,4.84686712659557],[-75.6586429233452,4.84678603085315],[-75.6588936768852,4.84680141379141],[-75.6589394139861,4.84699104876421],[-75.6588382384542,4.84701612789001],[-75.6588635196276,4.84711875240206],[-75.6587167197471,4.84715513830023],[-75.6587913260466,4.84745799014093],[-75.6587521999289,4.84746768923883],[-75.6587752996557,4.84756145710759],[-75.6587161008358,4.84757613071599],[-75.6587415395887,4.84767939649359],[-75.6585277531557,4.84773238883678],[-75.6582628318696,4.84686712659557]]]},"properties":{"FID":185,"BARRIO":"BARRIO URBANIZACIÓN EMAUS I","AÑO":"≥2000","Area_Ha":0.457199217167,"Shape_Leng":325.356279034,"Shape_Area":4571.99217167,"CCInundaci":" ","CCMovMasa":" ","CCVendaval":" ","Shape__Area":4632.90185546875,"Shape__Length":327.64992482380137}},{"type":"Feature","id":186,"geometry":{"type":"Polygon","coordinates":[[[-75.6581476747502,4.84773792413524],[-75.6580858872138,4.84763733361529],[-75.6578447868993,4.8477173860709],[-75.6578283392162,4.84772284714404],[-75.6577709077904,4.84774191651784],[-75.6577009138456,4.84757487074685],[-75.6575687851843,4.84739980267099],[-75.6573501913182,4.84724999609023],[-75.6578193251083,4.84669550232372],[-75.6579102136222,4.84661189414136],[-75.6580790439978,4.84651365533364],[-75.6582130593667,4.84674533009867],[-75.6582628318696,4.84686712659557],[-75.6585386086061,4.84780093458025],[-75.6582810294555,4.84782431311666],[-75.6581476747502,4.84773792413524]]]},"properties":{"FID":186,"BARRIO":"BARRIO URBANIZACIÓN LOS ALPES","AÑO":"≥2000","Area_Ha":1.03085368119,"Shape_Leng":437.597400555,"Shape_Area":10308.5368119,"CCInundaci":" ","CCMovMasa":"Mov. en masa","CCVendaval":" ","Shape__Area":10445.8876953125,"Shape__Length":440.73306706418509}},{"type":"Feature","id":187,"geometry":{"type":"Polygon","coordinates":[[[-75.6638433670807,4.84707055792063],[-75.6641535062635,4.84699944841758],[-75.6644338381992,4.84750233866253],[-75.663818617317,4.84793285760908],[-75.6637795182783,4.84796021854888],[-75.6633137801519,4.84717469447238],[-75.663335886657,4.84717034738621],[-75.6638433670807,4.84707055792063]]]},"properties":{"FID":187,"BARRIO":"BARRIO URBANIZACIÓN LA MANUELA","AÑO":"≥2000","Area_Ha":0.732269272786,"Shape_Leng":348.525496687,"Shape_Area":7322.69272786,"CCInundaci":" ","CCMovMasa":" ","CCVendaval":" ","Shape__Area":7420.19091796875,"Shape__Length":350.7198476536858}},{"type":"Feature","id":188,"geometry":{"type":"Polygon","coordinates":[[[-75.6678014289877,4.84628476659629],[-75.668159228133,4.84622810683647],[-75.6682237162726,4.84650035873605],[-75.669033172011,4.84709781228097],[-75.6690368616811,4.84710053517884],[-75.6684774706977,4.84777867716257],[-75.6683921008309,4.84777138422774],[-75.6682624929792,4.84768603184934],[-75.667692829204,4.84731088329752],[-75.6674955884483,4.8471809909786],[-75.6674848247035,4.84717390229498],[-75.6675254671822,4.84711343767979],[-75.6678364377963,4.84665080418659],[-75.6678014289877,4.84628476659629]]]},"properties":{"FID":188,"BARRIO":"BARRIO URBANIZACIÓN EL CANEY","AÑO":"≥2000","Area_Ha":1.50026396716,"Shape_Leng":520.911121412,"Shape_Area":15002.6396716,"CCInundaci":" ","CCMovMasa":" ","CCVendaval":" ","Shape__Area":15202.2724609375,"Shape__Length":524.31382896232924}},{"type":"Feature","id":189,"geometry":{"type":"Polygon","coordinates":[[[-75.657139399998,4.84746100189358],[-75.6572565980559,4.84738204828485],[-75.6576087197931,4.84776071010476],[-75.6565760149345,4.8482836238825],[-75.6565732180329,4.84828010632518],[-75.6562577353351,4.84788333053213],[-75.6566744633439,4.84772546567594],[-75.6568398111998,4.84766282817646],[-75.657139399998,4.84746100189358]]]},"properties":{"FID":189,"BARRIO":"BARRIO URBANIZACIÓN NOGAL DE LOS ALPES","AÑO":"≥2000","Area_Ha":0.652325008229,"Shape_Leng":367.009746646,"Shape_Area":6523.25008229,"CCInundaci":" ","CCMovMasa":" ","CCVendaval":" ","Shape__Area":6610.18701171875,"Shape__Length":369.0060228134281}},{"type":"Feature","id":190,"geometry":{"type":"Polygon","coordinates":[[[-75.667692829204,4.84731088329752],[-75.6677278240697,4.84728204585068],[-75.6682624929792,4.84768603184934],[-75.6684420728999,4.84782171893742],[-75.6679762988409,4.84820106351867],[-75.6675466038329,4.84842979184114],[-75.6671831361084,4.84776886202609],[-75.6674411884116,4.84751824855581],[-75.667692829204,4.84731088329752]]]},"properties":{"FID":190,"BARRIO":"BARRIO URBANIZACIÓN VILLA ROBLE","AÑO":"≥2000","Area_Ha":0.933906621578,"Shape_Leng":384.267182095,"Shape_Area":9339.06621578,"CCInundaci":" ","CCMovMasa":" ","CCVendaval":" ","Shape__Area":9463.365234375,"Shape__Length":386.69893614746076}},{"type":"Feature","id":191,"geometry":{"type":"Polygon","coordinates":[[[-75.6657446899975,4.84803853730061],[-75.6664034795229,4.84772418008049],[-75.6664081597542,4.84773289117107],[-75.6664113365006,4.84773880381457],[-75.6665887585914,4.84806900327022],[-75.6669735667434,4.8487873843651],[-75.6663218993902,4.84911610972052],[-75.6657446899975,4.84803853730061]]]},"properties":{"FID":191,"BARRIO":"BARRIO URBANIZACIÓN LA ALAMEDA","AÑO":"≥2000","Area_Ha":1.08740630806,"Shape_Leng":430.725800751,"Shape_Area":10874.0630806,"CCInundaci":" ","CCMovMasa":" ","CCVendaval":" ","Shape__Area":11018.83349609375,"Shape__Length":433.75195240743426}},{"type":"Feature","id":192,"geometry":{"type":"Polygon","coordinates":[[[-75.6610149315643,4.84876073294641],[-75.6606811039896,4.84806696060305],[-75.6605968482833,4.84788696048911],[-75.6608445575951,4.84763883261202],[-75.6614322875116,4.84762905847985],[-75.6615863415005,4.84880028287094],[-75.6611000489042,4.84894640789051],[-75.6610149315643,4.84876073294641]]]},"properties":{"FID":192,"BARRIO":"BARRIO URBANIZACIÓN EL CARBONERO","AÑO":"≥2000","Area_Ha":1.07311713157,"Shape_Leng":420.875783432,"Shape_Area":10731.1713157,"CCInundaci":" ","CCMovMasa":" ","CCVendaval":" ","Shape__Area":10874.12890625,"Shape__Length":423.99424029509493}},{"type":"Feature","id":193,"geometry":{"type":"Polygon","coordinates":[[[-75.6597938213903,4.8484987527234],[-75.6606811039896,4.84806696060305],[-75.6610149315643,4.84876073294641],[-75.6601290394752,4.84919184868399],[-75.6597938213903,4.8484987527234]]]},"properties":{"FID":193,"BARRIO":"BARRIO URBANIZACIÓN EL BOSQUE","AÑO":"≥2000","Area_Ha":0.931669930308,"Shape_Leng":389.095629322,"Shape_Area":9316.69930308,"CCInundaci":" ","CCMovMasa":" ","CCVendaval":" ","Shape__Area":9440.83544921875,"Shape__Length":391.58339054005012}},{"type":"Feature","id":194,"geometry":{"type":"Polygon","coordinates":[[[-75.6590384621942,4.84928874107944],[-75.6589559741587,4.84905630349585],[-75.6588954811362,4.84892914765723],[-75.6588502929013,4.84878314513436],[-75.6587811595295,4.84846024417416],[-75.6587764177838,4.84844293740226],[-75.659018027502,4.84841753667068],[-75.6591336911502,4.84847580817569],[-75.6593700414593,4.84786788883452],[-75.6597683925772,4.84803404703845],[-75.6596573187651,4.8482975780251],[-75.6594683410063,4.84875148569849],[-75.6592864814837,4.84918606641753],[-75.6592128257619,4.84936299203784],[-75.6590384621942,4.84928874107944]]]},"properties":{"FID":194,"BARRIO":"BARRIO URBANIZACIÓN PUERTO NUEVO","AÑO":"≥2000","Area_Ha":0.837834847795,"Shape_Leng":440.079866473,"Shape_Area":8378.34847795,"CCInundaci":" ","CCMovMasa":" ","CCVendaval":" ","Shape__Area":8489.99609375,"Shape__Length":443.54784833309316}},{"type":"Feature","id":195,"geometry":{"type":"Polygon","coordinates":[[[-75.6528944640604,4.84928034758957],[-75.6532193107328,4.84911117981242],[-75.6533942852909,4.8490591476386],[-75.6537856746296,4.84896601231296],[-75.6538728068147,4.84901327614065],[-75.6539094482439,4.84920242442564],[-75.6533119436014,4.84932348011011],[-75.6529661949733,4.8494611908579],[-75.6528944640604,4.84928034758957]]]},"properties":{"FID":195,"BARRIO":"BARRIO URBANIZACIÓN VILLA MARIA","AÑO":"≥2000","Area_Ha":0.285825648079,"Shape_Leng":268.234096888,"Shape_Area":2858.25648079,"CCInundaci":" ","CCMovMasa":" ","CCVendaval":" ","Shape__Area":2896.376953125,"Shape__Length":269.53827713938171}},{"type":"Feature","id":196,"geometry":{"type":"Polygon","coordinates":[[[-75.6541956891919,4.85000635843941],[-75.6538709155113,4.84945200841683],[-75.6536701161363,4.84947417880842],[-75.6536538871643,4.84939814559086],[-75.6533341895763,4.84946114699675],[-75.6533119436014,4.84932348011011],[-75.6539094482439,4.84920242442564],[-75.6539169643952,4.84920090136737],[-75.6540749359638,4.84916889671884],[-75.6543898463126,4.84895660122952],[-75.6544795830837,4.84889610554656],[-75.6548398883903,4.84863341074415],[-75.6548408068818,4.84863274083749],[-75.6548408694966,4.84863284998315],[-75.6548526787371,4.84865331768726],[-75.6549826866343,4.84887865182825],[-75.6549924133434,4.84889551055101],[-75.6552020453785,4.8487784561362],[-75.6555936528739,4.84890833275901],[-75.6557567356484,4.84894537185625],[-75.6557991000935,4.84895499353452],[-75.6559949096878,4.84901704224074],[-75.6559883774108,4.84904637406843],[-75.6559707476322,4.84915638842705],[-75.6559585413241,4.84923286147878],[-75.6559224113616,4.84932522715391],[-75.6559153659197,4.84938490409871],[-75.6558949691181,4.84944140876776],[-75.6558700967641,4.84947583572123],[-75.6558354490195,4.84950032568628],[-75.6558086824427,4.84951246044986],[-75.6557938394098,4.84951918901978],[-75.6557798354071,4.84952521002337],[-75.6557470675662,4.84954066732137],[-75.6557164463513,4.84955722003703],[-75.655659532884,4.84958874079194],[-75.6555957251357,4.84962201090464],[-75.65555799763,4.84963979939833],[-75.6555113655429,4.84965807042673],[-75.6554871075793,4.84966361192157],[-75.655462240558,4.84966436517505],[-75.6554241076484,4.84966421591236],[-75.6553862566477,4.84966885979149],[-75.6553471710899,4.84967701358156],[-75.6552936796337,4.84969167271853],[-75.6552673470019,4.84970484634127],[-75.655224242351,4.84973483643074],[-75.6551922497486,4.84976463364679],[-75.6551480384743,4.84979766212765],[-75.6551131141952,4.84981505897225],[-75.6550754479174,4.84982730710359],[-75.6550364049747,4.84983391747688],[-75.6550054520628,4.84983663929382],[-75.6549744668849,4.84983894627077],[-75.6548781844151,4.84984463809195],[-75.6548157912698,4.84984715626613],[-75.6547533598453,4.84984841341508],[-75.6547200801591,4.84984937873095],[-75.6546868612756,4.84985160407246],[-75.6546505800486,4.8498591889972],[-75.6546119624242,4.84987108645586],[-75.6545727505748,4.84988083728746],[-75.6545291466233,4.84988732091931],[-75.6544850684677,4.8498877753963],[-75.6544423804133,4.84988831300316],[-75.6544001935893,4.84989487784588],[-75.6543691230202,4.84990924264807],[-75.6543464543464,4.84993494484119],[-75.6543206517425,4.84996637033503],[-75.6542857940926,4.84998722313164],[-75.6542377622247,4.85000111489113],[-75.6541956891919,4.85000635843941]]]},"properties":{"FID":196,"BARRIO":"BARRIO URBANIZACIÓN LOS LIBERTADORES","AÑO":"≥2000","Area_Ha":2.26671701742,"Shape_Leng":749.488899837,"Shape_Area":22667.1701742,"CCInundaci":" ","CCMovMasa":" ","CCVendaval":" ","Shape__Area":22969.4453125,"Shape__Length":753.50085082079613}},{"type":"Feature","id":197,"geometry":{"type":"Polygon","coordinates":[[[-75.6620109070925,4.84808636049448],[-75.6618298892446,4.8475112395313],[-75.6625265240082,4.84734526412783],[-75.6633328768298,4.84716516543723],[-75.663335886657,4.84717034738621],[-75.6637890776083,4.84795067015332],[-75.663818617317,4.84793285760908],[-75.6639624261234,4.84784614178916],[-75.6650133953402,4.84947705280811],[-75.6630208068735,4.8504557954037],[-75.6624833035468,4.84978014888493],[-75.6623278696662,4.84865028822724],[-75.6620109070925,4.84808636049448]]]},"properties":{"FID":197,"BARRIO":"BARRIO URBANIZACIÓN QUINTAS DEL BOSQUE","AÑO":"≥2000","Area_Ha":7.17818528816,"Shape_Leng":1115.17753455,"Shape_Area":71781.8528816,"CCInundaci":" ","CCMovMasa":" ","CCVendaval":" ","Shape__Area":72737.96533203125,"Shape__Length":1122.7799663276742}},{"type":"Feature","id":198,"geometry":{"type":"Polygon","coordinates":[[[-75.6569539863453,4.84920400018228],[-75.6567931801301,4.84913190466729],[-75.6558781469801,4.84989539005677],[-75.6558773285832,4.84989607313239],[-75.6558713286252,4.84987483315307],[-75.6558257646544,4.84971354657872],[-75.655941411023,4.84971130430954],[-75.6559147388243,4.84967957443428],[-75.6557938394098,4.84951918901978],[-75.6558086824427,4.84951246044986],[-75.6558354490195,4.84950032568628],[-75.6558700967641,4.84947583572123],[-75.6558949691181,4.84944140876776],[-75.6559153659197,4.84938490409871],[-75.6559224113616,4.84932522715391],[-75.6559585413241,4.84923286147878],[-75.6559707476322,4.84915638842705],[-75.6559949096878,4.84901704224074],[-75.6563269990925,4.84903250356909],[-75.6563118662238,4.84897500769985],[-75.6564091234565,4.84883003640474],[-75.6564001373299,4.84880020511217],[-75.6571588077302,4.84856820745223],[-75.6571344579605,4.84846705091816],[-75.6571517216386,4.84840451042885],[-75.6573497459629,4.84829086079837],[-75.6574280597298,4.84821662199869],[-75.657481398851,4.84812204875094],[-75.6576783407789,4.84792756207666],[-75.6576382914747,4.84782820135858],[-75.6578283392162,4.84772284714404],[-75.6578432797459,4.84771456499829],[-75.6578447868993,4.8477173860709],[-75.65787933518,4.84778204337194],[-75.658078526984,4.84772802104904],[-75.6581671569318,4.84800041155578],[-75.6586084359282,4.84812736962849],[-75.6586639794287,4.84814822556021],[-75.6587116882299,4.84820665530665],[-75.6587764177838,4.84844293740226],[-75.6587811595295,4.84846024417416],[-75.6588502929013,4.84878314513436],[-75.6588954811362,4.84892914765723],[-75.6589559741587,4.84905630349585],[-75.6590384621942,4.84928874107944],[-75.6592128257619,4.84936299203784],[-75.6589306396146,4.84990035117492],[-75.658826083077,4.85010044308407],[-75.658365478197,4.84985278471186],[-75.6569539863453,4.84920400018228]]]},"properties":{"FID":198,"BARRIO":"BARRIO URBANIZACIÓN EL ZAFIRO","AÑO":"≥2000","Area_Ha":4.56778453406,"Shape_Leng":1163.82633367,"Shape_Area":45677.8453406,"CCInundaci":" ","CCMovMasa":" ","CCVendaval":" ","Shape__Area":46286.6953125,"Shape__Length":1171.1763498809439}},{"type":"Feature","id":199,"geometry":{"type":"Polygon","coordinates":[[[-75.6592558193096,4.85027051486272],[-75.6599936489936,4.8498953599494],[-75.6599202678771,4.84975014679006],[-75.6611456501019,4.8491270899169],[-75.6613754554127,4.84968833495573],[-75.6608453054822,4.85085375398278],[-75.6598152185029,4.85137750887926],[-75.6592558193096,4.85027051486272]]]},"properties":{"FID":199,"BARRIO":"BARRIO URBANIZACIÓN AGUASUL","AÑO":"≥2000","Area_Ha":3.07273764788,"Shape_Leng":736.448697515,"Shape_Area":30727.3764788,"CCInundaci":" ","CCMovMasa":" ","CCVendaval":" ","Shape__Area":31136.93896484375,"Shape__Length":741.3883624440266}},{"type":"Feature","id":200,"geometry":{"type":"Polygon","coordinates":[[[-75.6566133745881,4.85198633691554],[-75.6558229612233,4.85208755893811],[-75.6557282681783,4.85134356150135],[-75.6558417100077,4.85132903250349],[-75.6557928451899,4.85094509435129],[-75.6564765301342,4.85085238812105],[-75.6564860621331,4.85092728300032],[-75.6566274162495,4.85095991482104],[-75.6566487939174,4.85105487666378],[-75.6566501307035,4.85105469330163],[-75.6579450750413,4.85087671394557],[-75.657966779243,4.85104723860565],[-75.6576012525078,4.85168350801073],[-75.6573358252321,4.85171749996577],[-75.6571678347513,4.85203939306278],[-75.6566289108671,4.85210840928143],[-75.6566133745881,4.85198633691554]]]},"properties":{"FID":200,"BARRIO":"BARRIO JÚPITER","AÑO":"1995 - 2000","Area_Ha":2.50521647517,"Shape_Leng":727.824610913,"Shape_Area":25052.1647517,"CCInundaci":" ","CCMovMasa":" ","CCVendaval":" ","Shape__Area":25386.32421875,"Shape__Length":732.06890787841439}},{"type":"Feature","id":201,"geometry":{"type":"Polygon","coordinates":[[[-75.654858251055,4.8522214869842],[-75.6548238084751,4.85197186108031],[-75.654807058168,4.85197418623477],[-75.6547518158856,4.85157380978843],[-75.6546819735802,4.85158350577932],[-75.6546219759363,4.8513713932381],[-75.6544895073071,4.85114990757275],[-75.6544512679585,4.85101579438052],[-75.6543837346747,4.85084974817933],[-75.6543476443085,4.85085475759083],[-75.6542848801654,4.85065329574411],[-75.6542446515578,4.85065888103358],[-75.6541763545754,4.85047865479257],[-75.6541319297217,4.85009746946872],[-75.6548951332054,4.85002731996599],[-75.6558162364565,4.84970874370191],[-75.6558713286252,4.84987483315307],[-75.6558781469801,4.84989539005677],[-75.6558827837529,4.84990936943704],[-75.655877306351,4.84997659999941],[-75.6566249124708,4.85009421079557],[-75.6577081375757,4.85026461838002],[-75.6578906531044,4.85028899837378],[-75.6580418076863,4.85030348207356],[-75.6584283357892,4.85046087150464],[-75.6582781554711,4.85084728862626],[-75.6579450750413,4.85087671394557],[-75.6566501307035,4.85105469330163],[-75.6566487939174,4.85105487666378],[-75.6566274162495,4.85095991482104],[-75.6564860621331,4.85092728300032],[-75.6564765301342,4.85085238812105],[-75.6557928451899,4.85094509435129],[-75.6558417100077,4.85132903250349],[-75.6557282681783,4.85134356150135],[-75.6558229612233,4.85208755893811],[-75.654858251055,4.8522214869842]]]},"properties":{"FID":201,"BARRIO":"BARRIO EL DIVINO NIÑO","AÑO":"1970","Area_Ha":5.98841098053,"Shape_Leng":1365.78484186,"Shape_Area":59884.1098053,"CCInundaci":" ","CCMovMasa":" ","CCVendaval":" ","Shape__Area":60682.83349609375,"Shape__Length":1373.4443817027586}},{"type":"Feature","id":202,"geometry":{"type":"Polygon","coordinates":[[[-75.6539039999136,4.85146042854238],[-75.6531649966893,4.85182475343048],[-75.6528269598559,4.851134834319],[-75.6532849554407,4.85090904451007],[-75.6531308935338,4.85059461207476],[-75.6534119000734,4.85045607688903],[-75.6531386542116,4.84989839569583],[-75.653336882046,4.84980067006071],[-75.653408304034,4.84994644026721],[-75.6535699830461,4.84986673340776],[-75.6536765033112,4.85008413573775],[-75.6538722077857,4.84998765482999],[-75.6540203178841,4.85028994076557],[-75.6541480549282,4.85027354870062],[-75.6541763545754,4.85047865479257],[-75.6542446515578,4.85065888103358],[-75.6542848801654,4.85065329574411],[-75.6543476443085,4.85085475759083],[-75.6543837346747,4.85084974817933],[-75.6544512679585,4.85101579438052],[-75.6544895073071,4.85114990757275],[-75.6546219759363,4.8513713932381],[-75.6546819735802,4.85158350577932],[-75.6547518158856,4.85157380978843],[-75.654807058168,4.85197418623477],[-75.6548238084751,4.85197186108031],[-75.654858251055,4.8522214869842],[-75.654696671799,4.85230114425621],[-75.6547614894961,4.85243343326518],[-75.6544548187076,4.85258462049731],[-75.6539039999136,4.85146042854238]]]},"properties":{"FID":202,"BARRIO":"BARRIO CESAR AUGUSTO LÓPEZ ARIAS","AÑO":"1975","Area_Ha":3.09717378075,"Shape_Leng":999.625427149,"Shape_Area":30971.7378075,"CCInundaci":" ","CCMovMasa":" ","CCVendaval":" ","Shape__Area":31384.966796875,"Shape__Length":1007.054184310552}},{"type":"Feature","id":203,"geometry":{"type":"Polygon","coordinates":[[[-75.6607743220892,4.85285257210149],[-75.6606359889364,4.85286663332427],[-75.6604506817765,4.8525361596669],[-75.6613673186224,4.85207405179244],[-75.6615240502888,4.85238532973507],[-75.6614481714249,4.85242463920481],[-75.6615070764617,4.85254120595973],[-75.6613746951719,4.85260851644513],[-75.6614082161026,4.85267485160905],[-75.6612260093898,4.85276749510095],[-75.6611082311861,4.85281978578042],[-75.6610461525927,4.85285792701193],[-75.6609889335157,4.85285302304635],[-75.6608982995096,4.85286240120838],[-75.6607743220892,4.85285257210149]]]},"properties":{"FID":203,"BARRIO":"BARRIO URBANIZACIÓN LA SEMILLA","AÑO":"≥2000","Area_Ha":0.613691759751,"Shape_Leng":333.706671555,"Shape_Area":6136.91759751,"CCInundaci":" ","CCMovMasa":" ","CCVendaval":" ","Shape__Area":6218.75244140625,"Shape__Length":335.60273146760971}},{"type":"Feature","id":204,"geometry":{"type":"Polygon","coordinates":[[[-75.653112522142,4.85262744655855],[-75.6523935235371,4.85214249245447],[-75.6518538483342,4.85096762883783],[-75.6521429293698,4.85020938696305],[-75.6529620133069,4.84955796585925],[-75.6531386542116,4.84989839569583],[-75.6534119000734,4.85045607688903],[-75.6531308935338,4.85059461207476],[-75.6532849554407,4.85090904451007],[-75.6528269598559,4.851134834319],[-75.6531649966893,4.85182475343048],[-75.6539039999136,4.85146042854238],[-75.6544548187076,4.85258462049731],[-75.6537831374021,4.85288037774558],[-75.653112522142,4.85262744655855]]]},"properties":{"FID":204,"BARRIO":"BARRIO URBANIZACIÓN PIAMONTE","AÑO":"≥2000","Area_Ha":4.70371499345,"Shape_Leng":1162.12792221,"Shape_Area":47037.1499345,"CCInundaci":" ","CCMovMasa":" ","CCVendaval":" ","Shape__Area":47664.8349609375,"Shape__Length":1170.1930748020222}},{"type":"Feature","id":205,"geometry":{"type":"Polygon","coordinates":[[[-75.6604612358377,4.85404263451942],[-75.6630661079017,4.85271007403656],[-75.6635724634594,4.85245261104625],[-75.6639467655871,4.85319330351677],[-75.6638713068535,4.85323167135268],[-75.6614034072416,4.85446650827226],[-75.6607582159176,4.85479453899438],[-75.6607287425763,4.85475925950325],[-75.6607251708148,4.85465812461848],[-75.6606825095899,4.85455311544383],[-75.6606813758169,4.85449243758026],[-75.6606678517569,4.85443397291346],[-75.6606474771415,4.85437990187967],[-75.6606274358952,4.8543462631005],[-75.6606035849596,4.85430205822456],[-75.6605931492732,4.85425500055486],[-75.6605722544127,4.85417144473056],[-75.660553187114,4.85413012843723],[-75.6605139350366,4.85408177951238],[-75.6604612358377,4.85404263451942]]]},"properties":{"FID":205,"BARRIO":"BARRIO URBANIZACIÓN TEJARES DE LA LOMA","AÑO":"≥2000","Area_Ha":3.50697258933,"Shape_Leng":967.461331417,"Shape_Area":35069.7258933,"CCInundaci":" ","CCMovMasa":" ","CCVendaval":" ","Shape__Area":35537.41552734375,"Shape__Length":972.72110381011692}},{"type":"Feature","id":206,"geometry":{"type":"Polygon","coordinates":[[[-75.6638369772723,4.85436844922766],[-75.6620291849344,4.85525807495806],[-75.6618365404722,4.85535287654867],[-75.6614034072416,4.85446650827226],[-75.6638713068535,4.85323167135268],[-75.6643179606609,4.85413175303028],[-75.6638369772723,4.85436844922766]]]},"properties":{"FID":206,"BARRIO":"BARRIO URBANIZACIÓN TEJARES DE LA LOMA - ETAPA I","AÑO":"≥2000","Area_Ha":3.37580961379,"Shape_Leng":833.072686759,"Shape_Area":33758.0961379,"CCInundaci":" ","CCMovMasa":" ","CCVendaval":" ","Shape__Area":34208.33447265625,"Shape__Length":837.81889802807734}},{"type":"Feature","id":207,"geometry":{"type":"Polygon","coordinates":[[[-75.6656560313845,4.85598749060842],[-75.6663731306342,4.85244508910309],[-75.6670447333802,4.85070244488944],[-75.6675749690434,4.85001988611909],[-75.669070408733,4.84925926447387],[-75.6696234365286,4.85101324255577],[-75.6668978823784,4.85445463256772],[-75.6662807902048,4.85522507617268],[-75.6659036942434,4.85568732842577],[-75.6656560313845,4.85598749060842]]]},"properties":{"FID":207,"BARRIO":"BARRIO URBANIZACIÓN COLINAS DEL BOSQUE","AÑO":"≥2000","Area_Ha":12.4363868703,"Shape_Leng":1796.3901848,"Shape_Area":124363.868703,"CCInundaci":" ","CCMovMasa":" ","CCVendaval":" ","Shape__Area":126020.63916015625,"Shape__Length":1810.8707785199797}},{"type":"Feature","id":208,"geometry":{"type":"Polygon","coordinates":[[[-75.6593469504787,4.85548794936133],[-75.6600112814476,4.85512999168659],[-75.6598690458217,4.8548643908405],[-75.6606678517569,4.85443397291346],[-75.6606813758169,4.85449243758026],[-75.6606825095899,4.85455311544383],[-75.6607126189969,4.85462902542366],[-75.6607251708148,4.85465812461848],[-75.6607287425763,4.85475925950325],[-75.6607582159176,4.85479453899438],[-75.6607752897793,4.85481497752923],[-75.6608104698905,4.85487825584699],[-75.6608405802372,4.85495416399301],[-75.6609161598953,4.85499730226857],[-75.6610313971545,4.85498785128135],[-75.6612017431584,4.85498820884532],[-75.6612999744089,4.85503561163143],[-75.6613897711568,4.85514268669675],[-75.6615701874846,4.85541837916506],[-75.6612408077977,4.85556598673164],[-75.659794142029,4.856337929481],[-75.6593469504787,4.85548794936133]]]},"properties":{"FID":208,"BARRIO":"BARRIO BOSQUES DE LA ACUARELA ETAPA III","AÑO":"1993","Area_Ha":2.46747996228,"Shape_Leng":713.384163309,"Shape_Area":24674.7996228,"CCInundaci":" ","CCMovMasa":" ","CCVendaval":" ","Shape__Area":25004.0615234375,"Shape__Length":717.68641079770828}},{"type":"Feature","id":209,"geometry":{"type":"Polygon","coordinates":[[[-75.6621401802152,4.85641374231065],[-75.6620520410919,4.8563846559623],[-75.6617285152366,4.8561748688378],[-75.6617461552177,4.85557758653023],[-75.6620897505909,4.8553762161097],[-75.6621110568804,4.8554177756817],[-75.6624242202808,4.85546680683115],[-75.6628527104772,4.85551775466083],[-75.662902265503,4.85549219379907],[-75.6629260458819,4.85553858116376],[-75.6630786982438,4.85545984054479],[-75.6631116890703,4.85552419494454],[-75.663175205533,4.85549143144439],[-75.6632057132486,4.85555094265455],[-75.6632920787555,4.8555063940052],[-75.663317767361,4.85555650304532],[-75.6633657222088,4.85553176755428],[-75.6633887460427,4.85557667702504],[-75.663481666807,4.85552874660078],[-75.6635083172437,4.8555807304594],[-75.6635415082971,4.85564166668147],[-75.6634226059716,4.85577379253352],[-75.6632114820908,4.85605324186292],[-75.6631066230916,4.85618734006528],[-75.6630939102971,4.8562035973349],[-75.663065253596,4.85624024352721],[-75.6630287493409,4.85629409330815],[-75.6629407410721,4.8564239219973],[-75.6628135363964,4.85642025488916],[-75.6625590479512,4.85645202236236],[-75.6621401802152,4.85641374231065]]]},"properties":{"FID":209,"BARRIO":"BARRIO URBANIZACIÓN ACACIAS","AÑO":"≥2000","Area_Ha":1.71182619497,"Shape_Leng":558.717836296,"Shape_Area":17118.2619497,"CCInundaci":" ","CCMovMasa":" ","CCVendaval":" ","Shape__Area":17346.65625,"Shape__Length":562.01085546409092}},{"type":"Feature","id":210,"geometry":{"type":"Polygon","coordinates":[[[-75.6635083172437,4.8555807304594],[-75.6642589503567,4.85519353880418],[-75.6645993313372,4.85549600429112],[-75.6645875572942,4.85563079786522],[-75.6645800466375,4.85571678894208],[-75.6645777756555,4.85574278504737],[-75.6641398133923,4.85686024668292],[-75.6631350503246,4.85636659841176],[-75.6630287493409,4.85629409330815],[-75.663065253596,4.85624024352721],[-75.6630939102971,4.8562035973349],[-75.6631066230916,4.85618734006528],[-75.6632114820908,4.85605324186292],[-75.6632173138669,4.85604578385187],[-75.6634226059716,4.85577379253352],[-75.6635415082971,4.85564166668147],[-75.6635083172437,4.8555807304594]]]},"properties":{"FID":210,"BARRIO":"BARRIO URBANIZACIÓN VILLA CALDAS","AÑO":"≥2000","Area_Ha":1.80073620223,"Shape_Leng":542.368442891,"Shape_Area":18007.3620223,"CCInundaci":" ","CCMovMasa":" ","CCVendaval":" ","Shape__Area":18247.58349609375,"Shape__Length":546.00563319935634}},{"type":"Feature","id":211,"geometry":{"type":"Polygon","coordinates":[[[-75.6608762817548,4.85736229287422],[-75.6608292384305,4.85738764127767],[-75.6607936862475,4.85732125363421],[-75.6607474406716,4.8573461712627],[-75.6607193789913,4.85729376968914],[-75.6606672055545,4.85732188215406],[-75.6606404258953,4.85727187579316],[-75.660592632466,4.85729762764087],[-75.6605382678195,4.85719611010847],[-75.6604375751306,4.85725036600808],[-75.6604105893857,4.85719997440665],[-75.6603550036494,4.85722992471149],[-75.6603269184005,4.8571774807044],[-75.6602535220896,4.85721702828071],[-75.6600380849088,4.85681473425681],[-75.6600036950285,4.85683326396895],[-75.6598337811657,4.85651597706613],[-75.6600021095907,4.85642527754815],[-75.65994766072,4.85632360471333],[-75.661272204194,4.85560990590904],[-75.6613047891592,4.85566847158546],[-75.6614103303704,4.85586555231732],[-75.6613370727962,4.85590502612478],[-75.6613635745471,4.85595451191536],[-75.6613106358612,4.85598303691986],[-75.6613351574203,4.85602882840172],[-75.661292050804,4.85605205568484],[-75.6613320054742,4.85612666463361],[-75.661261633996,4.85616458292448],[-75.661335394813,4.85630231821101],[-75.6612855697741,4.85632916475612],[-75.6613076508159,4.85637039765174],[-75.6612554612911,4.85639851921495],[-75.6612915681608,4.85646594341236],[-75.6612120238209,4.85650880425947],[-75.6614273777596,4.85691093970083],[-75.6612667672649,4.8569974811315],[-75.6612937376068,4.85704784470338],[-75.6611480235888,4.85712635984319],[-75.661266980043,4.85734849056054],[-75.6610191145416,4.8574820458655],[-75.6609580362897,4.85751495609617],[-75.6608762817548,4.85736229287422]]]},"properties":{"FID":211,"BARRIO":"BARRIO BOSQUES DE LA ACUARELA ETAPA III","AÑO":"1993","Area_Ha":2.14844587931,"Shape_Leng":714.449058785,"Shape_Area":21484.4587931,"CCInundaci":" ","CCMovMasa":" ","CCVendaval":" ","Shape__Area":21771.21630859375,"Shape__Length":719.13704812880133}},{"type":"Feature","id":212,"geometry":{"type":"Polygon","coordinates":[[[-75.6615005348038,4.85650930444191],[-75.6617285152366,4.8561748688378],[-75.6620520410919,4.8563846559623],[-75.6621401802152,4.85641374231065],[-75.6625590479512,4.85645202236236],[-75.6628135363964,4.85642025488916],[-75.6629407410721,4.8564239219973],[-75.662817141208,4.85660982266821],[-75.6626269442406,4.85688018409706],[-75.6625145464066,4.85700985058293],[-75.6624196407191,4.85713079614318],[-75.6623273609627,4.85724934642936],[-75.6622747677154,4.85733097189663],[-75.6621842460487,4.85744462971194],[-75.6621233219643,4.8575080613496],[-75.6621099671907,4.85752196608771],[-75.6615017045406,4.85710856481395],[-75.6617787621255,4.85669839935972],[-75.6615005348038,4.85650930444191]]]},"properties":{"FID":212,"BARRIO":"BARRIO URBANIZACIÓN EL ROSAL","AÑO":"≥2000","Area_Ha":1.22101432516,"Shape_Leng":513.414716008,"Shape_Area":12210.1432516,"CCInundaci":" ","CCMovMasa":" ","CCVendaval":" ","Shape__Area":12373.09423828125,"Shape__Length":516.565543220435}},{"type":"Feature","id":213,"geometry":{"type":"Polygon","coordinates":[[[-75.65905241643,4.85753711197801],[-75.6590664838315,4.85749506283119],[-75.6590040936129,4.85752626220333],[-75.6588576715425,4.85715877914163],[-75.6591822925041,4.85700638030461],[-75.6592535088758,4.85714181887022],[-75.6593913051781,4.85740387792883],[-75.6590922083128,4.85752146752841],[-75.65905241643,4.85753711197801]]]},"properties":{"FID":213,"BARRIO":"BARRIO URBANIZACIÓN CARLOS ARIEL ESCOBAR","AÑO":"≥2000","Area_Ha":0.201908407183,"Shape_Leng":186.278024718,"Shape_Area":2019.08407183,"CCInundaci":" ","CCMovMasa":" ","CCVendaval":" ","Shape__Area":2046.0419921875,"Shape__Length":187.53232495228806}},{"type":"Feature","id":214,"geometry":{"type":"Polygon","coordinates":[[[-75.6587292074093,4.85818879870013],[-75.6583195654663,4.85819021205497],[-75.6582571060702,4.85807135999371],[-75.658223327316,4.85756567865061],[-75.6587415833272,4.85762403409716],[-75.6589163086809,4.85779425228711],[-75.6589355901421,4.85802876481705],[-75.6589580674728,4.85830575833124],[-75.6587372878147,4.85832290064213],[-75.6587292074093,4.85818879870013]]]},"properties":{"FID":214,"BARRIO":"BARRIO URBANIZACIÓN GALAXIA","AÑO":"≥2000","Area_Ha":0.503022711914,"Shape_Leng":297.458943162,"Shape_Area":5030.22711914,"CCInundaci":"Inundación","CCMovMasa":" ","CCVendaval":" ","Shape__Area":5097.40478515625,"Shape__Length":299.46661952375757}},{"type":"Feature","id":215,"geometry":{"type":"Polygon","coordinates":[[[-75.6563888774258,4.85852735735429],[-75.6564380461887,4.85782184679426],[-75.6567893074467,4.85804383912504],[-75.6569281354909,4.85829257457195],[-75.6564549133871,4.85853864104292],[-75.6563888774258,4.85852735735429]]]},"properties":{"FID":215,"BARRIO":"BARRIO URBANIZACIÓN PUERTO AZUL","AÑO":"≥2000","Area_Ha":0.274326661043,"Shape_Leng":222.397399321,"Shape_Area":2743.26661043,"CCInundaci":" ","CCMovMasa":" ","CCVendaval":" ","Shape__Area":2779.91259765625,"Shape__Length":223.99041041790636}},{"type":"Feature","id":216,"geometry":{"type":"Polygon","coordinates":[[[-75.6584209353318,4.85839984839194],[-75.6583186437551,4.85827926669668],[-75.6583195654663,4.85819021205497],[-75.6587292074093,4.85818879870013],[-75.6587372878147,4.85832290064213],[-75.6589580674728,4.85830575833124],[-75.6589355901421,4.85802876481705],[-75.6593035701216,4.85797208029621],[-75.6590922083128,4.85752146752841],[-75.659090608673,4.85751805739074],[-75.6593722485042,4.85739427061614],[-75.6592535088758,4.85714181887022],[-75.6591965703216,4.85702076184367],[-75.6593636600113,4.85693978772438],[-75.659596728245,4.85723687481832],[-75.6595994146669,4.85724690652934],[-75.6596289306163,4.85735713976376],[-75.6596582471851,4.8574666288318],[-75.6596837710797,4.85755104968663],[-75.6597624494476,4.8578112832605],[-75.659838316096,4.85802193201275],[-75.6598409683205,4.85810688428038],[-75.6598857773293,4.85826532581513],[-75.6599113620825,4.8582613780616],[-75.6599503886191,4.85840998090454],[-75.6592235652912,4.8586020393867],[-75.6592011508063,4.85867366981971],[-75.6589137997147,4.85874959935895],[-75.6587949594526,4.85844951477574],[-75.6586555912579,4.85844244877948],[-75.6585823810517,4.85843873621072],[-75.6584209353318,4.85839984839194]]]},"properties":{"FID":216,"BARRIO":"BARRIO URBANIZACIÓN LA FLORESTA","AÑO":"≥2000","Area_Ha":1.35853852813,"Shape_Leng":722.838354034,"Shape_Area":13585.3852813,"CCInundaci":" ","CCMovMasa":" ","CCVendaval":" ","Shape__Area":13766.80078125,"Shape__Length":727.62207904095487}},{"type":"Feature","id":217,"geometry":{"type":"Polygon","coordinates":[[[-75.6612293000313,4.85952330280363],[-75.6611132068916,4.85948090346014],[-75.6611185040867,4.85929040254452],[-75.6611206369027,4.85826858493811],[-75.6617102820255,4.85826982298144],[-75.6617584308297,4.85922288936632],[-75.6617748796728,4.85954847924685],[-75.6613057997428,4.85959102391434],[-75.6612293000313,4.85952330280363]]]},"properties":{"FID":217,"BARRIO":"BARRIO BOSQUES DE LA ACUARELA ETAPA I","AÑO":"1993","Area_Ha":0.985974468283,"Shape_Leng":418.434093964,"Shape_Area":9859.74468283,"CCInundaci":" ","CCMovMasa":" ","CCVendaval":" ","Shape__Area":9991.4013671875,"Shape__Length":421.71176265020836}},{"type":"Feature","id":218,"geometry":{"type":"Polygon","coordinates":[[[-75.6605400537134,4.86021144981756],[-75.6604828965177,4.86025141622456],[-75.660422842237,4.86016500100588],[-75.6603306137618,4.86022949112031],[-75.6602934998473,4.86017608475235],[-75.6602594927816,4.86019986383705],[-75.6600638195854,4.85991830014705],[-75.6596917005164,4.85938283934739],[-75.6595847598934,4.85902932880986],[-75.6594897996663,4.8590582321465],[-75.6594378023181,4.85888634390417],[-75.6593284198794,4.85889876613637],[-75.6592011508063,4.85867366981971],[-75.6592235652912,4.8586020393867],[-75.6599503886191,4.85840998090454],[-75.6599113620825,4.8582613780616],[-75.660322084492,4.85819801322415],[-75.6607735755462,4.85810293462504],[-75.6610309001128,4.85802513778681],[-75.6610796335869,4.85801316637995],[-75.6611195349252,4.8581131741575],[-75.6611206369027,4.85826858493811],[-75.6611185040867,4.85929040254452],[-75.6611132068916,4.85948090346014],[-75.6607559117667,4.85954818069621],[-75.6608924209395,4.86024862987819],[-75.660682297757,4.8603821360373],[-75.6605400537134,4.86021144981756]]]},"properties":{"FID":218,"BARRIO":"BARRIO BOSQUES DE LA ACUARELA ETAPA II","AÑO":"1993","Area_Ha":3.27099939628,"Shape_Leng":842.476698527,"Shape_Area":32709.9939628,"CCInundaci":" ","CCMovMasa":" ","CCVendaval":" ","Shape__Area":33146.84228515625,"Shape__Length":848.41436189212391}},{"type":"Feature","id":219,"geometry":{"type":"Polygon","coordinates":[[[-75.6587224507296,4.8599514933186],[-75.6587183024835,4.85994746039676],[-75.6585957469406,4.86002640663607],[-75.6585943858219,4.86002728352276],[-75.6585702587718,4.86004282553025],[-75.6583943932755,4.85986225057339],[-75.6581425023641,4.85960361497703],[-75.6580572459964,4.85948720797177],[-75.657862368083,4.8592211255699],[-75.6578043319188,4.85905118735914],[-75.6579907258494,4.8589703513457],[-75.6579351082058,4.85881061228233],[-75.658424305257,4.85857916209901],[-75.6584209353318,4.85839984839194],[-75.6585823810517,4.85843873621072],[-75.6586555912579,4.85844244877948],[-75.6587949594526,4.85844951477574],[-75.6589137997147,4.85874959935895],[-75.6592011508063,4.85867366981971],[-75.6593284198794,4.85889876613637],[-75.6594378023181,4.85888634390417],[-75.6594897996663,4.8590582321465],[-75.6595847598934,4.85902932880986],[-75.6596917005164,4.85938283934739],[-75.6600638195854,4.85991830014705],[-75.659488331354,4.86036841228372],[-75.6594688205509,4.86038367210907],[-75.659425958605,4.86041719665008],[-75.6588775444844,4.8601022699715],[-75.6587648478833,4.85999271032918],[-75.6587224507296,4.8599514933186]]]},"properties":{"FID":219,"BARRIO":"BARRIO URBANIZACIÓN LAURELES","AÑO":"≥2000","Area_Ha":3.03840976301,"Shape_Leng":760.871279903,"Shape_Area":30384.0976301,"CCInundaci":" ","CCMovMasa":" ","CCVendaval":"Vendaval","Shape__Area":30789.98193359375,"Shape__Length":765.85636499365876}},{"type":"Feature","id":220,"geometry":{"type":"Polygon","coordinates":[[[-75.6617584308297,4.85922288936632],[-75.6620669348038,4.85920720749937],[-75.6622157986725,4.85927460642421],[-75.662368027646,4.85934352890378],[-75.6624685433231,4.85938903713602],[-75.6623875978519,4.86011955726392],[-75.662386503708,4.86012943029538],[-75.6623465986652,4.86032391727967],[-75.6623121129906,4.86049199066114],[-75.6622447116899,4.86098277957878],[-75.6621053089697,4.86097844409382],[-75.6620991280547,4.86097825154746],[-75.6620654624882,4.86090240023251],[-75.66176957347,4.86054408839356],[-75.6614762450567,4.86032594780988],[-75.6613057997428,4.85959102391434],[-75.6617748796728,4.85954847924685],[-75.6617584308297,4.85922288936632]]]},"properties":{"FID":220,"BARRIO":"BARRIO BOCACANOA","AÑO":"1990","Area_Ha":1.56816183494,"Shape_Leng":550.414186159,"Shape_Area":15681.6183494,"CCInundaci":" ","CCMovMasa":" ","CCVendaval":" ","Shape__Area":15891.0498046875,"Shape__Length":554.58995910482918}},{"type":"Feature","id":221,"geometry":{"type":"Polygon","coordinates":[[[-75.6607559117667,4.85954818069621],[-75.6611132068916,4.85948090346014],[-75.6612293000313,4.85952330280363],[-75.6613057997428,4.85959102391434],[-75.6614762450567,4.86032594780988],[-75.66176957347,4.86054408839356],[-75.6620654624882,4.86090240023251],[-75.6621053089697,4.86097844409382],[-75.6621830386545,4.86112678409249],[-75.6622257712115,4.86121776694926],[-75.6621921477048,4.86133250831815],[-75.6620440636055,4.86144700958927],[-75.6618937519563,4.86148408607719],[-75.6618273009235,4.86149726228764],[-75.6617765616044,4.86150732339059],[-75.6617099644028,4.86151610192051],[-75.6615389343361,4.86151156138434],[-75.6614069056077,4.86147504559835],[-75.6612318576341,4.86139662572092],[-75.6609149468537,4.86112511206837],[-75.6607257654194,4.86095820868099],[-75.6605842152886,4.8608199267476],[-75.6605161704912,4.86077518234222],[-75.6604755567859,4.86076493972742],[-75.6609105853772,4.86033651232434],[-75.6608574915146,4.86006590361078],[-75.6607559117667,4.85954818069621]]]},"properties":{"FID":221,"BARRIO":"BARRIO LOS PINOS","AÑO":"1990","Area_Ha":2.17607819807,"Shape_Leng":673.583627936,"Shape_Area":21760.7819807,"CCInundaci":" ","CCMovMasa":" ","CCVendaval":" ","Shape__Area":22051.46826171875,"Shape__Length":678.184559170878}},{"type":"Feature","id":222,"geometry":{"type":"Polygon","coordinates":[[[-75.6604892961766,4.86260878967323],[-75.6606207826027,4.86238778885603],[-75.6602821179403,4.86245747834848],[-75.6601301231399,4.86216056151988],[-75.6594883364072,4.8619431835308],[-75.6593113364095,4.86188323263941],[-75.6593981234628,4.86168194246925],[-75.6595722012288,4.86127819123717],[-75.6596357105645,4.86113089042926],[-75.6597235836064,4.86092708002918],[-75.6597507206035,4.86086413974314],[-75.6597545046765,4.86086172632808],[-75.6597572027038,4.86086000519163],[-75.6598356594764,4.86080996029951],[-75.6599859772825,4.86074476888451],[-75.6601834863081,4.86072148957611],[-75.6603767376412,4.860740015416],[-75.6604755567859,4.86076493972742],[-75.6605161704912,4.86077518234222],[-75.6605842152886,4.8608199267476],[-75.6607257654194,4.86095820868099],[-75.6609149468537,4.86112511206837],[-75.6612318576341,4.86139662572092],[-75.6614069056077,4.86147504559835],[-75.6615389343361,4.86151156138434],[-75.6618273009235,4.86149726228764],[-75.6618914331528,4.8616917893007],[-75.6620188996617,4.86207842261707],[-75.662194180086,4.86264328375283],[-75.6616452047312,4.86289088983146],[-75.6615528399131,4.86293100553541],[-75.6613492449612,4.86301943085107],[-75.6611259095337,4.86306374732919],[-75.6607528467153,4.86313777343237],[-75.6607474087013,4.86277484192021],[-75.6604892961766,4.86260878967323]]]},"properties":{"FID":222,"BARRIO":"BARRIO LOS GUAMOS","AÑO":"1990","Area_Ha":4.71326276151,"Shape_Leng":962.327688914,"Shape_Area":47132.6276151,"CCInundaci":" ","CCMovMasa":"Mov. en masa","CCVendaval":" ","Shape__Area":47762.45361328125,"Shape__Length":968.28301115755914}},{"type":"Feature","id":223,"geometry":{"type":"Polygon","coordinates":[[[-75.6751668776615,4.83601183685624],[-75.675264509165,4.83589343637727],[-75.6767644519871,4.83672566064977],[-75.676405481881,4.83723898161851],[-75.676206622754,4.83752334649588],[-75.6757100718476,4.8381055803612],[-75.6751608184403,4.83884101959785],[-75.6750261828896,4.83902129423603],[-75.6747011332375,4.83947595150639],[-75.6746795307527,4.83950637684275],[-75.6745753634002,4.83965308572296],[-75.674358920546,4.83954404950479],[-75.6741451187246,4.83943256993898],[-75.6739552723315,4.83933693310323],[-75.6738128355043,4.83929084700149],[-75.673696747932,4.83926499878701],[-75.6735802889062,4.83914754902551],[-75.67368191268,4.83903696711653],[-75.674160220655,4.83851649794846],[-75.6735890291408,4.83798430522249],[-75.6742337434125,4.83729703706667],[-75.6743011820641,4.83722514628821],[-75.6752332697264,4.8361937613975],[-75.6752215116804,4.83616154412119],[-75.6751668776615,4.83601183685624]]]},"properties":{"FID":223,"BARRIO":"BARRIO URBANIZACIÓN SANTA CLARA","AÑO":"≥2000","Area_Ha":6.83012890087,"Shape_Leng":1209.69560074,"Shape_Area":68301.2890087,"CCInundaci":" ","CCMovMasa":" ","CCVendaval":" ","Shape__Area":69207.48974609375,"Shape__Length":1217.6536284689641}},{"type":"Feature","id":224,"geometry":{"type":"Polygon","coordinates":[[[-75.6742337434125,4.83729703706667],[-75.6734157000573,4.83577308268022],[-75.6729383206432,4.83484641500367],[-75.6724251304419,4.83394120058073],[-75.6723112872944,4.83366349728303],[-75.6733431406794,4.8330852208839],[-75.6748382867604,4.8358571512117],[-75.6748693753562,4.83585508648753],[-75.6751605434841,4.83583575201474],[-75.675264509165,4.83589343637727],[-75.6751668776615,4.83601183685624],[-75.6752215116804,4.83616154412119],[-75.6752332697264,4.8361937613975],[-75.6743011820641,4.83722514628821],[-75.6742337434125,4.83729703706667]]]},"properties":{"FID":224,"BARRIO":"BARRIO URBANIZACIÓN SAN NICOLÁS","AÑO":"≥2000","Area_Ha":5.92469930047,"Shape_Leng":1187.35375675,"Shape_Area":59246.9930047,"CCInundaci":" ","CCMovMasa":" ","CCVendaval":" ","Shape__Area":60032.763671875,"Shape__Length":1196.452403582781}},{"type":"Feature","id":225,"geometry":{"type":"Polygon","coordinates":[[[-75.6705803017756,4.83532200106271],[-75.670603310423,4.83528352420507],[-75.6718835727794,4.83638702282496],[-75.6714452608174,4.83688140445674],[-75.6713624597371,4.83695694029509],[-75.671159570871,4.83714202584825],[-75.6706249989346,4.83653669360793],[-75.6705977067902,4.83650578953102],[-75.6700308817542,4.83588386571907],[-75.670214916619,4.83569599356376],[-75.670354312852,4.83555331300591],[-75.6705803017756,4.83532200106271]]]},"properties":{"FID":225,"BARRIO":"BARRIO URBANIZACIÓN INDUCENTRO","AÑO":"≥2000","Area_Ha":1.94580375373,"Shape_Leng":582.573460275,"Shape_Area":19458.0375373,"CCInundaci":" ","CCMovMasa":" ","CCVendaval":" ","Shape__Area":19716.24951171875,"Shape__Length":586.43247731052838}},{"type":"Feature","id":226,"geometry":{"type":"Polygon","coordinates":[[[-75.6617284677688,4.83777807399208],[-75.6618293350994,4.83762311740679],[-75.6620922524025,4.83732467662872],[-75.6646896720889,4.84050445147247],[-75.6646481549581,4.8405367922495],[-75.6642816128928,4.84082889347656],[-75.6640329268642,4.84056793213381],[-75.6638370031699,4.84043464457362],[-75.6636427411535,4.84035309415611],[-75.6634265740121,4.84034180564852],[-75.6630026992461,4.84012673814306],[-75.6626538393071,4.83982821327749],[-75.662765279851,4.83965708557586],[-75.6621056709567,4.83906165506626],[-75.662244976141,4.83881265874913],[-75.6621897504611,4.83859462340203],[-75.6622249867696,4.83827966141298],[-75.6617284677688,4.83777807399208]]]},"properties":{"FID":226,"BARRIO":"BARRIO URBANIZACIÓN GUADUALITO","AÑO":"≥2000","Area_Ha":4.00257961472,"Shape_Leng":1084.96940076,"Shape_Area":40025.7961472,"CCInundaci":" ","CCMovMasa":" ","CCVendaval":" ","Shape__Area":40557.92041015625,"Shape__Length":1092.4164959443006}},{"type":"Feature","id":227,"geometry":{"type":"Polygon","coordinates":[[[-75.6556159347902,4.85720898037737],[-75.6557594610618,4.85699401078221],[-75.655852383027,4.85703008480716],[-75.6560810460876,4.85715255514105],[-75.656202358702,4.85729632499783],[-75.6563734765175,4.85756936402695],[-75.6562516680957,4.85766239212171],[-75.6561485424548,4.85775747565908],[-75.6560653112704,4.8578342169065],[-75.6558787875965,4.85808497434378],[-75.6556493732965,4.85832129023502],[-75.6556072627789,4.85831591967905],[-75.6555349438578,4.85830669749995],[-75.65534194406,4.85823453250839],[-75.6552094227235,4.85813563286487],[-75.6551934646662,4.85812372411477],[-75.6551490950464,4.85809061216894],[-75.6551635638471,4.85804627229427],[-75.6552426942826,4.85780377984192],[-75.655457952255,4.85749567661687],[-75.6556159347902,4.85720898037737]]]},"properties":{"FID":227,"BARRIO":"BARRIO LA ROMELIA","AÑO":"1950","Area_Ha":1.06431996497,"Shape_Leng":414.660394256,"Shape_Area":10643.1996497,"CCInundaci":" ","CCMovMasa":" ","CCVendaval":" ","Shape__Area":10785.37744140625,"Shape__Length":417.53450937696169}},{"type":"Feature","id":228,"geometry":{"type":"Polygon","coordinates":[[[-75.6552843702347,4.85930838071445],[-75.655034303446,4.85915835842604],[-75.6549804251049,4.85926587953647],[-75.6548077566214,4.85916385903773],[-75.6548914302204,4.85906237993235],[-75.6549754043687,4.85881738666026],[-75.6550318029906,4.85860980464743],[-75.6550354822197,4.85859626173366],[-75.6550418704059,4.85839296222262],[-75.6550694954258,4.85832998566347],[-75.6551257307868,4.85820178568471],[-75.6551589431866,4.85816350875553],[-75.6551934646662,4.85812372411477],[-75.655203417796,4.85811225301155],[-75.6552284776132,4.85812820323354],[-75.6553165343895,4.85818424912501],[-75.6556072627789,4.85831591967905],[-75.6556083679237,4.85831642069611],[-75.6555664879027,4.85838808903835],[-75.6556677444196,4.85843016115803],[-75.6556496478608,4.85853177873146],[-75.655798621093,4.85856199222259],[-75.6556382352186,4.85917782255306],[-75.6555822666115,4.85939272576163],[-75.6555807549673,4.859392911628],[-75.655486858362,4.85940448394085],[-75.6552843702347,4.85930838071445]]]},"properties":{"FID":228,"BARRIO":"BARRIO LA ROMELIA ALTA","AÑO":"1950","Area_Ha":0.931456672568,"Shape_Leng":425.694837357,"Shape_Area":9314.56672568,"CCInundaci":" ","CCMovMasa":" ","CCVendaval":" ","Shape__Area":9439.03271484375,"Shape__Length":428.824705799407}},{"type":"Feature","id":229,"geometry":{"type":"Polygon","coordinates":[[[-75.6548292392728,4.85744770812527],[-75.6552898976442,4.85667130956404],[-75.6557483131793,4.85696528467556],[-75.6553774020697,4.85758639944281],[-75.6552578729765,4.85772966182113],[-75.6551635638471,4.85804627229427],[-75.6549106191661,4.85844052317918],[-75.6543986129048,4.85811653512552],[-75.6544035671456,4.8580326771647],[-75.6546436771466,4.85767694488731],[-75.6547310537219,4.85759055822044],[-75.6548292392728,4.85744770812527]]]},"properties":{"FID":229,"BARRIO":"BARRIO URBANIZACIÓN LARA BONILLA","AÑO":"≥2000","Area_Ha":1.19389124524,"Shape_Leng":506.249560704,"Shape_Area":11938.9124524,"CCInundaci":" ","CCMovMasa":" ","CCVendaval":" ","Shape__Area":12098.40771484375,"Shape__Length":510.0289657372677}},{"type":"Feature","id":230,"geometry":{"type":"Polygon","coordinates":[[[-75.662752553927,4.85882814338164],[-75.6637358815303,4.85772833906601],[-75.6638076620085,4.8577839261716],[-75.663965882861,4.85790645522457],[-75.6638871657583,4.85798593379091],[-75.6638200506908,4.85803461316347],[-75.6637354862391,4.85809051802204],[-75.6635432474859,4.8582386094133],[-75.6634324149996,4.85836726548076],[-75.6633863655833,4.85842373051817],[-75.6633295855444,4.85849353394895],[-75.663242864358,4.85859950322501],[-75.6631514266417,4.85872358406479],[-75.6630611063952,4.85884213217633],[-75.6629672801555,4.85892971296506],[-75.6629413675817,4.85894885483879],[-75.662918173061,4.85895784062581],[-75.6628910107985,4.85896836452636],[-75.6628692739874,4.85897009038559],[-75.6628570862585,4.85896858537456],[-75.6628338641993,4.8589632166252],[-75.6628230224643,4.85895905197839],[-75.6628046648023,4.85894385135278],[-75.6627923613961,4.85892230110421],[-75.6627722043944,4.85887533625209],[-75.662752553927,4.85882814338164]]]},"properties":{"FID":230,"BARRIO":"BARRIO URBANIZACIÓN LA RIVERA BAJA","AÑO":"≥2000","Area_Ha":0.421532883203,"Shape_Leng":389.138273328,"Shape_Area":4215.32883203,"CCInundaci":" ","CCMovMasa":" ","CCVendaval":" ","Shape__Area":4271.5966796875,"Shape__Length":391.76187942660448}},{"type":"Feature","id":231,"geometry":{"type":"Polygon","coordinates":[[[-75.6615017045406,4.85710856481395],[-75.6621233219643,4.8575080613496],[-75.6620804029168,4.85761191288435],[-75.6619311737314,4.8578274495722],[-75.6617889871727,4.85792175483239],[-75.6616364474039,4.85795978348425],[-75.6616437642236,4.85778575748283],[-75.6616023209543,4.85764813432093],[-75.661477318007,4.85755817493274],[-75.6612389108503,4.85753375554456],[-75.6613883832697,4.85732477691729],[-75.6615017045406,4.85710856481395]]]},"properties":{"FID":231,"BARRIO":"BARRIO URBANIZACIÓN EL TAMARINDO","AÑO":"≥2000","Area_Ha":0.426860439757,"Shape_Leng":294.024506051,"Shape_Area":4268.60439757,"CCInundaci":" ","CCMovMasa":" ","CCVendaval":" ","Shape__Area":4325.583984375,"Shape__Length":295.94021867521241}},{"type":"Feature","id":232,"geometry":{"type":"Polygon","coordinates":[[[-75.6620291849344,4.85525807495806],[-75.6638369772723,4.85436844922766],[-75.6642589503567,4.85519353880418],[-75.6635083172437,4.8555807304594],[-75.663481666807,4.85552874660078],[-75.6633887460427,4.85557667702504],[-75.6633657222088,4.85553176755428],[-75.663317767361,4.85555650304532],[-75.6632920787555,4.8555063940052],[-75.6632057132486,4.85555094265455],[-75.663175205533,4.85549143144439],[-75.6631116890703,4.85552419494454],[-75.6630786982438,4.85545984054479],[-75.6629260458819,4.85553858116376],[-75.662902265503,4.85549219379907],[-75.6628527104772,4.85551775466083],[-75.6624242202808,4.85546680683115],[-75.6621110568804,4.8554177756817],[-75.6620897505909,4.8553762161097],[-75.6620684452098,4.85533465743602],[-75.6620291849344,4.85525807495806]]]},"properties":{"FID":232,"BARRIO":"BARRIO BOSQUES DE LA ACUARELA - ETAPA IV","AÑO":"1993","Area_Ha":1.7671659904,"Shape_Leng":623.518002441,"Shape_Area":17671.659904,"CCInundaci":" ","CCMovMasa":" ","CCVendaval":" ","Shape__Area":17907.380859375,"Shape__Length":626.95421931122655}},{"type":"Feature","id":233,"geometry":{"type":"Polygon","coordinates":[[[-75.6630661079017,4.85271007403656],[-75.6604612358377,4.85404263451942],[-75.6604154452703,4.85400862084051],[-75.6603523589535,4.85395089405584],[-75.6602776947212,4.85384854870883],[-75.660207972291,4.8537581707934],[-75.6601848065483,4.85375102966194],[-75.6601359756111,4.85374612693751],[-75.6600766278979,4.85373256319111],[-75.6600460272604,4.85371042136094],[-75.6600182950014,4.8536911648286],[-75.6599895687386,4.85368918519996],[-75.6599253923398,4.85369481018283],[-75.6598871132066,4.85368128990905],[-75.659840262651,4.85364471552022],[-75.6598183120697,4.85360819302394],[-75.6598050164803,4.85355441042337],[-75.6597970883531,4.85349403775203],[-75.6600997563523,4.85334014578353],[-75.6612260093898,4.85276749510095],[-75.6614082161026,4.85267485160905],[-75.6627130419281,4.85201140224154],[-75.6630661079017,4.85271007403656]]]},"properties":{"FID":233,"BARRIO":"BARRIO NUEVO BOSQUES DE LA ACUARELA","AÑO":"1993","Area_Ha":3.00168373169,"Shape_Leng":878.104916467,"Shape_Area":30016.8373169,"CCInundaci":" ","CCMovMasa":" ","CCVendaval":" ","Shape__Area":30417.10498046875,"Shape__Length":882.71836166810817}},{"type":"Feature","id":234,"geometry":{"type":"MultiPolygon","coordinates":[[[[-75.6556710320643,4.84815812446481],[-75.6556643019099,4.84816127627918],[-75.655673851275,4.84815651228139],[-75.6556710320643,4.84815812446481]]],[[[-75.6556710320643,4.84815812446481],[-75.6557720131356,4.84811082814658],[-75.6562577353351,4.84788333053213],[-75.6565734679767,4.8482794887707],[-75.6565732180329,4.84828010632518],[-75.6565387941726,4.84836506910764],[-75.6564530038828,4.8484403968386],[-75.6562434275704,4.84815749348462],[-75.6555721418592,4.84849643984548],[-75.6560441390315,4.84885878479543],[-75.6559949096878,4.84901704224074],[-75.6557567356484,4.84894537185625],[-75.6552020453785,4.8487784561362],[-75.6549903321371,4.84889178223518],[-75.6549826866343,4.84887865182825],[-75.6548518112222,4.84865388613829],[-75.6548398883903,4.84863341074415],[-75.6548408694966,4.84863284998315],[-75.6551789504713,4.84843952007214],[-75.6556710320643,4.84815812446481]]]]},"properties":{"FID":234,"BARRIO":"BARRIO EL MERCURIO","AÑO":"1995 - 2000","Area_Ha":0.847727277428,"Shape_Leng":617.558180555,"Shape_Area":8477.27277428,"CCInundaci":" ","CCMovMasa":" ","CCVendaval":" ","Shape__Area":8590.28662109375,"Shape__Length":620.99729199788749}},{"type":"Feature","id":235,"geometry":{"type":"Polygon","coordinates":[[[-75.6538728068147,4.84901327614065],[-75.6537856746296,4.84896601231296],[-75.6533942852909,4.8490591476386],[-75.6532193107328,4.84911117981242],[-75.6530349219382,4.84893071594286],[-75.6527969297611,4.84871015928189],[-75.6524017393416,4.84840316100988],[-75.6522875528114,4.8482737565977],[-75.6521923810995,4.84817309549625],[-75.6523010253163,4.84791702774139],[-75.6523353848432,4.84787568455186],[-75.652416024994,4.84780497001779],[-75.6527660024309,4.84753805770071],[-75.6531006105996,4.84733663387516],[-75.653173479918,4.84733845774425],[-75.6534820329405,4.84721905086583],[-75.6538304947072,4.84706670299123],[-75.6537859438176,4.84674012524538],[-75.6539288024459,4.8466991667745],[-75.6540208799947,4.84663874074777],[-75.6540240848429,4.84663663795814],[-75.654029282041,4.84664020939179],[-75.6541217787879,4.84670376883714],[-75.6544236753342,4.84673325127149],[-75.6546836650675,4.84673157239203],[-75.654780227604,4.84673861891405],[-75.65483779406,4.8470305231179],[-75.6548510135673,4.84709755457243],[-75.6549408948408,4.84744696312746],[-75.655005786584,4.84756845662827],[-75.6550406543618,4.84763374219991],[-75.6550594614117,4.84776294497936],[-75.6551291636072,4.84815761787046],[-75.6551789504713,4.84843952007214],[-75.6548526787371,4.84865331768726],[-75.6548518112222,4.84865388613829],[-75.6543898463126,4.84895660122952],[-75.6540749359638,4.84916889671884],[-75.6539213681563,4.84921961448387],[-75.6539169643952,4.84920090136737],[-75.6538728068147,4.84901327614065]]]},"properties":{"FID":235,"BARRIO":"BARRIO URBANIZACIÓN LUIS CARLOS GALÁN","AÑO":"≥2000","Area_Ha":5.83467446413,"Shape_Leng":992.286905546,"Shape_Area":58346.7446413,"CCInundaci":" ","CCMovMasa":" ","CCVendaval":" ","Shape__Area":59124.6748046875,"Shape__Length":998.567258045478}},{"type":"Feature","id":236,"geometry":{"type":"Polygon","coordinates":[[[-75.6551291636072,4.84815761787046],[-75.655005786584,4.84756845662827],[-75.6553165164113,4.84746473864525],[-75.6554771819868,4.84755931583116],[-75.6556261661306,4.84758354845023],[-75.6559722599037,4.84742282193778],[-75.656510202038,4.84721295719108],[-75.6569513235221,4.84732091491677],[-75.6571924053969,4.84740600173178],[-75.6571690488211,4.84742790865504],[-75.657139399998,4.84746100189358],[-75.6571038725588,4.84750065734622],[-75.6568398111998,4.84766282817646],[-75.6566744633439,4.84772546567594],[-75.6562577353351,4.84788333053213],[-75.6557720131356,4.84811082814658],[-75.6551789504713,4.84843952007214],[-75.6551291636072,4.84815761787046]]]},"properties":{"FID":236,"BARRIO":"BARRIO URBANIZACIÓN EL PRADO","AÑO":"≥2000","Area_Ha":1.44433578252,"Shape_Leng":609.51896795,"Shape_Area":14443.3578252,"CCInundaci":" ","CCMovMasa":" ","CCVendaval":" ","Shape__Area":14635.8681640625,"Shape__Length":612.73173008299318}},{"type":"Feature","id":237,"geometry":{"type":"Polygon","coordinates":[[[-75.654780227604,4.84673861891405],[-75.6549791395864,4.84670420870487],[-75.65521243493,4.84673869947769],[-75.6552836574708,4.84675483825003],[-75.6553846878779,4.84709070514588],[-75.6554603249372,4.84741042395806],[-75.6554771819868,4.84755931583116],[-75.6553165164113,4.84746473864525],[-75.655005786584,4.84756845662827],[-75.6549408948408,4.84744696312746],[-75.6548510135673,4.84709755457243],[-75.65483779406,4.8470305231179],[-75.654780227604,4.84673861891405]]]},"properties":{"FID":237,"BARRIO":"BARRIO URBANIZACIÓN PORTAL DE LOS ALPES","AÑO":"≥2000","Area_Ha":0.507506052455,"Shape_Leng":301.027751385,"Shape_Area":5075.06052455,"CCInundaci":" ","CCMovMasa":" ","CCVendaval":" ","Shape__Area":5142.703125,"Shape__Length":303.26133489942748}},{"type":"Feature","id":238,"geometry":{"type":"Polygon","coordinates":[[[-75.6592467796885,4.84548035714706],[-75.6597544789321,4.84514798334564],[-75.6605265724492,4.84549824276268],[-75.6610741356644,4.84574664417329],[-75.660917498622,4.84585454046087],[-75.6608192735605,4.84597846532849],[-75.6608039348329,4.84599781747956],[-75.6608005808941,4.84599612834212],[-75.6605422850874,4.8458660142232],[-75.6604854713059,4.8458373947837],[-75.6592467796885,4.84548035714706]]]},"properties":{"FID":238,"BARRIO":"BARRIO URBANIZACIÓN TIERRA VERDE","AÑO":"≥2000","Area_Ha":0.723063000402,"Shape_Leng":451.839017564,"Shape_Area":7230.63000402,"CCInundaci":" ","CCMovMasa":" ","CCVendaval":" ","Shape__Area":7326.90673828125,"Shape__Length":453.89792063010691}},{"type":"Feature","id":239,"geometry":{"type":"Polygon","coordinates":[[[-75.657205273885,4.84464866558968],[-75.6572299594113,4.84463888601727],[-75.6577936428547,4.84464625709611],[-75.6581447698023,4.84464347396055],[-75.6582549926426,4.84479053276818],[-75.6582906694606,4.84489817835372],[-75.6581909622802,4.84493501149308],[-75.6580507192034,4.84498908541792],[-75.6580023909765,4.84500657383483],[-75.657944424737,4.84502342482257],[-75.6577899102689,4.84506444322539],[-75.6576651323033,4.84510013363887],[-75.6576006239486,4.84511958872164],[-75.6575333016989,4.84514385815185],[-75.6574683381354,4.84517390792072],[-75.6573386891467,4.84523738212632],[-75.6572064331375,4.84529519357605],[-75.657046437115,4.84535909265775],[-75.6567773221811,4.84546135796184],[-75.6566990790865,4.84548770532791],[-75.6566193191762,4.84550898866381],[-75.6565383665594,4.84552511809564],[-75.6564905909247,4.8455348248066],[-75.6564436297861,4.84554792668785],[-75.6562980093201,4.84558771291649],[-75.6561250925388,4.84560528960798],[-75.6559403922497,4.84555706236729],[-75.6558092936853,4.84553286777105],[-75.6557261341037,4.8453891790111],[-75.6556848427184,4.84517979911346],[-75.65568850924,4.84511591257315],[-75.6559524369131,4.84511337547996],[-75.6561202066725,4.84509101764584],[-75.6563290520988,4.84499577995648],[-75.657205273885,4.84464866558968]]]},"properties":{"FID":239,"BARRIO":"BARRIO CAMILO TORRES V - ZONA 7","AÑO":"1975","Area_Ha":1.60743842725,"Shape_Leng":654.139888882,"Shape_Area":16074.3842725,"CCInundaci":" ","CCMovMasa":" ","CCVendaval":" ","Shape__Area":16288.4853515625,"Shape__Length":657.06175311275456}},{"type":"Feature","id":240,"geometry":{"type":"Polygon","coordinates":[[[-75.6612951065173,4.84550547471498],[-75.6613321489887,4.8454576324239],[-75.6613910150937,4.84536518374648],[-75.6614218390456,4.84530566650964],[-75.6615625239991,4.8450565592271],[-75.6617144220801,4.84479790613872],[-75.6619488545697,4.84440196749779],[-75.6620265452473,4.84428346927899],[-75.6621911942089,4.84400500692885],[-75.6624213174027,4.84359872215768],[-75.662684844106,4.84314869227111],[-75.6629168067215,4.84275331419804],[-75.6630248906374,4.84256461189792],[-75.6651535623435,4.84378781169431],[-75.6656141206616,4.84415787042022],[-75.6653985668496,4.84408622957313],[-75.6648603307449,4.84379887806821],[-75.6646821878227,4.84410475585187],[-75.664387975882,4.84398320520061],[-75.6642346686726,4.84408403335961],[-75.6638706697649,4.84425241323111],[-75.6636160386914,4.8444205708261],[-75.6633709091055,4.84460702616122],[-75.663278425085,4.84472063571507],[-75.6631010861119,4.84494138606428],[-75.6629890151472,4.84508962684749],[-75.6628021578797,4.84530743404788],[-75.6626829604078,4.84537258193432],[-75.6625260811214,4.84545807316255],[-75.6624129316648,4.84549022073396],[-75.6623135573557,4.84550053794151],[-75.6622158298561,4.84549709519247],[-75.6621531784804,4.84548640290711],[-75.6620158860445,4.84547558970631],[-75.6618511137626,4.8454728160417],[-75.6617557025535,4.84551957376644],[-75.6616469809406,4.84558464592324],[-75.6615935800613,4.84562825385513],[-75.6615660407993,4.84566462959746],[-75.6615351922879,4.84573904946208],[-75.6614808239253,4.84585875954531],[-75.6614360391371,4.84597326518138],[-75.6613719609817,4.8461018606544],[-75.6612741051113,4.84615913860858],[-75.6611645664273,4.84616863236922],[-75.6610862819992,4.84613689358778],[-75.660953124019,4.84607994060093],[-75.660842475985,4.84607404162163],[-75.6607602646408,4.84603422329607],[-75.6608005808941,4.84599612834212],[-75.6608192735605,4.84597846532849],[-75.6608419172153,4.84595706925889],[-75.6609888760816,4.84582559703116],[-75.6610741356644,4.84574664417329],[-75.6611349978938,4.8456902840349],[-75.6611386044319,4.84568627930936],[-75.6612221228272,4.84559353825582],[-75.6612951065173,4.84550547471498]]]},"properties":{"FID":240,"BARRIO":"BARRIO SANTA TERESITA","AÑO":"1960","Area_Ha":6.19097725407,"Shape_Leng":1473.57570847,"Shape_Area":61909.7725407,"CCInundaci":"Inundación","CCMovMasa":"Mov. en masa","CCVendaval":" ","Shape__Area":62733.61572265625,"Shape__Length":1482.6940486648623}},{"type":"Feature","id":241,"geometry":{"type":"Polygon","coordinates":[[[-75.664534155369,4.84473268858992],[-75.6650447383327,4.8445195137637],[-75.6658599062616,4.84468625881919],[-75.6662599427238,4.84495977334578],[-75.6668809625913,4.84514907316241],[-75.6670820258104,4.84535159908771],[-75.6670879860101,4.84535760290338],[-75.6671587328251,4.8457380667567],[-75.6671706015878,4.84581042392444],[-75.6672081839333,4.84603955224023],[-75.6672506745015,4.84624773860056],[-75.6641584740237,4.84690378130348],[-75.6640802138771,4.84624332208878],[-75.6639329496942,4.84595234311858],[-75.6638647897013,4.84573277925965],[-75.6637261063943,4.84565770423839],[-75.6638344993369,4.84513409934249],[-75.664021089137,4.84484745994227],[-75.664534155369,4.84473268858992]]]},"properties":{"FID":241,"BARRIO":"BARRIO URBANIZACIÓN LOS MILAGROS","AÑO":"≥2000","Area_Ha":7.05168965786,"Shape_Leng":1070.69245957,"Shape_Area":70516.8965786,"CCInundaci":" ","CCMovMasa":" ","CCVendaval":" ","Shape__Area":71455.234375,"Shape__Length":1076.7474632593314}},{"type":"Feature","id":242,"geometry":{"type":"Polygon","coordinates":[[[-75.6693890706165,4.842248429023],[-75.6701845878028,4.84153968133268],[-75.6708005473459,4.84227296926181],[-75.6707210624178,4.84242081386057],[-75.6706075533918,4.84257563202504],[-75.670419416769,4.84276639631206],[-75.6702191659885,4.8429033847154],[-75.6700743760708,4.84297998115186],[-75.6700374592093,4.84299575804145],[-75.6693890706165,4.842248429023]]]},"properties":{"FID":242,"BARRIO":"BARRIO URBANIZACIÓN ARRAYANES","AÑO":"≥2000","Area_Ha":1.34479867238,"Shape_Leng":452.738955607,"Shape_Area":13447.9867238,"CCInundaci":" ","CCMovMasa":" ","CCVendaval":" ","Shape__Area":13626.701171875,"Shape__Length":455.78546623210559}},{"type":"Feature","id":243,"geometry":{"type":"Polygon","coordinates":[[[-75.668193781702,4.84327375446161],[-75.6693890706165,4.842248429023],[-75.6700374592093,4.84299575804145],[-75.6698899366037,4.84305880534932],[-75.6695686007127,4.84320010324312],[-75.6693039894807,4.84330839425988],[-75.6691432867841,4.84339560645989],[-75.6690295542628,4.84339783017229],[-75.6689158208291,4.84340005386949],[-75.6686633010046,4.84336876880476],[-75.6685216644456,4.84336847359408],[-75.6683729517218,4.84336579788261],[-75.6682172550605,4.84331578535518],[-75.668193781702,4.84327375446161]]]},"properties":{"FID":243,"BARRIO":"BARRIO URBANIZACIÓN 1° DE AGOSTO","AÑO":"≥2000","Area_Ha":1.29411120703,"Shape_Leng":501.959903736,"Shape_Area":12941.1120703,"CCInundaci":" ","CCMovMasa":" ","CCVendaval":" ","Shape__Area":13113.13916015625,"Shape__Length":504.6816213336752}},{"type":"Feature","id":244,"geometry":{"type":"Polygon","coordinates":[[[-75.6640315812542,4.83447877620422],[-75.6644625473405,4.83375179394973],[-75.6646708661565,4.8336529727746],[-75.6654051286793,4.83511678027672],[-75.6650290074835,4.83533582030157],[-75.6648187505649,4.83570880857673],[-75.6645237736848,4.8356571489986],[-75.6642175493674,4.8352838090679],[-75.6644706450135,4.83481835070783],[-75.6640315812542,4.83447877620422]]]},"properties":{"FID":244,"BARRIO":"BARRIO URBANIZACIÓN  LA ESMERALDA","AÑO":"≥2000","Area_Ha":1.81216100936,"Shape_Leng":602.903668749,"Shape_Area":18121.6100936,"CCInundaci":" ","CCMovMasa":" ","CCVendaval":" ","Shape__Area":18362.19580078125,"Shape__Length":607.34177792641788}},{"type":"Feature","id":245,"geometry":{"type":"Polygon","coordinates":[[[-75.6773617714033,4.83587876430702],[-75.6780514596446,4.83489393666343],[-75.6789109849363,4.83369132887661],[-75.6793148089355,4.83388123864108],[-75.6794379890108,4.833885351149],[-75.6791231094721,4.83488542611342],[-75.6780894992164,4.83600750194185],[-75.6778744015916,4.8362462512263],[-75.6773617714033,4.83587876430702]]]},"properties":{"FID":245,"BARRIO":"BARRIO URBANIZACIÓN LA ISABELA","AÑO":"≥2000","Area_Ha":2.4844554873,"Shape_Leng":750.484064554,"Shape_Area":24844.554873,"CCInundaci":" ","CCMovMasa":" ","CCVendaval":" ","Shape__Area":25173.8388671875,"Shape__Length":755.924043047869}},{"type":"Feature","id":246,"geometry":{"type":"Polygon","coordinates":[[[-75.662379609861,4.81159615622015],[-75.6627990149696,4.81233298081042],[-75.6624338216126,4.81254479295498],[-75.6621725673641,4.81263444850448],[-75.6617798606346,4.81194546294547],[-75.662379609861,4.81159615622015]]]},"properties":{"FID":246,"BARRIO":"BARRIO URBANIZACIÓN VELA II","AÑO":"≥2000","Area_Ha":0.712492593021,"Shape_Leng":336.039651047,"Shape_Area":7124.92593021,"CCInundaci":" ","CCMovMasa":" ","CCVendaval":" ","Shape__Area":7219.068359375,"Shape__Length":338.27749006131785}},{"type":"Feature","id":247,"geometry":{"type":"Polygon","coordinates":[[[-75.6623758830546,4.85834592844178],[-75.6624325661744,4.85836663981008],[-75.6625278094844,4.85843381391781],[-75.6627083399203,4.8587690606518],[-75.6627698994993,4.8589796791578],[-75.6627505539239,4.85910880184626],[-75.662630895421,4.85931425554434],[-75.6624685433231,4.85938903713602],[-75.662368027646,4.85934352890378],[-75.6622157986725,4.85927460642421],[-75.6620669348038,4.85920720749937],[-75.6619925862279,4.85894934438731],[-75.6618925438937,4.85889651308804],[-75.6619645105864,4.85869095852748],[-75.6618546678613,4.85850455136145],[-75.6617978270903,4.85831786248739],[-75.6616982240934,4.8580545417124],[-75.6617747409451,4.85795424241801],[-75.6618558453732,4.85794006107556],[-75.6621602731713,4.8583234066131],[-75.6623758830546,4.85834592844178]]]},"properties":{"FID":247,"BARRIO":"BARRIO NUEVA COLOMBIA","AÑO":"1990","Area_Ha":0.981679986165,"Shape_Leng":439.908579144,"Shape_Area":9816.79986165,"CCInundaci":" ","CCMovMasa":" ","CCVendaval":" ","Shape__Area":9947.86376953125,"Shape__Length":443.13713265217973}},{"type":"Feature","id":248,"geometry":{"type":"Polygon","coordinates":[[[-75.6598409683205,4.85810688428038],[-75.6596837710797,4.85755104968663],[-75.6596289306163,4.85735713976376],[-75.6595976676569,4.85724659700066],[-75.6595994146669,4.85724690652934],[-75.6603068314493,4.85737235247307],[-75.6601715815363,4.85727311681454],[-75.6602129697717,4.85724328763905],[-75.6602535220896,4.85721702828071],[-75.6603269184005,4.8571774807044],[-75.6603550036494,4.85722992471149],[-75.6604105893857,4.85719997440665],[-75.6604375751306,4.85725036600808],[-75.6605382678195,4.85719611010847],[-75.660592632466,4.85729762764087],[-75.6606404258953,4.85727187579316],[-75.6606672055545,4.85732188215406],[-75.6607193789913,4.85729376968914],[-75.6607474406716,4.8573461712627],[-75.6607936862475,4.85732125363421],[-75.6608292384305,4.85738764127767],[-75.6608762817548,4.85736229287422],[-75.6609580362897,4.85751495609617],[-75.6610191145416,4.8574820458655],[-75.6610980312845,4.85758126860766],[-75.6612389108503,4.85753375554456],[-75.661477318007,4.85755817493274],[-75.6616023209543,4.85764813432093],[-75.6616437642236,4.85778575748283],[-75.6616364474039,4.85795978348425],[-75.6611283661633,4.85800119678215],[-75.6610796335869,4.85801316637995],[-75.6610309001128,4.85802513778681],[-75.6607735755462,4.85810293462504],[-75.660322084492,4.85819801322415],[-75.6599113620825,4.8582613780616],[-75.6598857773293,4.85826532581513],[-75.6598409683205,4.85810688428038]]]},"properties":{"FID":248,"BARRIO":"BARRIO BOSQUES DE LA ACUARELA ETAPA I - LOTE II","AÑO":"1993","Area_Ha":1.67820245542,"Shape_Leng":660.656088583,"Shape_Area":16782.0245542,"CCInundaci":"Inundación","CCMovMasa":" ","CCVendaval":" ","Shape__Area":17006.07861328125,"Shape__Length":664.46763678814045}},{"type":"Feature","id":249,"geometry":{"type":"Polygon","coordinates":[[[-75.6823710236175,4.81883389380791],[-75.6826571875019,4.81882012992079],[-75.6830361865435,4.81888548925567],[-75.6834436211221,4.81903701712013],[-75.6840226074906,4.81925347969326],[-75.6842292514336,4.81964857386746],[-75.6844643927136,4.82010113285287],[-75.6844428449147,4.82014414471865],[-75.6834623471075,4.82037893647601],[-75.6829319857775,4.82087298030761],[-75.6811542900403,4.81915430801327],[-75.6811124696611,4.819091101233],[-75.6811115014126,4.8190896368832],[-75.6812176831786,4.81906659317952],[-75.6819631342001,4.81890481542648],[-75.6821349328205,4.81884776095362],[-75.6823710236175,4.81883389380791]]]},"properties":{"FID":249,"BARRIO":"BARRIO VILLA FANNY","AÑO":"1965","Area_Ha":4.57807179993,"Shape_Leng":920.08159638,"Shape_Area":45780.7179993,"CCInundaci":"Inundación","CCMovMasa":" ","CCVendaval":" ","Shape__Area":46385.0556640625,"Shape__Length":925.00365414086423}},{"type":"Feature","id":250,"geometry":{"type":"Polygon","coordinates":[[[-75.6558781469801,4.84989539005677],[-75.6567931801301,4.84913190466729],[-75.6569539863453,4.84920400018228],[-75.658365478197,4.84985278471186],[-75.658826083077,4.85010044308407],[-75.6588084303592,4.85013422597672],[-75.6585768574855,4.85052134691946],[-75.6584283357892,4.85046087150464],[-75.6584286266723,4.85046012179574],[-75.6580418076863,4.85030348207356],[-75.6578906531044,4.85028899837378],[-75.6566249124708,4.85009421079557],[-75.655877306351,4.84997659999941],[-75.6558827837529,4.84990936943704],[-75.6558773285832,4.84989607313239],[-75.6558781469801,4.84989539005677]]]},"properties":{"FID":250,"BARRIO":"BARRIO LA MARIANA GIRALDO","AÑO":"1970","Area_Ha":2.29181793352,"Shape_Leng":752.23641877,"Shape_Area":22918.1793352,"CCInundaci":" ","CCMovMasa":" ","CCVendaval":" ","Shape__Area":23223.74462890625,"Shape__Length":755.8131515658082}},{"type":"Feature","id":251,"geometry":{"type":"Polygon","coordinates":[[[-75.68777733888,4.81937569299615],[-75.6872711644338,4.8190189862401],[-75.6866473293801,4.81919046507191],[-75.6862573900949,4.81900675068517],[-75.685687331958,4.8187384813811],[-75.6859579660955,4.8180112420486],[-75.6860101204788,4.81802730956593],[-75.6863200150296,4.81812278091413],[-75.6868824229309,4.81824587649414],[-75.6873434929711,4.81834844011773],[-75.6877434567598,4.81858806538757],[-75.6881633660905,4.81899032425361],[-75.6881260498757,4.81902757736114],[-75.68777733888,4.81937569299615]]]},"properties":{"FID":251,"BARRIO":"BARRIO COLA DE GURRE","AÑO":"1980","Area_Ha":2.20033541987,"Shape_Leng":678.807891178,"Shape_Area":22003.3541987,"CCInundaci":" ","CCMovMasa":" ","CCVendaval":" ","Shape__Area":22293.61669921875,"Shape__Length":682.39214970699675}},{"type":"Feature","id":252,"geometry":{"type":"Polygon","coordinates":[[[-75.7006862863408,4.82433449963851],[-75.7006515965651,4.82421526392685],[-75.7011254918106,4.82392396949068],[-75.7015981418551,4.82366659552746],[-75.7023780898904,4.82356053690488],[-75.702886102882,4.82350415748153],[-75.7035655115431,4.82359164304788],[-75.7040587424716,4.82377203807615],[-75.7043801882912,4.82400231709826],[-75.7047087018406,4.8242756645305],[-75.7050879237724,4.82423337594744],[-75.7052957928209,4.82402569575504],[-75.7055822653041,4.82386122846623],[-75.7059403440813,4.82366102692043],[-75.7064340067742,4.8236261438862],[-75.7067342245797,4.82374156530703],[-75.7067270271635,4.82376307821567],[-75.7068698533812,4.82388535684213],[-75.7070912805336,4.82405084898007],[-75.7070044593804,4.82453863485785],[-75.7068179063772,4.82481811857362],[-75.7065885911364,4.82501858011227],[-75.705562789475,4.82574202062859],[-75.7042201823802,4.82639709641425],[-75.7033393551394,4.82727083697614],[-75.7028500762531,4.82683595521788],[-75.7026324158616,4.82664992694765],[-75.7025497763843,4.82648497869568],[-75.7021973630399,4.82607706478003],[-75.7012681409375,4.82500669778604],[-75.7006881437625,4.82434088465425],[-75.7006862863408,4.82433449963851]]]},"properties":{"FID":252,"BARRIO":"BARRIO LA BADEA","AÑO":"1920","Area_Ha":16.3631018392,"Shape_Leng":1814.14770069,"Shape_Area":163631.018392,"CCInundaci":" ","CCMovMasa":" ","CCVendaval":" ","Shape__Area":165788.021484375,"Shape__Length":1824.2291936336833}},{"type":"Feature","id":253,"geometry":{"type":"Polygon","coordinates":[[[-75.6789548176436,4.82259862356726],[-75.678483326573,4.82153618622567],[-75.6784557964388,4.82146023002647],[-75.6783566040243,4.82118669018389],[-75.6783107769763,4.82106031322905],[-75.6782924185545,4.8210103058853],[-75.6780370417326,4.82031467142714],[-75.6778365800483,4.81981064291978],[-75.6775722243854,4.81991923787398],[-75.6774754096564,4.81972354307339],[-75.6773867221575,4.8194058690468],[-75.6775927568799,4.81936909574315],[-75.6777107458415,4.81932805065289],[-75.6779894595244,4.81907979060381],[-75.6780471298072,4.81899766191732],[-75.6780820198412,4.81894797530372],[-75.6780932118906,4.81893203530429],[-75.6785588994103,4.81859772677934],[-75.6785228480575,4.81843676935112],[-75.6787947952569,4.81835795908799],[-75.6788567679235,4.81840098881833],[-75.6791024036209,4.81863102258801],[-75.6795041799797,4.81903580025815],[-75.6797947956695,4.81924662049892],[-75.6798560901497,4.81933432892915],[-75.6799152903985,4.81946484499935],[-75.6800912784361,4.81973717195675],[-75.6804288923152,4.82001366601274],[-75.6805434947986,4.82013342301937],[-75.6805678387005,4.82018904152492],[-75.6805604917857,4.8205743534413],[-75.6805308904684,4.82148380274124],[-75.6805265820473,4.82154316045716],[-75.6804827530332,4.82213109570738],[-75.6802799375464,4.8221378178924],[-75.6799225461875,4.82225251388102],[-75.6800565987913,4.82286897047064],[-75.6797731928104,4.82295227981276],[-75.6795513728373,4.822380945088],[-75.6789548176436,4.82259862356726]]]},"properties":{"FID":253,"BARRIO":"BARRIO LA AURORA","AÑO":"1965","Area_Ha":9.88281786799,"Shape_Leng":1442.2905376,"Shape_Area":98828.1786799,"CCInundaci":"Inundación","CCMovMasa":" ","CCVendaval":"Vendaval","Shape__Area":100133.6923828125,"Shape__Length":1453.1331284327407}},{"type":"Feature","id":254,"geometry":{"type":"Polygon","coordinates":[[[-75.6977844476912,4.82404032984666],[-75.6972358340889,4.82403335975793],[-75.6969967885142,4.82404740467655],[-75.6964488555066,4.82407959854857],[-75.6953405256714,4.82385010817783],[-75.6951745307431,4.82339529791805],[-75.6946627128929,4.8229756649596],[-75.6944365734478,4.8227838482883],[-75.6943775421366,4.82249669306313],[-75.6943184379538,4.82224541839117],[-75.6943070969198,4.82195836043421],[-75.6939257972595,4.82184994616889],[-75.6937590044909,4.82178980782162],[-75.6934852005981,4.82158593347121],[-75.6935449581543,4.82151429649492],[-75.6936523558473,4.82146667612813],[-75.693604860907,4.82137090191996],[-75.6934023967202,4.82126285080958],[-75.6935575343537,4.82119140869286],[-75.6938674682825,4.8212159587826],[-75.6939630157528,4.8211324354929],[-75.6937605053663,4.8210483054779],[-75.6934386732634,4.82101176975223],[-75.6934225796524,4.82074477380875],[-75.6934156022158,4.82062901060767],[-75.6936488269293,4.82056501189068],[-75.6944734285067,4.82031238964062],[-75.6948435261111,4.82026954991659],[-75.6954643009759,4.82032392424297],[-75.6957149250062,4.82038817470713],[-75.695964236566,4.82045737443025],[-75.6962121382255,4.82053149667666],[-75.6964585334452,4.82061051199532],[-75.6967033256894,4.8206943918394],[-75.6967655861875,4.82071659360384],[-75.6969399750771,4.82078067879623],[-75.6971134409844,4.82084723741268],[-75.6974224367586,4.82090513220105],[-75.6978923041286,4.8208892315255],[-75.6979300292514,4.82088795523022],[-75.6983879301239,4.8210402655308],[-75.6985252466952,4.82108059846713],[-75.698660476733,4.82112749118668],[-75.6987933097947,4.82118083463051],[-75.6989234407909,4.82124050615824],[-75.6990505690775,4.82130636774368],[-75.6991744029722,4.82137826866897],[-75.69957588675,4.82164221685572],[-75.7000486998286,4.82203726849103],[-75.7000653420524,4.82212699710648],[-75.700136080611,4.82250839450389],[-75.7004560598273,4.82346582672259],[-75.7006515965651,4.82421526392685],[-75.7006808509276,4.82432738845971],[-75.7005614812332,4.824398905011],[-75.6995603783121,4.82420551793291],[-75.6993398210887,4.82415763984848],[-75.6991949534212,4.82412619158081],[-75.6988930096498,4.82406064584521],[-75.6983565226956,4.82404759674664],[-75.6977844476912,4.82404032984666]]]},"properties":{"FID":254,"BARRIO":"BARRIO LA ESNEDA","AÑO":"1980","Area_Ha":23.5830220279,"Shape_Leng":2235.98185157,"Shape_Area":235830.220279,"CCInundaci":"Inundación","CCMovMasa":"Mov. en masa","CCVendaval":" ","Shape__Area":238939.78759765625,"Shape__Length":2247.4402109095349}}]}