{"type":"FeatureCollection","crs":{"type":"name","properties":{"name":"EPSG:4326"}},"features":[{"type":"Feature","id":1,"geometry":{"type":"Polygon","coordinates":[[[-75.7385824587664,4.8203344424045],[-75.7385387626884,4.82061405447942],[-75.7384898205383,4.82093503142278],[-75.7384197504587,4.8213388807817],[-75.7383211606831,4.82192988033854],[-75.7383976875123,4.8222805452641],[-75.7382034463844,4.82234097122375],[-75.7384445726088,4.82312155107269],[-75.7386266655454,4.8230706281405],[-75.7386983667567,4.82333965869801],[-75.7383732680764,4.8233966425582],[-75.7383346079211,4.823720198154],[-75.7381452946304,4.82369127097802],[-75.7381509640432,4.82370751998188],[-75.7309423917805,4.82423393998729],[-75.7305996146146,4.8243108788961],[-75.7302877208527,4.82438384317479],[-75.7298494406584,4.82440108442491],[-75.7296776998381,4.82445340033921],[-75.7294788094496,4.82459508798927],[-75.7293016458295,4.82478714844468],[-75.7291871637259,4.82497904943599],[-75.7290711336206,4.82525475788856],[-75.7290023949242,4.82541416023113],[-75.7286586321137,4.82579324702861],[-75.7281761229223,4.82619137380662],[-75.7278495432809,4.82641538518924],[-75.7273167108358,4.82662646760718],[-75.7267714129845,4.82683212749103],[-75.7265563920624,4.82685708449002],[-75.7264624399877,4.82682304871548],[-75.7264418389453,4.82680732957111],[-75.7264945205566,4.82667410340738],[-75.7265615690358,4.82652392043118],[-75.7266104822042,4.82642319297222],[-75.7266411187699,4.82636727391228],[-75.7266907356968,4.82626522159151],[-75.7267056314669,4.82620048920047],[-75.726708096437,4.82614075500411],[-75.7267056315447,4.82610839846269],[-75.726698201107,4.82606358861587],[-75.7266882706873,4.82602376056576],[-75.7266510489478,4.82595655583088],[-75.7266162925859,4.82592419831094],[-75.726534242128,4.82584975146946],[-75.7260287020971,4.82546241780962],[-75.7256277853741,4.82515636524228],[-75.7252754638825,4.82490494193695],[-75.7248601097456,4.82459948956616],[-75.724796829779,4.82453959731972],[-75.7245595544528,4.82435567914878],[-75.724337457035,4.8241899536397],[-75.7242700925587,4.82410376150199],[-75.7241839584329,4.82396366384465],[-75.7240328187432,4.82371402429425],[-75.7238862569464,4.82354243458655],[-75.7238002989248,4.82336309134927],[-75.7237199750423,4.82324856922008],[-75.7236478212845,4.82318434870635],[-75.7235803156198,4.82313766707498],[-75.7235327058013,4.82311320427564],[-75.7234897091535,4.82309342282507],[-75.7234351260615,4.82307826782644],[-75.7233793466562,4.8230701259029],[-75.723325750385,4.82307363978364],[-75.7232645826954,4.82308040491267],[-75.7231928510238,4.82309838456141],[-75.7231201328467,4.82311800670947],[-75.7230606205005,4.82312943371226],[-75.7229954034446,4.82312943383637],[-75.7229236720266,4.82311636279933],[-75.7228460243552,4.82308674299182],[-75.7227767222331,4.82303115910787],[-75.7227359798538,4.82296579155451],[-75.7226932656829,4.82284763052448],[-75.722637029184,4.82263227385616],[-75.7226139291782,4.82254383838542],[-75.7227805995012,4.82246907553017],[-75.7228830386101,4.82234482135694],[-75.7231361967227,4.82201672853075],[-75.7233062834849,4.82179363682881],[-75.7234124198134,4.82164771156068],[-75.7236794167161,4.82136923246278],[-75.723666141028,4.82124478366293],[-75.7236745923419,4.82119585949687],[-75.7237192454027,4.82108043648131],[-75.7237557978411,4.82101706454856],[-75.7237831946125,4.82093322193904],[-75.7237930900414,4.820877744439],[-75.7238150293188,4.82081965289957],[-75.7238187975257,4.82075038177945],[-75.7238302426111,4.82065461725549],[-75.7238426376917,4.8205874824238],[-75.7239108133237,4.82049867730776],[-75.7239502887446,4.82046427076275],[-75.7239626840601,4.82044162808303],[-75.7239938133362,4.82042534386807],[-75.7240285704975,4.82040247089203],[-75.7240623762474,4.82037444109737],[-75.7243742345495,4.82023909586008],[-75.7244427610321,4.82021569432095],[-75.7245096331194,4.82015799143682],[-75.7245453411073,4.82013828089521],[-75.724570518766,4.82010187861108],[-75.7245869646772,4.82003981361049],[-75.7246122131748,4.82000586687791],[-75.7246197143153,4.81996340658628],[-75.7246378848039,4.81993615385125],[-75.7246578860898,4.81989685551214],[-75.7246712326106,4.81985941079944],[-75.7246788045028,4.81973561641708],[-75.724646407998,4.81944989309655],[-75.7246581699176,4.81933874484002],[-75.7247344084846,4.81925866438511],[-75.7247825118445,4.81914786870081],[-75.7248103661949,4.81910275933927],[-75.7248542083004,4.81904265458303],[-75.7248920631718,4.81899867619919],[-75.7249159392113,4.81892680791702],[-75.7249094250726,4.81879829705557],[-75.7249332998798,4.81875256952677],[-75.7249394973618,4.81871533749092],[-75.7249551679084,4.81866021406252],[-75.7249812623469,4.81860176907916],[-75.7250054897412,4.81856231186957],[-75.7250498947235,4.81850830063421],[-75.7251063788226,4.81846161999841],[-75.7251558541602,4.81838251050752],[-75.7251976191289,4.81829718385288],[-75.7252067391498,4.81827870953968],[-75.7252349807628,4.81824236030529],[-75.7253576318978,4.81837461533364],[-75.7255166937962,4.81857614279042],[-75.725848939159,4.81909189910572],[-75.7259699354956,4.81919379351986],[-75.7260685000618,4.81922003895192],[-75.7261439637633,4.81921232098628],[-75.7262286897985,4.81916290196284],[-75.7265100865147,4.81898059249195],[-75.7268236688247,4.8188334124323],[-75.7272417675107,4.81853295908078],[-75.7275855982916,4.8182196125226],[-75.7280109852181,4.81797732006828],[-75.7282991418529,4.81783856507487],[-75.7285094052696,4.81765441730151],[-75.7287587563535,4.81751345419665],[-75.7288940838896,4.81738745118714],[-75.7292836922984,4.81719076236991],[-75.7294123641865,4.81711778161607],[-75.7295017730659,4.81708870899347],[-75.7296661167718,4.81707417204725],[-75.7299126510446,4.81706689388182],[-75.7300915038132,4.81710080507894],[-75.7302872596654,4.8171880375722],[-75.7306884549461,4.81741579048435],[-75.731115181469,4.81756388573969],[-75.7317024835841,4.8176826075533],[-75.7323157738984,4.81781512291792],[-75.7329340652423,4.81794228571469],[-75.7332903622181,4.81796206404446],[-75.7341580065083,4.81818011378683],[-75.7347149237268,4.81861689531101],[-75.7349711094012,4.81875015421333],[-75.7352393715963,4.81884950122546],[-75.7354858722208,4.81890038287694],[-75.7357526908241,4.81893540395866],[-75.7364395463901,4.81913552586866],[-75.7367711262796,4.81932547829653],[-75.7373340308849,4.81960486975568],[-75.7377434708372,4.81986944368723],[-75.7382408421308,4.82017133676878],[-75.7384911826449,4.82029650539183],[-75.7385824587664,4.8203344424045]]]},"properties":{"FID":1,"ID_COMUNA":1,"NOMBRE":"Del Cafe","NORMA":"Ac 63/1992","ACT_GEOGRA":1151712000000}},{"type":"Feature","id":2,"geometry":{"type":"Polygon","coordinates":[[[-75.7248544255998,4.81675056834906],[-75.7248531576478,4.81676740024146],[-75.7248562209681,4.81678652800861],[-75.7248613269027,4.81679951045413],[-75.7248694264598,4.81692980455368],[-75.724865939782,4.81695661642002],[-75.7248785814774,4.81699209951886],[-75.7248850255461,4.81707037911878],[-75.7248949555082,4.8171382021161],[-75.7249010474908,4.81724459984927],[-75.7249162245604,4.8173506440872],[-75.7249196398985,4.81743925553636],[-75.7249310843498,4.81745762429601],[-75.7249392187178,4.81749598688782],[-75.7249446772471,4.81755035136104],[-75.7249490787542,4.81767896831744],[-75.7249402045515,4.81770576223401],[-75.7249458744654,4.81773251998998],[-75.7249485853,4.81776127434228],[-75.7249481625689,4.81778683204989],[-75.724939710906,4.81781825285767],[-75.7249278083675,4.8179071475422],[-75.7249278440117,4.81804593728294],[-75.724809101202,4.81798775743246],[-75.7246171140836,4.81794531427181],[-75.7242255324841,4.81794072078227],[-75.7240752032204,4.81798381619497],[-75.7238962094659,4.81802689428017],[-75.7236098479458,4.81804844090242],[-75.7233091539599,4.81806281681967],[-75.7231371679167,4.81810555877413],[-75.7229941627338,4.81813462944401],[-75.7227364297933,4.81819208389844],[-75.7225073258322,4.81823516026478],[-75.7221135953121,4.81838597629921],[-75.7219445664458,4.81847221965948],[-75.7217556064015,4.81856551100233],[-75.7216507734938,4.81863147868989],[-75.7214482903985,4.81875433625591],[-75.7213045812376,4.8188024996309],[-75.7211524204897,4.81886149113729],[-75.7208766921367,4.8189772646272],[-75.7206915701966,4.81902012971116],[-75.7204669739606,4.81903231462224],[-75.7199098850296,4.81905505841133],[-75.7194688255132,4.81912428943685],[-75.7192212689425,4.81918310250598],[-75.7190566066885,4.81924774413194],[-75.7185769148675,4.81955654637393],[-75.718369325261,4.81967145499286],[-75.7182332917915,4.81971454855792],[-75.7179898554711,4.81977198341471],[-75.7177321215708,4.81980788758023],[-75.7174314621483,4.81980071262035],[-75.7165866737663,4.81969297804696],[-75.716350422354,4.81961397175373],[-75.7161141714054,4.81950624546986],[-75.715973596284,4.81950244622394],[-75.715842106263,4.81953496012241],[-75.7155271112211,4.81973604013279],[-75.7152207096158,4.81987947042456],[-75.7149843487687,4.82001700280399],[-75.7149162438068,4.82006855812215],[-75.7147488690889,4.82012295470583],[-75.71441834849,4.82008916108985],[-75.7139596859656,4.81991337760911],[-75.713730338024,4.81980520968508],[-75.7136696284899,4.81979169615465],[-75.7134875339179,4.81986605144896],[-75.7133006494473,4.82000222330553],[-75.7131927152042,4.82011040324989],[-75.7129836071545,4.82040784919797],[-75.7129161695337,4.82050924682628],[-75.7127677760761,4.82055656156191],[-75.7125654347502,4.82052275139934],[-75.7123563356499,4.82038079501879],[-75.7121221294788,4.82018549889735],[-75.7117897465928,4.81994812802879],[-75.7114996872854,4.81992108082893],[-75.7112568832051,4.8199954336616],[-75.7110747516789,4.82016443948071],[-75.7109600904954,4.82031315298728],[-75.7107096332022,4.8208648990809],[-75.7105418680043,4.82106354299],[-75.7102172889737,4.82141715177501],[-75.7094873149832,4.82202024738475],[-75.7092845827817,4.82214931886768],[-75.7089457477131,4.82222345635874],[-75.7087433731804,4.8221558397937],[-75.7086089280144,4.82199864132293],[-75.7083854260338,4.8218712027658],[-75.7080414521971,4.82186532926571],[-75.7074955541119,4.82204087703129],[-75.7072035166045,4.822217402899],[-75.706825797105,4.82254863096876],[-75.7066690892289,4.8226840431371],[-75.7065206932432,4.82275839632957],[-75.7062778551774,4.8227516419866],[-75.7059810701304,4.8226704929932],[-75.7057247488656,4.82254204535362],[-75.7054414883128,4.82240006658795],[-75.7050962840061,4.82231812064903],[-75.7046308602417,4.82218290107489],[-75.7042733654431,4.82210851308794],[-75.7035988733614,4.82199358016352],[-75.7031391536822,4.82187971308772],[-75.702670381031,4.82183728962143],[-75.7023985262037,4.82185015546733],[-75.7018054046526,4.82201670774329],[-75.7016260912631,4.82206053891486],[-75.7014641748089,4.82208080875484],[-75.7001533181415,4.82211442346735],[-75.6997891032001,4.82192510456622],[-75.6994907086509,4.82161951772256],[-75.699288372243,4.82148430504419],[-75.6989848654125,4.82134234087365],[-75.6985801562576,4.82111923203814],[-75.6983171066049,4.82108541571784],[-75.6980945173339,4.82105836504997],[-75.697939363725,4.82104484737598],[-75.6971621189114,4.82090980290368],[-75.6957552218282,4.82045177517959],[-75.6951422159058,4.82035006566291],[-75.6950332635722,4.82035006009298],[-75.6948017288378,4.82035004919344],[-75.694583856728,4.82039099841506],[-75.6941736750035,4.82050707269865],[-75.6939966150446,4.82056165820889],[-75.6938195532988,4.82063671482501],[-75.6932442099196,4.82087874789793],[-75.6929030861466,4.82094304003008],[-75.6925561186973,4.82095178288332],[-75.6923082828231,4.82090500063198],[-75.6921391829784,4.82092546243735],[-75.6919080375213,4.8208961666273],[-75.6917360188245,4.82082893564702],[-75.691584427153,4.8207061747861],[-75.6914765410908,4.82050741519948],[-75.6914004915125,4.82024378406459],[-75.6912952866689,4.81994187777681],[-75.6910871154833,4.81965209893902],[-75.6909094700552,4.81945236442612],[-75.6906984008557,4.81935681859387],[-75.6903239000881,4.81930220421231],[-75.6900787733298,4.81931584403198],[-75.6894830108861,4.81945799340037],[-75.6891766108678,4.81947844716812],[-75.6889655377909,4.8194511469733],[-75.6883731429977,4.81919177840198],[-75.6880119018825,4.81880604947751],[-75.687596920715,4.81848197561329],[-75.6872769020959,4.81834546285427],[-75.6868057074147,4.81823905541257],[-75.6865299140087,4.81817504923004],[-75.6858703680709,4.81790749660896],[-75.6853869259796,4.81768227324658],[-75.6850240305799,4.81733135463864],[-75.6848810364555,4.81715391058028],[-75.6845337942029,4.81651237770249],[-75.6841184835451,4.81587767553687],[-75.6835456275059,4.81522657217308],[-75.6832860403766,4.81505602649],[-75.6830281729387,4.81497395087915],[-75.6832569468584,4.81461204718168],[-75.6834005999691,4.81436983648113],[-75.6834216590736,4.81434700018943],[-75.6834465213707,4.81432766128262],[-75.6834680029041,4.8143155640395],[-75.6835239945881,4.81429366628681],[-75.683576710206,4.81428867188324],[-75.6864849069751,4.81463372387887],[-75.6863072204793,4.81635605029523],[-75.6879959017001,4.81653969504471],[-75.6896204935661,4.81674097672789],[-75.6896590525878,4.81675404921527],[-75.6905142577976,4.81683878592703],[-75.6947265814175,4.81733712621952],[-75.6997555613198,4.81789222165052],[-75.6998689841202,4.81704996469132],[-75.7023886499076,4.8173321973389],[-75.7040543080925,4.81750976008017],[-75.7041486395303,4.8166773932808],[-75.7066477055601,4.8169443489884],[-75.7100042359278,4.81733945593303],[-75.7116848614971,4.81753111302471],[-75.7117783729577,4.8166883063394],[-75.7126211147628,4.81679523421767],[-75.7127115600002,4.81602955901767],[-75.7134837307062,4.81622898124504],[-75.7158763480764,4.81641237535866],[-75.7162379613467,4.81644885358063],[-75.7168142420255,4.81631035508876],[-75.7174298567708,4.81612821290572],[-75.7175233134688,4.81627714174827],[-75.7175951141631,4.81631882562881],[-75.7177809383914,4.8163684237264],[-75.7180208510253,4.81638741380069],[-75.7182544599793,4.81651195383593],[-75.7183675667217,4.81660487694571],[-75.7184644386088,4.81673919944574],[-75.7185496912294,4.81686751660504],[-75.7186368449218,4.81693256831427],[-75.7187369581371,4.81698089290366],[-75.7188815827852,4.81699389465101],[-75.7193657061619,4.81698176556695],[-75.7197597175797,4.8169660859153],[-75.7200322735868,4.81703299298461],[-75.7204133944453,4.81718748889166],[-75.7205895353359,4.81721723388765],[-75.7207434564494,4.81720609026299],[-75.7210623559696,4.81713918820299],[-75.7213193838676,4.81713530443282],[-75.7215079914386,4.81713735485837],[-75.7216544820598,4.81712433837008],[-75.7219998975003,4.81707972662777],[-75.7229740611643,4.81698675826226],[-75.723076816014,4.81695694469282],[-75.7232121799061,4.81690303970322],[-75.7233753622996,4.8168640075306],[-75.7235644974403,4.81684542788481],[-75.7237498996671,4.81685100975694],[-75.7243461443579,4.81689559104284],[-75.7244740778728,4.81688073792255],[-75.7246020103408,4.81684726846913],[-75.7247256472095,4.8167961893911],[-75.7248544255998,4.81675056834906]]]},"properties":{"FID":2,"ID_COMUNA":2,"NOMBRE":"Rio Otun","NORMA":"Ac 63/1992","ACT_GEOGRA":1151712000000}},{"type":"Feature","id":3,"geometry":{"type":"Polygon","coordinates":[[[-75.7252349807628,4.81824236030529],[-75.7251643061955,4.81819087480623],[-75.7249278440117,4.81804593728294],[-75.7249278083675,4.8179071475422],[-75.724939710906,4.81781825285767],[-75.7249481625689,4.81778683204989],[-75.7249485853,4.81776127434228],[-75.7249458744654,4.81773251998998],[-75.7249402045515,4.81770576223401],[-75.7249490787542,4.81767896831744],[-75.7249446772471,4.81755035136104],[-75.7249392187178,4.81749598688782],[-75.7249310843498,4.81745762429601],[-75.7249196398985,4.81743925553636],[-75.7249162245604,4.8173506440872],[-75.7249010474908,4.81724459984927],[-75.7248949555082,4.8171382021161],[-75.7248850255461,4.81707037911878],[-75.7248785814774,4.81699209951886],[-75.724865939782,4.81695661642002],[-75.7248694264598,4.81692980455368],[-75.7248613269027,4.81679951045413],[-75.7248562209681,4.81678652800861],[-75.7248531576478,4.81676740024146],[-75.7248544255998,4.81675056834906],[-75.7248544280238,4.81574703256831],[-75.7254614132316,4.81571435893117],[-75.7268612771405,4.81552904743439],[-75.7279609760927,4.81536489265124],[-75.7281111288066,4.81535892268727],[-75.7280788015155,4.8150559263856],[-75.7280614052704,4.81505493719575],[-75.7280464743319,4.81491335673241],[-75.727897588676,4.81420755468386],[-75.7276920787746,4.81335471401282],[-75.7275254106012,4.81282670016135],[-75.7276122113589,4.81211135954828],[-75.7277171841365,4.8121968455442],[-75.7278307137514,4.81233966206573],[-75.7279346302396,4.8124942773488],[-75.7280151650329,4.81266143345145],[-75.7280676339786,4.81281712652469],[-75.7281020030342,4.81305180459185],[-75.7281362662445,4.8131151592004],[-75.7281812698531,4.81313663659756],[-75.7282444440024,4.81313018935121],[-75.7283132514778,4.8130803992271],[-75.7283850873592,4.81302267928627],[-75.728483616125,4.81297435476491],[-75.728819239656,4.81302048764864],[-75.7289980911529,4.81298397911627],[-75.7290926053102,4.81289792837701],[-75.7292141627547,4.812763677145],[-75.7293136415325,4.81263558940204],[-75.7293952317209,4.81250207983235],[-75.7294769623988,4.81235486501536],[-75.7296439813596,4.8122149430306],[-75.7296764134822,4.81216559509589],[-75.7296860263506,4.81211866643734],[-75.7296819063212,4.81204610949521],[-75.7296691933953,4.81196700011017],[-75.7296223939708,4.81186657246746],[-75.7295844324643,4.81163763431943],[-75.7295346741333,4.81137241741291],[-75.7294830501608,4.81119429368657],[-75.7294589984026,4.81107470258658],[-75.7294566036608,4.81101571082692],[-75.7294650197691,4.81097240235743],[-75.7294842110331,4.81094230631837],[-75.7295947820001,4.81083695031691],[-75.7296476379957,4.81074750807685],[-75.7296445736095,4.81072975717529],[-75.7296237975883,4.81069272021917],[-75.7294998790527,4.81050834377606],[-75.729501393676,4.81046773833292],[-75.7295229438732,4.81042916328471],[-75.7295529815035,4.81041913165732],[-75.7297038019361,4.81043147674819],[-75.7297763425063,4.81038961691389],[-75.7298532838839,4.81032018570136],[-75.7299800175727,4.81018851282399],[-75.730113195435,4.81005567467192],[-75.7303015527262,4.80987678988296],[-75.7304093073199,4.80982586862967],[-75.730447231773,4.80982028695382],[-75.7305024468461,4.80981618958211],[-75.730553965236,4.80981661331922],[-75.7306174199304,4.80982731628825],[-75.7307613039523,4.80987205334359],[-75.7308038770242,4.80986274527385],[-75.7309862489095,4.80980643681944],[-75.731087065549,4.80980797323943],[-75.7311886222175,4.80981954072522],[-75.7311986938396,4.80982710047736],[-75.7312121456485,4.80984444520107],[-75.73121813143,4.80986057005682],[-75.7312186244873,4.80988667479788],[-75.7312055612026,4.80992524953202],[-75.7311085823596,4.81002120978572],[-75.7310008642485,4.81014850241128],[-75.7309753703922,4.81028614451962],[-75.7309930835331,4.81035788850125],[-75.7310530879548,4.81041652680698],[-75.7311549971949,4.81047161545879],[-75.731217466768,4.81052827512758],[-75.7313613519424,4.8107234599982],[-75.7315824590813,4.81074905158576],[-75.7316847911192,4.81075136392116],[-75.7317320827075,4.81074361016642],[-75.7320644997699,4.8106348254118],[-75.7321424982706,4.81063327085204],[-75.7323079680978,4.81064252443023],[-75.7324890370562,4.81060778114258],[-75.7326746485907,4.81055216121649],[-75.7327809933677,4.81046008675802],[-75.7328556453259,4.81035902211786],[-75.7329056485005,4.81025719910917],[-75.7329196629834,4.81021516274791],[-75.7329327247974,4.80996186773626],[-75.7329250460383,4.80967999516759],[-75.7329812459653,4.8095354287292],[-75.7330236059394,4.80935771115928],[-75.7330772706126,4.8092274156828],[-75.7331139636462,4.80929414344061],[-75.7333808875617,4.80963187869204],[-75.7337131664358,4.80983686431107],[-75.7339261394413,4.80993080757876],[-75.7339792074053,4.80993705987189],[-75.7332922969625,4.81041228794376],[-75.7326724332771,4.81086171004184],[-75.7324818214527,4.81098905709126],[-75.7322914219696,4.81116612316809],[-75.7322593075368,4.81121902215884],[-75.7322662096869,4.81130639674835],[-75.7322914239097,4.811359295098],[-75.732351075795,4.81139838148323],[-75.7324978825127,4.81139838041495],[-75.7325735926019,4.8113822894756],[-75.7327116648178,4.81133859152601],[-75.7328768178749,4.8113040951943],[-75.7329708389284,4.81132249855628],[-75.7330442597737,4.81136617667319],[-75.7331435289803,4.81148684482157],[-75.7332628000756,4.81171219633291],[-75.733297205085,4.81176968735439],[-75.7333774924292,4.81179958850219],[-75.7334485891477,4.81181108565707],[-75.7335564144858,4.81179727296326],[-75.7336711053405,4.81176509157786],[-75.7338523148394,4.81168919460978],[-75.7339394696143,4.81168689763426],[-75.7340403923769,4.81170989264559],[-75.7341390268696,4.81177658443056],[-75.7342801298802,4.81189059256116],[-75.7343120696298,4.81193225766156],[-75.7343564398614,4.81201811327946],[-75.7343449606102,4.8120812563246],[-75.734296578612,4.81220427470065],[-75.7341908333763,4.81237517635409],[-75.7341206880164,4.81246765694363],[-75.7341780206331,4.81287468337314],[-75.7342170047144,4.81303795288565],[-75.7343271191851,4.81313223301721],[-75.7345566098653,4.81323636699336],[-75.7341554534051,4.81330316996007],[-75.7322961963157,4.81368472840592],[-75.7317387259887,4.81387555678626],[-75.7312492191023,4.81418908310236],[-75.7302611543573,4.8150385388943],[-75.7301835788644,4.81518027887382],[-75.73007152917,4.81548062616797],[-75.7300811082586,4.81559283503539],[-75.7301019198143,4.81565216252799],[-75.7301530865791,4.81572750947112],[-75.7302252756781,4.81576518258812],[-75.7302873926703,4.81578681856683],[-75.7304573711253,4.81583062047365],[-75.7306988695051,4.81587710616742],[-75.7308571573808,4.81589474943977],[-75.7309778711115,4.8158964086905],[-75.7310898518373,4.81588849564817],[-75.7311880283164,4.81587514267083],[-75.732254871658,4.81563535098627],[-75.7324650991879,4.81561177028833],[-75.7326933211346,4.81561777333559],[-75.7334223582306,4.81569318429681],[-75.7335451519088,4.81593545695405],[-75.7341656241124,4.81598728912689],[-75.7341551329238,4.81618976943632],[-75.734638450758,4.81658562854246],[-75.7344890759047,4.81687642246392],[-75.7349097823918,4.81718762657082],[-75.7350747616182,4.81729075464362],[-75.7351685378936,4.81733792914188],[-75.7352654470368,4.81737904628998],[-75.7354549351258,4.81743913069367],[-75.7355764595473,4.8174706735811],[-75.7362150338538,4.81755622077054],[-75.737312520943,4.81772758228355],[-75.7373023772019,4.81764494025652],[-75.7381538195449,4.81760059403031],[-75.7388577481501,4.81745527471614],[-75.7388521832327,4.81741555200084],[-75.7390502260631,4.81734221480608],[-75.7390685381896,4.81737587828594],[-75.73943198034,4.81724801442799],[-75.7396018860991,4.81711222430729],[-75.7396643187184,4.81700455325744],[-75.7399085852238,4.81627437266284],[-75.739852347478,4.81622912320738],[-75.739977178158,4.81608617991629],[-75.7400336272124,4.81613167658477],[-75.7400845817561,4.81611475511946],[-75.7401184237159,4.81615454790875],[-75.74016800464,4.81616122243989],[-75.7403149148193,4.81600799990691],[-75.7406785663071,4.81581681598293],[-75.7410102099117,4.81568955205083],[-75.7410773978367,4.81564841546496],[-75.7413081164007,4.8154705516353],[-75.7413673097226,4.81541865815249],[-75.7414028043756,4.81537176458777],[-75.7414347425682,4.81532312190851],[-75.7414657294672,4.81526780267228],[-75.7415441828748,4.81509774818108],[-75.7415787608551,4.81500563887393],[-75.7416932323696,4.81459193272943],[-75.7415620948236,4.81456109717889],[-75.7413346480375,4.81456122643626],[-75.7413127435017,4.81448231129122],[-75.7413872902812,4.81444094499034],[-75.7415623737824,4.81443198598761],[-75.7419882038555,4.81385581542292],[-75.7420351432655,4.81382547049824],[-75.7420049984465,4.81374390746303],[-75.7421029976709,4.81368321755118],[-75.742251282637,4.81364389795834],[-75.7422981547707,4.81376267516059],[-75.7423705543596,4.81374089642416],[-75.7423905221326,4.81380001152173],[-75.7425916969395,4.81371807146449],[-75.7429823578055,4.81359009925224],[-75.7431805731575,4.81342475796769],[-75.7437675725633,4.81276261976008],[-75.7441225894628,4.8124053201414],[-75.7443030212457,4.8122547448314],[-75.7447290664075,4.81196913498116],[-75.7450275008073,4.81184430759084],[-75.7451981805068,4.81178248460454],[-75.7454854170723,4.81169331751624],[-75.7456787403963,4.81164339909418],[-75.7459423140165,4.81159328350965],[-75.7463171287441,4.81156142772242],[-75.7476768711319,4.81139317180345],[-75.7477561011943,4.81138050512013],[-75.7478168795834,4.8113663911468],[-75.7478676575634,4.81135153529017],[-75.7481538013982,4.81123599776752],[-75.7482729275003,4.81115993999806],[-75.7485625875989,4.81087631014752],[-75.7488484756898,4.81050350307734],[-75.7487577268306,4.81040383825561],[-75.7488429758596,4.81028299016366],[-75.7489835805863,4.81016422452015],[-75.7492565194628,4.81008146727194],[-75.7494896716379,4.8101355058736],[-75.7494895327314,4.81021090639207],[-75.7496279573747,4.81017349310004],[-75.7497057088554,4.8101652423252],[-75.7497762767093,4.8101527700186],[-75.749854028323,4.81013328622257],[-75.7498896989478,4.8101202676184],[-75.7499504422416,4.81009211231395],[-75.7500094588992,4.81005644989984],[-75.7501090067303,4.81001695368765],[-75.7502301768516,4.81000490361015],[-75.7503315919973,4.80998868614812],[-75.7503927571308,4.80996374466444],[-75.7504344144776,4.80993124514982],[-75.7504818796279,4.80986741211431],[-75.7506013525599,4.80964224885136],[-75.7509051124505,4.80982620847701],[-75.7512555320591,4.81003102525568],[-75.7513742043546,4.81008958935099],[-75.751534886674,4.81014997103408],[-75.7527779124105,4.81055735735077],[-75.7533301061553,4.81073325239978],[-75.7540431945991,4.81097578031053],[-75.7550629998755,4.81130618200131],[-75.7560207938142,4.8116215015657],[-75.756282013669,4.81170367292804],[-75.7566265503384,4.81181929271228],[-75.7573188997951,4.81204276051397],[-75.7579959668703,4.81227364581797],[-75.7584173069572,4.81240736489587],[-75.7587968834466,4.81253670581316],[-75.7590802531591,4.81261271096315],[-75.759456202056,4.8127357278267],[-75.7605909178528,4.81311479329379],[-75.7607366715055,4.81317888265133],[-75.7622458575596,4.81365252523264],[-75.762454257306,4.81371532140691],[-75.7626532183768,4.81376359892474],[-75.7628116129712,4.81379872065871],[-75.7631082920804,4.81384356784876],[-75.7633491216999,4.8138667097509],[-75.7636023106299,4.81387310765844],[-75.7638777882402,4.81386159458114],[-75.7641232976155,4.81382954185088],[-75.7643642646755,4.81378201705063],[-75.7646391400078,4.81370766059022],[-75.7649172892703,4.81360239564322],[-75.7652369522852,4.81345242478406],[-75.7660562845226,4.81301816899561],[-75.7670389313771,4.81247118136296],[-75.7682182739324,4.8118147626146],[-75.7682379317563,4.8119481997483],[-75.7682854214072,4.81229912858651],[-75.768250668409,4.81236013627681],[-75.7681246817534,4.81249960548843],[-75.7679726361852,4.81263035086943],[-75.7677119953824,4.81282210821258],[-75.767351703237,4.8130964774498],[-75.7673520924419,4.81312811073543],[-75.7674333702761,4.8132074800773],[-75.7674759802392,4.81322194315333],[-75.7675156325662,4.81324241170198],[-75.7675417619898,4.8132604249817],[-75.7675651474395,4.81331786132215],[-75.7676280091139,4.81340350200452],[-75.7676613596369,4.81344677265091],[-75.7676989346167,4.8134809112695],[-75.767736720705,4.81350551324811],[-75.7677509128047,4.81351102284873],[-75.7677679913781,4.81351050965869],[-75.7678726060089,4.81342258033125],[-75.7678898608048,4.8134109754286],[-75.7679132069935,4.81340177170691],[-75.7679390179435,4.81339829097674],[-75.768000819139,4.8134112332401],[-75.7680656500116,4.81344648295468],[-75.768240244229,4.81350507631154],[-75.7685129795061,4.81355587365336],[-75.7687948376706,4.8136493425292],[-75.7688659362,4.8136853519049],[-75.7690321900042,4.81382911247671],[-75.7690956170034,4.81393409316504],[-75.7691338949217,4.81393340191911],[-75.7691451287171,4.81394811377639],[-75.7691819398245,4.81414767697441],[-75.7691956045772,4.81417166204736],[-75.7692041629472,4.81419656487956],[-75.7692077912157,4.8142188011664],[-75.7692092419855,4.81432740645206],[-75.7692000169849,4.81434621781212],[-75.7691926235012,4.81437011538364],[-75.7691892794554,4.81439911699239],[-75.7691906195378,4.81442131814114],[-75.7691475242846,4.8145253870242],[-75.7691403072039,4.81455884006485],[-75.769082421725,4.81465626811858],[-75.7690208341308,4.81469228541404],[-75.7689609057196,4.81477498400501],[-75.7689201701663,4.8148953903497],[-75.7688888052931,4.81507212118268],[-75.7688782072548,4.81509351101562],[-75.7688226429451,4.81515104049051],[-75.7688278959167,4.815243166427],[-75.768814093904,4.81527919785832],[-75.7688153316279,4.8153563464566],[-75.7688042403202,4.81537835462638],[-75.7688193153856,4.81543729291689],[-75.7688166774675,4.8154806534329],[-75.7687866411175,4.81550785520774],[-75.7687181874364,4.81554027007739],[-75.7686940314589,4.8155553369619],[-75.7686666008745,4.81558192083756],[-75.7686487847607,4.81560943993899],[-75.7686514689476,4.81574079400534],[-75.7686666850805,4.81580183363038],[-75.7686725028896,4.81592847176238],[-75.7686913831243,4.81600996401109],[-75.7686814221408,4.81608796167649],[-75.7686771302941,4.81615778026812],[-75.7684364142052,4.81627618611363],[-75.7678318601807,4.81686716707195],[-75.7676923474199,4.81696048509463],[-75.7668087335789,4.81719380303675],[-75.7663901811593,4.81724047434348],[-75.7654290567151,4.81739604538244],[-75.7650724843103,4.81750491879738],[-75.7647314363464,4.81752048037173],[-75.7640803248734,4.8174738703663],[-75.7636152461158,4.81736504317087],[-75.7632277071992,4.81722510827168],[-75.7629641571235,4.81706960613404],[-75.7627006016696,4.81682081211832],[-75.7624525313171,4.81640094026838],[-75.7621424893419,4.81605883772374],[-75.7618944317001,4.81587224907209],[-75.7616928986501,4.81581005258873],[-75.7613828370431,4.81577896573115],[-75.7603571579063,4.81577855802951],[-75.7601009433532,4.8158226378476],[-75.7594566760198,4.81602094649516],[-75.7587392285657,4.81609441990738],[-75.7582048205964,4.81610179228936],[-75.7578314454731,4.81608711459552],[-75.757538601679,4.81599901094913],[-75.7573043165712,4.81587416745992],[-75.7571944801392,4.81577870717919],[-75.7570407663027,4.81569057958655],[-75.7567771834381,4.81555105942856],[-75.7565136373308,4.81545560620318],[-75.756162229401,4.81527202196618],[-75.7558693844981,4.81515452744584],[-75.7554740217621,4.81480202311932],[-75.7550494015891,4.81455969733785],[-75.7548517385838,4.81438345322554],[-75.7546320990137,4.81414844815637],[-75.7544493246857,4.81379446910102],[-75.754361175929,4.81360500885182],[-75.7542097857823,4.81346684349538],[-75.7540976235907,4.81332595541562],[-75.7539434530529,4.81321820463858],[-75.753775479764,4.81314236945389],[-75.7532410686991,4.81302488343939],[-75.7524650213944,4.81292210141857],[-75.7520550603006,4.81289272657481],[-75.751667037486,4.81287806359151],[-75.7514400844466,4.81287807168084],[-75.7511106591364,4.81290010825286],[-75.7507007006044,4.81295888527275],[-75.7505030101582,4.81297356971867],[-75.7502760569771,4.8129662481577],[-75.7500784011313,4.81295890681707],[-75.7497489771818,4.81303235776414],[-75.749565939737,4.8131498536023],[-75.7493609668817,4.81337018005448],[-75.749170646221,4.81370801274137],[-75.7490901153391,4.81381082756106],[-75.7489876100258,4.81389161804532],[-75.7485117298456,4.81392835302509],[-75.7481383927783,4.81395773725075],[-75.7475966243146,4.81390635664658],[-75.7472452247325,4.81391369787798],[-75.7470182727942,4.81396511939619],[-75.7468425572926,4.81403856456383],[-75.7460079953835,4.81434704288461],[-75.7455687394165,4.81447189222783],[-75.7453783733615,4.81450128672145],[-75.7451148341663,4.81456738656539],[-75.7449602454362,4.81460640693402],[-75.7447048737075,4.8145967702776],[-75.744565777944,4.81457474875511],[-75.7444423886634,4.81461023556633],[-75.744338826787,4.81468491434307],[-75.7442070231343,4.81478773003763],[-75.7440972304116,4.81495663692496],[-75.7440386731783,4.81509617086786],[-75.7439727930486,4.81533118655414],[-75.7437970883035,4.81585261624477],[-75.7437165570945,4.8159994977408],[-75.7436726495499,4.81616105616422],[-75.7435847953632,4.81634465712099],[-75.7434090898748,4.8168660874458],[-75.7432846608521,4.81759314049674],[-75.7431602212359,4.81789425001973],[-75.7430870135098,4.81801175916627],[-75.7429918328209,4.81813659779387],[-75.7427868549261,4.81830550722918],[-75.7426682551924,4.81837091379219],[-75.7425892004168,4.81839357618648],[-75.7424348581023,4.8184804255687],[-75.742242872013,4.81854463197347],[-75.7421826562081,4.81857861581011],[-75.7420621914219,4.81868434514634],[-75.7419643316131,4.8187221261987],[-75.7417911845168,4.81877499364961],[-75.7415841287355,4.81892226611957],[-75.7414561273174,4.81903555471968],[-75.741328159901,4.81909220029204],[-75.7412641764961,4.81913374360802],[-75.7411399442673,4.81928101415378],[-75.7410872306776,4.81938674173143],[-75.7409592670973,4.81961709624228],[-75.7408952516412,4.81982856767843],[-75.7408501114933,4.82004381903292],[-75.7407672911693,4.8202250704639],[-75.7406844697255,4.82033079841668],[-75.740590342999,4.82039878306894],[-75.7404096602058,4.82047053097145],[-75.7401951003198,4.82053095749455],[-75.7396379767876,4.82059137317778],[-75.7392502311821,4.82057627942245],[-75.7390055614438,4.82051209925162],[-75.738809803645,4.82043279911991],[-75.7386779958022,4.82037660072316],[-75.7385824587664,4.8203344424045],[-75.7384911826449,4.82029650539183],[-75.7382408421308,4.82017133676878],[-75.7377434708372,4.81986944368723],[-75.7373340308849,4.81960486975568],[-75.7367711262796,4.81932547829653],[-75.7364395463901,4.81913552586866],[-75.7357526908241,4.81893540395866],[-75.7354858722208,4.81890038287694],[-75.7352393715963,4.81884950122546],[-75.7349711094012,4.81875015421333],[-75.7347149237268,4.81861689531101],[-75.7341580065083,4.81818011378683],[-75.7332903622181,4.81796206404446],[-75.7329340652423,4.81794228571469],[-75.7323157738984,4.81781512291792],[-75.7317024835841,4.8176826075533],[-75.731115181469,4.81756388573969],[-75.7306884549461,4.81741579048435],[-75.7302872596654,4.8171880375722],[-75.7300915038132,4.81710080507894],[-75.7299126510446,4.81706689388182],[-75.7296661167718,4.81707417204725],[-75.7295017730659,4.81708870899347],[-75.7294123641865,4.81711778161607],[-75.7292836922984,4.81719076236991],[-75.7288940838896,4.81738745118714],[-75.7287587563535,4.81751345419665],[-75.7285094052696,4.81765441730151],[-75.7282991418529,4.81783856507487],[-75.7280109852181,4.81797732006828],[-75.7275855982916,4.8182196125226],[-75.7272417675107,4.81853295908078],[-75.7268236688247,4.8188334124323],[-75.7265100865147,4.81898059249195],[-75.7262286897985,4.81916290196284],[-75.7261439637633,4.81921232098628],[-75.7260685000618,4.81922003895192],[-75.7259699354956,4.81919379351986],[-75.725848939159,4.81909189910572],[-75.7255166937962,4.81857614279042],[-75.7253576318978,4.81837461533364],[-75.7252349807628,4.81824236030529]]]},"properties":{"FID":3,"ID_COMUNA":3,"NOMBRE":"Ferrocarril","NORMA":"Ac 63/1992","ACT_GEOGRA":1151712000000}},{"type":"Feature","id":4,"geometry":{"type":"Polygon","coordinates":[[[-75.6864849069751,4.81463372387887],[-75.6865416776723,4.81453889846133],[-75.6866425004073,4.81444365139967],[-75.6873403330349,4.81387749237869],[-75.6874306963013,4.81380524066404],[-75.6874978257026,4.81361387379665],[-75.6875664231432,4.81297978454297],[-75.6876301887689,4.81248255905764],[-75.6876337246083,4.81223408685862],[-75.6876829199336,4.81220203235615],[-75.6890445037476,4.81021215222608],[-75.6893418649541,4.80991406471602],[-75.6897344044572,4.80969945403734],[-75.6900436534106,4.80965178293135],[-75.6902696539615,4.80968756062614],[-75.6905788935885,4.80983065942586],[-75.6911180368819,4.81010595517612],[-75.6915423160157,4.81033152410973],[-75.6917326444656,4.81036731739707],[-75.6919586466102,4.81036732977435],[-75.6921846526031,4.81028386905766],[-75.6924225334382,4.81004540523916],[-75.69284354667,4.80938316083104],[-75.6931953930762,4.80885664770324],[-75.6932299868287,4.80856698827155],[-75.6933085522277,4.80850446785196],[-75.6934836733829,4.80841800110173],[-75.6936980566333,4.80837608125316],[-75.6940384306059,4.80840499320344],[-75.6947758354338,4.80850858223959],[-75.6950788128003,4.80853858762716],[-75.6955583149545,4.80858605011414],[-75.6961678616243,4.80864639465224],[-75.6965907768862,4.80867797606569],[-75.696863784669,4.80876988500572],[-75.697157181632,4.80883844481312],[-75.6973898341347,4.80895377245972],[-75.6976067729597,4.80924204734753],[-75.6979976903014,4.80985897241063],[-75.6981872752963,4.81000033145994],[-75.6984791200196,4.81017112083766],[-75.6986221925214,4.81018679288419],[-75.6988929511599,4.81019307452401],[-75.699290725278,4.8102160513952],[-75.6996419467613,4.81023489366949],[-75.7000228179308,4.81025384275387],[-75.7002151189603,4.81029161221607],[-75.700512813791,4.8103500858701],[-75.7010245024352,4.81043177578597],[-75.7014240708276,4.81049903078605],[-75.7018721287144,4.8105592759168],[-75.702289515145,4.81063467303944],[-75.702691513242,4.8106931494522],[-75.7028810333134,4.81072657319553],[-75.7030336482485,4.81076879200527],[-75.7032127431849,4.8108376983727],[-75.7034002181762,4.81093375207974],[-75.7036931560515,4.81111107455429],[-75.7039681342245,4.81129853305759],[-75.7041965258262,4.81145421607061],[-75.7044182281866,4.81158229310009],[-75.7046327477209,4.81169295357701],[-75.7048118780224,4.8117660463537],[-75.7049701624571,4.81181615955836],[-75.7051763377101,4.81186210578558],[-75.705353392689,4.81188298819396],[-75.7056064042389,4.81189154415355],[-75.706364522416,4.81193123685002],[-75.7067007780682,4.81195440225123],[-75.7070048846997,4.8119919964802],[-75.7071710572187,4.81202529443574],[-75.7073110318653,4.81205882168734],[-75.7080786881284,4.81226095232777],[-75.7092803175202,4.8126130993812],[-75.7104152196463,4.81291430482532],[-75.7106276639455,4.81297067051723],[-75.7111406223458,4.81305229931038],[-75.7118076073493,4.81313801216244],[-75.7121116783833,4.81318604243253],[-75.7126810500496,4.81332018122237],[-75.7128980013139,4.8133989776035],[-75.713060019232,4.81347710147267],[-75.7133929987368,4.81366284454584],[-75.7137724249078,4.81388285282441],[-75.7146078663184,4.81440586603471],[-75.7148442905932,4.81456500786821],[-75.7150104284332,4.81465136110849],[-75.7151826945578,4.814715107215],[-75.7153570380734,4.8147521128799],[-75.7155108529443,4.81477267429152],[-75.7161072368792,4.81479400207053],[-75.7164408888338,4.81485455315124],[-75.7167749623321,4.81499461995081],[-75.7175327264513,4.81541184929879],[-75.7180721680864,4.81564079495022],[-75.7185124481209,4.81574278217925],[-75.7174298567708,4.81612821290572],[-75.7168142420255,4.81631035508876],[-75.7162379613467,4.81644885358063],[-75.7158763480764,4.81641237535866],[-75.7134837307062,4.81622898124504],[-75.7127115600002,4.81602955901767],[-75.7126211147628,4.81679523421767],[-75.7117783729577,4.8166883063394],[-75.7116848614971,4.81753111302471],[-75.7100042359278,4.81733945593303],[-75.7066477055601,4.8169443489884],[-75.7041486395303,4.8166773932808],[-75.7040543080925,4.81750976008017],[-75.7023886499076,4.8173321973389],[-75.6998689841202,4.81704996469132],[-75.6997555613198,4.81789222165052],[-75.6947265814175,4.81733712621952],[-75.6905142577976,4.81683878592703],[-75.6896590525878,4.81675404921527],[-75.6896204935661,4.81674097672789],[-75.6879959017001,4.81653969504471],[-75.6863072204793,4.81635605029523],[-75.6864849069751,4.81463372387887]]]},"properties":{"FID":4,"ID_COMUNA":4,"NOMBRE":"Centro","NORMA":"Ac 63/1992","ACT_GEOGRA":1151712000000}},{"type":"Feature","id":5,"geometry":{"type":"Polygon","coordinates":[[[-75.7248544255998,4.81675056834906],[-75.7247256472095,4.8167961893911],[-75.7246020103408,4.81684726846913],[-75.7244740778728,4.81688073792255],[-75.7243461443579,4.81689559104284],[-75.7237498996671,4.81685100975694],[-75.7235644974403,4.81684542788481],[-75.7233753622996,4.8168640075306],[-75.7232121799061,4.81690303970322],[-75.723076816014,4.81695694469282],[-75.7229740611643,4.81698675826226],[-75.7219998975003,4.81707972662777],[-75.7216544820598,4.81712433837008],[-75.7215079914386,4.81713735485837],[-75.7213193838676,4.81713530443282],[-75.7210623559696,4.81713918820299],[-75.7207434564494,4.81720609026299],[-75.7205895353359,4.81721723388765],[-75.7204133944453,4.81718748889166],[-75.7200322735868,4.81703299298461],[-75.7197597175797,4.8169660859153],[-75.7193657061619,4.81698176556695],[-75.7188815827852,4.81699389465101],[-75.7187369581371,4.81698089290366],[-75.7186368449218,4.81693256831427],[-75.7185496912294,4.81686751660504],[-75.7184644386088,4.81673919944574],[-75.7183675667217,4.81660487694571],[-75.7182544599793,4.81651195383593],[-75.7180208510253,4.81638741380069],[-75.7177809383914,4.8163684237264],[-75.7175951141631,4.81631882562881],[-75.7175233134688,4.81627714174827],[-75.7174298567708,4.81612821290572],[-75.7185124481209,4.81574278217925],[-75.7180721680864,4.81564079495022],[-75.7175327264513,4.81541184929879],[-75.7167749623321,4.81499461995081],[-75.7164408888338,4.81485455315124],[-75.7161072368792,4.81479400207053],[-75.7155108529443,4.81477267429152],[-75.7153570380734,4.8147521128799],[-75.7151826945578,4.814715107215],[-75.7150104284332,4.81465136110849],[-75.7148442905932,4.81456500786821],[-75.7146078663184,4.81440586603471],[-75.7137724249078,4.81388285282441],[-75.7133929987368,4.81366284454584],[-75.713060019232,4.81347710147267],[-75.7128980013139,4.8133989776035],[-75.7126810500496,4.81332018122237],[-75.7121116783833,4.81318604243253],[-75.7118076073493,4.81313801216244],[-75.7111406223458,4.81305229931038],[-75.7106276639455,4.81297067051723],[-75.7104152196463,4.81291430482532],[-75.7092803175202,4.8126130993812],[-75.7080786881284,4.81226095232777],[-75.7073110318653,4.81205882168734],[-75.7071710572187,4.81202529443574],[-75.7070048846997,4.8119919964802],[-75.7067007780682,4.81195440225123],[-75.706364522416,4.81193123685002],[-75.7056064042389,4.81189154415355],[-75.705353392689,4.81188298819396],[-75.7051763377101,4.81186210578558],[-75.7049701624571,4.81181615955836],[-75.7048118780224,4.8117660463537],[-75.7046327477209,4.81169295357701],[-75.7044182281866,4.81158229310009],[-75.7041965258262,4.81145421607061],[-75.7039681342245,4.81129853305759],[-75.7039305352563,4.81101325095578],[-75.7040397800477,4.81066539578274],[-75.7040002443937,4.81039535563576],[-75.7040529714283,4.81001863861185],[-75.7040806843714,4.81002729380403],[-75.7041039950222,4.81005207465768],[-75.7041410750051,4.81007205204784],[-75.7041836116012,4.81012092476745],[-75.7041849837106,4.8101539713854],[-75.7041927301234,4.81016541688327],[-75.7042715376928,4.81018286933442],[-75.7044367960762,4.81018716680966],[-75.7044866585739,4.81020009759198],[-75.7045130679497,4.81022516132369],[-75.7045372936786,4.81026147604899],[-75.7045507091243,4.81029701229096],[-75.7045526411892,4.81044461647507],[-75.7045557396449,4.81045851703477],[-75.7045640491247,4.81047231147878],[-75.7045789442142,4.81048363306881],[-75.704602854451,4.81048804963549],[-75.7047743110328,4.81047682167362],[-75.7048937203012,4.81049282807358],[-75.7049370679651,4.81049226363054],[-75.7050046445532,4.81045759489116],[-75.7050540510161,4.81041881045706],[-75.7050650027243,4.81040252621379],[-75.7051304346108,4.8102638080421],[-75.7051833282933,4.81018699640963],[-75.7052129792978,4.81015133721733],[-75.7052755552859,4.81009852948181],[-75.7053604970903,4.80992037259897],[-75.7053823650565,4.80990594284578],[-75.7054422986188,4.80990221867785],[-75.7054603285992,4.80989125092648],[-75.7055046647743,4.80981915470228],[-75.7055640720924,4.80975822128337],[-75.7055813628935,4.8097500446434],[-75.7056248873038,4.80974490601442],[-75.7057276046833,4.80976700444609],[-75.7058026091076,4.80979440082275],[-75.7059681458498,4.80990414215619],[-75.7060044857985,4.80993683612172],[-75.7060244864758,4.80994220576591],[-75.7060859347652,4.80992643543301],[-75.7061883741544,4.80985374014029],[-75.7062320391301,4.80984411586709],[-75.7062846841067,4.80985415012682],[-75.7063378561575,4.80986965855436],[-75.7064004657281,4.80989551835048],[-75.7065281491253,4.80995248275635],[-75.7065987510198,4.8100047478094],[-75.7066203012458,4.81000904021898],[-75.7066464657796,4.81000066896141],[-75.7066695305288,4.8099903016518],[-75.7066884056965,4.80997940517604],[-75.7067089009079,4.80996462183872],[-75.706925326493,4.80989240716654],[-75.7069601181921,4.80987193809805],[-75.707009347527,4.80984956160825],[-75.7070423083788,4.80983834631035],[-75.7070752681897,4.80982990463044],[-75.7071418233535,4.80978543368329],[-75.7072274283201,4.80977072347247],[-75.707293665799,4.80977515820391],[-75.707458851359,4.80984930883654],[-75.7075503698249,4.80992850953743],[-75.7075933300389,4.8099500056446],[-75.7076147747,4.80995707143424],[-75.7076560448479,4.80996383717909],[-75.7076865750832,4.80996346735695],[-75.7077159441954,4.80995876932298],[-75.7077445376058,4.80994538271928],[-75.7077655960035,4.80992927514006],[-75.707863845234,4.80981615107828],[-75.7079935763889,4.80970714224739],[-75.7080332624172,4.80968448340204],[-75.7080858018063,4.80966124106868],[-75.7081362638472,4.80964524050854],[-75.7082102491919,4.8095963879792],[-75.7083036369708,4.80954967455089],[-75.7083683252215,4.80953113054831],[-75.7084197023896,4.80952034003068],[-75.7084590712127,4.80951435389899],[-75.7085386194416,4.80950805074339],[-75.7086410910422,4.80952424933512],[-75.7087321191709,4.80950789630946],[-75.7087189493068,4.80948555337998],[-75.7086801813225,4.80939826542855],[-75.7086429272037,4.80932415342501],[-75.7085962354116,4.80928126821183],[-75.7085141901787,4.80915840753174],[-75.7084441874937,4.80907724682828],[-75.7083616490074,4.80900869772754],[-75.7083023852048,4.80898077185335],[-75.7082061456871,4.80896858256573],[-75.7081394865114,4.80898218016723],[-75.7078449561818,4.80907816667134],[-75.7078090032367,4.80907410390299],[-75.7077720293704,4.80905327891239],[-75.7077218874072,4.80896595541816],[-75.7077003396556,4.80884182410932],[-75.7076867502405,4.80874443340164],[-75.7076777732726,4.80866505882037],[-75.7076559788172,4.80855299155367],[-75.707638760328,4.8085001984303],[-75.7076084430133,4.80844456104591],[-75.7075803443456,4.80840342455045],[-75.707554075002,4.80837092540234],[-75.7075094958672,4.80832574449876],[-75.7074674520896,4.80829983217014],[-75.7074551969326,4.80830098007612],[-75.7075395483363,4.80779727160946],[-75.7069660313319,4.80753011354902],[-75.7063784649564,4.80725758483667],[-75.7060662647851,4.8071096535926],[-75.7058796009972,4.80701234671066],[-75.7055673680005,4.80681969376707],[-75.7051831593645,4.80657883930273],[-75.7049785726886,4.80645540894431],[-75.7048809618003,4.8064145347099],[-75.7048378613747,4.80639256180081],[-75.7048328953497,4.80643147107071],[-75.704707573169,4.80741345512036],[-75.7046959514482,4.80745923530037],[-75.7046436939485,4.80748399675743],[-75.7045868232683,4.80748169798952],[-75.7044860437174,4.80744843659644],[-75.7043570220468,4.80740890475586],[-75.7042453606087,4.80737735627172],[-75.7040905288917,4.80729077002036],[-75.7039842570807,4.8072136005531],[-75.7039044290151,4.80717848463231],[-75.7038706242506,4.80717511038511],[-75.7038434040734,4.80717650470131],[-75.7038150448547,4.80646656845453],[-75.7038998921013,4.80594798871492],[-75.7039428253636,4.80570147721142],[-75.7040698484194,4.8054828053208],[-75.7042377797347,4.80552256828355],[-75.7042530286333,4.80548810957547],[-75.7044945578787,4.80550535626107],[-75.7045609720156,4.80546450501351],[-75.7046721790847,4.80537307116943],[-75.7047217625708,4.80528794098491],[-75.7047649062005,4.80505004894776],[-75.7046941995137,4.80501081823694],[-75.704601346611,4.80483738941911],[-75.7044363075123,4.80462734411815],[-75.7043279276921,4.80442427735725],[-75.7042640531854,4.80433909045157],[-75.7042086988358,4.80429254796181],[-75.7038260041627,4.80413097858401],[-75.7039220317994,4.80412520622773],[-75.7040177069982,4.804117667542],[-75.7041513070066,4.80410410742684],[-75.7042137424536,4.80404015426],[-75.7044718179263,4.80417778733864],[-75.7046314374204,4.80427913883782],[-75.7049733524392,4.80451755482808],[-75.705287659821,4.80477418053837],[-75.7057941613356,4.80506866211195],[-75.7058970888798,4.80512370065948],[-75.7060154404805,4.80516842519932],[-75.7061561518741,4.80522129317195],[-75.7063255267441,4.80527928325851],[-75.7067945659715,4.80546196026735],[-75.7070408487009,4.80548902636354],[-75.7072626227157,4.80550277347745],[-75.7073818224189,4.80545643104521],[-75.707510354723,4.80533938719434],[-75.7076742437458,4.80514395825111],[-75.7077921435446,4.80497904885473],[-75.7079615573234,4.80491743019557],[-75.7080579705926,4.80494297251475],[-75.7082381909483,4.80504469472911],[-75.7084253126203,4.80515734988074],[-75.7088935757007,4.8053961383845],[-75.7090173837249,4.80550946277471],[-75.7091148515564,4.80562084390798],[-75.7093112991649,4.80595945232951],[-75.7094124646833,4.80609255795885],[-75.709483770479,4.80612762001148],[-75.7095914189714,4.80613168461301],[-75.7097085046481,4.80610199735055],[-75.7097905888375,4.80604129419696],[-75.7099928984726,4.80572353689224],[-75.7100467777434,4.80560845092205],[-75.7100642810607,4.80552750484309],[-75.7100629440243,4.8054735285611],[-75.7100454438731,4.80542901961362],[-75.709946496863,4.80531498945578],[-75.7098234287768,4.80518347267793],[-75.7097655402502,4.80507742718665],[-75.7097695570654,4.80500322810838],[-75.7097897347371,4.80496815076725],[-75.7098613957782,4.80491629628651],[-75.7099391133077,4.80487103000464],[-75.7100508105005,4.80484944927384],[-75.7103562523104,4.80486024870346],[-75.7104308700532,4.80484915827875],[-75.7107174764974,4.80469131709514],[-75.7108779469581,4.80458561174754],[-75.7111753280567,4.80442777111351],[-75.7113075584018,4.80428167210415],[-75.7113950315074,4.80415485809011],[-75.7114636653197,4.80399430963204],[-75.7114986361452,4.8038229861456],[-75.7115429066787,4.80351755360424],[-75.7115937559081,4.80344577528737],[-75.7116559444558,4.80340234448895],[-75.7119441676647,4.80334191092265],[-75.7122730257366,4.8033129869971],[-75.7123785263443,4.8032903284138],[-75.7127760179721,4.80312978700531],[-75.7131931562044,4.803146733619],[-75.7134889140486,4.80312407844008],[-75.7136339589158,4.80305231923414],[-75.7137300588044,4.802952211411],[-75.7138072834349,4.8028219003367],[-75.7138494376525,4.80265255540793],[-75.7139549405975,4.80244857542431],[-75.7140962540425,4.80233338428991],[-75.71436373784,4.80213885706298],[-75.7146488305897,4.80183379931865],[-75.7148353214433,4.8017865916134],[-75.7151499537034,4.80172804620273],[-75.7154636715666,4.80159892216091],[-75.715569170953,4.80158947479555],[-75.7156161798091,4.80160618421814],[-75.7156595981565,4.80162158644336],[-75.7157424889581,4.80169712908047],[-75.7158347806964,4.80183878212908],[-75.7159236933555,4.8018998068469],[-75.7160291925588,4.80190547789007],[-75.71612905866,4.80185826868733],[-75.7161441306074,4.80180727766041],[-75.7161893484924,4.8015296447789],[-75.7162326621047,4.80144652673419],[-75.716279778495,4.8014276464914],[-75.7163438307456,4.80142764772238],[-75.7164888739229,4.80149375935561],[-75.7167695936944,4.80154664499725],[-75.7168306177098,4.80160358913937],[-75.7168268487445,4.80167913059663],[-75.7168004732221,4.80173957086796],[-75.7167138115372,4.8018245597673],[-75.7166535249953,4.80191521995336],[-75.7166497560896,4.8019775324006],[-75.7166761306004,4.80202854104039],[-75.7168212072847,4.80214375452879],[-75.716821063896,4.80232383883125],[-75.7167890176986,4.80247304937277],[-75.7168172931921,4.80252026116954],[-75.7168775782308,4.80254859239658],[-75.7174747603358,4.80267137131389],[-75.7177942165226,4.80266053128939],[-75.7179863772019,4.8025623318704],[-75.7183128769747,4.80243511419234],[-75.7184598226888,4.80239355655895],[-75.718665152501,4.80237278819015],[-75.7188629804532,4.8023935614392],[-75.7190212290397,4.80248044427785],[-75.7191154225594,4.80261831651956],[-75.7192041583596,4.80286094504303],[-75.7192682091955,4.80301204593761],[-75.7193661723165,4.80308947885033],[-75.7194509307432,4.8031310388282],[-75.7195836498543,4.80315020415212],[-75.7197060866582,4.80313132447941],[-75.7198473985446,4.80308411405346],[-75.7199208548512,4.80302367511165],[-75.720009417581,4.80286690493143],[-75.7200697062642,4.80251940082943],[-75.7201211184469,4.8024733376317],[-75.7201689032461,4.80245599352406],[-75.7202038698589,4.80244746284088],[-75.7202492246589,4.8024412292347],[-75.7208784523778,4.80248466599883],[-75.7210358203659,4.80253396335154],[-75.7211789962398,4.80269449622614],[-75.7213030518817,4.80286564534943],[-75.7214538342028,4.8030147163569],[-75.7215770456917,4.80309774740596],[-75.7216577546735,4.80309988503267],[-75.7217214560891,4.80304451447794],[-75.7217945246201,4.8029385237274],[-75.7218659028369,4.80284648549303],[-75.7219253787203,4.80283797269889],[-75.7219742194391,4.80286778785454],[-75.7221569398649,4.80316062894886],[-75.7224088205548,4.80327939249966],[-75.7225993947557,4.80339677663979],[-75.7226327764741,4.80347027029625],[-75.7226759824923,4.80355324802174],[-75.7227124286489,4.80361517224831],[-75.7227904609881,4.8036539060076],[-75.7229320539155,4.80367437754507],[-75.7231212909868,4.80367028016129],[-75.7233228176759,4.80364025532437],[-75.7234093376028,4.80361143137407],[-75.7234596924155,4.80356775249174],[-75.7235713552093,4.80334935919242],[-75.7236217110743,4.80333162667614],[-75.7236721006398,4.80335345748723],[-75.7237197443315,4.80339167879045],[-75.7237401672619,4.80357730921911],[-75.7237755566225,4.80365237447348],[-75.7238382017907,4.80367694267964],[-75.7239647933223,4.80370834680786],[-75.7240029293499,4.80375338569661],[-75.7240437764972,4.80383392589115],[-75.7240520864731,4.80391667339498],[-75.7240439171472,4.80404361276857],[-75.7240180701847,4.80412413449106],[-75.7239744755338,4.8041923818787],[-75.7238315082917,4.80424351348834],[-75.7237474535767,4.80427574704097],[-75.7236382915954,4.80432006133965],[-75.7234705698376,4.80438078273958],[-75.7234270809675,4.80438078316153],[-75.7231733685519,4.80433544263393],[-75.7230413884744,4.804336995805],[-75.7228938435807,4.80436502491708],[-75.7228239447274,4.80442572983848],[-75.7227990834727,4.80448802496966],[-75.7228161970736,4.80457677839938],[-75.7228596496055,4.80473713378067],[-75.7229341954769,4.80484925452342],[-75.7232627013425,4.80512519462681],[-75.723360276606,4.80524842492749],[-75.7233992924959,4.80540883388542],[-75.7234562680533,4.80551750961469],[-75.7235596895111,4.80559967577932],[-75.7237469902869,4.80567009579411],[-75.7237823441162,4.80568053461703],[-75.7237801542383,4.80732962638031],[-75.7231655707046,4.80731482259806],[-75.72316486588,4.80733995573266],[-75.7231511650902,4.807839357374],[-75.7231242967977,4.80793807105935],[-75.7230509811488,4.8080821781166],[-75.7229299514679,4.80822034919032],[-75.7228715314969,4.80825385392585],[-75.7228465996917,4.80831524843553],[-75.7227762072638,4.80836597329309],[-75.7227284575666,4.80842279310417],[-75.7227077513776,4.80843593394817],[-75.7226829261783,4.80844656598424],[-75.7226497543355,4.8084537903101],[-75.7226199637464,4.80845423100405],[-75.722603273036,4.80845204073401],[-75.7224502347057,4.80838275064498],[-75.7224305854822,4.80839004525231],[-75.722391780168,4.80835622151234],[-75.7223154012279,4.8083352211762],[-75.7221770125975,4.80826985213716],[-75.7220782033753,4.80823970151832],[-75.7219752383581,4.80819694009936],[-75.7219410809918,4.80818710201931],[-75.7218764288054,4.80819067005406],[-75.7218049455277,4.80818597137632],[-75.7217473362845,4.80817544383667],[-75.7217296589241,4.80816678940367],[-75.7217142354911,4.80815221789957],[-75.7217059948756,4.80813849422772],[-75.7216615563874,4.80805030569305],[-75.7216444428787,4.8080395314696],[-75.7216264834638,4.80803177781611],[-75.7216074686841,4.80802677942767],[-75.7215771494249,4.80802478350648],[-75.7215480277919,4.8080264785092],[-75.7215272515969,4.80802990511148],[-75.7214972849779,4.80803780024271],[-75.7214627044203,4.8080519295879],[-75.721433688239,4.80806865560172],[-75.7210938394591,4.80829840348926],[-75.7210753174438,4.80831673699138],[-75.7209828460317,4.80833831977969],[-75.7209643585684,4.80833554639532],[-75.7208514622008,4.80850275420265],[-75.7208150858679,4.80854219344133],[-75.7207790272376,4.80858822115125],[-75.7207469119277,4.8086371813264],[-75.7206583825135,4.80882625513828],[-75.7206013359735,4.80890523989842],[-75.7205814045777,4.80896538035371],[-75.720552633947,4.80903330880023],[-75.7205359074188,4.80906651392532],[-75.7204912203726,4.80914127785136],[-75.7204522385858,4.80917933950998],[-75.7204047351218,4.80920590360636],[-75.7202165523569,4.80926809097425],[-75.7199703376681,4.80926240108189],[-75.7198843749105,4.80992129119951],[-75.7198889856247,4.81016554314361],[-75.7197426186666,4.81193835806142],[-75.7197010640756,4.81219899969969],[-75.7191294916303,4.81364965053722],[-75.7191206172475,4.81368147719578],[-75.7193509883367,4.81354710558478],[-75.7195588924526,4.81343244441603],[-75.7196436884546,4.81340107660992],[-75.7197236235933,4.81338408620068],[-75.7197417235815,4.81339007460059],[-75.719756971649,4.81339811041582],[-75.7197697890218,4.81340755984144],[-75.7197899310221,4.81343362953526],[-75.719792536724,4.81346167757047],[-75.7197788731119,4.81351904414915],[-75.7196981614978,4.8136294678448],[-75.7195986463557,4.81372009229731],[-75.7194990256505,4.81378168012919],[-75.7194684588916,4.81382666539812],[-75.7194684586124,4.81387361198698],[-75.7195146929435,4.81398868176969],[-75.719826440012,4.814232936329],[-75.7199175035895,4.81425729422461],[-75.7200143765526,4.81427206084262],[-75.7202457678141,4.81425461223585],[-75.7205001186752,4.81422533097385],[-75.7205957254189,4.81416598607839],[-75.7206603786748,4.81410393960555],[-75.720763239149,4.81407107079886],[-75.7209630422682,4.81410014484034],[-75.7211369287353,4.81412112922297],[-75.7212361626095,4.81410012876411],[-75.7213308526277,4.8140572284671],[-75.7214538558998,4.81398681002258],[-75.7215660832404,4.81391729221141],[-75.7216043258619,4.81390358610772],[-75.7216398214505,4.81390358631816],[-75.7216671473608,4.81391455450766],[-75.721704474078,4.81394740717402],[-75.7217181364124,4.81398757078736],[-75.7217529968914,4.814148121626],[-75.7217893018744,4.8142982868574],[-75.7218130003423,4.81432110629826],[-75.72184303807,4.81433115684975],[-75.7218921971419,4.81432933729327],[-75.7219413552342,4.81432391597883],[-75.7219824507236,4.81430906196857],[-75.7220190731309,4.81428571268627],[-75.7220948178832,4.81440657653043],[-75.7220409752545,4.81447844374935],[-75.7220150923573,4.81449515154508],[-75.7218785312156,4.81466149396483],[-75.7219547609608,4.81589778369327],[-75.7248544280238,4.81574703256831],[-75.7248544255998,4.81675056834906]]]},"properties":{"FID":5,"ID_COMUNA":6,"NOMBRE":"El Jardin","NORMA":"Ac 55/2006","ACT_GEOGRA":1167177600000}},{"type":"Feature","id":6,"geometry":{"type":"Polygon","coordinates":[[[-75.6864849069751,4.81463372387887],[-75.683576710206,4.81428867188324],[-75.6835239945881,4.81429366628681],[-75.6834680029041,4.8143155640395],[-75.6834465213707,4.81432766128262],[-75.6834216590736,4.81434700018943],[-75.6834005999691,4.81436983648113],[-75.6832569468584,4.81461204718168],[-75.6830281729387,4.81497395087915],[-75.6830072567943,4.8149672904359],[-75.6827411111591,4.81493685910784],[-75.6821459592887,4.81492662904429],[-75.681625006316,4.81488530078756],[-75.6813492501137,4.81481525140915],[-75.680921484952,4.81459069975924],[-75.6805182993349,4.81437427416427],[-75.6795188757943,4.81357375125897],[-75.6792313657824,4.81341469983494],[-75.6791087892695,4.81336691454546],[-75.6787274999733,4.81325769972714],[-75.6784074474494,4.81316895961099],[-75.6779921025851,4.81312115352444],[-75.6773024462843,4.81299700828312],[-75.6772139195204,4.81299016700922],[-75.6769551720768,4.81292871784864],[-75.6768242494446,4.81289347212217],[-75.676436143275,4.8125931675788],[-75.6761365610163,4.81236111554091],[-75.6758165505216,4.81218365683929],[-75.6757007696956,4.81214952426533],[-75.6752650039459,4.81207440894379],[-75.6750256609344,4.81199847853226],[-75.6748350218423,4.81188244047515],[-75.6745830817428,4.81167768047787],[-75.6744401232467,4.81109758658741],[-75.6743575943701,4.8109384787688],[-75.6739422762166,4.81055626951633],[-75.6736358555045,4.81043340492084],[-75.6733362609195,4.81038560465744],[-75.6728323918359,4.81031731785882],[-75.6722644033748,4.81019282468871],[-75.6712158498206,4.80968090449844],[-75.6710388382583,4.80957851950225],[-75.6707376672404,4.80943334589918],[-75.6705402275478,4.80939238848088],[-75.670458498545,4.80935825866758],[-75.6700074509341,4.80887800113564],[-75.6693198214985,4.80817502018507],[-75.6691354477452,4.8081126385642],[-75.6688699073061,4.80804436926124],[-75.6686860705031,4.80788738868853],[-75.668597559834,4.80768947527359],[-75.6684203607929,4.80691574639122],[-75.668345478107,4.80671783405472],[-75.6682842153357,4.80661545838918],[-75.6679982218093,4.80647893907755],[-75.6672543129464,4.80632810976592],[-75.6670227889266,4.80627349529743],[-75.6667981062503,4.80609604036272],[-75.6666143011071,4.80598681786597],[-75.6659860256331,4.80514480124752],[-75.6656387732335,4.80487861729464],[-75.6654004966575,4.80472844843647],[-75.6647808561951,4.8046055514822],[-75.6645631696602,4.80457255609192],[-75.6641033222671,4.80451703642005],[-75.6638819067321,4.80443592862152],[-75.6637201153963,4.80427801304542],[-75.6635540681378,4.80407315035687],[-75.6633412044366,4.80367622380528],[-75.6632017521934,4.80336955802656],[-75.6631609484035,4.80327982955524],[-75.6631117990445,4.80318863461204],[-75.6630268786637,4.80303107911898],[-75.6636471150191,4.80239820901151],[-75.6640852927408,4.80181869650627],[-75.6674826769071,4.80383822365906],[-75.6675605334005,4.80384261100918],[-75.6676291288726,4.80384456000719],[-75.6677155081311,4.80384446106426],[-75.6679028056597,4.80387404406099],[-75.667993550676,4.80387244437188],[-75.6681357114274,4.80382383267947],[-75.6681780055735,4.80379555873266],[-75.6681950515968,4.80375781617961],[-75.6682247795518,4.80366415548241],[-75.6682901980339,4.80334676942161],[-75.6683067951177,4.80320902346428],[-75.6685770086692,4.80337625498279],[-75.6690568984896,4.80377890795756],[-75.6691499946466,4.80387658772096],[-75.6692484073894,4.80398327631658],[-75.6693294610309,4.80407390865722],[-75.669394705893,4.8041487844706],[-75.6695518458746,4.80436212307182],[-75.6696629701415,4.80447359854225],[-75.6697019142395,4.80449862941478],[-75.6697295204683,4.80451223157158],[-75.6697562114461,4.80452258454456],[-75.6697807188007,4.8045298809864],[-75.6698523776041,4.80454147311935],[-75.6699261132943,4.80455675709171],[-75.6699840032373,4.80457121008098],[-75.6700471041245,4.80458949517932],[-75.6701046050076,4.80461832512895],[-75.6701620690866,4.80467212896599],[-75.6702439660297,4.80478976652219],[-75.6703104412339,4.80488834592202],[-75.670417477008,4.80505342578601],[-75.6705094433202,4.80518411668963],[-75.670595674334,4.8052744495688],[-75.6707923994855,4.80542424105259],[-75.671052471436,4.80561314340841],[-75.6712077194249,4.80572114337787],[-75.6713437792781,4.80578648751054],[-75.6715994522249,4.80593699079605],[-75.6716665300999,4.80599273818881],[-75.671770016623,4.80606192955002],[-75.6720785796696,4.80623107091478],[-75.6723189006062,4.80637611543792],[-75.6724185130574,4.80646068995792],[-75.6725047782506,4.80656446308375],[-75.6726890255043,4.80688269922705],[-75.6727278963073,4.80694980096585],[-75.6727335296088,4.80695951559637],[-75.6750876651714,4.80695969878085],[-75.6750695585272,4.80704111975495],[-75.6751333867363,4.80723014690217],[-75.675153520959,4.80733297823326],[-75.6751809099499,4.80743134137739],[-75.675209532723,4.80751161909204],[-75.675119605285,4.80787185179501],[-75.6751152708038,4.80791356959656],[-75.67498686963,4.80808066328473],[-75.6751375813945,4.8081062847522],[-75.6753780882008,4.80814576094364],[-75.6755696483017,4.80817595945652],[-75.6757099733407,4.80819741261744],[-75.6759655841079,4.8082691929202],[-75.6762253089081,4.80841681586394],[-75.6764406283808,4.80858151508161],[-75.676776026406,4.80874760117904],[-75.6774556342792,4.80898393691744],[-75.6780564656916,4.80926726487842],[-75.6783717219519,4.80943066379631],[-75.678527220685,4.80950393817991],[-75.6794640417872,4.81009003788395],[-75.6795243596819,4.81013887853288],[-75.6796073895695,4.81020324565213],[-75.6799960080558,4.81072646459845],[-75.6804176250917,4.81121589766132],[-75.6806090734917,4.81135153921481],[-75.6809391254953,4.81146110329665],[-75.6808738395468,4.81198358433066],[-75.6811368099063,4.81208422442579],[-75.6816083059556,4.81235247515046],[-75.6817127475425,4.81238261392546],[-75.6816373247957,4.81283979732233],[-75.682092426196,4.81289293789892],[-75.6825233749869,4.81287459690862],[-75.6826166196123,4.81290233229335],[-75.6827315101252,4.81308993086048],[-75.6830535949532,4.81336064379613],[-75.6831841303337,4.81340055158901],[-75.6832679753973,4.81339910875432],[-75.6840943342519,4.81350313857258],[-75.6849996077087,4.81360733165532],[-75.6857796613458,4.81370178414117],[-75.6866183819817,4.81378714262697],[-75.6873403330349,4.81387749237869],[-75.6866425004073,4.81444365139967],[-75.6865416776723,4.81453889846133],[-75.6864849069751,4.81463372387887]]]},"properties":{"FID":6,"ID_COMUNA":8,"NOMBRE":"Oriente","NORMA":"Ac 63/1992","ACT_GEOGRA":1151712000000}},{"type":"Feature","id":7,"geometry":{"type":"Polygon","coordinates":[[[-75.6873403330349,4.81387749237869],[-75.6866183819817,4.81378714262697],[-75.6857796613458,4.81370178414117],[-75.6849996077087,4.81360733165532],[-75.6840943342519,4.81350313857258],[-75.6832679753973,4.81339910875432],[-75.6831841303337,4.81340055158901],[-75.6830535949532,4.81336064379613],[-75.6827315101252,4.81308993086048],[-75.6826166196123,4.81290233229335],[-75.6825233749869,4.81287459690862],[-75.682092426196,4.81289293789892],[-75.6816373247957,4.81283979732233],[-75.6817127475425,4.81238261392546],[-75.6816083059556,4.81235247515046],[-75.6811368099063,4.81208422442579],[-75.6808738395468,4.81198358433066],[-75.6809391254953,4.81146110329665],[-75.6806090734917,4.81135153921481],[-75.6804176250917,4.81121589766132],[-75.6799960080558,4.81072646459845],[-75.6796073895695,4.81020324565213],[-75.6795243596819,4.81013887853288],[-75.6794640417872,4.81009003788395],[-75.678527220685,4.80950393817991],[-75.6783717219519,4.80943066379631],[-75.6811621778858,4.80975112613278],[-75.6812485433651,4.80889972184416],[-75.6820930310599,4.80901472396792],[-75.6822326265461,4.80779787167715],[-75.6824332031544,4.80780231803736],[-75.6834793054607,4.80819150315993],[-75.684712511682,4.80838904506158],[-75.6855131528786,4.80859221026248],[-75.6856254128844,4.80861358877595],[-75.6863171300663,4.80895127973734],[-75.6862610030032,4.80949255460198],[-75.6879381866535,4.8096858597804],[-75.6877383908609,4.81142032054169],[-75.6876337246083,4.81223408685862],[-75.6876301887689,4.81248255905764],[-75.6875664231432,4.81297978454297],[-75.6874978257026,4.81361387379665],[-75.6874306963013,4.81380524066404],[-75.6873403330349,4.81387749237869]]]},"properties":{"FID":7,"ID_COMUNA":9,"NOMBRE":"Villavicencio","NORMA":"Ac 63/1992","ACT_GEOGRA":1151712000000}},{"type":"Feature","id":8,"geometry":{"type":"Polygon","coordinates":[[[-75.7339792074053,4.80993705987189],[-75.7340709739287,4.80994788528948],[-75.7344032505806,4.80991372264563],[-75.7348377860007,4.80973435708098],[-75.7350763215003,4.80949518920644],[-75.7351724532214,4.80934880353648],[-75.7352246048486,4.80939774540727],[-75.7352965121907,4.80944760495338],[-75.7353807433606,4.80946775607413],[-75.7355672003976,4.80946158982847],[-75.7357352049053,4.80944759870688],[-75.7358513035753,4.80941744829695],[-75.7359836364451,4.80939211864326],[-75.7361596349965,4.80937572569918],[-75.736388382878,4.8093681625574],[-75.7367654860132,4.80935808970088],[-75.7369757127129,4.80938979029141],[-75.7371834739955,4.80942871483496],[-75.7373053841027,4.80943249321703],[-75.7374625073246,4.8094198797313],[-75.7375303993683,4.80939720024715],[-75.7376070587569,4.809356876282],[-75.7376778724258,4.80929461553777],[-75.7378601349084,4.80905392805432],[-75.7379192220794,4.80896570400377],[-75.7379770425475,4.8089127692569],[-75.7382629396444,4.80872808761167],[-75.7384087217651,4.80859828531746],[-75.7385357010201,4.80850755206388],[-75.7386848283507,4.80837776710594],[-75.7387976862725,4.80826857675338],[-75.7389009301695,4.80815325783971],[-75.7389865332668,4.80804498665457],[-75.7390907263732,4.80785749928928],[-75.7391791096609,4.80767674230848],[-75.7392331610406,4.8076099425479],[-75.7393257368698,4.80753116730949],[-75.7394091568588,4.80746502007647],[-75.7394950418884,4.80741816038507],[-75.7396031117294,4.80740529986587],[-75.7396986821006,4.80740051155832],[-75.7398231262251,4.80740428894414],[-75.7399098577297,4.8074168981833],[-75.7405087398294,4.80761127778159],[-75.7405992397326,4.80764405671431],[-75.7406484332377,4.8076503795067],[-75.7406976970789,4.80764605078254],[-75.7407516790609,4.80761756032549],[-75.7408070691904,4.8075805220124],[-75.7410220074205,4.80732974834408],[-75.7411281756425,4.80726882844949],[-75.741302903877,4.80719194073504],[-75.7415153461454,4.80712768070712],[-75.7418125129491,4.80707463431117],[-75.742277614383,4.80709099712482],[-75.7424050520626,4.80707831240303],[-75.7425760131416,4.80704028165267],[-75.7427293673699,4.80699513394437],[-75.7429346237627,4.8068648338723],[-75.7430163175724,4.80676025372251],[-75.7430439934921,4.80667580973785],[-75.7430413136614,4.80654823497629],[-75.7430452195991,4.80643890533358],[-75.7430580709729,4.80636389332801],[-75.7430995504574,4.80628197518917],[-75.7431724410641,4.8062000733379],[-75.7432264927296,4.8061685622876],[-75.7433257940953,4.80612949053798],[-75.7434623157815,4.80609418110144],[-75.7436035222537,4.80608237919416],[-75.7436623637885,4.8060587979668],[-75.7437155697109,4.80599874486327],[-75.7438508907265,4.80581198080696],[-75.7439630056475,4.80561804638561],[-75.7440705071899,4.80542269889354],[-75.7441334642445,4.80520684598487],[-75.7441431116194,4.80515825701929],[-75.7441498920534,4.80456164223002],[-75.7441569690416,4.80453025616367],[-75.7441673212608,4.80450572296917],[-75.74418524457,4.80447843453197],[-75.7442478531551,4.80443207005801],[-75.744355637392,4.8042965267479],[-75.7444032441855,4.80420242100402],[-75.7444630697888,4.80413424234976],[-75.7445454676077,4.80407936408723],[-75.7446290278071,4.80402921814029],[-75.7446875522654,4.80401148362379],[-75.7447967485946,4.80399053384591],[-75.7448631954195,4.80395900432992],[-75.7449218953642,4.80392097663033],[-75.7450771820574,4.8037643781301],[-75.7452078909044,4.80363828346565],[-75.7453058882614,4.80356042533864],[-75.7454056453975,4.80349060413437],[-75.7454491689586,4.80347150945023],[-75.7455447740138,4.80348487743289],[-75.7456260113707,4.80349059789684],[-75.7457185165133,4.80347968027796],[-75.7458186269123,4.80343771207202],[-75.7458967297472,4.80339238838741],[-75.7459552174805,4.80333920533966],[-75.7459973654347,4.80326965033975],[-75.7460313790094,4.80317964219541],[-75.746054617626,4.80307661709897],[-75.746102215821,4.80272474816688],[-75.746133518946,4.80266609034805],[-75.7461812661874,4.80259927290414],[-75.7462508114331,4.80254393530691],[-75.746318842378,4.80249894717588],[-75.7463015154402,4.80243488667435],[-75.746261440514,4.80236868977364],[-75.7462166833788,4.80232453474776],[-75.7461624533733,4.80228465553317],[-75.7459851168724,4.80221284497841],[-75.7457776731799,4.80212074267166],[-75.7455437860387,4.80212943875224],[-75.7453421180112,4.80207513293579],[-75.7451666850866,4.8020697148975],[-75.7450973842667,4.80205994945741],[-75.7448836725166,4.80197173209672],[-75.7446453817243,4.80187853499701],[-75.744444700885,4.80187984702474],[-75.7442682102984,4.80183207497667],[-75.7442248978628,4.80182882610607],[-75.7441978186963,4.80183642155194],[-75.7441575707958,4.80187008703014],[-75.7441328517753,4.80190698414433],[-75.7438665435619,4.80230442743244],[-75.7438376691058,4.80233802199784],[-75.7438046750335,4.80236381006173],[-75.7437603423738,4.80238608355848],[-75.7437061840276,4.80238687900782],[-75.743608748487,4.80237601962926],[-75.7435784643841,4.80236840786703],[-75.7433794714441,4.80227142864686],[-75.7432036495481,4.80219216460922],[-75.743154455289,4.80215903212988],[-75.7428932004267,4.80183433421924],[-75.7427810082147,4.80174482500422],[-75.7427438235219,4.80174510845058],[-75.7425422939007,4.80157495473312],[-75.7423227003397,4.80143450927498],[-75.7419343977676,4.80120741640031],[-75.7424687431874,4.80049865223256],[-75.7427007205106,4.8001423449903],[-75.7429875228677,4.79975866040672],[-75.7431021747038,4.7996591665015],[-75.7431821429617,4.79960718466464],[-75.7433673625767,4.79952708157539],[-75.7435652597791,4.79949742187072],[-75.7458289075617,4.7995690712399],[-75.7461526591176,4.79960322102087],[-75.7466893850418,4.79981672461005],[-75.7483933821792,4.80074765153412],[-75.7487042500067,4.80090476502927],[-75.7489939165446,4.80097309144884],[-75.7491890344629,4.80100102632419],[-75.7499175097419,4.80153320258231],[-75.7505387932203,4.80199187006404],[-75.7506236578728,4.80198227666333],[-75.7508475791597,4.8019738613841],[-75.7510033630864,4.80199148351316],[-75.7513252165099,4.8020813550253],[-75.7515069171965,4.80209646712146],[-75.7517310859426,4.80209483433995],[-75.7518089766697,4.80207467859934],[-75.7518879935427,4.80201831540175],[-75.751956375982,4.8019596388165],[-75.7520486297619,4.80183988472446],[-75.7521181356624,4.80168288230451],[-75.7521995389633,4.80141266422824],[-75.7522623854758,4.80118012046903],[-75.7523084403851,4.80106667372886],[-75.7523542859409,4.80099771836428],[-75.7523881948161,4.80095727032027],[-75.7524135476911,4.80094102015586],[-75.7524435130752,4.80093033352827],[-75.752468902392,4.80092508681721],[-75.7525017557332,4.80092303691167],[-75.7525390818444,4.80092704479485],[-75.7525734151751,4.80093703991723],[-75.7526062348913,4.80095381801756],[-75.7526412729612,4.80097596515128],[-75.7526651131616,4.80099403309274],[-75.7527082167714,4.80105653801881],[-75.7527569905088,4.80114958154805],[-75.752882885674,4.80135350481514],[-75.7529351464958,4.80147025068334],[-75.7529791677271,4.80159528078474],[-75.7530298143513,4.80183308338447],[-75.7530931004298,4.80205555496712],[-75.7531078609678,4.80221605173028],[-75.7531243783219,4.80226753691038],[-75.7531500507187,4.80230430810956],[-75.753191320976,4.80232636698678],[-75.7532260072787,4.80234030089489],[-75.7532631219776,4.80234976710119],[-75.7532967510707,4.80235393323193],[-75.7533435143179,4.80234934004802],[-75.7533950305888,4.80231952360154],[-75.7534573904942,4.80226252484781],[-75.7535435533264,4.80214669226282],[-75.7536730955878,4.80194478994859],[-75.7537436911869,4.80176092233717],[-75.7539063304478,4.80149737711234],[-75.7540780203668,4.80123577412604],[-75.7541761201161,4.80111451935556],[-75.7542485848551,4.80101421178844],[-75.7544287288759,4.80083676922228],[-75.7544763704114,4.80079632054496],[-75.7545359861825,4.8007751770119],[-75.7545992643601,4.80077609256606],[-75.754653352739,4.80080090557239],[-75.7547037806594,4.80086065546304],[-75.7547582255623,4.80098577263917],[-75.7548029156714,4.80110855920639],[-75.7548430374838,4.80144421117203],[-75.7549541432522,4.80162907767389],[-75.7549945694723,4.80167434491599],[-75.7550976434102,4.8017638882212],[-75.7552797349273,4.80186492619679],[-75.7556364186367,4.80204805183074],[-75.7558505905078,4.80214564408145],[-75.7560277861498,4.80220584747061],[-75.7561763884514,4.80225031438994],[-75.7563756978661,4.80228359944791],[-75.7564894719338,4.80228483054496],[-75.7569158335314,4.80225612837878],[-75.7570623218068,4.80227242390498],[-75.7571952887396,4.80229170558254],[-75.7572871605877,4.80231021156632],[-75.7573639287535,4.80236533197454],[-75.7574601355208,4.80245833697883],[-75.7575506036529,4.80257085963601],[-75.7577009452663,4.80291122285246],[-75.7581811704759,4.80337211547928],[-75.7582835385748,4.80342744628434],[-75.7585572909953,4.80349518601743],[-75.7587439582298,4.80351699061461],[-75.7588344563861,4.80351698661154],[-75.7588859725811,4.80349517071195],[-75.7589264312903,4.80345760173837],[-75.7589595299134,4.80342086202616],[-75.758990198886,4.80338034312933],[-75.7590349154711,4.80327542749277],[-75.7590475125986,4.80309631345392],[-75.7590452509382,4.80291313854398],[-75.7590613051421,4.80285458686576],[-75.7590418301343,4.8027994815224],[-75.7590028764828,4.80264331342877],[-75.7590054059373,4.80252663657009],[-75.7590328677185,4.80242214501982],[-75.7591038881975,4.80232800154494],[-75.759248186785,4.80220628456069],[-75.7593548103631,4.80214338393109],[-75.759377310883,4.80213085995705],[-75.7594584752921,4.80208560543819],[-75.7599544902861,4.80209096828744],[-75.7601445702235,4.80204327149651],[-75.7605607487861,4.80188420228809],[-75.7606143774045,4.80185950721112],[-75.7607524853063,4.80189231666543],[-75.7607951308926,4.80194224571865],[-75.7608022470331,4.80199576224685],[-75.7607986931027,4.80205282925137],[-75.7607347203436,4.80224190747398],[-75.7607133858916,4.8023489243061],[-75.7607133890704,4.80240599094154],[-75.7607276178783,4.8024701928284],[-75.760766743668,4.80254154604757],[-75.7608093894516,4.80258434019967],[-75.7609109806486,4.8026078612832],[-75.7610796555524,4.80265568211411],[-75.7611579005528,4.80268063445048],[-75.7613961582139,4.80276268194475],[-75.7615900451866,4.8028042662308],[-75.7619757752372,4.80286253174385],[-75.7620504652551,4.80289628096222],[-75.7621026878026,4.80292390155214],[-75.7621303329118,4.8029751215744],[-75.7621375899558,4.80303181709782],[-75.7621347066948,4.80311470564837],[-75.7621375985512,4.80321213101813],[-75.7621073616244,4.8034189933572],[-75.7620694120648,4.80363145417703],[-75.7620853716911,4.803790449265],[-75.7621143964574,4.8039489316363],[-75.7621493682253,4.80404545424665],[-75.7622320596255,4.80424319629005],[-75.7623540166655,4.80449072703965],[-75.7624381472353,4.80459687336509],[-75.7625369973791,4.80471110695174],[-75.7626445457114,4.80484581187874],[-75.7628577500512,4.80525247479775],[-75.7630790183562,4.80567535057432],[-75.7631512820211,4.80577902396594],[-75.7632281575318,4.80585435010533],[-75.7633469366578,4.80594044675298],[-75.7634552214293,4.8059872811075],[-75.7635867799729,4.806012249281],[-75.7636469593504,4.80598974365436],[-75.7636841069941,4.80593991693806],[-75.7637178018784,4.80585676045545],[-75.763735543206,4.80575008006267],[-75.763741276416,4.8056307710789],[-75.7637681041361,4.80554138044762],[-75.7638072215179,4.80545218346272],[-75.7638783127539,4.8053558679654],[-75.7639850032731,4.80524171052154],[-75.7640561315951,4.80518107237463],[-75.7641948004461,4.8051525223042],[-75.764297905769,4.80515608406789],[-75.7643974902414,4.80517034955211],[-75.7644965476604,4.80520572223565],[-75.7645510601434,4.80523401432519],[-75.7645837396228,4.8052608232747],[-75.7646373032881,4.80533093943182],[-75.7646872388364,4.80539058218043],[-75.7647244628082,4.80544162443809],[-75.7647426365612,4.80551765919015],[-75.7647498939672,4.80557144093055],[-75.7647621531353,4.80566386683749],[-75.7647736732755,4.80575018161554],[-75.7648112184182,4.80588441250957],[-75.7648458737895,4.8059840255132],[-75.7648734141911,4.80603925395478],[-75.7649168351426,4.80609213256253],[-75.7650034296372,4.80617365660026],[-75.765090973002,4.80621192631422],[-75.7652260893852,4.80625829948977],[-75.7652867972661,4.80625255619097],[-75.7653540895943,4.80623688621362],[-75.7654785666194,4.80617981230493],[-75.7657914651914,4.80603710040544],[-75.7660083763426,4.80595147922569],[-75.7661434870495,4.80588725092191],[-75.7661754934975,4.80584802158848],[-75.7662146102077,4.80575527500285],[-75.7662288323141,4.80568748621324],[-75.7662181572533,4.80558047072145],[-75.7661261286007,4.80531488837404],[-75.7659851887653,4.80504683603954],[-75.7659654992143,4.80494570317775],[-75.7659671474396,4.80482602367427],[-75.7659934099552,4.80471248857272],[-75.7661114314735,4.80447465932742],[-75.7661434028073,4.80442829407913],[-75.7661931926059,4.80439261395456],[-75.7662536538705,4.80438190669961],[-75.766367427235,4.80437119708727],[-75.7664314454101,4.80437476108394],[-75.7666319880682,4.80440035940526],[-75.7667534759731,4.80443587162311],[-75.7668808102796,4.80448028479065],[-75.7670003994284,4.80454594589711],[-75.767128441163,4.80464938628099],[-75.7672208813343,4.80471716856859],[-75.7672849023378,4.80477779927496],[-75.7674164672471,4.80489907829726],[-75.7674911602059,4.8049882502337],[-75.7675373995128,4.80505245038717],[-75.767551629458,4.80511310112644],[-75.7675516387798,4.80527718373165],[-75.7675445298201,4.80534140432657],[-75.7674983045519,4.8055161926885],[-75.7674627461392,4.80563391397005],[-75.7674023005989,4.80590858387846],[-75.7673916371385,4.8060048966768],[-75.7673987575911,4.80613331919568],[-75.7674307701192,4.80619751914825],[-75.767462782049,4.80624033058554],[-75.7675232456465,4.80626530152469],[-75.767704596281,4.80628669774581],[-75.7678539397456,4.8063401875201],[-75.7679997270568,4.80638655991439],[-75.7681917862992,4.80646502168854],[-75.7683055646962,4.80651137773919],[-75.7684264566889,4.80657559109703],[-75.768550941651,4.80666119172689],[-75.7686184875554,4.80676106766761],[-75.768664729868,4.80688235178801],[-75.7686931930268,4.80704643305509],[-75.7687231681745,4.80719177401698],[-75.7687439862047,4.80729824039804],[-75.7687648763612,4.80744057957304],[-75.7687856951168,4.80756366640856],[-75.768808730646,4.80766328057285],[-75.768828349398,4.80773845021705],[-75.7688775506785,4.80786720495009],[-75.7689386199878,4.80801312638809],[-75.7690346581612,4.80817363528254],[-75.7690808610906,4.80821644592245],[-75.7691448807087,4.80824498384317],[-75.7692160124566,4.80823784447533],[-75.7693120016129,4.80819502482107],[-75.7694080259702,4.80814508746064],[-75.76946133649,4.80808800004377],[-75.7695075663564,4.80800238821862],[-75.7696213562312,4.80767063058286],[-75.7696569178715,4.80760642566297],[-75.7696888887513,4.80756361051614],[-75.7697422353781,4.80753149720887],[-75.7698275922656,4.80751010252901],[-75.769866679486,4.80751064765968],[-75.7698951319524,4.80751366580994],[-75.7698860512209,4.80758214358567],[-75.7698821441042,4.80761158623081],[-75.7697813751441,4.80780974621024],[-75.7696517697637,4.80805446474797],[-75.7695486072163,4.80827611507774],[-75.769508013126,4.80838467040672],[-75.769485094204,4.80847565015688],[-75.7694945015042,4.8085572489438],[-75.7696059628187,4.8087181626151],[-75.7697174240785,4.80887912962176],[-75.7697486618601,4.80893340407001],[-75.7698341009929,4.80910378674749],[-75.7698695340153,4.80923035250897],[-75.7698615465144,4.80932664704864],[-75.7698428525329,4.80940063566044],[-75.7698217285486,4.80946720621573],[-75.7697728209813,4.80953346033935],[-75.7696406677628,4.80959044698969],[-75.7694582297112,4.80965566805706],[-75.7694025237701,4.80969564128022],[-75.7693284038394,4.80977666285772],[-75.7693005180577,4.80983413718321],[-75.7692688011396,4.810007742096],[-75.7691986454431,4.81040470541805],[-75.7691179628066,4.81085188412049],[-75.7690056404643,4.81100825528034],[-75.768928912427,4.81104287841452],[-75.7688004548111,4.81109090984349],[-75.7687528830518,4.81111873070688],[-75.7687264392683,4.81115584082937],[-75.7687275764289,4.81131824498262],[-75.7687020249012,4.8115407384687],[-75.7682182739324,4.8118147626146],[-75.7670389313771,4.81247118136296],[-75.7660562845226,4.81301816899561],[-75.7652369522852,4.81345242478406],[-75.7649172892703,4.81360239564322],[-75.7646391400078,4.81370766059022],[-75.7643642646755,4.81378201705063],[-75.7641232976155,4.81382954185088],[-75.7638777882402,4.81386159458114],[-75.7636023106299,4.81387310765844],[-75.7633491216999,4.8138667097509],[-75.7631082920804,4.81384356784876],[-75.7628116129712,4.81379872065871],[-75.7626532183768,4.81376359892474],[-75.762454257306,4.81371532140691],[-75.7622458575596,4.81365252523264],[-75.7607366715055,4.81317888265133],[-75.7605909178528,4.81311479329379],[-75.759456202056,4.8127357278267],[-75.7590802531591,4.81261271096315],[-75.7587968834466,4.81253670581316],[-75.7584173069572,4.81240736489587],[-75.7579959668703,4.81227364581797],[-75.7573188997951,4.81204276051397],[-75.7566265503384,4.81181929271228],[-75.756282013669,4.81170367292804],[-75.7560207938142,4.8116215015657],[-75.7550629998755,4.81130618200131],[-75.7540431945991,4.81097578031053],[-75.7533301061553,4.81073325239978],[-75.7527779124105,4.81055735735077],[-75.751534886674,4.81014997103408],[-75.7513742043546,4.81008958935099],[-75.7512555320591,4.81003102525568],[-75.7509051124505,4.80982620847701],[-75.7506013525599,4.80964224885136],[-75.74953417843,4.80899798382472],[-75.7494163870413,4.8089324427454],[-75.7492968694296,4.80887315441213],[-75.749214010424,4.80883604825103],[-75.7489912813062,4.80875555086682],[-75.7487730252398,4.80869308647877],[-75.7485977654175,4.80866198924361],[-75.7484052522366,4.80864127764519],[-75.7482198161175,4.8086272246763],[-75.7479313456196,4.80863821926932],[-75.7466154871222,4.80882673353481],[-75.7452553985925,4.80902155117982],[-75.7441353959136,4.80917914554753],[-75.7424428551359,4.80942675894844],[-75.7421927326376,4.80946703549188],[-75.7419766975457,4.80951868406921],[-75.741768586253,4.80958824310672],[-75.7415293816805,4.80969621794116],[-75.7410510783811,4.8099414509565],[-75.7409074085196,4.81003207961227],[-75.7390622605967,4.81103623394106],[-75.7386561091394,4.8112638192041],[-75.7378793692304,4.81168377057051],[-75.7374923026117,4.81189973371557],[-75.7361576375771,4.81263014208773],[-75.7358253265268,4.812816819105],[-75.7355506241776,4.81295995789604],[-75.7353945574128,4.81302910813561],[-75.7352183475365,4.81309905214645],[-75.7350120300404,4.81315029320485],[-75.7345566098653,4.81323636699336],[-75.7343271191851,4.81313223301721],[-75.7342170047144,4.81303795288565],[-75.7341780206331,4.81287468337314],[-75.7341206880164,4.81246765694363],[-75.7341908333763,4.81237517635409],[-75.734296578612,4.81220427470065],[-75.7343449606102,4.8120812563246],[-75.7343564398614,4.81201811327946],[-75.7343120696298,4.81193225766156],[-75.7342801298802,4.81189059256116],[-75.7341390268696,4.81177658443056],[-75.7340403923769,4.81170989264559],[-75.7339394696143,4.81168689763426],[-75.7338523148394,4.81168919460978],[-75.7336711053405,4.81176509157786],[-75.7335564144858,4.81179727296326],[-75.7334485891477,4.81181108565707],[-75.7333774924292,4.81179958850219],[-75.733297205085,4.81176968735439],[-75.7332628000756,4.81171219633291],[-75.7331435289803,4.81148684482157],[-75.7330442597737,4.81136617667319],[-75.7329708389284,4.81132249855628],[-75.7328768178749,4.8113040951943],[-75.7327116648178,4.81133859152601],[-75.7325735926019,4.8113822894756],[-75.7324978825127,4.81139838041495],[-75.732351075795,4.81139838148323],[-75.7322914239097,4.811359295098],[-75.7322662096869,4.81130639674835],[-75.7322593075368,4.81121902215884],[-75.7322914219696,4.81116612316809],[-75.7324818214527,4.81098905709126],[-75.7326724332771,4.81086171004184],[-75.7332922969625,4.81041228794376],[-75.7339792074053,4.80993705987189]]]},"properties":{"FID":8,"ID_COMUNA":10,"NOMBRE":"Olimpica","NORMA":"Ac 63/1992","ACT_GEOGRA":1151712000000}},{"type":"Feature","id":9,"geometry":{"type":"Polygon","coordinates":[[[-75.69284354667,4.80938316083104],[-75.6924225334382,4.81004540523916],[-75.6921846526031,4.81028386905766],[-75.6919586466102,4.81036732977435],[-75.6917326444656,4.81036731739707],[-75.6915423160157,4.81033152410973],[-75.6911180368819,4.81010595517612],[-75.6905788935885,4.80983065942586],[-75.6902696539615,4.80968756062614],[-75.6900436534106,4.80965178293135],[-75.6897344044572,4.80969945403734],[-75.6893418649541,4.80991406471602],[-75.6890445037476,4.81021215222608],[-75.6876829199336,4.81220203235615],[-75.6876337246083,4.81223408685862],[-75.6877383908609,4.81142032054169],[-75.6879381866535,4.8096858597804],[-75.6862610030032,4.80949255460198],[-75.6863171300663,4.80895127973734],[-75.6856254128844,4.80861358877595],[-75.6855131528786,4.80859221026248],[-75.684712511682,4.80838904506158],[-75.6834793054607,4.80819150315993],[-75.6824332031544,4.80780231803736],[-75.6822326265461,4.80779787167715],[-75.6820930310599,4.80901472396792],[-75.6812485433651,4.80889972184416],[-75.6811621778858,4.80975112613278],[-75.6783717219519,4.80943066379631],[-75.6780564656916,4.80926726487842],[-75.6774556342792,4.80898393691744],[-75.676776026406,4.80874760117904],[-75.6764406283808,4.80858151508161],[-75.6762253089081,4.80841681586394],[-75.6759655841079,4.8082691929202],[-75.6757099733407,4.80819741261744],[-75.6755696483017,4.80817595945652],[-75.6753780882008,4.80814576094364],[-75.6751375813945,4.8081062847522],[-75.67498686963,4.80808066328473],[-75.6751152708038,4.80791356959656],[-75.675119605285,4.80787185179501],[-75.675209532723,4.80751161909204],[-75.6751809099499,4.80743134137739],[-75.675153520959,4.80733297823326],[-75.6751333867363,4.80723014690217],[-75.6750695585272,4.80704111975495],[-75.6750876651714,4.80695969878085],[-75.6773049247049,4.80695986289839],[-75.6778460417403,4.80660971153012],[-75.6800995994654,4.80515144144544],[-75.6807972779112,4.80419392807987],[-75.680807245442,4.80416455637901],[-75.6829422760604,4.8008105934962],[-75.6840280492385,4.79504641498283],[-75.6864261587458,4.79027777625622],[-75.6860210461351,4.787136619329],[-75.6887342814114,4.78713958405828],[-75.692579507986,4.79113434532812],[-75.6925922550068,4.79113982163041],[-75.6925758084066,4.79118683747059],[-75.6925855938007,4.79125739893395],[-75.6925956272656,4.79130321541072],[-75.6926145685284,4.79136579372972],[-75.6926268207244,4.79141607887033],[-75.6926457615705,4.79147528420134],[-75.6926691754277,4.79154233123033],[-75.6926982228024,4.79160300260141],[-75.6927327648399,4.79163539756845],[-75.6927795611299,4.79167005305819],[-75.6928397382053,4.79169351194388],[-75.6928858320559,4.79169256023345],[-75.6930284434658,4.79169703570521],[-75.6931142565013,4.79171827010679],[-75.6932171818548,4.79175531291404],[-75.6933107745087,4.79180671472927],[-75.6934167619147,4.79187297157335],[-75.6934992273067,4.79194113442168],[-75.6936106694834,4.79207555005132],[-75.6937220746709,4.79224539599998],[-75.6937911931422,4.79234738103997],[-75.693700340216,4.79240829422814],[-75.6936125147381,4.79250977709074],[-75.6935650787052,4.79259953490185],[-75.6935255291823,4.79271066400827],[-75.6935000642613,4.79283299200091],[-75.693438541374,4.79295741938357],[-75.6933732895223,4.79301414799201],[-75.693315643796,4.79305245401696],[-75.6932208492823,4.79308678564583],[-75.6930284749501,4.79320679110476],[-75.6936672211182,4.79353186106978],[-75.6934949024478,4.79398953611747],[-75.6927931130134,4.79460671079163],[-75.692685113007,4.7946460392812],[-75.6926200394468,4.79464948015351],[-75.6924847873272,4.79463746243902],[-75.6922981596679,4.79460654456032],[-75.6922211131384,4.79461167970592],[-75.6920781768162,4.79475072829441],[-75.6924205763132,4.79498840950999],[-75.6931678438498,4.79544494585251],[-75.6935235234223,4.79487275845319],[-75.6935821115458,4.79499895785688],[-75.6938155410396,4.79568121116679],[-75.6938247644889,4.79572877534676],[-75.6940278444935,4.79632259146378],[-75.6940621391722,4.79638577136584],[-75.6941707460697,4.7969225868939],[-75.6942391810263,4.7973280276024],[-75.6942646633167,4.79757503612284],[-75.6942178993921,4.79834588688992],[-75.6946384423827,4.79849923314308],[-75.6946102658218,4.79862988010115],[-75.6942972023582,4.79977178517718],[-75.694156607607,4.80025464767786],[-75.6941202903241,4.80051366409392],[-75.6941361620103,4.80071817571106],[-75.6941728812454,4.8009024663497],[-75.6942250958202,4.80103389368147],[-75.6942314861173,4.80142979394956],[-75.6941719883982,4.80189482214785],[-75.6939658205067,4.80251500592634],[-75.6938151194512,4.80297990502709],[-75.693498267768,4.8030233215922],[-75.6932975515759,4.80300739813625],[-75.6928763586059,4.80312389524653],[-75.6928056146216,4.80312339722659],[-75.6925772940095,4.80306497627584],[-75.692173613742,4.80293559780554],[-75.6920868840364,4.80292587854832],[-75.692013146019,4.80294606340295],[-75.6919273633438,4.8030069409867],[-75.6918854566598,4.80306232704104],[-75.6918652403786,4.80312333149229],[-75.6918561523665,4.8031806275657],[-75.691854777759,4.80321067155645],[-75.6918561496469,4.80325071171026],[-75.6918714988212,4.80331500320052],[-75.6918889282084,4.80333944868805],[-75.6919091046406,4.80336112163179],[-75.6919404784658,4.8033778848655],[-75.692020623618,4.80339184159145],[-75.6922695815958,4.80342396445684],[-75.6923454300181,4.80343560801314],[-75.6923796213822,4.80345129390951],[-75.6924121579399,4.80347690555349],[-75.6924361715663,4.8035165053281],[-75.6924524374216,4.8035615452689],[-75.6924715201864,4.80362143894238],[-75.692491025926,4.80368073228634],[-75.6924790471808,4.80379057365555],[-75.6924475272785,4.80388232790958],[-75.6923980120642,4.80397862006503],[-75.6922838727674,4.80423201487778],[-75.6921381764482,4.80458027279208],[-75.6921096458332,4.804732219767],[-75.6921126662338,4.80489621394857],[-75.6921528738362,4.80501644392563],[-75.6922491030915,4.80520838436798],[-75.6923540293019,4.80539525723917],[-75.6924555744633,4.80560835767747],[-75.692556696826,4.80582958280156],[-75.6926420762213,4.80611414396874],[-75.692666758241,4.80616686731292],[-75.6926083837099,4.80668101385807],[-75.6920864149595,4.80662928943336],[-75.692072454638,4.80694411944887],[-75.6920216060797,4.80695079277653],[-75.6919932999722,4.80753205764816],[-75.6924191712334,4.80757575797892],[-75.6922259042355,4.8092549546252],[-75.6924887035526,4.80927308897735],[-75.6927046711629,4.80923127581957],[-75.69284354667,4.80938316083104]]]},"properties":{"FID":9,"ID_COMUNA":11,"NOMBRE":"Universidad","NORMA":"Ac 63/1992","ACT_GEOGRA":1167177600000}},{"type":"Feature","id":10,"geometry":{"type":"Polygon","coordinates":[[[-75.7039681342245,4.81129853305759],[-75.7036931560515,4.81111107455429],[-75.7034002181762,4.81093375207974],[-75.7032127431849,4.8108376983727],[-75.7030336482485,4.81076879200527],[-75.7028810333134,4.81072657319553],[-75.702691513242,4.8106931494522],[-75.702289515145,4.81063467303944],[-75.7018721287144,4.8105592759168],[-75.7014240708276,4.81049903078605],[-75.7010245024352,4.81043177578597],[-75.700512813791,4.8103500858701],[-75.7002151189603,4.81029161221607],[-75.7002120944918,4.81018265315134],[-75.7000897647477,4.80920975681935],[-75.7000567746511,4.80907767674827],[-75.7000652613238,4.80906692039091],[-75.7001630223451,4.80886705805428],[-75.700215543612,4.80840967792853],[-75.7004850512028,4.80795454898137],[-75.7007358256066,4.8074887865421],[-75.7007788959776,4.80737080327638],[-75.7007952388913,4.80728485965776],[-75.7008015807446,4.8071923622869],[-75.7007946823221,4.80708492230079],[-75.7007773609763,4.80699701668929],[-75.7007558828976,4.80693802403484],[-75.7007196511519,4.80686108517823],[-75.7006750736343,4.80678759105455],[-75.7006211630835,4.80673885889356],[-75.701084038942,4.8069238180813],[-75.7012732743817,4.80698935221899],[-75.7014934643547,4.80701006108645],[-75.7017618282653,4.80697557653775],[-75.7021535160606,4.80678965976353],[-75.7024155449416,4.80666862945021],[-75.7026551064866,4.80657735922034],[-75.7029716437394,4.80650493713186],[-75.7030079489249,4.80648826558779],[-75.7030456289662,4.80646504066187],[-75.7030733425368,4.80644317611413],[-75.7031470124296,4.80635825833216],[-75.70317339046,4.8062689057464],[-75.7031613167631,4.80613544850777],[-75.7033498838313,4.80618111246286],[-75.7034485577372,4.80601562026685],[-75.7035156804922,4.8058554607019],[-75.703518427876,4.80582596445313],[-75.7031662581375,4.80579539647855],[-75.7031461591737,4.80557288703589],[-75.7031598949391,4.80548673007189],[-75.7031827506147,4.80543445078568],[-75.7032145506209,4.80535569551262],[-75.7032536416159,4.80524622635749],[-75.7032767798402,4.80517255786738],[-75.7032821692006,4.80510499931156],[-75.7032770639746,4.80508380447323],[-75.7032725933781,4.80505217187687],[-75.7032716790021,4.80502410568465],[-75.7032733698072,4.80499838984343],[-75.7032897457779,4.8049582614443],[-75.7033518300929,4.80487532179131],[-75.7033542602232,4.80486428284397],[-75.7033541192768,4.80484916417162],[-75.7033640511632,4.80481871416975],[-75.7033649696281,4.8047133592154],[-75.7033785994006,4.80466388736727],[-75.7033863476393,4.80461680029435],[-75.703389095412,4.80457900308067],[-75.7033845190246,4.80454214125934],[-75.7033806461803,4.80453152626285],[-75.7033798010507,4.80451882721053],[-75.7033417376516,4.80446894741468],[-75.7033392372019,4.80445750255646],[-75.7033514234015,4.80440479854],[-75.7033742081492,4.80436044939427],[-75.7033856180478,4.80433042365439],[-75.7033859720327,4.80426706870921],[-75.7036087691496,4.80423484269088],[-75.7036799372908,4.80418890587392],[-75.7037596966268,4.80415195903021],[-75.7038260041627,4.80413097858401],[-75.7042086988358,4.80429254796181],[-75.7042640531854,4.80433909045157],[-75.7043279276921,4.80442427735725],[-75.7044363075123,4.80462734411815],[-75.704601346611,4.80483738941911],[-75.7046941995137,4.80501081823694],[-75.7047649062005,4.80505004894776],[-75.7047217625708,4.80528794098491],[-75.7046721790847,4.80537307116943],[-75.7045609720156,4.80546450501351],[-75.7044945578787,4.80550535626107],[-75.7042530286333,4.80548810957547],[-75.7042377797347,4.80552256828355],[-75.7040698484194,4.8054828053208],[-75.7039428253636,4.80570147721142],[-75.7038998921013,4.80594798871492],[-75.7038150448547,4.80646656845453],[-75.7038434040734,4.80717650470131],[-75.7038706242506,4.80717511038511],[-75.7039044290151,4.80717848463231],[-75.7039842570807,4.8072136005531],[-75.7040905288917,4.80729077002036],[-75.7042453606087,4.80737735627172],[-75.7043570220468,4.80740890475586],[-75.7044860437174,4.80744843659644],[-75.7045868232683,4.80748169798952],[-75.7046436939485,4.80748399675743],[-75.7046959514482,4.80745923530037],[-75.704707573169,4.80741345512036],[-75.7048328953497,4.80643147107071],[-75.7048378613747,4.80639256180081],[-75.7048809618003,4.8064145347099],[-75.7049785726886,4.80645540894431],[-75.7051831593645,4.80657883930273],[-75.7055673680005,4.80681969376707],[-75.7058796009972,4.80701234671066],[-75.7060662647851,4.8071096535926],[-75.7063784649564,4.80725758483667],[-75.7069660313319,4.80753011354902],[-75.7075395483363,4.80779727160946],[-75.7074551969326,4.80830098007612],[-75.7074674520896,4.80829983217014],[-75.7075094958672,4.80832574449876],[-75.707554075002,4.80837092540234],[-75.7075803443456,4.80840342455045],[-75.7076084430133,4.80844456104591],[-75.707638760328,4.8085001984303],[-75.7076559788172,4.80855299155367],[-75.7076777732726,4.80866505882037],[-75.7076867502405,4.80874443340164],[-75.7077003396556,4.80884182410932],[-75.7077218874072,4.80896595541816],[-75.7077720293704,4.80905327891239],[-75.7078090032367,4.80907410390299],[-75.7078449561818,4.80907816667134],[-75.7081394865114,4.80898218016723],[-75.7082061456871,4.80896858256573],[-75.7083023852048,4.80898077185335],[-75.7083616490074,4.80900869772754],[-75.7084441874937,4.80907724682828],[-75.7085141901787,4.80915840753174],[-75.7085962354116,4.80928126821183],[-75.7086429272037,4.80932415342501],[-75.7086801813225,4.80939826542855],[-75.7087189493068,4.80948555337998],[-75.7087321191709,4.80950789630946],[-75.7086410910422,4.80952424933512],[-75.7085386194416,4.80950805074339],[-75.7084590712127,4.80951435389899],[-75.7084197023896,4.80952034003068],[-75.7083683252215,4.80953113054831],[-75.7083036369708,4.80954967455089],[-75.7082102491919,4.8095963879792],[-75.7081362638472,4.80964524050854],[-75.7080858018063,4.80966124106868],[-75.7080332624172,4.80968448340204],[-75.7079935763889,4.80970714224739],[-75.707863845234,4.80981615107828],[-75.7077655960035,4.80992927514006],[-75.7077445376058,4.80994538271928],[-75.7077159441954,4.80995876932298],[-75.7076865750832,4.80996346735695],[-75.7076560448479,4.80996383717909],[-75.7076147747,4.80995707143424],[-75.7075933300389,4.8099500056446],[-75.7075503698249,4.80992850953743],[-75.707458851359,4.80984930883654],[-75.707293665799,4.80977515820391],[-75.7072274283201,4.80977072347247],[-75.7071418233535,4.80978543368329],[-75.7070752681897,4.80982990463044],[-75.7070423083788,4.80983834631035],[-75.707009347527,4.80984956160825],[-75.7069601181921,4.80987193809805],[-75.706925326493,4.80989240716654],[-75.7067089009079,4.80996462183872],[-75.7066884056965,4.80997940517604],[-75.7066695305288,4.8099903016518],[-75.7066464657796,4.81000066896141],[-75.7066203012458,4.81000904021898],[-75.7065987510198,4.8100047478094],[-75.7065281491253,4.80995248275635],[-75.7064004657281,4.80989551835048],[-75.7063378561575,4.80986965855436],[-75.7062846841067,4.80985415012682],[-75.7062320391301,4.80984411586709],[-75.7061883741544,4.80985374014029],[-75.7060859347652,4.80992643543301],[-75.7060244864758,4.80994220576591],[-75.7060044857985,4.80993683612172],[-75.7059681458498,4.80990414215619],[-75.7058026091076,4.80979440082275],[-75.7057276046833,4.80976700444609],[-75.7056248873038,4.80974490601442],[-75.7055813628935,4.8097500446434],[-75.7055640720924,4.80975822128337],[-75.7055046647743,4.80981915470228],[-75.7054603285992,4.80989125092648],[-75.7054422986188,4.80990221867785],[-75.7053823650565,4.80990594284578],[-75.7053604970903,4.80992037259897],[-75.7052755552859,4.81009852948181],[-75.7052129792978,4.81015133721733],[-75.7051833282933,4.81018699640963],[-75.7051304346108,4.8102638080421],[-75.7050650027243,4.81040252621379],[-75.7050540510161,4.81041881045706],[-75.7050046445532,4.81045759489116],[-75.7049370679651,4.81049226363054],[-75.7048937203012,4.81049282807358],[-75.7047743110328,4.81047682167362],[-75.704602854451,4.81048804963549],[-75.7045789442142,4.81048363306881],[-75.7045640491247,4.81047231147878],[-75.7045557396449,4.81045851703477],[-75.7045526411892,4.81044461647507],[-75.7045507091243,4.81029701229096],[-75.7045372936786,4.81026147604899],[-75.7045130679497,4.81022516132369],[-75.7044866585739,4.81020009759198],[-75.7044367960762,4.81018716680966],[-75.7042715376928,4.81018286933442],[-75.7041927301234,4.81016541688327],[-75.7041849837106,4.8101539713854],[-75.7041836116012,4.81012092476745],[-75.7041410750051,4.81007205204784],[-75.7041039950222,4.81005207465768],[-75.7040806843714,4.81002729380403],[-75.7040529714283,4.81001863861185],[-75.7040002443937,4.81039535563576],[-75.7040397800477,4.81066539578274],[-75.7039305352563,4.81101325095578],[-75.7039681342245,4.81129853305759]]]},"properties":{"FID":10,"ID_COMUNA":12,"NOMBRE":"San Nicolas","NORMA":"Ac 55/2006","ACT_GEOGRA":1167177600000}},{"type":"Feature","id":11,"geometry":{"type":"Polygon","coordinates":[[[-75.7237801184867,4.8073486485341],[-75.7237801542383,4.80732962638031],[-75.7237823441162,4.80568053461703],[-75.7237469902869,4.80567009579411],[-75.7235596895111,4.80559967577932],[-75.7234562680533,4.80551750961469],[-75.7233992924959,4.80540883388542],[-75.723360276606,4.80524842492749],[-75.7232627013425,4.80512519462681],[-75.7229341954769,4.80484925452342],[-75.7228596496055,4.80473713378067],[-75.7228161970736,4.80457677839938],[-75.7227990834727,4.80448802496966],[-75.7228239447274,4.80442572983848],[-75.7228938435807,4.80436502491708],[-75.7230413884744,4.804336995805],[-75.7231733685519,4.80433544263393],[-75.7234270809675,4.80438078316153],[-75.7234705698376,4.80438078273958],[-75.7236382915954,4.80432006133965],[-75.7237474535767,4.80427574704097],[-75.7238315082917,4.80424351348834],[-75.7239744755338,4.8041923818787],[-75.7240180701847,4.80412413449106],[-75.7240439171472,4.80404361276857],[-75.7240520864731,4.80391667339498],[-75.7240437764972,4.80383392589115],[-75.7240029293499,4.80375338569661],[-75.7239647933223,4.80370834680786],[-75.7238382017907,4.80367694267964],[-75.7237755566225,4.80365237447348],[-75.7237401672619,4.80357730921911],[-75.7237197443315,4.80339167879045],[-75.7236721006398,4.80335345748723],[-75.7236217110743,4.80333162667614],[-75.7235713552093,4.80334935919242],[-75.7234596924155,4.80356775249174],[-75.7234093376028,4.80361143137407],[-75.7233228176759,4.80364025532437],[-75.7231212909868,4.80367028016129],[-75.7229320539155,4.80367437754507],[-75.7227904609881,4.8036539060076],[-75.7227124286489,4.80361517224831],[-75.7226759824923,4.80355324802174],[-75.7226327764741,4.80347027029625],[-75.7225993947557,4.80339677663979],[-75.7224088205548,4.80327939249966],[-75.7221569398649,4.80316062894886],[-75.7219742194391,4.80286778785454],[-75.7219253787203,4.80283797269889],[-75.7218659028369,4.80284648549303],[-75.7217945246201,4.8029385237274],[-75.7217214560891,4.80304451447794],[-75.7216577546735,4.80309988503267],[-75.7215770456917,4.80309774740596],[-75.7214538342028,4.8030147163569],[-75.7213030518817,4.80286564534943],[-75.7211789962398,4.80269449622614],[-75.7210358203659,4.80253396335154],[-75.7208784523778,4.80248466599883],[-75.7202492246589,4.8024412292347],[-75.7202038698589,4.80244746284088],[-75.7201689032461,4.80245599352406],[-75.7201211184469,4.8024733376317],[-75.7200697062642,4.80251940082943],[-75.720009417581,4.80286690493143],[-75.7199208548512,4.80302367511165],[-75.7198473985446,4.80308411405346],[-75.7197060866582,4.80313132447941],[-75.7195836498543,4.80315020415212],[-75.7194509307432,4.8031310388282],[-75.7193661723165,4.80308947885033],[-75.7192682091955,4.80301204593761],[-75.7192041583596,4.80286094504303],[-75.7191154225594,4.80261831651956],[-75.7190212290397,4.80248044427785],[-75.7188629804532,4.8023935614392],[-75.718665152501,4.80237278819015],[-75.7184598226888,4.80239355655895],[-75.7183128769747,4.80243511419234],[-75.7179863772019,4.8025623318704],[-75.7177942165226,4.80266053128939],[-75.7174747603358,4.80267137131389],[-75.7168775782308,4.80254859239658],[-75.7168172931921,4.80252026116954],[-75.7167890176986,4.80247304937277],[-75.716821063896,4.80232383883125],[-75.7168212072847,4.80214375452879],[-75.7166761306004,4.80202854104039],[-75.7166497560896,4.8019775324006],[-75.7166535249953,4.80191521995336],[-75.7167138115372,4.8018245597673],[-75.7168004732221,4.80173957086796],[-75.7168268487445,4.80167913059663],[-75.7168306177098,4.80160358913937],[-75.7167695936944,4.80154664499725],[-75.7164888739229,4.80149375935561],[-75.7163438307456,4.80142764772238],[-75.716279778495,4.8014276464914],[-75.7162326621047,4.80144652673419],[-75.7161893484924,4.8015296447789],[-75.7161441306074,4.80180727766041],[-75.71612905866,4.80185826868733],[-75.7160291925588,4.80190547789007],[-75.7159236933555,4.8018998068469],[-75.7158347806964,4.80183878212908],[-75.7157424889581,4.80169712908047],[-75.7156595981565,4.80162158644336],[-75.7156161798091,4.80160618421814],[-75.7156187515384,4.80154909935447],[-75.715612977381,4.80148374925698],[-75.7156026260194,4.80143565470878],[-75.7155842449716,4.80139026171251],[-75.7155098052737,4.80131766868782],[-75.7155051228519,4.80128211471782],[-75.715506848928,4.80124836175674],[-75.7155140323332,4.80121706424735],[-75.7155017446327,4.80112018679166],[-75.7154931179543,4.80110082827653],[-75.7154712856046,4.80108526753992],[-75.7154361783373,4.80107161406926],[-75.7153990989758,4.80106854039934],[-75.715254688665,4.8011273535877],[-75.715201691795,4.80113176803033],[-75.7151788384344,4.80112526836989],[-75.7151534858013,4.8011120737326],[-75.7151404921075,4.8011021475121],[-75.7151177796882,4.80107639543776],[-75.7151199640005,4.80103653200545],[-75.7151685592807,4.80097448449571],[-75.7151928572429,4.80091468114335],[-75.7151928583999,4.80086595092712],[-75.7151818013725,4.80083468842454],[-75.7151675405162,4.80080572214595],[-75.7151523996277,4.80078198314777],[-75.7151221872292,4.80074632305907],[-75.7150581344324,4.80071530641496],[-75.7150117936367,4.80071530609503],[-75.714912386567,4.80075516794255],[-75.7148917862243,4.80077274135326],[-75.714856325915,4.80079577268224],[-75.7148240704324,4.80081055551036],[-75.7147937519087,4.8008052207198],[-75.7147772725469,4.80076705218213],[-75.7147630482786,4.80063792334157],[-75.7147116739713,4.80055316078994],[-75.7146731179368,4.80043411597117],[-75.7146508637914,4.80039543505628],[-75.7146368137041,4.80038379535167],[-75.7146249817098,4.8003788500614],[-75.7146136083117,4.80037759602692],[-75.7145943817921,4.80038271795437],[-75.71459270307,4.79970418565097],[-75.7146664823711,4.79928014998922],[-75.7146711715433,4.79895119020149],[-75.7146365248226,4.79877633342214],[-75.7146129022507,4.79848713065522],[-75.7145954023255,4.79843373676048],[-75.71458459283,4.7983890161373],[-75.7145747341069,4.79832475994529],[-75.7145717416498,4.79828048073758],[-75.714622697656,4.79811677005444],[-75.7146238961107,4.79809412684842],[-75.7146275225841,4.79807411566456],[-75.714632136124,4.79805852003297],[-75.714654426797,4.79801561844455],[-75.7146584776454,4.79794249685948],[-75.7146517176377,4.79791483745448],[-75.7146393928244,4.79788394580372],[-75.7146296393084,4.79786614182249],[-75.7146212591475,4.79785337253624],[-75.7146080539487,4.79783652176782],[-75.7145727357658,4.79781161785938],[-75.7144787521737,4.79779898776836],[-75.7142624378501,4.79781684033067],[-75.7142389154887,4.79780465284983],[-75.7142150762866,4.79778455247392],[-75.7141956748121,4.79775752868933],[-75.7141815553832,4.79772363471331],[-75.7141728581571,4.7976867202787],[-75.7141705699568,4.79766222223307],[-75.7141705698148,4.79764321815903],[-75.714149830674,4.79758182326905],[-75.7141427197552,4.7974753199003],[-75.714164060317,4.79739893035307],[-75.7142284672658,4.79727398879991],[-75.7143083662283,4.79722923411594],[-75.7143373470676,4.79720238829253],[-75.7143611520973,4.79716974891449],[-75.7143772804619,4.79713269328533],[-75.7143841821385,4.79710074249879],[-75.7143855919335,4.79707423127794],[-75.7143758382378,4.7970197255011],[-75.7143578454624,4.79697719462209],[-75.7143360488317,4.79694460704919],[-75.7142735116851,4.79689931938873],[-75.714157449672,4.79685903004572],[-75.7141436115803,4.79685185860016],[-75.714138083329,4.79683520306431],[-75.7141132235087,4.79681217062498],[-75.7140878699837,4.79679178787947],[-75.714064206923,4.79677513229807],[-75.7139453996014,4.79671046782722],[-75.7138766991528,4.79669019108555],[-75.7138605715561,4.79668234787406],[-75.7138453242271,4.79667415293584],[-75.7138326835693,4.79666484489063],[-75.7138235986451,4.79665618943866],[-75.7137718363221,4.79659498935331],[-75.7137374340008,4.79653958183961],[-75.7136934897498,4.7964787517533],[-75.7136439457279,4.79642005941403],[-75.7135973246716,4.79635391267666],[-75.7135685217699,4.79630246252941],[-75.7135428521392,4.7962615553616],[-75.7135271479012,4.79623838298796],[-75.7134779563623,4.7961805556225],[-75.7134326027591,4.7961224104625],[-75.7133923198772,4.79606624354959],[-75.7133557702025,4.79599486890444],[-75.7132793245979,4.79589350402693],[-75.713261296465,4.79587518719128],[-75.7132385838963,4.79585597050784],[-75.7132199922622,4.7958427767102],[-75.7131754126998,4.7958196560469],[-75.7131281570429,4.79579176568446],[-75.7130956914341,4.79577042940415],[-75.7130435775071,4.79571480930671],[-75.7130120276136,4.79563577015286],[-75.7129738956082,4.79547808074332],[-75.7129618909547,4.79532136294905],[-75.7129618953901,4.79510438156907],[-75.7129919356551,4.79491150975891],[-75.7129979247142,4.79480313408619],[-75.7129396836565,4.79472116222537],[-75.7126310530331,4.79420372124008],[-75.712545838123,4.79417138034013],[-75.7124334389392,4.79412121689707],[-75.7123652679454,4.79408634975835],[-75.7122399817419,4.79400531250773],[-75.7121965653292,4.79397288422738],[-75.7121464575973,4.79393135866836],[-75.7121046257034,4.79389292432279],[-75.7119775813907,4.79372972245935],[-75.7118295519607,4.79347167262156],[-75.7117640579295,4.79334362031279],[-75.7116927914755,4.79316081346557],[-75.7116603277841,4.79303558724035],[-75.7116320536732,4.79297074824459],[-75.7116134614468,4.79294156990604],[-75.7115647633291,4.79291136587008],[-75.7115144088472,4.79288750315093],[-75.7114727878842,4.79287268393018],[-75.711357395887,4.79285123881835],[-75.7112478493358,4.79282147544995],[-75.7111498876888,4.79278169755111],[-75.7111159429023,4.79276062587451],[-75.7110565398416,4.79270352207571],[-75.7109912574905,4.79263050517031],[-75.7109451649766,4.792570716732],[-75.7107736491721,4.79229730074156],[-75.7107146693377,4.79222679161038],[-75.7106975221009,4.79218021588904],[-75.7106917126795,4.792160433588],[-75.7106895647396,4.79213024846505],[-75.7106943190441,4.79210322595241],[-75.7107379874833,4.79191482321972],[-75.7107840851798,4.79176649647764],[-75.710809263009,4.7917182253043],[-75.7108998727668,4.7914008712751],[-75.7109296997719,4.79133220134187],[-75.7109715698005,4.79125560073477],[-75.711004424411,4.79120572302185],[-75.7110292148845,4.79117232449946],[-75.7110545682275,4.79115907839367],[-75.7110714359378,4.79115446890157],[-75.7110842179636,4.79115287981355],[-75.7114541970238,4.79121818558589],[-75.7116021256553,4.79123765245626],[-75.7116720931123,4.79123903169587],[-75.7117308637055,4.79123565946892],[-75.7117858663303,4.79122870237944],[-75.7118618556135,4.79121006980019],[-75.7119006604537,4.79119710637485],[-75.7120332380278,4.79112495939143],[-75.7121127503907,4.79104530402857],[-75.7122163841323,4.79095240274556],[-75.712293642285,4.79088788389956],[-75.7123454054363,4.79084669651985],[-75.7124620603512,4.79110995504073],[-75.712564137727,4.79130141633995],[-75.7128349854739,4.79177191013238],[-75.7128844578383,4.79182477476421],[-75.7129456221211,4.79186817200129],[-75.7130013635806,4.79189585051463],[-75.713044111526,4.7919072437212],[-75.7133479983138,4.79192197966066],[-75.7134010279044,4.79192795097423],[-75.7136577638603,4.79199205245541],[-75.7139307315545,4.7921146512693],[-75.7141596828941,4.79223520041549],[-75.7143848315018,4.79237383652531],[-75.7144455380739,4.79240681265107],[-75.7145634292884,4.79248827321061],[-75.7146642772441,4.7925678790127],[-75.7147928378083,4.79263838924476],[-75.7149911193663,4.792771601586],[-75.7150573887638,4.79283658227178],[-75.7151684837669,4.79297014693148],[-75.7152054908923,4.79302539501542],[-75.715236548141,4.7930575408376],[-75.7152752116702,4.79308048500697],[-75.7154215207878,4.79310763421882],[-75.7155756821669,4.79315610214381],[-75.7156617068212,4.79319692068114],[-75.7157004051361,4.79323781034446],[-75.7159368550168,4.79354416587854],[-75.7160022087755,4.79363609992623],[-75.7160590407865,4.79369802414305],[-75.7160985848217,4.79372280526458],[-75.7161442914467,4.79373518692324],[-75.716217182197,4.79372775256167],[-75.7165470589013,4.79358903816299],[-75.7166464656747,4.79353324452901],[-75.7167687601963,4.7934874121045],[-75.716954086263,4.79346016229733],[-75.7170615560048,4.79347132615136],[-75.7171715260289,4.79350599853826],[-75.717253360175,4.79354460991458],[-75.7173299470317,4.79360035349419],[-75.7176322123752,4.79379907564165],[-75.7177274268938,4.79385351193776],[-75.7178826099698,4.79391328303788],[-75.7180708220268,4.79402222710052],[-75.7183814670979,4.79427842191552],[-75.7189825829693,4.79466032347728],[-75.7192488619029,4.79481066820336],[-75.7193207657456,4.79486130618096],[-75.7197714546791,4.79510453914861],[-75.7201448509321,4.79531626030157],[-75.7205002542914,4.79545941644826],[-75.7207650201608,4.79559596640552],[-75.7209445354744,4.79570416669925],[-75.7211028516999,4.79583714748605],[-75.7214848759089,4.79613894627957],[-75.7216593897672,4.79629515267618],[-75.7219465152387,4.79666691125043],[-75.7220628576488,4.79678978806289],[-75.722422733832,4.79707385298429],[-75.7226824297557,4.79723006012975],[-75.7227447563526,4.79728838143173],[-75.7229321946237,4.79748498117301],[-75.7251130085771,4.79919870934501],[-75.7257745589926,4.79963065971524],[-75.7264131151023,4.80002919181204],[-75.7267579230169,4.80021257967657],[-75.7274490893529,4.80056617876392],[-75.7288503693232,4.80162550608816],[-75.7299950517277,4.80222907576199],[-75.7300945646529,4.80230790184881],[-75.7303462360788,4.80259809158426],[-75.7311659404739,4.80366169166827],[-75.7313407756226,4.80378449691851],[-75.7317612956821,4.80397971483722],[-75.7320519480595,4.80404315571848],[-75.7323288667162,4.8040437183522],[-75.7325816634085,4.80399558681135],[-75.7327202279597,4.80394724435439],[-75.7336179927879,4.8037268102082],[-75.7337256749081,4.80368099316097],[-75.7340506233798,4.80359893100964],[-75.734145065425,4.80358365222782],[-75.7341846461687,4.80365808001884],[-75.7342565173685,4.80373162577185],[-75.7343293391656,4.80377258386973],[-75.7348531766218,4.80395960310591],[-75.7358308114856,4.80425645881958],[-75.7359061691297,4.80429990704011],[-75.7359867388566,4.80443260253475],[-75.7359972691142,4.80453700418356],[-75.7359835732974,4.80466791763091],[-75.7363820881584,4.80498072798871],[-75.7365132952082,4.80509796873177],[-75.7364092404535,4.80517275218968],[-75.736278916341,4.80523957070537],[-75.734648256847,4.8059014677806],[-75.7344028548345,4.80601214284693],[-75.734153014999,4.80604467937066],[-75.7339939905753,4.80605160472559],[-75.7338055631168,4.80604330558446],[-75.7334973029563,4.80599756266239],[-75.7333420112502,4.80595536957942],[-75.7330454064668,4.80585822931512],[-75.7324755791537,4.80569344521476],[-75.73209072993,4.8056171651929],[-75.7319499464662,4.80560886468907],[-75.7318326147555,4.80561925123066],[-75.7316693654286,4.80565568974114],[-75.7315078410968,4.80571689105202],[-75.7313277604188,4.8058241553936],[-75.731275256859,4.80586527312486],[-75.7311519047439,4.80599286688965],[-75.7310222151003,4.80620682811617],[-75.7309879174969,4.80628899345978],[-75.7309296755822,4.80648767709098],[-75.7308937941086,4.80671645667649],[-75.7308596745587,4.80712049947291],[-75.7308333725846,4.80759815794953],[-75.7291956944234,4.80824457016186],[-75.7289116611197,4.80833150532295],[-75.7286742508428,4.80836331557133],[-75.7284681453745,4.80837493775243],[-75.7283484193326,4.80837495560101],[-75.7281895701046,4.80837013427378],[-75.727809262805,4.80830252412131],[-75.7271690072339,4.80811419163353],[-75.7253108892535,4.80752845619512],[-75.7252010582803,4.80762107660738],[-75.7251077769511,4.80776866207225],[-75.7250687946634,4.80787748000379],[-75.7250451660791,4.80807188823189],[-75.7250991132323,4.80819646027771],[-75.7250603429636,4.80822747559456],[-75.7252722928373,4.80859995591928],[-75.7253672995927,4.80862946935787],[-75.7256054498659,4.80866292287745],[-75.7256470723395,4.8086781475091],[-75.7256706302065,4.80870464060447],[-75.7257213374204,4.80872648919719],[-75.7258107801474,4.80874044268557],[-75.7259016319599,4.80876695358357],[-75.7259465993473,4.80877188131182],[-75.7259979064146,4.80878935002278],[-75.7262206673374,4.8088362079946],[-75.7263282810159,4.80883982884855],[-75.7263920531314,4.80883384121006],[-75.7264566697433,4.80882142468901],[-75.7264470563809,4.80886581014646],[-75.7263072932489,4.8090922936923],[-75.7262338724959,4.80928030832149],[-75.7262073918788,4.80932561227702],[-75.7261712621681,4.8094448325946],[-75.7261704878165,4.80946733391616],[-75.7261357673248,4.80956292228791],[-75.7261344284081,4.80960985098552],[-75.7261169624245,4.80964750732768],[-75.7260998836513,4.80989281885999],[-75.7260911856036,4.80994373882509],[-75.7260780868343,4.80998280782793],[-75.726057098656,4.81002422618437],[-75.7259831149022,4.81010368871964],[-75.7257321104921,4.81031349832709],[-75.7256135111135,4.81033755396696],[-75.7255692468213,4.81037362018475],[-75.7255325542455,4.81039158324995],[-75.725451281013,4.81042507084171],[-75.7253825081115,4.81043962429068],[-75.7253402160925,4.81047867507594],[-75.7252571467231,4.81050485068656],[-75.7251458360844,4.81051216313045],[-75.7249751900443,4.81047927549794],[-75.7247420754747,4.81047630730396],[-75.7246116078283,4.81048397215527],[-75.7244880780682,4.81049924935118],[-75.7243927192778,4.81051648825049],[-75.7242724641546,4.81056391107611],[-75.723983992067,4.81073848396137],[-75.7239252901779,4.81075810641224],[-75.7237755968755,4.81076663601807],[-75.7237801184867,4.8073486485341]]]},"properties":{"FID":11,"ID_COMUNA":13,"NOMBRE":"Consota","NORMA":"Ac 63/1992","ACT_GEOGRA":1151712000000}},{"type":"Feature","id":12,"geometry":{"type":"Polygon","coordinates":[[[-75.7002151189603,4.81029161221607],[-75.7000228179308,4.81025384275387],[-75.6996419467613,4.81023489366949],[-75.699290725278,4.8102160513952],[-75.6988929511599,4.81019307452401],[-75.6986221925214,4.81018679288419],[-75.6984791200196,4.81017112083766],[-75.6981872752963,4.81000033145994],[-75.6979976903014,4.80985897241063],[-75.6976067729597,4.80924204734753],[-75.6973898341347,4.80895377245972],[-75.697157181632,4.80883844481312],[-75.696863784669,4.80876988500572],[-75.6965907768862,4.80867797606569],[-75.6961678616243,4.80864639465224],[-75.6955583149545,4.80858605011414],[-75.6950788128003,4.80853858762716],[-75.6947758354338,4.80850858223959],[-75.6940384306059,4.80840499320344],[-75.6936980566333,4.80837608125316],[-75.6934836733829,4.80841800110173],[-75.6933085522277,4.80850446785196],[-75.6932299868287,4.80856698827155],[-75.6931953930762,4.80885664770324],[-75.69284354667,4.80938316083104],[-75.6927046711629,4.80923127581957],[-75.6924887035526,4.80927308897735],[-75.6922259042355,4.8092549546252],[-75.6924191712334,4.80757575797892],[-75.6919932999722,4.80753205764816],[-75.6920216060797,4.80695079277653],[-75.692072454638,4.80694411944887],[-75.6920864149595,4.80662928943336],[-75.6926083837099,4.80668101385807],[-75.692666758241,4.80616686731292],[-75.6926420762213,4.80611414396874],[-75.692556696826,4.80582958280156],[-75.6924555744633,4.80560835767747],[-75.6923540293019,4.80539525723917],[-75.6922491030915,4.80520838436798],[-75.6921528738362,4.80501644392563],[-75.6921126662338,4.80489621394857],[-75.6921096458332,4.804732219767],[-75.6921381764482,4.80458027279208],[-75.6922838727674,4.80423201487778],[-75.6923980120642,4.80397862006503],[-75.6924475272785,4.80388232790958],[-75.6924790471808,4.80379057365555],[-75.692491025926,4.80368073228634],[-75.6924715201864,4.80362143894238],[-75.6924524374216,4.8035615452689],[-75.6924361715663,4.8035165053281],[-75.6924121579399,4.80347690555349],[-75.6923796213822,4.80345129390951],[-75.6923454300181,4.80343560801314],[-75.6922695815958,4.80342396445684],[-75.692020623618,4.80339184159145],[-75.6919404784658,4.8033778848655],[-75.6919091046406,4.80336112163179],[-75.6918889282084,4.80333944868805],[-75.6918714988212,4.80331500320052],[-75.6918561496469,4.80325071171026],[-75.691854777759,4.80321067155645],[-75.6918561523665,4.8031806275657],[-75.6918652403786,4.80312333149229],[-75.6918854566598,4.80306232704104],[-75.6919273633438,4.8030069409867],[-75.692013146019,4.80294606340295],[-75.6920868840364,4.80292587854832],[-75.692173613742,4.80293559780554],[-75.6925772940095,4.80306497627584],[-75.6928056146216,4.80312339722659],[-75.6928763586059,4.80312389524653],[-75.6932975515759,4.80300739813625],[-75.693498267768,4.8030233215922],[-75.6938151194512,4.80297990502709],[-75.6939658205067,4.80251500592634],[-75.6941719883982,4.80189482214785],[-75.6942314861173,4.80142979394956],[-75.6942250958202,4.80103389368147],[-75.6941728812454,4.8009024663497],[-75.6941361620103,4.80071817571106],[-75.6941202903241,4.80051366409392],[-75.694156607607,4.80025464767786],[-75.6942972023582,4.79977178517718],[-75.6946102658218,4.79862988010115],[-75.6946384423827,4.79849923314308],[-75.6942178993921,4.79834588688992],[-75.6942646633167,4.79757503612284],[-75.6942391810263,4.7973280276024],[-75.6941707460697,4.7969225868939],[-75.6940621391722,4.79638577136584],[-75.6940278444935,4.79632259146378],[-75.6938247644889,4.79572877534676],[-75.6938155410396,4.79568121116679],[-75.6935821115458,4.79499895785688],[-75.6935235234223,4.79487275845319],[-75.6931678438498,4.79544494585251],[-75.6924205763132,4.79498840950999],[-75.6920781768162,4.79475072829441],[-75.6922211131384,4.79461167970592],[-75.6922981596679,4.79460654456032],[-75.6924847873272,4.79463746243902],[-75.6926200394468,4.79464948015351],[-75.692685113007,4.7946460392812],[-75.6927931130134,4.79460671079163],[-75.6934949024478,4.79398953611747],[-75.6936672211182,4.79353186106978],[-75.6930284749501,4.79320679110476],[-75.6932208492823,4.79308678564583],[-75.693315643796,4.79305245401696],[-75.6933732895223,4.79301414799201],[-75.693438541374,4.79295741938357],[-75.6935000642613,4.79283299200091],[-75.6935255291823,4.79271066400827],[-75.6935650787052,4.79259953490185],[-75.6936125147381,4.79250977709074],[-75.693700340216,4.79240829422814],[-75.6937911931422,4.79234738103997],[-75.6937220746709,4.79224539599998],[-75.6936106694834,4.79207555005132],[-75.6934992273067,4.79194113442168],[-75.6934167619147,4.79187297157335],[-75.6933107745087,4.79180671472927],[-75.6932171818548,4.79175531291404],[-75.6931142565013,4.79171827010679],[-75.6930284434658,4.79169703570521],[-75.6928858320559,4.79169256023345],[-75.6928397382053,4.79169351194388],[-75.6927795611299,4.79167005305819],[-75.6927327648399,4.79163539756845],[-75.6926982228024,4.79160300260141],[-75.6926691754277,4.79154233123033],[-75.6926457615705,4.79147528420134],[-75.6926268207244,4.79141607887033],[-75.6926145685284,4.79136579372972],[-75.6925956272656,4.79130321541072],[-75.6925855938007,4.79125739893395],[-75.6925758084066,4.79118683747059],[-75.6925922550068,4.79113982163041],[-75.6930061378231,4.79131796644806],[-75.693135929918,4.79136046803403],[-75.6932004735029,4.79138737109366],[-75.6932723416397,4.79140858717306],[-75.6933324499583,4.79141874557673],[-75.6934196011418,4.79142300650019],[-75.693467103513,4.79141892960376],[-75.6935347130026,4.79140817636083],[-75.6936165829535,4.79139959637126],[-75.6936850719507,4.79139334703325],[-75.6937717323034,4.79136161239268],[-75.6938767380476,4.79133973369412],[-75.6939551571398,4.79133440304414],[-75.6940028351152,4.7913272527121],[-75.6940269208859,4.79132554037566],[-75.6941155174395,4.79130701678828],[-75.6941853105351,4.79128458944662],[-75.6942080226742,4.79127537075441],[-75.6942891545648,4.79125647584379],[-75.6943506373964,4.79122889036691],[-75.6943944433,4.79120140924834],[-75.6945108233424,4.79116360067902],[-75.6945397689158,4.79114588661883],[-75.6946081862813,4.79117347813733],[-75.6946849851213,4.79117528335996],[-75.6947902710783,4.79117763708593],[-75.6948152365578,4.7911785391881],[-75.6948585847073,4.79117031054878],[-75.6949024252079,4.79115340949659],[-75.6949299970292,4.79114662886841],[-75.6949678516946,4.79113115856155],[-75.6951565274509,4.79100629460615],[-75.6953238615389,4.7909387445657],[-75.6953865771509,4.79090801448692],[-75.6954663715075,4.7908658583452],[-75.6956059211248,4.79082255730526],[-75.6956574738018,4.79080302473622],[-75.6957060673923,4.79079361329517],[-75.6958827651165,4.79080529625463],[-75.6960045315768,4.79078537847789],[-75.696004605649,4.79071347539287],[-75.6960723639286,4.79049796315659],[-75.6962521488862,4.78997949385522],[-75.6962825775753,4.78985857958723],[-75.696295509503,4.7896686576461],[-75.6963090732629,4.78950561695785],[-75.6963145088682,4.78920938583561],[-75.6963090910912,4.78909525182581],[-75.6962982506857,4.78899469918768],[-75.6962846987755,4.78888598748956],[-75.696257626033,4.78874739058354],[-75.6962386854921,4.78866586078549],[-75.6961953461849,4.78848921773681],[-75.6961438728683,4.78831255736181],[-75.6960626111779,4.78812775286397],[-75.6960382458159,4.78808426699787],[-75.6959650766993,4.78800817491707],[-75.69588380948,4.7879402245826],[-75.695843174779,4.78791577759568],[-75.6957944421153,4.78789131334811],[-75.6957456733582,4.78786956839303],[-75.6956969046032,4.78784782433937],[-75.69562648051,4.78782607903266],[-75.6953880946118,4.78775269890746],[-75.6952417882073,4.7877010472423],[-75.6948950553363,4.78758689713006],[-75.6944859964945,4.78745914429816],[-75.6944020163303,4.78742381623966],[-75.6943099024278,4.7873748866513],[-75.6942177888688,4.78730695313327],[-75.6940774041583,4.78713832445279],[-75.6941429358647,4.78712449849629],[-75.6942160733429,4.78710537393464],[-75.6943463980806,4.78704437390001],[-75.6943919287379,4.78702800328117],[-75.6944243605713,4.78700545054201],[-75.6944548199676,4.78698367400452],[-75.6945770116409,4.78690153266065],[-75.6946874416305,4.78683170049733],[-75.694775897906,4.78677861202089],[-75.6949349215219,4.78671084971651],[-75.694953232101,4.78670703547993],[-75.6949708383878,4.78670525211282],[-75.6949935861088,4.78670560635032],[-75.6950129524715,4.78670827443902],[-75.6950602772857,4.78672560295224],[-75.6951152778755,4.78676471004354],[-75.6954060127949,4.78708372278127],[-75.6955949216697,4.78724751319796],[-75.6958182688771,4.78737059436646],[-75.6960251053825,4.78743722610522],[-75.6962325067026,4.78745233648374],[-75.6965521999335,4.78749509406078],[-75.6967772082893,4.78751034649723],[-75.6968687241854,4.78753046718873],[-75.69690129521,4.7875530942763],[-75.6969163296606,4.78757822815278],[-75.6969163279455,4.78761593770017],[-75.696905057246,4.78768632112531],[-75.696892309178,4.78771417435878],[-75.6967621159089,4.787998531378],[-75.6967331299857,4.78811464182332],[-75.6967155491564,4.7883521813666],[-75.6968226943948,4.78849673483282],[-75.6968548417667,4.78854009717291],[-75.6971646542307,4.78910277846811],[-75.6971683860638,4.78911399345375],[-75.6972410906948,4.78933150802313],[-75.6972812802523,4.78988536413561],[-75.6973029461174,4.79045304911879],[-75.6973433187353,4.7908373997571],[-75.697294149635,4.79112651194642],[-75.6972730101396,4.7913944482929],[-75.6972975769367,4.79168303310596],[-75.6973482388532,4.79188337879777],[-75.6973995367764,4.7920537512384],[-75.6974118226103,4.79213821300766],[-75.6974073124792,4.79221262403862],[-75.6973978024369,4.79227497133252],[-75.6973872360773,4.79232121091901],[-75.6973092001712,4.79241842087127],[-75.6972308484177,4.79250685279129],[-75.6972413743353,4.79255083236222],[-75.6972624307349,4.7925772386634],[-75.6973003188998,4.79259675667744],[-75.6973852858424,4.79264058100469],[-75.6978749142503,4.79279772537902],[-75.6982210861144,4.79293038406836],[-75.6986871534212,4.79318961503363],[-75.6989054669851,4.79334879604774],[-75.6990840602081,4.7935168071786],[-75.6992280036287,4.79369700364985],[-75.699294586849,4.79380276853336],[-75.6993300435975,4.79386912744083],[-75.6993601481453,4.79393326063956],[-75.6993779292272,4.79396892135497],[-75.6994137353871,4.79411050305204],[-75.6994371823455,4.79421356371884],[-75.6994582007646,4.79431519380708],[-75.6994640449409,4.79434264069106],[-75.6994661920253,4.79437164231036],[-75.699446206641,4.79487190850919],[-75.6994153155976,4.7951016583999],[-75.6993172368296,4.79535583295393],[-75.6992846591965,4.79549451573281],[-75.699265711061,4.79557526669483],[-75.6992657087707,4.79565011991625],[-75.699294052075,4.79571981579461],[-75.6994691219272,4.7959598886767],[-75.6995401792656,4.79602587826056],[-75.699639440942,4.79611807970948],[-75.6998608886543,4.79629361583519],[-75.7000462825951,4.7963710724152],[-75.7003090399203,4.79644335652184],[-75.700337210081,4.79645111128703],[-75.7005363359396,4.7965553977271],[-75.7006154224589,4.79660460805324],[-75.7006856711486,4.79664834192041],[-75.7007809548268,4.79672319834462],[-75.7007993697926,4.79675829440664],[-75.7008083133948,4.79677980705518],[-75.700814473476,4.79683807534956],[-75.7008119708062,4.79689028533842],[-75.7008027781804,4.79693864416062],[-75.7007060784183,4.7970730861779],[-75.7006377245268,4.79722158810928],[-75.700609688608,4.79736719430335],[-75.7006063314117,4.79768077061793],[-75.7007284370991,4.79804811590828],[-75.700802758917,4.79838481529598],[-75.7008401509977,4.79850594438178],[-75.7009879989154,4.79883490967594],[-75.7010388800947,4.79888590288927],[-75.7010987750609,4.79893733827516],[-75.7011382133706,4.79896694126156],[-75.7011982859973,4.79898548867703],[-75.7014778785336,4.79898549910368],[-75.7015610510303,4.79901330258604],[-75.7016827811684,4.79906903204884],[-75.7017953563885,4.79911785510796],[-75.7018970508942,4.79915977100038],[-75.7019848699568,4.79922000294061],[-75.7021327263126,4.79931962315291],[-75.7022089957823,4.79939375503415],[-75.702234383212,4.79944471128769],[-75.7022528664899,4.79952811344874],[-75.7022692328988,4.79973976130786],[-75.7022669017785,4.79993899146509],[-75.7023501006621,4.80023317792323],[-75.7023454831889,4.80035275148113],[-75.7023223447202,4.80045005176412],[-75.7021721539347,4.80063304555357],[-75.7021190106982,4.80081143262028],[-75.7022440041529,4.80118089748198],[-75.7024954444545,4.80170455750706],[-75.7026186492893,4.80188143228235],[-75.7026325580631,4.80190140902545],[-75.7027390054223,4.80197373942473],[-75.7029271114728,4.80206454765995],[-75.7030444757804,4.80213656100851],[-75.7031314861843,4.80218725541005],[-75.7032474055338,4.80226891201241],[-75.703360648686,4.80236390333883],[-75.7034715315193,4.80247740479759],[-75.7035429765664,4.80256045532111],[-75.7036160764059,4.80265152536678],[-75.703663577376,4.80271435111612],[-75.7037444226602,4.80285335671704],[-75.7037952660782,4.80299234256953],[-75.7038462485341,4.80317128128986],[-75.7038739572898,4.80330797037265],[-75.7038903620519,4.80346142124012],[-75.7038962701161,4.80367674208051],[-75.7039214431668,4.80381779351534],[-75.7039377095829,4.80387422530757],[-75.7039762324845,4.8039039168024],[-75.7040769760208,4.80395761404922],[-75.7041524023961,4.80400168371436],[-75.7042137424536,4.80404015426],[-75.7041513070066,4.80410410742684],[-75.7040177069982,4.804117667542],[-75.7039220317994,4.80412520622773],[-75.7038260041627,4.80413097858401],[-75.7037596966268,4.80415195903021],[-75.7036799372908,4.80418890587392],[-75.7036087691496,4.80423484269088],[-75.7033859720327,4.80426706870921],[-75.7033856180478,4.80433042365439],[-75.7033742081492,4.80436044939427],[-75.7033514234015,4.80440479854],[-75.7033392372019,4.80445750255646],[-75.7033417376516,4.80446894741468],[-75.7033798010507,4.80451882721053],[-75.7033806461803,4.80453152626285],[-75.7033845190246,4.80454214125934],[-75.703389095412,4.80457900308067],[-75.7033863476393,4.80461680029435],[-75.7033785994006,4.80466388736727],[-75.7033649696281,4.8047133592154],[-75.7033640511632,4.80481871416975],[-75.7033541192768,4.80484916417162],[-75.7033542602232,4.80486428284397],[-75.7033518300929,4.80487532179131],[-75.7032897457779,4.8049582614443],[-75.7032733698072,4.80499838984343],[-75.7032716790021,4.80502410568465],[-75.7032725933781,4.80505217187687],[-75.7032770639746,4.80508380447323],[-75.7032821692006,4.80510499931156],[-75.7032767798402,4.80517255786738],[-75.7032536416159,4.80524622635749],[-75.7032145506209,4.80535569551262],[-75.7031827506147,4.80543445078568],[-75.7031598949391,4.80548673007189],[-75.7031461591737,4.80557288703589],[-75.7031662581375,4.80579539647855],[-75.703518427876,4.80582596445313],[-75.7035156804922,4.8058554607019],[-75.7034485577372,4.80601562026685],[-75.7033498838313,4.80618111246286],[-75.7031613167631,4.80613544850777],[-75.70317339046,4.8062689057464],[-75.7031470124296,4.80635825833216],[-75.7030733425368,4.80644317611413],[-75.7030456289662,4.80646504066187],[-75.7030079489249,4.80648826558779],[-75.7029716437394,4.80650493713186],[-75.7026551064866,4.80657735922034],[-75.7024155449416,4.80666862945021],[-75.7021535160606,4.80678965976353],[-75.7017618282653,4.80697557653775],[-75.7014934643547,4.80701006108645],[-75.7012732743817,4.80698935221899],[-75.701084038942,4.8069238180813],[-75.7006211630835,4.80673885889356],[-75.7006750736343,4.80678759105455],[-75.7007196511519,4.80686108517823],[-75.7007558828976,4.80693802403484],[-75.7007773609763,4.80699701668929],[-75.7007946823221,4.80708492230079],[-75.7008015807446,4.8071923622869],[-75.7007952388913,4.80728485965776],[-75.7007788959776,4.80737080327638],[-75.7007358256066,4.8074887865421],[-75.7004850512028,4.80795454898137],[-75.700215543612,4.80840967792853],[-75.7001630223451,4.80886705805428],[-75.7000652613238,4.80906692039091],[-75.7000567746511,4.80907767674827],[-75.7000897647477,4.80920975681935],[-75.7002120944918,4.81018265315134],[-75.7002151189603,4.81029161221607]]]},"properties":{"FID":12,"ID_COMUNA":14,"NOMBRE":"Boston","NORMA":"Ac 2/1999","ACT_GEOGRA":1167177600000}},{"type":"Feature","id":13,"geometry":{"type":"Polygon","coordinates":[[[-75.7330772706126,4.8092274156828],[-75.7329018328608,4.80890840141888],[-75.7328444323181,4.80863823951611],[-75.7328213629168,4.8081773772917],[-75.7327719552751,4.80785163248637],[-75.732619795405,4.80758594037837],[-75.7323471693938,4.80735532659993],[-75.7320234151466,4.80726138316224],[-75.7316996604952,4.80726138569528],[-75.7308333725846,4.80759815794953],[-75.7308596745587,4.80712049947291],[-75.7308937941086,4.80671645667649],[-75.7309296755822,4.80648767709098],[-75.7309879174969,4.80628899345978],[-75.7310222151003,4.80620682811617],[-75.7311519047439,4.80599286688965],[-75.731275256859,4.80586527312486],[-75.7313277604188,4.8058241553936],[-75.7315078410968,4.80571689105202],[-75.7316693654286,4.80565568974114],[-75.7318326147555,4.80561925123066],[-75.7319499464662,4.80560886468907],[-75.73209072993,4.8056171651929],[-75.7324755791537,4.80569344521476],[-75.7330454064668,4.80585822931512],[-75.7333420112502,4.80595536957942],[-75.7334973029563,4.80599756266239],[-75.7338055631168,4.80604330558446],[-75.7339939905753,4.80605160472559],[-75.734153014999,4.80604467937066],[-75.7344028548345,4.80601214284693],[-75.734648256847,4.8059014677806],[-75.736278916341,4.80523957070537],[-75.7364092404535,4.80517275218968],[-75.7365132952082,4.80509796873177],[-75.7366474565324,4.80496297440572],[-75.7367274252441,4.80485547983783],[-75.7368037300586,4.80469332129083],[-75.7369002456607,4.80436642666789],[-75.7372291588144,4.80332378149478],[-75.737300392764,4.80312483295608],[-75.7374581401861,4.80258404655886],[-75.7376568042909,4.80196793002531],[-75.7379959963137,4.80086653911755],[-75.738314115002,4.80098543640721],[-75.7388778825836,4.80114977453358],[-75.7389732059173,4.80119357525967],[-75.7391075460808,4.80126111360036],[-75.7391809314864,4.80131771978342],[-75.7393484816016,4.80159323105734],[-75.7394807102155,4.80173343183591],[-75.7397781271455,4.80201459141074],[-75.739821652017,4.80208128347288],[-75.7398291880438,4.80212657001995],[-75.7398329608825,4.80235114531723],[-75.7398724721207,4.80248702093241],[-75.7399251881434,4.80257193972008],[-75.7399745233053,4.80261452282562],[-75.7400468872319,4.80265201873124],[-75.7404378286344,4.80276330039993],[-75.7405264251527,4.80277311950883],[-75.7405903725308,4.80275980056108],[-75.7406398122341,4.80273440112692],[-75.7407702047343,4.80260571130094],[-75.7408705963204,4.80251882792934],[-75.741149311792,4.80261921501229],[-75.7412735806979,4.80264824922823],[-75.7414551051846,4.80265068236464],[-75.7416529688683,4.80262526257056],[-75.7417000136059,4.8026047023187],[-75.7418549865099,4.80255849453628],[-75.7420045703003,4.80243994125708],[-75.7421722873575,4.80226211424627],[-75.7422377832505,4.80220603511257],[-75.7424730757473,4.80208627889837],[-75.7426157228434,4.80198432941746],[-75.7426603362185,4.80191779456396],[-75.7426760384297,4.80179804336979],[-75.7427117094247,4.80176699263128],[-75.7427438235219,4.80174510845058],[-75.7427810082147,4.80174482500422],[-75.7428932004267,4.80183433421924],[-75.743154455289,4.80215903212988],[-75.7432036495481,4.80219216460922],[-75.7433794714441,4.80227142864686],[-75.7435784643841,4.80236840786703],[-75.743608748487,4.80237601962926],[-75.7437061840276,4.80238687900782],[-75.7437603423738,4.80238608355848],[-75.7438046750335,4.80236381006173],[-75.7438376691058,4.80233802199784],[-75.7438665435619,4.80230442743244],[-75.7441328517753,4.80190698414433],[-75.7441575707958,4.80187008703014],[-75.7441978186963,4.80183642155194],[-75.7442248978628,4.80182882610607],[-75.7442682102984,4.80183207497667],[-75.744444700885,4.80187984702474],[-75.7446453817243,4.80187853499701],[-75.7448836725166,4.80197173209672],[-75.7450973842667,4.80205994945741],[-75.7451666850866,4.8020697148975],[-75.7453421180112,4.80207513293579],[-75.7455437860387,4.80212943875224],[-75.7457776731799,4.80212074267166],[-75.7459851168724,4.80221284497841],[-75.7461624533733,4.80228465553317],[-75.7462166833788,4.80232453474776],[-75.746261440514,4.80236868977364],[-75.7463015154402,4.80243488667435],[-75.746318842378,4.80249894717588],[-75.7462508114331,4.80254393530691],[-75.7461812661874,4.80259927290414],[-75.746133518946,4.80266609034805],[-75.746102215821,4.80272474816688],[-75.746054617626,4.80307661709897],[-75.7460313790094,4.80317964219541],[-75.7459973654347,4.80326965033975],[-75.7459552174805,4.80333920533966],[-75.7458967297472,4.80339238838741],[-75.7458186269123,4.80343771207202],[-75.7457185165133,4.80347968027796],[-75.7456260113707,4.80349059789684],[-75.7455447740138,4.80348487743289],[-75.7454491689586,4.80347150945023],[-75.7454056453975,4.80349060413437],[-75.7453058882614,4.80356042533864],[-75.7452078909044,4.80363828346565],[-75.7450771820574,4.8037643781301],[-75.7449218953642,4.80392097663033],[-75.7448631954195,4.80395900432992],[-75.7447967485946,4.80399053384591],[-75.7446875522654,4.80401148362379],[-75.7446290278071,4.80402921814029],[-75.7445454676077,4.80407936408723],[-75.7444630697888,4.80413424234976],[-75.7444032441855,4.80420242100402],[-75.744355637392,4.8042965267479],[-75.7442478531551,4.80443207005801],[-75.74418524457,4.80447843453197],[-75.7441673212608,4.80450572296917],[-75.7441569690416,4.80453025616367],[-75.7441498920534,4.80456164223002],[-75.7441431116194,4.80515825701929],[-75.7441334642445,4.80520684598487],[-75.7440705071899,4.80542269889354],[-75.7439630056475,4.80561804638561],[-75.7438508907265,4.80581198080696],[-75.7437155697109,4.80599874486327],[-75.7436623637885,4.8060587979668],[-75.7436035222537,4.80608237919416],[-75.7434623157815,4.80609418110144],[-75.7433257940953,4.80612949053798],[-75.7432264927296,4.8061685622876],[-75.7431724410641,4.8062000733379],[-75.7430995504574,4.80628197518917],[-75.7430580709729,4.80636389332801],[-75.7430452195991,4.80643890533358],[-75.7430413136614,4.80654823497629],[-75.7430439934921,4.80667580973785],[-75.7430163175724,4.80676025372251],[-75.7429346237627,4.8068648338723],[-75.7427293673699,4.80699513394437],[-75.7425760131416,4.80704028165267],[-75.7424050520626,4.80707831240303],[-75.742277614383,4.80709099712482],[-75.7418125129491,4.80707463431117],[-75.7415153461454,4.80712768070712],[-75.741302903877,4.80719194073504],[-75.7411281756425,4.80726882844949],[-75.7410220074205,4.80732974834408],[-75.7408070691904,4.8075805220124],[-75.7407516790609,4.80761756032549],[-75.7406976970789,4.80764605078254],[-75.7406484332377,4.8076503795067],[-75.7405992397326,4.80764405671431],[-75.7405087398294,4.80761127778159],[-75.7399098577297,4.8074168981833],[-75.7398231262251,4.80740428894414],[-75.7396986821006,4.80740051155832],[-75.7396031117294,4.80740529986587],[-75.7394950418884,4.80741816038507],[-75.7394091568588,4.80746502007647],[-75.7393257368698,4.80753116730949],[-75.7392331610406,4.8076099425479],[-75.7391791096609,4.80767674230848],[-75.7390907263732,4.80785749928928],[-75.7389865332668,4.80804498665457],[-75.7389009301695,4.80815325783971],[-75.7387976862725,4.80826857675338],[-75.7386848283507,4.80837776710594],[-75.7385357010201,4.80850755206388],[-75.7384087217651,4.80859828531746],[-75.7382629396444,4.80872808761167],[-75.7379770425475,4.8089127692569],[-75.7379192220794,4.80896570400377],[-75.7378601349084,4.80905392805432],[-75.7376778724258,4.80929461553777],[-75.7376070587569,4.809356876282],[-75.7375303993683,4.80939720024715],[-75.7374625073246,4.8094198797313],[-75.7373053841027,4.80943249321703],[-75.7371834739955,4.80942871483496],[-75.7369757127129,4.80938979029141],[-75.7367654860132,4.80935808970088],[-75.736388382878,4.8093681625574],[-75.7361596349965,4.80937572569918],[-75.7359836364451,4.80939211864326],[-75.7358513035753,4.80941744829695],[-75.7357352049053,4.80944759870688],[-75.7355672003976,4.80946158982847],[-75.7353807433606,4.80946775607413],[-75.7352965121907,4.80944760495338],[-75.7352246048486,4.80939774540727],[-75.7351724532214,4.80934880353648],[-75.7350763215003,4.80949518920644],[-75.7348377860007,4.80973435708098],[-75.7344032505806,4.80991372264563],[-75.7340709739287,4.80994788528948],[-75.7339792074053,4.80993705987189],[-75.7339261394413,4.80993080757876],[-75.7337131664358,4.80983686431107],[-75.7333808875617,4.80963187869204],[-75.7331139636462,4.80929414344061],[-75.7330772706126,4.8092274156828]]]},"properties":{"FID":13,"ID_COMUNA":15,"NOMBRE":"Cuba","NORMA":"Ac 63/1992","ACT_GEOGRA":1151712000000}},{"type":"Feature","id":14,"geometry":{"type":"Polygon","coordinates":[[[-75.6675868773123,4.7899152619636],[-75.6676004685869,4.7899171170389],[-75.6676162092434,4.78991673001992],[-75.6676314912603,4.7899136760576],[-75.6676363263547,4.78991176585702],[-75.6675868773123,4.7899152619636],[-75.6675078618547,4.78988438990551],[-75.6674370514378,4.7898610608445],[-75.6673752564048,4.78981923122516],[-75.6673238861944,4.78976505591048],[-75.6672912506741,4.78969053596687],[-75.667247098936,4.78962225000087],[-75.6671925952819,4.78956196418267],[-75.6671393551287,4.78954563059156],[-75.6669758630246,4.78954468861034],[-75.6668320908784,4.7895263430251],[-75.6666998702697,4.78948893979492],[-75.6665846249794,4.7894212303751],[-75.666516709536,4.78931466738181],[-75.6664764048196,4.78914756124285],[-75.6664770135344,4.78903349782127],[-75.6665345957197,4.78893012551238],[-75.6665701681702,4.78884059917883],[-75.6665797254795,4.7886759689869],[-75.6665700562884,4.78851135608964],[-75.6665768278181,4.78844005714144],[-75.6665659501502,4.7883594247039],[-75.6665420101823,4.7883073011582],[-75.6665082798685,4.78826091701946],[-75.6664196212094,4.78818829932616],[-75.6663197280591,4.78813221221704],[-75.6661884215856,4.78810929257771],[-75.6660551420195,4.78810769138662],[-75.6659969022196,4.78809053651309],[-75.6659281173161,4.7880481499908],[-75.6659001823186,4.78798206353105],[-75.6658765239298,4.78793460266329],[-75.6658434980952,4.78789319938131],[-75.6658029365358,4.7878536320101],[-75.665754204709,4.78782474972928],[-75.6656572660527,4.78780409411468],[-75.6654481028164,4.7878152376825],[-75.6653502485153,4.78779901532619],[-75.6652728187434,4.78776675688219],[-75.6652037003931,4.78771915063551],[-75.6651458514004,4.78765824581139],[-75.6651226515271,4.78760299582571],[-75.66510839552,4.78754478008931],[-75.6651072824776,4.78739150614802],[-75.6651306891543,4.7871020946951],[-75.6651747921628,4.78692243764962],[-75.6651696909512,4.78686824929617],[-75.6651470899142,4.78680354978709],[-75.6650610428387,4.78666782501719],[-75.6648974976872,4.78647523839488],[-75.6647536643128,4.78636324634493],[-75.6646812349567,4.78633950154868],[-75.6646177117154,4.78633294363022],[-75.6644214721017,4.78633599818617],[-75.664225409517,4.786327007713],[-75.6640385380023,4.78630613186079],[-75.6639168459816,4.78628658572892],[-75.6637983587593,4.78625243431235],[-75.663684873119,4.78620418758515],[-75.663646952257,4.78616635140415],[-75.6636200539745,4.78611996776214],[-75.6636209755159,4.78606175356108],[-75.663605108231,4.78599701371938],[-75.6635596443307,4.78596239748862],[-75.6635093076382,4.78595421595915],[-75.6634363629393,4.785986653826],[-75.6633158669757,4.78597276028499],[-75.6631946299671,4.78597700551447],[-75.663125684678,4.78597124085579],[-75.6630620228668,4.78594400006007],[-75.6630240316289,4.7859057930597],[-75.6629949153706,4.7858604155328],[-75.6629760460321,4.78580988178841],[-75.66301957473,4.78578323498255],[-75.6630295456533,4.78568603862298],[-75.6630184971105,4.78559620737192],[-75.6629683702924,4.78542265335273],[-75.6629335970917,4.78524535582551],[-75.6629343906517,4.78504322027535],[-75.6628373986774,4.78483815970703],[-75.6635421254153,4.78419051189785],[-75.664698684829,4.78320292232659],[-75.6656824687168,4.78236624656796],[-75.6657894057267,4.78254276353907],[-75.6659521660223,4.78273297686886],[-75.6660176175381,4.7827923088136],[-75.6661373689684,4.78286508806766],[-75.6662668395891,4.78291843975642],[-75.6663593413228,4.78293508559718],[-75.6664533230949,4.7829352882878],[-75.6665372343323,4.78292715310301],[-75.6666182957216,4.78290379352487],[-75.6666937237457,4.7828660029849],[-75.6667610187143,4.78281503475022],[-75.6668384226493,4.78273381302918],[-75.6669078339877,4.78264563094451],[-75.6669727059551,4.78252848327924],[-75.6670259925628,4.78240561090186],[-75.6671268517724,4.78228302541962],[-75.6671773078663,4.78231382489996],[-75.6672357241111,4.78232251090956],[-75.6673962588253,4.78231150303697],[-75.6675571432862,4.78231190566523],[-75.6677176052444,4.78232370003023],[-75.667951975046,4.78236416695191],[-75.6681829631001,4.78242081268161],[-75.6682839124496,4.78246916296365],[-75.6684087264291,4.78253204316509],[-75.6683857219606,4.78275929279966],[-75.668389728166,4.78285952596301],[-75.6684183860162,4.78291419405834],[-75.6684584541348,4.78296105488062],[-75.6685733461137,4.7830324559889],[-75.6688483805845,4.78313983081176],[-75.6689290157731,4.78315834768355],[-75.6690083836919,4.78316066796001],[-75.6690869439924,4.7831494061509],[-75.6691624765282,4.78312484426836],[-75.6692121984929,4.78309736621808],[-75.6694353188011,4.7829273673686],[-75.6695133519083,4.78289448712484],[-75.6695948699346,4.78287169131604],[-75.6696786059885,4.78285935251228],[-75.6697423744562,4.78287550129674],[-75.6697993807175,4.78290835811896],[-75.669937083673,4.78305892258796],[-75.6699797587576,4.78309266121321],[-75.6700293358365,4.78311493819628],[-75.6700828573678,4.78312439140352],[-75.6701370496341,4.7831204753001],[-75.6702160688408,4.78309278706761],[-75.6703986909684,4.78296459129109],[-75.6704848557122,4.78296283278709],[-75.6705691906388,4.78294496511701],[-75.6706206169096,4.78295798039684],[-75.6706656409466,4.78300428719752],[-75.6706729289408,4.78333700630173],[-75.6706811274744,4.78341350185542],[-75.6707096432247,4.78348491326794],[-75.6707609427634,4.78354634663608],[-75.6708246031188,4.78359476468033],[-75.6708889696438,4.78362437209093],[-75.6709585833388,4.78363735872857],[-75.6710618895535,4.78371977942935],[-75.6711124181078,4.7837364397284],[-75.6711634109198,4.78373624522858],[-75.6712199937283,4.78371084683581],[-75.6712801757533,4.78365985172274],[-75.6715542088461,4.78353855129269],[-75.6716267113263,4.78354023611154],[-75.6717112167155,4.78358639430886],[-75.6717645249115,4.78363641829763],[-75.6717974083279,4.78369389390927],[-75.6718328601735,4.78378356752127],[-75.6718918006717,4.78384861368651],[-75.6719771344393,4.78388409599577],[-75.6720684229475,4.78388210736915],[-75.672133285985,4.78386052917145],[-75.6721912842459,4.78382422007004],[-75.672247169793,4.78377749031944],[-75.6722823527248,4.78368972997179],[-75.6723438014737,4.78366405307126],[-75.6723933532276,4.78356624309697],[-75.6724583980625,4.78347802509004],[-75.6725371385915,4.78340183625577],[-75.6726075652622,4.78338031099608],[-75.6726811586399,4.78338132352597],[-75.6727704725556,4.7834200557721],[-75.6728633702829,4.7835459508137],[-75.6729236754839,4.78372053007244],[-75.6729355630015,4.78390123340052],[-75.6729332951046,4.78408232535508],[-75.6729436781662,4.78414474416401],[-75.6729916611039,4.78429002093042],[-75.6730542230756,4.78442957522192],[-75.6730772127137,4.78448086860305],[-75.6731167096677,4.78461761284452],[-75.6731477273108,4.7846863922992],[-75.6731692006009,4.78475875656904],[-75.6732082414677,4.78489246321939],[-75.6732243616831,4.78497727865472],[-75.6732302356301,4.78506341827764],[-75.6732521326053,4.78512864695378],[-75.6732959146379,4.78515487337325],[-75.6734437175574,4.78521027940584],[-75.6735884416205,4.7852009292711],[-75.6737334819245,4.7852031134553],[-75.6738778869542,4.78521677757508],[-75.6739342586259,4.78525613379336],[-75.6739751011844,4.78531150753514],[-75.6739961179778,4.78537708969171],[-75.6740001233861,4.78549487945456],[-75.6740258192864,4.78560988134666],[-75.6740723622239,4.78571810141189],[-75.6741244011615,4.78578884323742],[-75.6741909132636,4.78584612740939],[-75.6743580965847,4.78591765405642],[-75.6744264757136,4.78596178016621],[-75.6744737618169,4.78601886850867],[-75.6745099199975,4.78608362106559],[-75.674533718201,4.78615390088073],[-75.6745391346086,4.78624307807127],[-75.6745255714436,4.78633138915844],[-75.6744784309141,4.78643507235857],[-75.6743778039148,4.78653444120841],[-75.6743079703759,4.78662205831842],[-75.6742479614573,4.78671405663741],[-75.6741983388112,4.78681209622847],[-75.674189884309,4.78686591248471],[-75.6741950564697,4.78692013638192],[-75.6742134683971,4.78697137608451],[-75.6742439947747,4.78701641724093],[-75.6743314908561,4.78710194500012],[-75.6744058251174,4.78710046655049],[-75.6744788220345,4.7870861661045],[-75.6745417136764,4.78705616259838],[-75.6747092649414,4.78693174446902],[-75.6748731156575,4.78683357193691],[-75.6749765738076,4.78678746383838],[-75.6750870378475,4.78676249743077],[-75.6753710956488,4.78678291863613],[-75.6754492308951,4.78680320170437],[-75.6755331751906,4.78683494630174],[-75.6756119778338,4.78687799529095],[-75.6756840894952,4.78693157074039],[-75.6761049197474,4.78734973926613],[-75.6761690376656,4.78740131847359],[-75.6762866421616,4.7874798001874],[-75.67649082243,4.78772251311905],[-75.6766187055155,4.78784940809503],[-75.6767892876971,4.78815584382906],[-75.6768412565458,4.78822715045855],[-75.676923788024,4.78831915975377],[-75.6770404007867,4.78847904709774],[-75.6770892681594,4.78858740841274],[-75.6771281651945,4.78877583262447],[-75.6771176904644,4.78899440306183],[-75.6771175320208,4.78924059761246],[-75.6771192107606,4.78940056515829],[-75.6771563950988,4.78964944793813],[-75.6772117258879,4.7897280660923],[-75.677460241987,4.78993895453483],[-75.6775183957295,4.78995224904459],[-75.6776019377643,4.7899520702079],[-75.6776632442191,4.78993593115511],[-75.6777350498701,4.78984200843728],[-75.677797559544,4.78974160280562],[-75.6778802478375,4.78961218357225],[-75.6779640192887,4.78960907696848],[-75.6780243021932,4.78963138814594],[-75.678078034053,4.78966675198094],[-75.6781375488788,4.78971934325041],[-75.6781557410639,4.78976713268999],[-75.6781759887282,4.78976045801959],[-75.6782700774813,4.78975438826338],[-75.6782962410013,4.78975232363293],[-75.6783347287185,4.78975172615787],[-75.6783962462418,4.78973947301844],[-75.6784384669062,4.78973297618658],[-75.6784811089067,4.78973333282611],[-75.6785205475529,4.78972909672224],[-75.6785700927035,4.78972494909291],[-75.6785952692188,4.78972698224645],[-75.6786204819105,4.78972717846665],[-75.6786329121415,4.78971771239162],[-75.678637596456,4.78970086255721],[-75.6786304146534,4.78967797207357],[-75.678614535716,4.78965502763835],[-75.6786024256635,4.78961337912128],[-75.678587674991,4.78955896017782],[-75.678570672083,4.7894935552708],[-75.6785414869461,4.78940206291663],[-75.6785257497661,4.7893590364587],[-75.6785168085077,4.78932657222432],[-75.6785037107829,4.7892991069576],[-75.6784960710936,4.789277593293],[-75.678490755869,4.78924882133728],[-75.6784955473303,4.78921694117748],[-75.6785048802937,4.78919103063344],[-75.6785146718276,4.78916739920427],[-75.6785217512951,4.78913555536506],[-75.6785241477106,4.78911550869083],[-75.6785266846498,4.78907997250666],[-75.678532004594,4.78903991458941],[-75.6785378159332,4.78902589127652],[-75.6785724354543,4.78894563554224],[-75.6786051507799,4.78891105517304],[-75.6786608581001,4.78889449230335],[-75.6787185026932,4.78888204405399],[-75.6787812152434,4.78889056177981],[-75.6788183279455,4.78891424935547],[-75.6788910039064,4.78895690948469],[-75.6789777984902,4.78902489709829],[-75.6790030450172,4.78904568736944],[-75.6790232902207,4.78907214748974],[-75.6790555073079,4.7891053726014],[-75.6790909633045,4.78915141998883],[-75.6791149060427,4.78917876368189],[-75.679133813912,4.78920522287497],[-75.6791444119255,4.78921843446973],[-75.6791605025437,4.78923344909927],[-75.6791801856652,4.78924293473974],[-75.6791953269825,4.78924970078564],[-75.6792224049062,4.78926418551],[-75.6792485312889,4.78927773441613],[-75.6792742008643,4.78928902229045],[-75.6793035668519,4.78930484966779],[-75.67931553832,4.78931670168249],[-75.6793353271554,4.78933581374207],[-75.6793610654322,4.78935764646441],[-75.6793859239699,4.78938179263147],[-75.6794135639352,4.78941372825919],[-75.6794444435751,4.7894474650264],[-75.679471202877,4.78948261451953],[-75.6794979971004,4.78952053767527],[-75.679528383153,4.78955015915087],[-75.6795578196839,4.78957518887904],[-75.6795776772843,4.78960260196211],[-75.6795906339522,4.78962455772025],[-75.6796072880884,4.78964787257452],[-75.6796335200684,4.78967155958145],[-75.6796542584374,4.78969438104201],[-75.6796749978668,4.78971490624538],[-75.6796879548571,4.78973226858153],[-75.6797017575285,4.78974412072021],[-75.6797201029264,4.78974581803298],[-75.6797411603785,4.78974198636147],[-75.6797534851298,4.78974007962056],[-75.6798107065327,4.78973414945496],[-75.6798514826498,4.78973385219159],[-75.6799087042703,4.78972426517965],[-75.6799380011549,4.78972221864057],[-75.6799553615164,4.78971151594144],[-75.6799768072866,4.78969574541072],[-75.679995471065,4.78968089221796],[-75.6800173745367,4.78966649947234],[-75.680045193877,4.78964606627222],[-75.6800762177991,4.7896256323863],[-75.6800990363771,4.78960615267037],[-75.680103967973,4.78958910895205],[-75.6801088985109,4.78957436149098],[-75.6801142523604,4.78955041177581],[-75.6801140784764,4.78952375944117],[-75.6801203121226,4.78949613570005],[-75.6801255963681,4.7894625252794],[-75.6801281692717,4.78943631430374],[-75.6801290156073,4.78942160189101],[-75.6801265516487,4.78939770400468],[-75.6801217997191,4.78937108661392],[-75.6801148291807,4.78935596768487],[-75.6801054990209,4.78933214074938],[-75.6800928955417,4.78929822799295],[-75.6800808185341,4.78927487729805],[-75.6800710662195,4.78925702067891],[-75.680057089502,4.78922037039835],[-75.6800523026163,4.78919099742528],[-75.6800452965333,4.78916853039341],[-75.6800392056385,4.78915203369812],[-75.6800228703326,4.7891052804813],[-75.6800098440165,4.78907368120183],[-75.6800004788355,4.78904757601664],[-75.6799915365294,4.78902890651356],[-75.6800158404187,4.78891966687703],[-75.6800541890591,4.7888899083191],[-75.6801399365327,4.7888296502899],[-75.6802036743672,4.78878104826405],[-75.6802758254752,4.7887733350308],[-75.6803744175659,4.78882708809164],[-75.6803659638433,4.78886739278505],[-75.6803708210537,4.78889498132947],[-75.6803983547052,4.78893802644735],[-75.6804874400228,4.78898349535471],[-75.6808392424734,4.78908618947203],[-75.6809104762911,4.7891108687535],[-75.6809985385245,4.78918359050522],[-75.681034804168,4.78922774823313],[-75.6810438867478,4.78927190470088],[-75.6810581053672,4.78937190965866],[-75.6810608410525,4.78954394041077],[-75.6810765053185,4.78962743151905],[-75.6811166228025,4.79000016125489],[-75.6811750000652,4.79008236544494],[-75.6812540136744,4.79013689482059],[-75.6813563369226,4.79020574928126],[-75.681465421258,4.79027750051853],[-75.6815560883598,4.79037229970442],[-75.6815911191837,4.79045436129496],[-75.6815923843589,4.79050370998247],[-75.6815703728232,4.79054915361176],[-75.6815276212011,4.79060499926637],[-75.6814445482487,4.79069100904441],[-75.6812734000756,4.79091087548038],[-75.6811255979999,4.79111505923649],[-75.6810074864202,4.79123870484754],[-75.6809724809598,4.79128935809234],[-75.6809452927253,4.79134780113833],[-75.6809414155806,4.79141142041921],[-75.6809768339448,4.79149254533575],[-75.6811432646645,4.7918050555805],[-75.6812151573789,4.79198208952463],[-75.6812526885571,4.7920639040214],[-75.6812853278826,4.79211298952593],[-75.6813212067528,4.79215063017793],[-75.6813404309832,4.79218069260017],[-75.6812773645036,4.79218607570712],[-75.6811836636331,4.79218686427758],[-75.681162218928,4.79218520223864],[-75.6811431337787,4.79218163297578],[-75.6811133793498,4.79216840214271],[-75.6810817237833,4.79216076975746],[-75.6810627083427,4.79216325950772],[-75.6810427072696,4.79217272462044],[-75.6810292196101,4.79218678290366],[-75.6810213315051,4.79219614348516],[-75.6810031954889,4.79221023656857],[-75.6809832295267,4.79222016190672],[-75.6809628059943,4.79222775479149],[-75.680949811731,4.79223715104498],[-75.680937274462,4.792255377081],[-75.6809303005072,4.79228142900062],[-75.6809233262318,4.7923111892891],[-75.6809233258738,4.79232512505618],[-75.6809251906726,4.79234275221111],[-75.6809270200369,4.79236362841135],[-75.6809288857681,4.79238079631618],[-75.6809374754081,4.7924107348603],[-75.6809432146676,4.792421562515],[-75.6809487774634,4.79243452695838],[-75.6809547977684,4.79245074145433],[-75.6809571207511,4.79246374086372],[-75.6809608172664,4.79247578660588],[-75.6809617669796,4.79248739098858],[-75.6809599002115,4.79250180298715],[-75.6809598632929,4.7925217613904],[-75.6809575369153,4.79255614991325],[-75.6809491538971,4.79258822437583],[-75.6809384834594,4.79260221156739],[-75.6809254892957,4.79261155448006],[-75.6809139034845,4.79262321099496],[-75.6809041836023,4.79263995383203],[-75.6808976687363,4.79265205193533],[-75.6808985816848,4.79269196894895],[-75.6809027355785,4.79270865967653],[-75.6809180166427,4.79272298557388],[-75.6809361159281,4.79273497938394],[-75.6809574547005,4.79273955493742],[-75.6809852721963,4.79274361938578],[-75.6810187240335,4.79274582940838],[-75.6810484438559,4.79275037055404],[-75.6810879523712,4.79275487745655],[-75.6810995718137,4.79275994664177],[-75.6811125996354,4.79277663832398],[-75.6811130566538,4.79279477790609],[-75.6811153439752,4.79281335878298],[-75.681115304944,4.79287519410028],[-75.6811134726776,4.79288681630435],[-75.68109716592,4.792934255907],[-75.6810896998566,4.7929514580836],[-75.6810827264424,4.79297146921327],[-75.6810826890304,4.79300631714641],[-75.6810864200724,4.79302443900906],[-75.6810901158399,4.7930439557326],[-75.6810919459076,4.79306670510522],[-75.681095640891,4.79310436137928],[-75.681099371545,4.79312666894407],[-75.6811086299056,4.79317034844872],[-75.6811128181291,4.79320519688023],[-75.6811188385248,4.7932191503749],[-75.6811244363032,4.79323308582928],[-75.6811327808762,4.79324658030085],[-75.6811392937344,4.79326609826083],[-75.6811392925384,4.79327911461894],[-75.6811346085131,4.79329538137469],[-75.6811206272278,4.79331952501327],[-75.6811108727119,4.79333112831635],[-75.681090413069,4.79334317261209],[-75.6810750249836,4.79334825893447],[-75.6810490023214,4.79335055264366],[-75.6810373818861,4.79334774355146],[-75.6810216071352,4.79334353917302],[-75.6810076628458,4.79333747982988],[-75.6809798806018,4.79333557067752],[-75.6809673441413,4.79334761579208],[-75.680960370673,4.79335966052262],[-75.6809533973247,4.79338007756227],[-75.6809487480938,4.79340139615856],[-75.6809431828105,4.79341716840892],[-75.6809408581131,4.79343385855369],[-75.6809408158708,4.79353453410381],[-75.6809398637029,4.79355076508939],[-75.6809398630825,4.79356793279642],[-75.6809328900252,4.79358554188916],[-75.6809166546949,4.79361376536275],[-75.6809110894793,4.79362950235464],[-75.6809078487917,4.79365082021233],[-75.6809031992647,4.79367538792419],[-75.6808916131649,4.79369294328946],[-75.6808809423121,4.79370401675458],[-75.6808679836814,4.79371138169408],[-75.6808550253483,4.79371593778353],[-75.6808402002142,4.79372559787939],[-75.6808281561226,4.79373481615977],[-75.6808188948458,4.79374449485978],[-75.680804562269,4.79375878283472],[-75.6807929763317,4.79377492518395],[-75.6807832562494,4.79379619001756],[-75.6807758590928,4.79382160552354],[-75.6807735340023,4.79384336551778],[-75.6807689189451,4.79387713551363],[-75.6807665571876,4.79391694638603],[-75.6807614838155,4.79394608857138],[-75.6807568344217,4.79397058576514],[-75.6807397198344,4.79398667522445],[-75.680719366736,4.79398884580174],[-75.6806995419584,4.79398868594108],[-75.6806797169524,4.79399085669268],[-75.6806575325288,4.79399530622341],[-75.68063221399,4.79399744133366],[-75.6806017899452,4.79399351888639],[-75.6805764730223,4.79398731785187],[-75.680548372608,4.79398941743826],[-75.6804756926293,4.79399812028669],[-75.6804554446159,4.79400490076655],[-75.6804168504388,4.79401429437607],[-75.6803837844525,4.79402972922836],[-75.6803466338042,4.79404097725712],[-75.6803131455212,4.7940522436211],[-75.6802893060823,4.79406356406791],[-75.6802650080347,4.79407306464908],[-75.6802274706878,4.79408657378517],[-75.6802123640412,4.79409151781869],[-75.6801729603709,4.79409969291993],[-75.6801357737374,4.79411445576545],[-75.6801113345309,4.79413709716327],[-75.6800791131906,4.79416881637207],[-75.6800496379373,4.79419733908883],[-75.6800206558169,4.79422266522615],[-75.6799976248965,4.79424942197166],[-75.6799778684728,4.79426750663917],[-75.6799571267729,4.79429060761098],[-75.6799515263152,4.79431568775784],[-75.6799513833114,4.79434126272886],[-75.6799602898723,4.7943801907866],[-75.6799565562065,4.79439795836419],[-75.6799550761042,4.79441986020171],[-75.6799553555923,4.79444773139196],[-75.6799602126349,4.79448203152702],[-75.6799532395463,4.79449609043809],[-75.6799354924928,4.79448725783494],[-75.6799091198104,4.79445867874353],[-75.6798701766094,4.79442518850971],[-75.6798522196852,4.79440655298134],[-75.6798371847699,4.79438994938176],[-75.6798194374083,4.79438703371112],[-75.679800633167,4.79439642888843],[-75.6797740459201,4.79441488469333],[-75.6797611931029,4.79442205454839],[-75.67974295273,4.79442005727458],[-75.6797193265351,4.79439562881626],[-75.6797047844988,4.79437906057659],[-75.6796842918139,4.79436699583651],[-75.6796760871437,4.79435961203713],[-75.6796715810432,4.79434906714851],[-75.6796640124232,4.79431384838869],[-75.6796604578584,4.79428917441489],[-75.6796587696429,4.79426449973937],[-75.6796533825358,4.79424802074513],[-75.6796356724641,4.7942236631529],[-75.6796052509917,4.79419232749429],[-75.6795793713349,4.79416150558144],[-75.6795676469675,4.79413446348761],[-75.6795604296933,4.79411614735812],[-75.6795490924233,4.79409639984191],[-75.6795437062205,4.79407992084971],[-75.6795391992826,4.79406801628509],[-75.6795242000729,4.79405646362092],[-75.6794663822279,4.79402535667737],[-75.6794340218846,4.79401595807075],[-75.6794007102894,4.79401567293966],[-75.6793632083796,4.79402948223763],[-75.6793371139539,4.79404889098771],[-75.679321091371,4.79406197761089],[-75.6793055620196,4.79407004873176],[-75.6792841165835,4.79407670558132],[-75.6792449237325,4.79408136615481],[-75.6792098170202,4.79408106287523],[-75.6791915764675,4.79408226317437],[-75.6791592503486,4.79408927292772],[-75.6791281921594,4.79409674181389],[-75.6791113952949,4.79409705820347],[-75.6790713231808,4.79409670226421],[-75.6790453361859,4.79409828990557],[-75.6790285037933,4.79410588373162],[-75.6790111432098,4.79411485513495],[-75.6789841676906,4.79414742215473],[-75.6789750110603,4.79416102185023],[-75.6789599033686,4.79418730206658],[-75.6789475773553,4.79420086544059],[-75.6789360605092,4.79423263961653],[-75.6789304951499,4.79426082790099],[-75.6789326765838,4.7942818114866],[-75.6789380636155,4.79430053340125],[-75.6789460890464,4.79433932042977],[-75.6789551377641,4.79435352151055],[-75.6789623554751,4.79436452577878],[-75.678969572963,4.79437962714964],[-75.6789740444593,4.79439743139923],[-75.6789739718206,4.79442339524006],[-75.6789647795669,4.79444697363965],[-75.6789459727233,4.7944882135446],[-75.6789344557439,4.79452270706672],[-75.6789272706426,4.79454750460173],[-75.6789197337548,4.79456670270524],[-75.6788872995843,4.79460732437196],[-75.6788663477309,4.79462030415454],[-75.678845852585,4.79463736479739],[-75.6788294418067,4.79464811999593],[-75.6788098623575,4.79466336087419],[-75.6787889106949,4.79467314487756],[-75.6787607036349,4.79468557641874],[-75.678708973259,4.79472490737488],[-75.6786953102212,4.7947303280395],[-75.6786652382046,4.79473543033293],[-75.6786390042728,4.79473258494513],[-75.6786249902128,4.79472760302249],[-75.678609109284,4.79472021976682],[-75.6785861867722,4.79471271179917],[-75.6785647427826,4.7947000457029],[-75.6785447429968,4.79468270054835],[-75.6785326655343,4.79467021183845],[-75.6785149191986,4.79466281029674],[-75.678501397115,4.79465786373314],[-75.6784789309949,4.79466123589598],[-75.6784466410686,4.79466063277197],[-75.6784251615624,4.79465789384564],[-75.6783640677071,4.79464595023416],[-75.6783472715356,4.79464282221611],[-75.6783164954884,4.79464227281283],[-75.6782866707384,4.79463702526109],[-75.6782648032402,4.79463098308334],[-75.6782438164427,4.79463013369702],[-75.6782214562479,4.7946297253799],[-75.6781907513201,4.79462212913805],[-75.6781638138523,4.7946169345053],[-75.6781227905904,4.79461809714587],[-75.6780831045852,4.79462771980135],[-75.6780439121133,4.79463971023738],[-75.677990915807,4.79464438674886],[-75.677961583669,4.79464948871845],[-75.6779378496973,4.79465280763935],[-75.6778987977364,4.79465775047182],[-75.6778672118834,4.79466234065441],[-75.6778471751111,4.79466760178818],[-75.6778285110083,4.79467853405303],[-75.6778135097215,4.79469280429832],[-75.6778021341967,4.79471090695725],[-75.677792731873,4.7947238877622],[-75.6777787872837,4.79472551177323],[-75.6777546660457,4.79472694045352],[-75.6777019180475,4.79472031335589],[-75.6776751210296,4.79471607275183],[-75.6776256474037,4.79471280181925],[-75.6775899757388,4.79471776240743],[-75.6775607490742,4.79472284649339],[-75.6775181754759,4.79472814279673],[-75.6774598274112,4.79474016626235],[-75.6774173244178,4.79474265385741],[-75.6773989089028,4.79473949085652],[-75.6773753862938,4.79473858833181],[-75.6773568997577,4.79474197855584],[-75.6773448564532,4.79474503302628],[-75.6773318976173,4.79474761100008],[-75.6773117569339,4.79473973171109],[-75.6772826019906,4.79471623838676],[-75.6772653838699,4.79469861051719],[-75.6772496100673,4.79467492403322],[-75.677238766062,4.79466257796131],[-75.6772277797766,4.79465770166338],[-75.6772122509521,4.79465134247267],[-75.6771810882495,4.79464374525008],[-75.6771158387866,4.79464257457187],[-75.6770845694645,4.79464573427376],[-75.6770643211589,4.79464910641416],[-75.6770480524286,4.79466002005951],[-75.6770284376121,4.79468066604506],[-75.6770125193652,4.79470046438781],[-75.6769953348241,4.79471369229888],[-75.6769792417571,4.79471711725226],[-75.6769581496706,4.79471487267985],[-75.6769225851242,4.79470485535237],[-75.6768990977659,4.7947114247567],[-75.6768814908498,4.79472230310798],[-75.6768661719264,4.79473367613805],[-75.6768345504151,4.79473542299782],[-75.6768076835741,4.79472697844215],[-75.6767787045123,4.79470917276378],[-75.6767587414571,4.79467382915713],[-75.6767446586586,4.79464155867904],[-75.676721632403,4.79460139298251],[-75.6767085004276,4.79456997063344],[-75.6766935019691,4.79454038507828],[-75.6766861790995,4.79451466827009],[-75.676678399122,4.7944912657654],[-75.6766714632717,4.7944697697991],[-75.6766397036674,4.79443668650815],[-75.6766144929312,4.79441953403709],[-75.6765850221156,4.79438655669029],[-75.6765568539228,4.79435824142443],[-75.6765186845409,4.79433163959435],[-75.6764836489412,4.79430883481912],[-75.6764549166082,4.79428936892311],[-75.6764265359058,4.79427733855316],[-75.6764097041575,4.79427709068359],[-75.676375300201,4.79429413175495],[-75.6763318459366,4.79431104939511],[-75.6763057530055,4.79432173313719],[-75.6762727565132,4.79434018738714],[-75.6762552902936,4.79435101357663],[-75.6762382465532,4.79436369390907],[-75.6762183489782,4.79438467468487],[-75.6761989809195,4.79440009219458],[-75.676172887738,4.79441354951669],[-75.67614341348,4.79441676167714],[-75.6761265110218,4.7944220237634],[-75.676107847693,4.79442726777266],[-75.67608791762,4.79442970395448],[-75.6760725295634,4.79442945542075],[-75.6760453452207,4.79442470227915],[-75.676007632409,4.79441507376175],[-75.6759884072846,4.79440590535347],[-75.6759687234231,4.79439675498853],[-75.6759536182156,4.79439081973281],[-75.6759393572526,4.79437700661813],[-75.6759201323406,4.79436552477706],[-75.6759008370806,4.79434522933015],[-75.6758893239606,4.79433046266836],[-75.6758732677084,4.79431848649029],[-75.6758622458964,4.79431159681047],[-75.675838442287,4.79430709107196],[-75.6758101312032,4.79430910323546],[-75.6757836850573,4.7943259508617],[-75.6757723098119,4.79433947904447],[-75.6757499837555,4.79435814681277],[-75.6757221985773,4.79438288935896],[-75.6756962449682,4.7944131954913],[-75.6756702908422,4.79443933400864],[-75.6756547961891,4.79445379845478],[-75.6756346887798,4.79446321071506],[-75.6756227865319,4.79446559464805],[-75.675603102765,4.79446479848277],[-75.6755884881591,4.79447415782575],[-75.6755620068905,4.79449010494664],[-75.6755364411497,4.79450697063873],[-75.6755186570327,4.79452563867599],[-75.6754904145153,4.7945541256962],[-75.6754634403317,4.79456961345323],[-75.6754460795745,4.79458086292241],[-75.6754228718437,4.79461116924948],[-75.6753960019356,4.79464755222985],[-75.67536501121,4.79468070204986],[-75.6753495169489,4.79469938743621],[-75.6753249353821,4.79473343817202],[-75.6752946525367,4.79473410738242],[-75.6752670814419,4.79472500861128],[-75.6752427142932,4.79471357947951],[-75.6750871116669,4.79466819382125],[-75.6750690130648,4.79465591690941],[-75.675046864988,4.79464166178743],[-75.6750210559508,4.79462184293736],[-75.6750104219036,4.79461262252925],[-75.6749988731604,4.79460340114731],[-75.674983696877,4.79459653004697],[-75.6749611609125,4.79459527418032],[-75.674940947763,4.79459820425318],[-75.6749225672851,4.79459599502097],[-75.6749110172472,4.79459094305426],[-75.6748985878002,4.79458405408673],[-75.6748824607755,4.79457718193666],[-75.6748585165534,4.79457269395526],[-75.6748456289875,4.79456905405964],[-75.6748345722603,4.79456912447461],[-75.6748230919442,4.79456965327055],[-75.6747918572219,4.7945814844595],[-75.6747757654584,4.79458250733494],[-75.6747619622212,4.79457934469734],[-75.6747449191326,4.79457711831783],[-75.6747163962349,4.79457870600349],[-75.6747007618775,4.79458345535281],[-75.6746687162725,4.79459784781513],[-75.6746547715898,4.79460349924547],[-75.6745711090953,4.79456311678782],[-75.6745402640335,4.79454607020853],[-75.6745214615876,4.79452453811858],[-75.6744977302242,4.79448949411512],[-75.6744692132278,4.79442813371371],[-75.6744490408719,4.79435631718168],[-75.6744372162167,4.79427651797046],[-75.6744337363394,4.79418795860197],[-75.6744386373586,4.794106059307],[-75.6744420903426,4.79407398484009],[-75.6744511437558,4.79403283268631],[-75.6744587888372,4.79398053448113],[-75.6744627727738,4.79391039843751],[-75.6745288103733,4.79374031563153],[-75.6746261563086,4.79350460162199],[-75.6746518342982,4.79340530609587],[-75.6746765346247,4.79319019960959],[-75.6747469390794,4.79300778831378],[-75.6747655370375,4.79293869477394],[-75.6747695891259,4.79290845762715],[-75.6747713513246,4.79288086912898],[-75.6747712127205,4.79285206170353],[-75.6747691371245,4.79282431435403],[-75.6747665680912,4.79280476199178],[-75.6747229551301,4.79260658801416],[-75.6747194745989,4.79252802547515],[-75.67473870524,4.79246463680048],[-75.6747905127756,4.79234589750863],[-75.6748103025914,4.79234282552236],[-75.6748236835888,4.792337369094],[-75.6748346162566,4.79233271313797],[-75.6747905127756,4.79234589750863],[-75.6747395569966,4.79234393152027],[-75.674690918975,4.79232388412002],[-75.6746389806988,4.79228667584098],[-75.6745376963159,4.79219352300564],[-75.6744675201291,4.79215538499989],[-75.6743527569688,4.79206616778033],[-75.6742909038099,4.79200518917926],[-75.6742515750294,4.79194801308898],[-75.6741621325337,4.79174249648262],[-75.674178777625,4.79165529019209],[-75.6741863188463,4.79158495985226],[-75.6741225972483,4.79139780460995],[-75.6740797906801,4.79134204524183],[-75.6740241503216,4.79129917098006],[-75.6739679878767,4.79127721234318],[-75.6738405532271,4.79126409711307],[-75.6737800291815,4.79122134118369],[-75.6737268888016,4.7911364659735],[-75.6736976668936,4.79089770502664],[-75.6736606838678,4.79083527768053],[-75.6735861129895,4.79078602542773],[-75.6735146275942,4.79075716372366],[-75.6734605418518,4.79074741020486],[-75.6734056100571,4.79074862452477],[-75.6732398722876,4.79076451521703],[-75.6730630902521,4.79081414261415],[-75.6729392448295,4.79083428507767],[-75.6728920232995,4.79085369265299],[-75.6727776388211,4.79090850352119],[-75.6727020076201,4.79094474462803],[-75.6726477795988,4.79095701488386],[-75.6725276682202,4.79095529087328],[-75.6724747789228,4.79095452856689],[-75.6723834963303,4.79091873098472],[-75.6723218229506,4.79085415097391],[-75.6722869175508,4.7907677627659],[-75.6722706998715,4.79071576362817],[-75.6722521541314,4.79062862434098],[-75.672196958898,4.79052410015058],[-75.6721440070172,4.79047943047388],[-75.6720973729711,4.79045873616136],[-75.6720541180545,4.79048582890688],[-75.6719280607722,4.79056663921937],[-75.6718822715559,4.79061058701178],[-75.6718416009392,4.79064442011937],[-75.6717553934149,4.79069220651227],[-75.6717762842293,4.79068877886923],[-75.6718333317224,4.79065194006711],[-75.6718915422508,4.79060381495164],[-75.6719280607722,4.79056663921937],[-75.6720626163182,4.79048088140858],[-75.6720765598057,4.79049165634558],[-75.6720896225904,4.79050432161974],[-75.6721054663876,4.79052449339739],[-75.6721174371181,4.79054590116792],[-75.6721308845526,4.79058952775687],[-75.6721359178179,4.79061898888644],[-75.6721404580613,4.79065378371979],[-75.6721436941884,4.79069348930892],[-75.6721449237338,4.79072861906311],[-75.6721531541596,4.79084289529581],[-75.6721644908892,4.79087159733561],[-75.6721787845179,4.79089978744058],[-75.6721991355127,4.79093122825356],[-75.6723343780131,4.7910470330062],[-75.6724018774179,4.79109665144323],[-75.6724657855509,4.79113881685351],[-75.6725279324442,4.79117585908334],[-75.6725816650449,4.79120497098865],[-75.6726247991188,4.79122648709576],[-75.6726423701136,4.7912353728142],[-75.6727302937806,4.79126646519897],[-75.6728594875786,4.79129054930166],[-75.6728934662746,4.79130561798209],[-75.6729239599473,4.79132209883823],[-75.6729463892196,4.79133626596849],[-75.6729678680055,4.79135163351393],[-75.6729781486743,4.79137146930552],[-75.6729749776763,4.79139209922981],[-75.6729520176254,4.7914079404976],[-75.6727113345228,4.79145728729042],[-75.6726330188843,4.79148502852925],[-75.6726163970829,4.79149852146518],[-75.6726148117904,4.79151358668378],[-75.6726456548349,4.79155403608081],[-75.6727223789187,4.79160798300503],[-75.6728196699594,4.79163971209948],[-75.6729688288426,4.79166450350239],[-75.6731372875962,4.79165738135686],[-75.6731902823576,4.79166611111812],[-75.6732023595173,4.79167381300608],[-75.6732135566963,4.791686141753],[-75.6732258788232,4.79171687537774],[-75.6731989946976,4.79192668317918],[-75.6732029343217,4.79198378569679],[-75.6732219457283,4.79203136984098],[-75.6732513798958,4.7920737789961],[-75.6734516928996,4.79224623135974],[-75.6735054573439,4.79230969668324],[-75.6735331308911,4.79235728053952],[-75.6735520008028,4.79241989490568],[-75.6735679820826,4.79248268595406],[-75.6735834349828,4.79255754028608],[-75.6734123375652,4.79252790706798],[-75.6732745825989,4.79256592265957],[-75.6728772304809,4.79268799091384],[-75.6721739366427,4.79252561858635],[-75.6721352599906,4.79313773780859],[-75.6720425434022,4.79314912240988],[-75.6720015907293,4.79314890709949],[-75.6718032008907,4.79314984515642],[-75.6716098486666,4.79313490508931],[-75.6715273476967,4.79309302043533],[-75.6714465027947,4.79304599702602],[-75.6713750237945,4.79301089631979],[-75.6713559036777,4.7930077335357],[-75.6713149855301,4.7930153246062],[-75.6712521635465,4.79304398526035],[-75.6712003979031,4.79307626852923],[-75.6711346877258,4.7931101747692],[-75.6710764410934,4.79316126670997],[-75.6710493943143,4.79320520865194],[-75.6710022749042,4.79326359554546],[-75.670962306777,4.79328431062108],[-75.670903253489,4.79329534487063],[-75.6708566659893,4.79331000012386],[-75.6707768018136,4.79332147427831],[-75.670729263471,4.79333397505563],[-75.6706926070775,4.79332697829746],[-75.6706698947895,4.7933256161684],[-75.6706484152148,4.7933291474083],[-75.6706286225946,4.79335781159415],[-75.6706205548197,4.79341044420114],[-75.6706078392059,4.79345493453554],[-75.6706088590855,4.79347708279167],[-75.6706181175295,4.79350583842827],[-75.6706359317779,4.79355176123266],[-75.6705977595937,4.79356678907311],[-75.6705799051957,4.79358497947471],[-75.6705600062522,4.79362199853186],[-75.6705499694926,4.79364066608643],[-75.6705402125714,4.7936718749962],[-75.6705147163994,4.79370405316841],[-75.6704790058523,4.79375537676037],[-75.6704253396175,4.7937739707425],[-75.6703584710315,4.79377059207339],[-75.670331392992,4.79376327781009],[-75.6703192438923,4.79377004119162],[-75.6702941012479,4.79377125777386],[-75.6702636068128,4.79377628921062],[-75.6702327248238,4.79378354558264],[-75.6702124766709,4.79378818949544],[-75.6701693052968,4.79378753194151],[-75.669607582536,4.79386184361551],[-75.668997476414,4.79394982079345],[-75.6686024529944,4.79400676605053],[-75.6672598499314,4.79567644311634],[-75.6673018884048,4.79574439394492],[-75.6673599130134,4.79581888049604],[-75.6674343110882,4.79589999216263],[-75.6675234642967,4.79597094943806],[-75.6676836038086,4.79608258923496],[-75.667796385332,4.79615211807184],[-75.6680430723461,4.79633368993707],[-75.6680862744356,4.79638270634343],[-75.6681234553782,4.79642882554886],[-75.6681608828796,4.79647204873617],[-75.6681892958808,4.79652625632283],[-75.6682249924544,4.79663089061362],[-75.6683438404304,4.79699991956319],[-75.6683676330948,4.7971323536665],[-75.6683755118701,4.79723926386864],[-75.6683763492053,4.79732796403698],[-75.6683826457433,4.79741014743877],[-75.6684291623492,4.79740384558548],[-75.6685466346028,4.79739437053768],[-75.668609208474,4.79738674665814],[-75.668695904688,4.79737760494892],[-75.6687646758731,4.7973709159565],[-75.6688286254015,4.79734153206723],[-75.668902083102,4.7973096048473],[-75.6689915647865,4.79724466820314],[-75.6690704488247,4.79716201501022],[-75.6691084830806,4.79711678504647],[-75.6692069422009,4.79707519911187],[-75.6693031094722,4.79707589556751],[-75.6694157857962,4.79713581593063],[-75.669491985566,4.79715412065959],[-75.6696540707581,4.79716579056381],[-75.6694717540933,4.79780230722915],[-75.6694439679599,4.7978458244053],[-75.6694339663221,4.79786136673822],[-75.6694178350673,4.79790098172599],[-75.6694189250279,4.7979223173891],[-75.669430895666,4.79793759676295],[-75.6694549790612,4.79797048550146],[-75.6694360315108,4.79800443090206],[-75.6694172940619,4.79805678107688],[-75.6693970786587,4.79808978999201],[-75.6693851753529,4.79810805135339],[-75.6693730239545,4.7981361155566],[-75.6693391108078,4.79817823781502],[-75.6692973431819,4.79822639909359],[-75.6692694187067,4.79823275561749],[-75.6692539235608,4.79825571506653],[-75.6692283212834,4.79827489378402],[-75.6692161006438,4.79830507780032],[-75.6691676464465,4.79831268654453],[-75.6691552846285,4.79833656462497],[-75.6691145402793,4.79836648095925],[-75.6690961581733,4.79838087414103],[-75.6690325934152,4.7984409914837],[-75.6689965325643,4.79847219758398],[-75.6689478646979,4.79850709415443],[-75.6689047607816,4.79854064886129],[-75.6688863777666,4.79856251297523],[-75.668866338153,4.79859986701564],[-75.6688578850633,4.79862491122036],[-75.6688360517527,4.79863386492532],[-75.668772416632,4.798696630906],[-75.6687492433154,4.79873280141953],[-75.6687351911498,4.79875214045545],[-75.6687221257844,4.79877103764653],[-75.6687076850757,4.79881065337523],[-75.6687061335969,4.79883244825496],[-75.6687054973674,4.7988605669375],[-75.668710459092,4.79890152542458],[-75.6687237327277,4.79892740188145],[-75.6687354202059,4.79896429976645],[-75.6687852028433,4.7990709131582],[-75.6687993189854,4.79911441731695],[-75.6688156517003,4.79919236163322],[-75.6688134637237,4.79924372346015],[-75.6688187793555,4.79926371811644],[-75.6688602520528,4.79936293020548],[-75.6688808120437,4.7994159192359],[-75.6689264779983,4.79949006929157],[-75.6689600295712,4.79956586138453],[-75.6689788627699,4.79963956732639],[-75.6689747044562,4.7996752798659],[-75.6689767791868,4.79970901548934],[-75.6689663170126,4.79975530759202],[-75.6689663119093,4.79981843270556],[-75.6689935287504,4.79984999719981],[-75.6690103930465,4.79988362774294],[-75.6690019022742,4.79993626029369],[-75.6689830578925,4.79999938358904],[-75.6689579097142,4.80006250652773],[-75.6689453005258,4.80009624077101],[-75.6689201187148,4.80015510653759],[-75.6688990559262,4.800210599715],[-75.6688645447674,4.80023928039198],[-75.6688382758519,4.80024335850699],[-75.6688198935642,4.80024814358417],[-75.6688052791039,4.80026260780103],[-75.6687871412689,4.80030022701359],[-75.6687829137947,4.80031868319246],[-75.6687794930284,4.80038451064017],[-75.668769732787,4.80044971839242],[-75.6687617960296,4.80061357092754],[-75.6687618934446,4.80071323913065],[-75.668771993301,4.80078602662891],[-75.6687737496842,4.80083567531307],[-75.6687806140569,4.80086245162085],[-75.6687906129655,4.80088297667325],[-75.6688045910583,4.80090240611512],[-75.6688216331001,4.80091968124027],[-75.6688773377761,4.80095324462424],[-75.668973957501,4.80101918549446],[-75.6690148021948,4.80104324571836],[-75.6690475132765,4.80107189611051],[-75.6690740967606,4.80110383177086],[-75.669108989209,4.80115464907487],[-75.6691393684272,4.80126262188742],[-75.6691628855495,4.80132864507806],[-75.6691732362679,4.80135559854287],[-75.669180451411,4.80139502121382],[-75.669192457602,4.80141582885217],[-75.6692167878997,4.8014461217503],[-75.6692806962969,4.80148971785471],[-75.6693114351172,4.80151377619575],[-75.6693471398385,4.80153810062818],[-75.6693748857749,4.80155954464957],[-75.6694025618196,4.80158430904583],[-75.6694318566376,4.80161379042016],[-75.6694650239322,4.80165773711134],[-75.6694778373469,4.80170371293551],[-75.6698081889892,4.80151800349451],[-75.6702894679393,4.80129880148787],[-75.6703199570142,4.80136162882329],[-75.6703261170026,4.8013891477023],[-75.6703344608951,4.80141255049381],[-75.6703380147522,4.80144485538374],[-75.670345055017,4.80147290403517],[-75.6703469545835,4.80150111023378],[-75.6703487475865,4.80152986496193],[-75.6703244829034,4.80156513466045],[-75.6703130366091,4.80159605978866],[-75.6702825740774,4.8016288739968],[-75.6702703893347,4.80164063657584],[-75.6702641558132,4.80165338778891],[-75.6702428145769,4.80167634693826],[-75.6702264010962,4.80171642150009],[-75.670216927505,4.80173810964738],[-75.6702069593297,4.80177290347473],[-75.670194734952,4.80183784673718],[-75.670167687715,4.80187954560543],[-75.6701553619754,4.80189238459534],[-75.6701400069647,4.80191463828446],[-75.6701191932995,4.80194619860004],[-75.6701165855016,4.80197069618562],[-75.6701153155323,4.80199936232482],[-75.6701230558647,4.8020780302479],[-75.6701215377655,4.80212750224167],[-75.6701199102313,4.80221848097044],[-75.6701273714203,4.80226495110982],[-75.6701355744165,4.80228630507018],[-75.6701432478992,4.802320217697],[-75.6701628230346,4.80236441025419],[-75.6701587357322,4.8023927406077],[-75.6701483810492,4.80241824376829],[-75.6701440482715,4.80243795454477],[-75.6701220364248,4.8024780989079],[-75.6701139010341,4.80249673236405],[-75.6701059038947,4.80253716058171],[-75.6700901263848,4.80256328175867],[-75.6700525152625,4.80260063390918],[-75.6700173666031,4.80266898416963],[-75.6700100008945,4.80275042432995],[-75.6699940117935,4.80277469088965],[-75.6699732673313,4.80282082347296],[-75.6699610089138,4.80286541953222],[-75.6699538572359,4.80291104045744],[-75.669948818904,4.80294345056087],[-75.6699385336026,4.80297861527791],[-75.6699324029482,4.80302248809759],[-75.6699826158089,4.8030350502364],[-75.6700173348057,4.80305142616088],[-75.6700415602684,4.80307267577742],[-75.6700557151419,4.803084157305],[-75.670097932009,4.80312603796751],[-75.6701318058441,4.80314585832562],[-75.6701642711978,4.80316168626939],[-75.6701807504998,4.80316908816192],[-75.670201033061,4.80317813239787],[-75.6702455417009,4.80319055256979],[-75.6702917036864,4.80322335581377],[-75.6703557158929,4.80329598789729],[-75.670367159324,4.80330999512471],[-75.6703961028554,4.80333196956135],[-75.6704547666972,4.8033469348605],[-75.6704774069811,4.80336950832128],[-75.6705028283839,4.80340260958506],[-75.6705237435566,4.80343101232085],[-75.6705524052541,4.80345551295055],[-75.6705952953643,4.80345080010845],[-75.670621459219,4.80344792320492],[-75.6706441714735,4.80344550566173],[-75.6707070965729,4.80347126216297],[-75.6707526961876,4.80348827525155],[-75.6707781190353,4.80350309601602],[-75.6708110402045,4.80354013625806],[-75.6708284997901,4.80362590555602],[-75.6708433869892,4.80372285517669],[-75.6708504979961,4.80374717664246],[-75.6708703203385,4.8037833509197],[-75.6708774293377,4.80382667701142],[-75.6708899648771,4.80383372541662],[-75.6709063715408,4.80387261921846],[-75.6709160182281,4.8038953159396],[-75.6709295391587,4.80391140763442],[-75.6709686573377,4.80395265176772],[-75.6710006649579,4.80397155336804],[-75.6710212997245,4.80397453947107],[-75.6710619720698,4.80396233842882],[-75.6710781713965,4.80395202515742],[-75.6710953920387,4.80394026301524],[-75.6711223669438,4.80391322471245],[-75.6711743808566,4.80387064524751],[-75.6712272033304,4.80384291984224],[-75.671276713425,4.80384885840084],[-75.6712698417052,4.80391224785112],[-75.6712706492473,4.80393331896655],[-75.6712967739729,4.80398252796356],[-75.6713220202614,4.80400964142637],[-75.6713421606512,4.8040282771629],[-75.671354939849,4.80406111186823],[-75.6713780023875,4.80409094558987],[-75.6714211018079,4.80412044545674],[-75.6714412083447,4.80412306070904],[-75.6714614918547,4.80411935350138],[-75.6714868112926,4.80409846101798],[-75.6715366762009,4.80407243088649],[-75.6715637909112,4.80406556278822],[-75.67158298248,4.80405994761776],[-75.6716397128733,4.80404349090509],[-75.6716824265402,4.80404838663373],[-75.6717021816003,4.80404792924036],[-75.6717524669185,4.80403662940879],[-75.6717810612396,4.80402543311658],[-75.6718076487927,4.80400842696883],[-75.6718213479775,4.80399558716714],[-75.6718636387895,4.80399793986389],[-75.6718808570075,4.8040102340826],[-75.6719196955608,4.80403800295113],[-75.6719451170384,4.80406495764944],[-75.6719602563219,4.80410095410977],[-75.6719980348594,4.80416842694378],[-75.6719977507356,4.80419670459528],[-75.6719953874862,4.80424481612056],[-75.6720064057051,4.80429836950035],[-75.6719851338033,4.80433452233565],[-75.6719762921904,4.80437016379731],[-75.6719710423213,4.80440688394527],[-75.6719529399105,4.8044425949102],[-75.6719172292326,4.80449847567422],[-75.671911452667,4.80451647305975],[-75.6719107441691,4.80456493875961],[-75.671914616445,4.80458392606785],[-75.6719213760081,4.80460165910303],[-75.6719335231037,4.80461621380759],[-75.6719516562236,4.80463809902194],[-75.6719616551699,4.80466614745452],[-75.6719387246107,4.80474078618349],[-75.6718984395877,4.80475701464231],[-75.6718687167462,4.80478370015903],[-75.6718582572126,4.80480231528817],[-75.6718683255618,4.80483299551246],[-75.6718484983003,4.80486164239459],[-75.6718208205652,4.80486354798723],[-75.671803247866,4.80487031100542],[-75.6717899011247,4.80488442169804],[-75.6717810234288,4.80493458188915],[-75.6717766535686,4.80497151358161],[-75.6717779905709,4.80499456291839],[-75.6717841154379,4.80501681753627],[-75.6718170378777,4.80504493855234],[-75.6718629903775,4.80505561052203],[-75.6719647925191,4.80506584527606],[-75.6720101118139,4.80506712028835],[-75.6720319441044,4.80506404908918],[-75.6720714194527,4.80505110603157],[-75.6721110000368,4.80505057921501],[-75.6721314588361,4.80505238245367],[-75.6722019555381,4.80505636179788],[-75.6722632609895,4.80507265142884],[-75.6722926279048,4.80509390165928],[-75.6722916385169,4.80513079784123],[-75.6723328367325,4.80515711788318],[-75.6723783661701,4.80517195836379],[-75.6724331580476,4.80518109357832],[-75.6724710467251,4.80518823219197],[-75.6725108713245,4.8052186148443],[-75.672533934137,4.80524747671383],[-75.6725577345146,4.80529287039976],[-75.6725694593929,4.80530942124531],[-75.6725873792163,4.8053571460725],[-75.672588115383,4.80539768094392],[-75.6725986411834,4.80543779301447],[-75.6726083924823,4.80547500876589],[-75.6726415621069,4.80549599380785],[-75.672645959046,4.80555495053274],[-75.6726512036143,4.80557801787423],[-75.6726577868916,4.80560043254878],[-75.6726598632928,4.80561888910572],[-75.6726850717359,4.80567069530982],[-75.6727245782718,4.80571338756227],[-75.6727401766874,4.805722802699],[-75.6727644021385,4.80575118782514],[-75.6727735204866,4.80577271905725],[-75.6727877436593,4.80580590750546],[-75.6727968265128,4.80583597005206],[-75.6728043247807,4.80586089169658],[-75.6728180569813,4.80588431283239],[-75.6728300277716,4.80590356634836],[-75.6728919632573,4.80597222443741],[-75.6729092516283,4.80598813945812],[-75.6729331581105,4.8060319079066],[-75.6729437902553,4.80606410717159],[-75.6729242402911,4.80613996522747],[-75.672909413057,4.80617378720338],[-75.6728971573546,4.80619332076486],[-75.6728823297152,4.80622777917992],[-75.6728521844051,4.80626050462887],[-75.6728557042164,4.80628131103932],[-75.6728476732262,4.8063026469134],[-75.6728405586565,4.80632226881572],[-75.6728290071685,4.80633809366228],[-75.6728269281841,4.80636313840629],[-75.672824496033,4.8063890132314],[-75.6728222396621,4.80642806474308],[-75.6728206180312,4.80645069032521],[-75.6728058270078,4.80646506565204],[-75.6728072689474,4.80649101174432],[-75.6727947304249,4.80651750398719],[-75.6727764169864,4.80655150228911],[-75.6727705683824,4.80659410377646],[-75.6727702079412,4.80670099624437],[-75.672738792101,4.80676662596939],[-75.6726890255043,4.80688269922705],[-75.6725047782506,4.80656446308375],[-75.6724185130574,4.80646068995792],[-75.6723189006062,4.80637611543792],[-75.6720785796696,4.80623107091478],[-75.671770016623,4.80606192955002],[-75.6716665300999,4.80599273818881],[-75.6715994522249,4.80593699079605],[-75.6713437792781,4.80578648751054],[-75.6712077194249,4.80572114337787],[-75.671052471436,4.80561314340841],[-75.6707923994855,4.80542424105259],[-75.670595674334,4.8052744495688],[-75.6705094433202,4.80518411668963],[-75.670417477008,4.80505342578601],[-75.6703104412339,4.80488834592202],[-75.6702439660297,4.80478976652219],[-75.6701620690866,4.80467212896599],[-75.6701046050076,4.80461832512895],[-75.6700471041245,4.80458949517932],[-75.6699840032373,4.80457121008098],[-75.6699261132943,4.80455675709171],[-75.6698523776041,4.80454147311935],[-75.6697807188007,4.8045298809864],[-75.6697562114461,4.80452258454456],[-75.6697295204683,4.80451223157158],[-75.6697019142395,4.80449862941478],[-75.6696629701415,4.80447359854225],[-75.6695518458746,4.80436212307182],[-75.669394705893,4.8041487844706],[-75.6693294610309,4.80407390865722],[-75.6692484073894,4.80398327631658],[-75.6691499946466,4.80387658772096],[-75.6690568984896,4.80377890795756],[-75.6685770086692,4.80337625498279],[-75.6683067951177,4.80320902346428],[-75.6682901980339,4.80334676942161],[-75.6682247795518,4.80366415548241],[-75.6681950515968,4.80375781617961],[-75.6681780055735,4.80379555873266],[-75.6681357114274,4.80382383267947],[-75.667993550676,4.80387244437188],[-75.6679028056597,4.80387404406099],[-75.6677155081311,4.80384446106426],[-75.6676291288726,4.80384456000719],[-75.6675605334005,4.80384261100918],[-75.6674826769071,4.80383822365906],[-75.6640852927408,4.80181869650627],[-75.6647921805301,4.80087481799256],[-75.6646832460961,4.8007031832582],[-75.6646082167862,4.80058944971659],[-75.6645349150049,4.80045603895399],[-75.6644912921166,4.8003825429566],[-75.6644673509291,4.80034460174434],[-75.6644391839916,4.80030408161573],[-75.664419573059,4.80027092808827],[-75.6643875329054,4.80022643394624],[-75.6643085238449,4.80011674403379],[-75.6640459537763,4.79995707056917],[-75.6640129983792,4.79991285839117],[-75.6639642716225,4.79981511108062],[-75.6638827350422,4.7996282720938],[-75.6638433107635,4.79946989069208],[-75.6638387524867,4.79926108676415],[-75.6638525796354,4.79900434841919],[-75.6638256141241,4.79891737705869],[-75.6638188207126,4.79888249354368],[-75.6638339279964,4.79887730223538],[-75.6638575568137,4.79886819060875],[-75.663888225434,4.79888940577771],[-75.6640562875341,4.7990020708482],[-75.6642245273458,4.79910110163768],[-75.6650330376485,4.79854583749661],[-75.6650058953735,4.79845928976891],[-75.6649625687761,4.79823117764329],[-75.664944367863,4.79818415918801],[-75.6649220467667,4.79814326878453],[-75.6648794082136,4.7980933330742],[-75.6648390936288,4.7980364745661],[-75.664813392172,4.79799341200812],[-75.6647923360136,4.7979811703184],[-75.6647708922877,4.79796589027508],[-75.6647396613321,4.79793722113704],[-75.6647148733463,4.79790659273115],[-75.6646676609026,4.79781654645297],[-75.6646723640344,4.79760274423206],[-75.6646786691746,4.79757358503651],[-75.6646665579678,4.79755661025908],[-75.6646476616023,4.79740517183768],[-75.6646115741412,4.79734585858942],[-75.6645432389548,4.79719621724111],[-75.6645302160022,4.79713310867671],[-75.6645242710285,4.7970673162206],[-75.6645256142516,4.79700397973507],[-75.6645289611178,4.79698562846216],[-75.6645480476414,4.79697314348326],[-75.6645920712331,4.79690210977683],[-75.6646716611858,4.79680281906323],[-75.6647703064703,4.79666016964508],[-75.6647318262901,4.79657328568303],[-75.6647199994902,4.79651835476545],[-75.6647010963061,4.79645393855797],[-75.6646859582637,4.79641274932605],[-75.6646719105336,4.79637950699267],[-75.6646709622326,4.79635333146492],[-75.6646521607759,4.796332806275],[-75.664591436085,4.79613099177379],[-75.6645245759733,4.79602879173663],[-75.6643738028121,4.79593221745658],[-75.6643348977119,4.79587364602651],[-75.664297014274,4.79580732101125],[-75.6642720181362,4.79575655665929],[-75.6642484298502,4.79570130760093],[-75.6641698780628,4.7956126357214],[-75.6641667469273,4.79557559734233],[-75.6641663637795,4.79553315491641],[-75.6641707704484,4.79547972664892],[-75.664184896952,4.79541020952979],[-75.6641199205488,4.79512034790865],[-75.664176167471,4.79498580134751],[-75.6642198458368,4.79482924630788],[-75.6642404733419,4.79452301979045],[-75.6642510760991,4.79448949758012],[-75.664247101746,4.79443433792339],[-75.6642371389481,4.79440773784122],[-75.6642412252632,4.79438650784751],[-75.6642353820099,4.79436372316989],[-75.6642291161913,4.7943474728725],[-75.6642204905615,4.79433060475935],[-75.6642044347902,4.79430757204418],[-75.6641924994113,4.79429451843178],[-75.6641640837894,4.79427466313732],[-75.6640729919814,4.79422952798777],[-75.6640208466771,4.79418070449011],[-75.6640221863242,4.79416643348627],[-75.664035145525,4.79415138645155],[-75.6640273317553,4.79411484283758],[-75.6640141291665,4.79408608716727],[-75.6639992363638,4.79406503216857],[-75.6639645552421,4.79402834437659],[-75.6638802957007,4.79396810791991],[-75.6638471284035,4.7939301838281],[-75.663750124594,4.79385191356554],[-75.6637273465388,4.79380104442499],[-75.6637004465898,4.79376898419829],[-75.6636729861204,4.79370536212356],[-75.6636175355951,4.79359682222073],[-75.6635605349661,4.79350410781983],[-75.6633999067508,4.79335998632341],[-75.6635680496374,4.79258021185004],[-75.663714872919,4.79274043988722],[-75.6638146904751,4.79285753238841],[-75.6639716902045,4.79301105002546],[-75.6640885522807,4.79312130892291],[-75.6641833733213,4.7932013808636],[-75.6642703772183,4.7932776894144],[-75.6643424169134,4.79334094532234],[-75.6643923450606,4.79338199674764],[-75.6644442461764,4.7934150126847],[-75.6644942094941,4.79345518093824],[-75.6645921661058,4.79352239494125],[-75.6646480456308,4.79355643522801],[-75.6646909694241,4.79356744288914],[-75.6647528716135,4.79358345021561],[-75.6648357259683,4.79360348673575],[-75.6649707672931,4.79360646624894],[-75.6650845767776,4.79358846082219],[-75.6651585953719,4.79357854197841],[-75.6652474724161,4.79358448436322],[-75.6653083892612,4.79360550789651],[-75.6653652902274,4.79363455003903],[-75.6654243748654,4.79366572930569],[-75.6654702912311,4.79367774387271],[-75.6655331797477,4.79370277633305],[-75.6655651517358,4.79371678530728],[-75.6656120541378,4.79373180329524],[-75.6656521250421,4.79374798512086],[-75.6656920527417,4.79379002472027],[-75.6659087347475,4.79399739936021],[-75.6661412598427,4.79423054453558],[-75.6663719525726,4.7944915608697],[-75.6665832485167,4.79468056607551],[-75.6668163365298,4.7949285827685],[-75.6670579502229,4.79513908606014],[-75.6676677849552,4.79412694782993],[-75.66784419785,4.79335445012375],[-75.6677660943144,4.79337574445074],[-75.6677248578069,4.79340235732178],[-75.6677086580877,4.7934138720354],[-75.6676849944853,4.79342731140732],[-75.6676447082808,4.79345765175762],[-75.667616678994,4.79345457535688],[-75.66759801568,4.79345762955129],[-75.667576605318,4.79346960270361],[-75.6675586468698,4.79346467392042],[-75.6675409344103,4.79347118891013],[-75.6675161429454,4.79348662386317],[-75.667475330455,4.79350069773023],[-75.6674451170214,4.79351109777371],[-75.667416523151,4.79351702980437],[-75.6673127532528,4.79227382469807],[-75.6678362646035,4.7922452224274],[-75.6678438860014,4.79207144385752],[-75.6678607413994,4.79179623087225],[-75.6678531460453,4.79166969830303],[-75.6678266682904,4.79123182977392],[-75.6678293522549,4.79114417199317],[-75.6678249951572,4.79103109723044],[-75.6678124684886,4.79092263247154],[-75.6678068377602,4.79088886150393],[-75.6677966660199,4.7908370574391],[-75.6677606168772,4.79073258159969],[-75.6677112957948,4.79058958370733],[-75.6676804900112,4.79053069467135],[-75.6676533441604,4.79049234741885],[-75.6676243664788,4.79045871635245],[-75.6676106027196,4.79041085008967],[-75.667605396372,4.79035072739729],[-75.6676057919624,4.79025441419928],[-75.6676137917632,4.79017827303005],[-75.6676067927064,4.79008881343812],[-75.6675909189526,4.7899988925719],[-75.6675789154287,4.78995178661723],[-75.6675868773123,4.7899152619636]],[[-75.6690078855173,4.78992283700565],[-75.6690205377571,4.78993218999348],[-75.6689623940382,4.78987631568958],[-75.6689565983279,4.78987072495258],[-75.6689836263808,4.78990105765594],[-75.6690078855173,4.78992283700565]],[[-75.6676477606632,4.78990724846611],[-75.6677635492386,4.78982907122651],[-75.6676395037544,4.7899105103758],[-75.6676477606632,4.78990724846611]],[[-75.6688964813526,4.78982262941794],[-75.6689187427255,4.78983421346894],[-75.6688562712555,4.78978466933906],[-75.6688964813526,4.78982262941794]],[[-75.6690365822825,4.78994405143274],[-75.6690760892484,4.78996671559513],[-75.6690254525231,4.78993582348825],[-75.6690365822825,4.78994405143274]],[[-75.678298197736,4.78990865125964],[-75.6782697631746,4.78997546299729],[-75.678214173844,4.7900256942478],[-75.6782476650969,4.79000178315856],[-75.6782647793225,4.78998272669306],[-75.6782833032356,4.7899586719704],[-75.6782958408113,4.78993364490934],[-75.6783033070002,4.789917713851],[-75.6783015833632,4.78989761445276],[-75.6782920408299,4.78988563901898],[-75.6782687665248,4.78987083568133],[-75.6782509325885,4.78986269538998],[-75.678298197736,4.78990865125964]],[[-75.6781891996313,4.79004826128134],[-75.6781874644154,4.79005025655956],[-75.6781910594705,4.79004658086355],[-75.6781891996313,4.79004826128134]],[[-75.6694512786641,4.7901711601065],[-75.669470718215,4.790195210403],[-75.6694597556413,4.79018058223876],[-75.6694512786641,4.7901711601065]],[[-75.6713839347167,4.79024022937683],[-75.6713892756587,4.79024170580169],[-75.6713881443034,4.79024101098381],[-75.6713839347167,4.79024022937683]],[[-75.6780847522762,4.79033417750284],[-75.6780819965053,4.79039177176503],[-75.6780873924772,4.79028023531902],[-75.6780847522762,4.79033417750284]],[[-75.6709396526247,4.79039894392308],[-75.6709447604139,4.79038001669123],[-75.6709430371071,4.79038190890907],[-75.6708822157733,4.79046225833341],[-75.6709223624623,4.79040964558727],[-75.6709396526247,4.79039894392308]],[[-75.6705627265333,4.79058776820911],[-75.6702575438829,4.79042483327167],[-75.6705400791279,4.79057807735669],[-75.67056578336,4.79059083104315],[-75.6705949031589,4.79060044209725],[-75.670624376237,4.79060563675969],[-75.6706609260911,4.79060957852408],[-75.670683814855,4.79060920976233],[-75.6707135700037,4.79060382507345],[-75.6707338565137,4.79059623946414],[-75.6706576531229,4.79060776914289],[-75.6705627265333,4.79058776820911]],[[-75.6715425523457,4.79056515955892],[-75.6715645921885,4.79060537842473],[-75.6715697767989,4.79061103569363],[-75.6715425785516,4.7905651243554],[-75.6715280485129,4.79051107652633],[-75.6715330470123,4.79053681024128],[-75.6715425523457,4.79056515955892]],[[-75.6707780479309,4.79056158196844],[-75.6707788020634,4.79055989206938],[-75.6707385263609,4.79059449343501],[-75.6707401560281,4.79059388385183],[-75.6707624123564,4.79058108058478],[-75.6707780479309,4.79056158196844]],[[-75.6696627210476,4.79035649235141],[-75.6696080781998,4.79034735214952],[-75.6696300586084,4.7903540086156],[-75.6696552006672,4.79035697770303],[-75.6696627210476,4.79035649235141]],[[-75.6716468081454,4.79067592847931],[-75.6716721700107,4.79068513218217],[-75.6716244474986,4.79063393523608],[-75.6715754613482,4.79061723822013],[-75.6716026180649,4.79064686959437],[-75.6716468081454,4.79067592847931]],[[-75.6716932526716,4.79069278208849],[-75.6717200957052,4.79069510640971],[-75.6716756324583,4.790686388679],[-75.6716932526716,4.79069278208849]],[[-75.6780759399304,4.79051263020599],[-75.6780825466863,4.79058651632058],[-75.6780811411037,4.79053632032854],[-75.6780761118389,4.79050919159581],[-75.6780759399304,4.79051263020599]],[[-75.6780746498154,4.79071228896259],[-75.6780728958043,4.79078777257717],[-75.6780742230142,4.79076794340378],[-75.6780746498154,4.79071228896259]],[[-75.6780713423424,4.79083731612483],[-75.6780697923497,4.79088692567425],[-75.678071117274,4.7908655623432],[-75.6780713423424,4.79083731612483]],[[-75.6780697895046,4.79088699527938],[-75.6780569258849,4.79097881924774],[-75.6780173346674,4.79105094194258],[-75.6780326183241,4.79103292771817],[-75.6780610738362,4.7909735843156],[-75.6780658296564,4.79095083578825],[-75.6780697895046,4.79088699527938]],[[-75.6770105669605,4.7910283144061],[-75.6770106207669,4.79102268868807],[-75.677008154741,4.79103971209565],[-75.6770105669605,4.7910283144061]],[[-75.6773373478534,4.7909296670003],[-75.67727805318,4.79089643155616],[-75.6773210812992,4.79092185082352],[-75.6773373478534,4.7909296670003],[-75.677353617108,4.79093748499041],[-75.677414568126,4.79096320493693],[-75.6774217763211,4.79096468966401],[-75.6773373478534,4.7909296670003]],[[-75.677005365637,4.79105518893644],[-75.6769921793733,4.79112835826191],[-75.6769337869146,4.79118227208477],[-75.6769399897342,4.79117872107444],[-75.6769589703404,4.79116941491788],[-75.6769729153499,4.79115957771911],[-75.6769835501792,4.79115424488829],[-75.6769948194025,4.79113564750385],[-75.6770005968004,4.7911068937551],[-75.677005365637,4.79105518893644]],[[-75.6779600635085,4.7911251502182],[-75.6779007887964,4.79118440611025],[-75.6779185184592,4.79118135330744],[-75.677948698611,4.79114117363327],[-75.6779600635085,4.7911251502182]],[[-75.6775925524291,4.79116690204774],[-75.677567806205,4.79112566430037],[-75.6775820971899,4.79115439406359],[-75.6775925524291,4.79116690204774],[-75.6776030112477,4.79117942269568],[-75.6776345256872,4.79120143275258],[-75.6776588334295,4.79120660480531],[-75.6777345283937,4.79122270521852],[-75.6777707979133,4.79122101208349],[-75.6777974894401,4.79121458477726],[-75.6778393937903,4.79119971596862],[-75.6778697475547,4.79119336034357],[-75.6778804879037,4.79118975804223],[-75.6778393937903,4.79119971596862],[-75.6777593355846,4.79122025182406],[-75.6776588334295,4.79120660480531],[-75.6775925524291,4.79116690204774]],[[-75.6768765162262,4.79120838903239],[-75.6768867112149,4.79120397470898],[-75.6769158686572,4.79119253146469],[-75.6769295726048,4.79118468536884],[-75.6768765162262,4.79120838903239],[-75.676805767028,4.79122634382599],[-75.6767363526398,4.79120039584365],[-75.6767501202446,4.79120864537253],[-75.6767721623022,4.79122228183955],[-75.6767850150855,4.79122661048944],[-75.6768006841083,4.79122869566292],[-75.6768255802599,4.79122680750938],[-75.6768663221368,4.79121280426151],[-75.6768765162262,4.79120838903239]],[[-75.6755024417795,4.79123050410325],[-75.6754782943981,4.79123731441846],[-75.6754851335819,4.79123546883919],[-75.6755024417795,4.79123050410325],[-75.6755197490647,4.79122554478918],[-75.6755765487381,4.79120371304627],[-75.6755024417795,4.79123050410325]],[[-75.6766687012133,4.79118892963392],[-75.6765768840136,4.7911826871519],[-75.6765098782921,4.79112806981596],[-75.676500657731,4.79111819690928],[-75.6765030036557,4.79112165785301],[-75.6765253971809,4.79114723467293],[-75.6765588468838,4.79117298873911],[-75.6765831422617,4.7911921896607],[-75.6766067000668,4.79119256157908],[-75.6766394830607,4.79119079807757],[-75.6766602942505,4.79118931560876],[-75.6766687012133,4.79118892963392]],[[-75.6756797349526,4.79118704535079],[-75.6756790914762,4.79118662094186],[-75.6756789147856,4.79118665041279],[-75.6756797349526,4.79118704535079]],[[-75.6762594698006,4.79115346725163],[-75.676263847039,4.79114406519099],[-75.6762467016341,4.79116732981261],[-75.6762594698006,4.79115346725163]],[[-75.6763546017273,4.79106711688897],[-75.676356802658,4.79106610526122],[-75.6763555494204,4.79106640102526],[-75.6763546017273,4.79106711688897]],[[-75.6758133126276,4.79130033115344],[-75.675820960075,4.79130737753271],[-75.6758200564242,4.79130638033467],[-75.6757752467973,4.79126102963112],[-75.6758133126276,4.79130033115344]],[[-75.676133199205,4.79134304548853],[-75.6760838365207,4.79139162491678],[-75.6760987413566,4.79138175806717],[-75.6761245189733,4.79135415368615],[-75.676133199205,4.79134304548853],[-75.6761418803394,4.79133193638854],[-75.6761588200582,4.79130834047248],[-75.676167077261,4.79129078019438],[-75.676133199205,4.79134304548853]],[[-75.6759072185081,4.79139250046223],[-75.6759431334537,4.79142019786593],[-75.6759605269514,4.79143794904529],[-75.6759785205219,4.79144558075421],[-75.6759891186634,4.79144941390409],[-75.676008591441,4.79145155300056],[-75.6760276420481,4.79144726261982],[-75.6760352136481,4.79143359191709],[-75.6760361945627,4.79143205163988],[-75.6760285492812,4.79143853870899],[-75.6759678249019,4.79143828313244],[-75.6759072185081,4.79139250046223],[-75.675865419709,4.79135643497525],[-75.6758744717153,4.79136764732676],[-75.6759072185081,4.79139250046223]],[[-75.6752702553442,4.79137207024947],[-75.6752745785439,4.79136044867716],[-75.6752613154625,4.79138985963894],[-75.6752702553442,4.79137207024947]],[[-75.6751834574067,4.79158129978275],[-75.6751577306301,4.79163743744224],[-75.6751756565609,4.79159955346916],[-75.6751834574067,4.79158129978275],[-75.6751912582502,4.79156304700016],[-75.6752135169509,4.79150663462866],[-75.6751834574067,4.79158129978275]],[[-75.675072397473,4.79190302491217],[-75.6750155095012,4.79193940146421],[-75.674966320254,4.79196518312218],[-75.6749794583961,4.79195949566045],[-75.6750039676783,4.79194625117781],[-75.6750155095012,4.79193940146421],[-75.6750270684554,4.79193254726533],[-75.6750608035409,4.79191289129226],[-75.675072397473,4.79190302491217],[-75.6750840103533,4.79189314681816],[-75.6751037359655,4.79181546992039],[-75.6751057442433,4.79180065867861],[-75.675072397473,4.79190302491217]],[[-75.6749062812645,4.79203671752892],[-75.6748677537633,4.79209568113542],[-75.6748947994925,4.79205654391203],[-75.6749062812645,4.79203671752892]],[[-75.6749035565351,4.79227428114312],[-75.6748535615047,4.79232397652863],[-75.674855024641,4.79232327709438],[-75.6748780900772,4.79231188655011],[-75.6749040074725,4.7922926719917],[-75.6749083399438,4.79227651127412],[-75.6748984467522,4.79225930703506],[-75.6748802426919,4.79224574166756],[-75.6748684453637,4.79223779357311],[-75.6749035565351,4.79227428114312]],[[-75.6781897531187,4.78981948644539],[-75.6781770709519,4.78980393634679],[-75.6781866537766,4.78982047092962],[-75.6781969638736,4.78982724338534],[-75.6781897531187,4.78981948644539]],[[-75.6681014964306,4.78946484340404],[-75.6681057176273,4.78946390919506],[-75.6681032296721,4.78946426206556],[-75.6681014964306,4.78946484340404]],[[-75.6683029363177,4.7893991780914],[-75.668308937004,4.78939047917774],[-75.6681581017024,4.78945648021015],[-75.6683029363177,4.7893991780914]]]},"properties":{"FID":14,"ID_COMUNA":16,"NOMBRE":"Villasantana","NORMA":"Ac 63/1992","ACT_GEOGRA":1151712000000}},{"type":"Feature","id":15,"geometry":{"type":"Polygon","coordinates":[[[-75.7042137424536,4.80404015426],[-75.7041524023961,4.80400168371436],[-75.7040769760208,4.80395761404922],[-75.7039762324845,4.8039039168024],[-75.7039377095829,4.80387422530757],[-75.7039214431668,4.80381779351534],[-75.7038962701161,4.80367674208051],[-75.7038903620519,4.80346142124012],[-75.7038739572898,4.80330797037265],[-75.7038462485341,4.80317128128986],[-75.7037952660782,4.80299234256953],[-75.7037444226602,4.80285335671704],[-75.703663577376,4.80271435111612],[-75.7036160764059,4.80265152536678],[-75.7035429765664,4.80256045532111],[-75.7034715315193,4.80247740479759],[-75.703360648686,4.80236390333883],[-75.7032474055338,4.80226891201241],[-75.7031314861843,4.80218725541005],[-75.7030444757804,4.80213656100851],[-75.7029271114728,4.80206454765995],[-75.7027390054223,4.80197373942473],[-75.7026325580631,4.80190140902545],[-75.7026186492893,4.80188143228235],[-75.7024954444545,4.80170455750706],[-75.7022440041529,4.80118089748198],[-75.7021190106982,4.80081143262028],[-75.7021721539347,4.80063304555357],[-75.7023223447202,4.80045005176412],[-75.7023454831889,4.80035275148113],[-75.7023501006621,4.80023317792323],[-75.7022669017785,4.79993899146509],[-75.7022692328988,4.79973976130786],[-75.7022528664899,4.79952811344874],[-75.702234383212,4.79944471128769],[-75.7022089957823,4.79939375503415],[-75.7021327263126,4.79931962315291],[-75.7019848699568,4.79922000294061],[-75.7025904475834,4.79876513205257],[-75.7025308767743,4.7984796368231],[-75.7024383848361,4.79812098305548],[-75.7024302521597,4.79806709539208],[-75.7024501870102,4.79796423053565],[-75.7025083652792,4.79778826276845],[-75.7024831207895,4.79768029306898],[-75.7024842842811,4.79763883941157],[-75.7024951657038,4.79761702677127],[-75.7025189003186,4.79760314500631],[-75.7025356967895,4.797603145382],[-75.7025811910459,4.79764180999305],[-75.7026167888928,4.79770228742121],[-75.7026899546439,4.79792140772585],[-75.7027811166332,4.79805529179515],[-75.7029411191716,4.79822792815658],[-75.7031133427852,4.7983447704914],[-75.7033138389163,4.79855255634674],[-75.7033472907397,4.79857267456272],[-75.7033823265563,4.79863214464582],[-75.7033978525212,4.79870775791067],[-75.7037827423976,4.79841461214819],[-75.7039119695371,4.79856511682313],[-75.7042242831849,4.79833776053538],[-75.7042305867678,4.79831806767947],[-75.7042513295919,4.79823962989353],[-75.7042635842896,4.79822193248944],[-75.7042593247502,4.79820098526262],[-75.7042779200429,4.79811982739329],[-75.7043036625701,4.79806173712573],[-75.7043210946001,4.79800482981223],[-75.704331590227,4.79794786876779],[-75.7043548666671,4.79793056057173],[-75.7044748397789,4.79785726658194],[-75.7045451968576,4.79783075763513],[-75.7045879114888,4.79780112113767],[-75.704744470866,4.79773256192922],[-75.7048038416573,4.79769331813179],[-75.7048506400683,4.79769817655529],[-75.7048628948734,4.79768357007456],[-75.7049552250645,4.79763622082934],[-75.7050445614677,4.79761278576737],[-75.7052214743325,4.79753202199979],[-75.7052804924339,4.79750104405875],[-75.705334158256,4.79746920012482],[-75.7053926841924,4.79743015074043],[-75.7054364191957,4.79739767118161],[-75.7054583223408,4.79740374791175],[-75.7055783638909,4.79738997455861],[-75.7057756970389,4.79742062501843],[-75.7057936561482,4.79741832955655],[-75.7058156648442,4.79740087952437],[-75.7058976071801,4.79736105354009],[-75.7059395106613,4.79734902707734],[-75.7059902177015,4.79734569083507],[-75.706029303987,4.79734678639999],[-75.7060692361052,4.79735123858677],[-75.7061108224144,4.79735950646774],[-75.7062642091739,4.79739764354831],[-75.7063210426224,4.79742678850224],[-75.7063564308325,4.79745702677691],[-75.7063670303744,4.79745538461249],[-75.7063869609461,4.79745552679341],[-75.7064122439333,4.79746188601793],[-75.7064333713954,4.79747371995398],[-75.70646654126,4.79749834233845],[-75.7065789030323,4.79761050097433],[-75.7065972130684,4.79762383720398],[-75.7066495041052,4.79764144820196],[-75.706680702502,4.79766545186869],[-75.706694824295,4.79761212957561],[-75.7066835930866,4.79755410866376],[-75.7067014496178,4.79743971088953],[-75.7067376858515,4.79735657496222],[-75.7068118134738,4.79724376826398],[-75.7068280823684,4.79720240360954],[-75.7068859786112,4.79701002787723],[-75.706924401698,4.79682763081461],[-75.7069463085701,4.79665968075124],[-75.7069201119491,4.79659178561383],[-75.7068949007287,4.79655397016967],[-75.706848526542,4.79652258252994],[-75.7068286310309,4.796513909833],[-75.7067801427263,4.79649513395233],[-75.7067138379315,4.7964744843754],[-75.7066616167857,4.79646208358168],[-75.7066144318227,4.79643597756593],[-75.7065978828937,4.79642121196272],[-75.7065308747927,4.79631943973734],[-75.7064438306634,4.79622930579296],[-75.7063565771165,4.7961023115392],[-75.7063163293652,4.79606276447958],[-75.7062534753659,4.79601904866489],[-75.7061048436223,4.79594521580604],[-75.7060706167539,4.79592103519357],[-75.7060369897172,4.79589116660512],[-75.7060098768646,4.79586112215026],[-75.7060042813605,4.79572381573002],[-75.7059847413074,4.79562012006316],[-75.7059372432193,4.79548586745951],[-75.7059268219744,4.79544423678323],[-75.7059237947629,4.79540725239605],[-75.7059258380447,4.79537459411923],[-75.7058889027206,4.79526660636091],[-75.705885348055,4.79520265042713],[-75.705870841257,4.79517885927975],[-75.7058535172004,4.79514429344616],[-75.7058382716879,4.79510411131492],[-75.7058294692364,4.79507184260352],[-75.7057480594553,4.7949890038727],[-75.7057330589487,4.79497372516061],[-75.7056687265126,4.79492444555725],[-75.7055230878496,4.79483846101863],[-75.7054157614996,4.79475072903756],[-75.7053653391803,4.79465485647134],[-75.7052884424999,4.79440910094869],[-75.7052543936625,4.79434092334916],[-75.7052155551878,4.79428258393081],[-75.705144005365,4.79420387839835],[-75.7051237603891,4.79412697552678],[-75.7051016123418,4.79409555422735],[-75.70503548392,4.79403094284949],[-75.7049493220482,4.79391846706121],[-75.7049178065191,4.7938931735684],[-75.7048635802928,4.79385648683614],[-75.7048301991936,4.79383756946314],[-75.7047894228138,4.79381780460366],[-75.7043233821261,4.7937486586524],[-75.7042079552816,4.79371689799828],[-75.7041060150629,4.79367957470471],[-75.7040425975056,4.79364071510388],[-75.7039391106439,4.79352860943855],[-75.7038317498651,4.79343171020463],[-75.7037613273743,4.7933324108393],[-75.7036728427535,4.79318058251684],[-75.7035958026341,4.79300741906732],[-75.7035597492461,4.79287950696795],[-75.7035243306315,4.79269594204848],[-75.7035231061538,4.79247927815942],[-75.7035156429433,4.79240868232224],[-75.7035996468271,4.79178170855033],[-75.7036313384458,4.79177561658195],[-75.7036930315327,4.7917857565187],[-75.7037779291983,4.79179098709101],[-75.7038516299084,4.79178749278577],[-75.7038942726072,4.79177380620496],[-75.7039339231206,4.79175301863871],[-75.7040166757072,4.79168751214011],[-75.7041535159687,4.79159842822585],[-75.7042397193214,4.79151704268467],[-75.7042768699975,4.79149079775421],[-75.704450962726,4.79144724865901],[-75.7046869616671,4.79136664574161],[-75.7048217594693,4.79128716939197],[-75.7048640497911,4.79128340848127],[-75.7049794066357,4.7912986020882],[-75.7049773279353,4.79132011517473],[-75.7049692638045,4.79134014354937],[-75.7049602841091,4.79135247120814],[-75.7049548252261,4.79139422457929],[-75.7049535203329,4.7914380276319],[-75.7049602096554,4.79148013446678],[-75.7049777441495,4.79152436137272],[-75.7050041173309,4.79157047830894],[-75.7050384486574,4.7916135582505],[-75.7050776035129,4.79164967856485],[-75.7051165461481,4.791744296725],[-75.7051797514131,4.79180371473909],[-75.7052255273696,4.79181676888447],[-75.7053685249068,4.79187973905563],[-75.7055541659294,4.79190018064703],[-75.7055751178426,4.79189783148908],[-75.7056081481479,4.7918919871095],[-75.7056473399225,4.79188160230389],[-75.7056777992626,4.79187072353735],[-75.7057351271771,4.79184285375181],[-75.7058919676657,4.79175274640785],[-75.706062048783,4.79163079333335],[-75.7063542863136,4.79144398735834],[-75.706513733431,4.79132466618141],[-75.7065220793975,4.79130428395355],[-75.7067039546778,4.79125760826557],[-75.7067259974438,4.79125594833024],[-75.7067577243799,4.79125881088031],[-75.7067779015862,4.79126398633528],[-75.7067885702208,4.79126787253617],[-75.7068218112946,4.79128468759928],[-75.7069541022437,4.79138822779676],[-75.7070467820537,4.79142000469312],[-75.7071681931053,4.79148640097924],[-75.7074608094513,4.79159029953161],[-75.7075791936979,4.79160771733519],[-75.7076271181156,4.79162622886125],[-75.7077251133926,4.79168598310885],[-75.7078675818114,4.7917935503307],[-75.7079930430753,4.7918775555692],[-75.7080055783349,4.79189127974785],[-75.7080157546158,4.79190664637884],[-75.7080230779649,4.79192234812088],[-75.708029521694,4.79194622794226],[-75.708030859275,4.79197282776388],[-75.7080262808284,4.79199928554982],[-75.7080164552055,4.79202325301468],[-75.7079858196254,4.79205928310688],[-75.7078321469746,4.79219414779268],[-75.707817462415,4.79221887486149],[-75.7078092570236,4.79224379572313],[-75.7078064395847,4.79226567983021],[-75.7078121419126,4.7923373887186],[-75.7078837951056,4.79250641871605],[-75.7079055539413,4.79260709479405],[-75.7079059049923,4.79266840000667],[-75.7079015717121,4.79273601152273],[-75.7078904775377,4.79281275395147],[-75.7078776933047,4.79287065079025],[-75.7078695584334,4.79290042925043],[-75.7078642052107,4.79293670707324],[-75.7078656126645,4.7929784435357],[-75.7078730418613,4.79301475692022],[-75.7079220209909,4.7930784133826],[-75.7079698382457,4.79313269071269],[-75.7080274447501,4.79318988332983],[-75.7080868119457,4.79327254384025],[-75.7081064603765,4.79328941209842],[-75.708134876698,4.79330663332829],[-75.7081716029182,4.79331977586361],[-75.7082165698044,4.79332468635986],[-75.7082646009901,4.79331725186561],[-75.708387916365,4.79329736755608],[-75.7084203831267,4.79328311516486],[-75.7084703509362,4.79325487421169],[-75.7085162344275,4.79322080570292],[-75.7085578573619,4.7931879545467],[-75.7086104311832,4.793155297996],[-75.7086550105972,4.79313392785873],[-75.7086761742511,4.7931261927082],[-75.7087139924935,4.79311907583523],[-75.7087532203906,4.79312001325193],[-75.7088368497835,4.79314596063391],[-75.7089236137937,4.79318490819547],[-75.7089903060415,4.79322452704149],[-75.7090840743184,4.79334671727011],[-75.7091367171736,4.79338172534503],[-75.7091965079084,4.79339382553989],[-75.7093814811962,4.79338973259666],[-75.7095241983197,4.7934197091266],[-75.7095727917184,4.79343862691974],[-75.7096773375664,4.79350097699052],[-75.7096887812915,4.7935112039124],[-75.7097006483741,4.79352651696438],[-75.7097118798351,4.79355239257152],[-75.7097219858583,4.79358951954389],[-75.7097274074335,4.79363120259372],[-75.7097249052724,4.79368987677685],[-75.7097093048359,4.79375098737366],[-75.7096848655808,4.79380118285398],[-75.7095816538888,4.79391891772675],[-75.709511577382,4.79403068257223],[-75.709506928868,4.79405069436079],[-75.7095166811224,4.7941021091396],[-75.7095627731392,4.79418611174546],[-75.7095947452357,4.79423796969779],[-75.7096277031928,4.79427626254189],[-75.7096795000892,4.79431934207722],[-75.7097132341516,4.79433716425519],[-75.7097498902535,4.79435163011873],[-75.7097859481918,4.79436145158099],[-75.7099702171577,4.79438992736357],[-75.7099833514161,4.79439432564062],[-75.7099977886566,4.79440287430855],[-75.7100107460261,4.79441555694872],[-75.7100199012377,4.79443051651386],[-75.7100257114479,4.79444989199825],[-75.7100257101952,4.79447227085868],[-75.71002940472,4.79461699502094],[-75.7100412347523,4.79465910224498],[-75.7100671510365,4.79469592908042],[-75.7101002504408,4.79472837570417],[-75.710131554224,4.79475017173155],[-75.7102760654404,4.79484113631551],[-75.7102866289122,4.79485489540741],[-75.7102901855203,4.79486642826472],[-75.7102778947482,4.79491415199556],[-75.7102728237065,4.79495449233041],[-75.7102754281981,4.79499117667805],[-75.7102859560683,4.79501694691367],[-75.7103069429236,4.79504285741655],[-75.7103320143035,4.7950595493547],[-75.7103933898273,4.79509325042969],[-75.7105735732626,4.79513566201122],[-75.7106516039836,4.79518467665893],[-75.7107675577374,4.79531672286373],[-75.7108435787069,4.79545962998697],[-75.7109350599819,4.79557293597243],[-75.7110611899035,4.79569150594645],[-75.7111778486612,4.79578087962824],[-75.7113115510395,4.79585384541805],[-75.7113967662175,4.7958788392926],[-75.7114684242385,4.79589500239608],[-75.7115232503779,4.79590448796002],[-75.711565857838,4.79592045553835],[-75.7116920597361,4.79600380647445],[-75.711712060922,4.79600514920906],[-75.7117422737936,4.79600274789501],[-75.7117719584531,4.79599496009162],[-75.7117917838045,4.79598637599233],[-75.71182935569,4.79599312392055],[-75.7118466099011,4.79600541735274],[-75.7118924204128,4.79608207303246],[-75.7119628090927,4.79615881672862],[-75.7120116836742,4.79623911101026],[-75.7120403796742,4.79635926795378],[-75.7121087622624,4.7964287878839],[-75.7121245014747,4.7964624527648],[-75.7121845029332,4.79652109285732],[-75.7123635254362,4.7965484737382],[-75.7125085669391,4.79662101543583],[-75.7127560783386,4.79667762820274],[-75.7131811686277,4.79679662809206],[-75.7133093777935,4.79686505423553],[-75.7133592039487,4.79689601718959],[-75.7134045570962,4.7969294347464],[-75.7134564962043,4.79697511083612],[-75.713520336359,4.79700589746078],[-75.7137148182228,4.79702241509469],[-75.7139104269762,4.79700150718326],[-75.7139856432214,4.79697086447167],[-75.7140960736314,4.79685263519435],[-75.7141131520589,4.79684818429145],[-75.714129420245,4.79684830808085],[-75.7141436115803,4.79685185860016],[-75.714157449672,4.79685903004572],[-75.7142735116851,4.79689931938873],[-75.7143360488317,4.79694460704919],[-75.7143578454624,4.79697719462209],[-75.7143758382378,4.7970197255011],[-75.7143855919335,4.79707423127794],[-75.7143841821385,4.79710074249879],[-75.7143772804619,4.79713269328533],[-75.7143611520973,4.79716974891449],[-75.7143373470676,4.79720238829253],[-75.7143083662283,4.79722923411594],[-75.7142284672658,4.79727398879991],[-75.714164060317,4.79739893035307],[-75.7141427197552,4.7974753199003],[-75.714149830674,4.79758182326905],[-75.7141705698148,4.79764321815903],[-75.7141705699568,4.79766222223307],[-75.7141728581571,4.7976867202787],[-75.7141815553832,4.79772363471331],[-75.7141956748121,4.79775752868933],[-75.7142150762866,4.79778455247392],[-75.7142389154887,4.79780465284983],[-75.7142624378501,4.79781684033067],[-75.7144787521737,4.79779898776836],[-75.7145727357658,4.79781161785938],[-75.7146080539487,4.79783652176782],[-75.7146212591475,4.79785337253624],[-75.7146296393084,4.79786614182249],[-75.7146393928244,4.79788394580372],[-75.7146517176377,4.79791483745448],[-75.7146584776454,4.79794249685948],[-75.714654426797,4.79801561844455],[-75.714632136124,4.79805852003297],[-75.7146275225841,4.79807411566456],[-75.7146238961107,4.79809412684842],[-75.714622697656,4.79811677005444],[-75.7145717416498,4.79828048073758],[-75.7145747341069,4.79832475994529],[-75.71458459283,4.7983890161373],[-75.7145954023255,4.79843373676048],[-75.7146129022507,4.79848713065522],[-75.7146365248226,4.79877633342214],[-75.7146711715433,4.79895119020149],[-75.7146664823711,4.79928014998922],[-75.71459270307,4.79970418565097],[-75.7145943817921,4.80038271795437],[-75.7146136083117,4.80037759602692],[-75.7146249817098,4.8003788500614],[-75.7146368137041,4.80038379535167],[-75.7146508637914,4.80039543505628],[-75.7146731179368,4.80043411597117],[-75.7147116739713,4.80055316078994],[-75.7147630482786,4.80063792334157],[-75.7147772725469,4.80076705218213],[-75.7147937519087,4.8008052207198],[-75.7148240704324,4.80081055551036],[-75.714856325915,4.80079577268224],[-75.7148917862243,4.80077274135326],[-75.714912386567,4.80075516794255],[-75.7150117936367,4.80071530609503],[-75.7150581344324,4.80071530641496],[-75.7151221872292,4.80074632305907],[-75.7151523996277,4.80078198314777],[-75.7151675405162,4.80080572214595],[-75.7151818013725,4.80083468842454],[-75.7151928583999,4.80086595092712],[-75.7151928572429,4.80091468114335],[-75.7151685592807,4.80097448449571],[-75.7151199640005,4.80103653200545],[-75.7151177796882,4.80107639543776],[-75.7151404921075,4.8011021475121],[-75.7151534858013,4.8011120737326],[-75.7151788384344,4.80112526836989],[-75.715201691795,4.80113176803033],[-75.715254688665,4.8011273535877],[-75.7153990989758,4.80106854039934],[-75.7154361783373,4.80107161406926],[-75.7154712856046,4.80108526753992],[-75.7154931179543,4.80110082827653],[-75.7155017446327,4.80112018679166],[-75.7155140323332,4.80121706424735],[-75.715506848928,4.80124836175674],[-75.7155051228519,4.80128211471782],[-75.7155098052737,4.80131766868782],[-75.7155842449716,4.80139026171251],[-75.7156026260194,4.80143565470878],[-75.715612977381,4.80148374925698],[-75.7156187515384,4.80154909935447],[-75.7156161798091,4.80160618421814],[-75.715569170953,4.80158947479555],[-75.7154636715666,4.80159892216091],[-75.7151499537034,4.80172804620273],[-75.7148353214433,4.8017865916134],[-75.7146488305897,4.80183379931865],[-75.71436373784,4.80213885706298],[-75.7140962540425,4.80233338428991],[-75.7139549405975,4.80244857542431],[-75.7138494376525,4.80265255540793],[-75.7138072834349,4.8028219003367],[-75.7137300588044,4.802952211411],[-75.7136339589158,4.80305231923414],[-75.7134889140486,4.80312407844008],[-75.7131931562044,4.803146733619],[-75.7127760179721,4.80312978700531],[-75.7123785263443,4.8032903284138],[-75.7122730257366,4.8033129869971],[-75.7119441676647,4.80334191092265],[-75.7116559444558,4.80340234448895],[-75.7115937559081,4.80344577528737],[-75.7115429066787,4.80351755360424],[-75.7114986361452,4.8038229861456],[-75.7114636653197,4.80399430963204],[-75.7113950315074,4.80415485809011],[-75.7113075584018,4.80428167210415],[-75.7111753280567,4.80442777111351],[-75.7108779469581,4.80458561174754],[-75.7107174764974,4.80469131709514],[-75.7104308700532,4.80484915827875],[-75.7103562523104,4.80486024870346],[-75.7100508105005,4.80484944927384],[-75.7099391133077,4.80487103000464],[-75.7098613957782,4.80491629628651],[-75.7097897347371,4.80496815076725],[-75.7097695570654,4.80500322810838],[-75.7097655402502,4.80507742718665],[-75.7098234287768,4.80518347267793],[-75.709946496863,4.80531498945578],[-75.7100454438731,4.80542901961362],[-75.7100629440243,4.8054735285611],[-75.7100642810607,4.80552750484309],[-75.7100467777434,4.80560845092205],[-75.7099928984726,4.80572353689224],[-75.7097905888375,4.80604129419696],[-75.7097085046481,4.80610199735055],[-75.7095914189714,4.80613168461301],[-75.709483770479,4.80612762001148],[-75.7094124646833,4.80609255795885],[-75.7093112991649,4.80595945232951],[-75.7091148515564,4.80562084390798],[-75.7090173837249,4.80550946277471],[-75.7088935757007,4.8053961383845],[-75.7084253126203,4.80515734988074],[-75.7082381909483,4.80504469472911],[-75.7080579705926,4.80494297251475],[-75.7079615573234,4.80491743019557],[-75.7077921435446,4.80497904885473],[-75.7076742437458,4.80514395825111],[-75.707510354723,4.80533938719434],[-75.7073818224189,4.80545643104521],[-75.7072626227157,4.80550277347745],[-75.7070408487009,4.80548902636354],[-75.7067945659715,4.80546196026735],[-75.7063255267441,4.80527928325851],[-75.7061561518741,4.80522129317195],[-75.7060154404805,4.80516842519932],[-75.7058970888798,4.80512370065948],[-75.7057941613356,4.80506866211195],[-75.705287659821,4.80477418053837],[-75.7049733524392,4.80451755482808],[-75.7046314374204,4.80427913883782],[-75.7044718179263,4.80417778733864],[-75.7042137424536,4.80404015426]]]},"properties":{"FID":15,"ID_COMUNA":17,"NOMBRE":"El Poblado","NORMA":"Ac 2/1999","ACT_GEOGRA":1151712000000}},{"type":"Feature","id":16,"geometry":{"type":"Polygon","coordinates":[[[-75.7365132952082,4.80509796873177],[-75.7363820881584,4.80498072798871],[-75.7359835732974,4.80466791763091],[-75.7359972691142,4.80453700418356],[-75.7359867388566,4.80443260253475],[-75.7359061691297,4.80429990704011],[-75.7358308114856,4.80425645881958],[-75.7348531766218,4.80395960310591],[-75.7343293391656,4.80377258386973],[-75.7342565173685,4.80373162577185],[-75.7341846461687,4.80365808001884],[-75.734145065425,4.80358365222782],[-75.7340506233798,4.80359893100964],[-75.7337256749081,4.80368099316097],[-75.7336179927879,4.8037268102082],[-75.7327202279597,4.80394724435439],[-75.7325816634085,4.80399558681135],[-75.7323288667162,4.8040437183522],[-75.7320519480595,4.80404315571848],[-75.7317612956821,4.80397971483722],[-75.7313407756226,4.80378449691851],[-75.7311659404739,4.80366169166827],[-75.7303462360788,4.80259809158426],[-75.7300945646529,4.80230790184881],[-75.7299950517277,4.80222907576199],[-75.7288503693232,4.80162550608816],[-75.7274490893529,4.80056617876392],[-75.7267579230169,4.80021257967657],[-75.7264131151023,4.80002919181204],[-75.7257745589926,4.79963065971524],[-75.7251130085771,4.79919870934501],[-75.7229321946237,4.79748498117301],[-75.7227447563526,4.79728838143173],[-75.7226824297557,4.79723006012975],[-75.722422733832,4.79707385298429],[-75.7220628576488,4.79678978806289],[-75.7219465152387,4.79666691125043],[-75.7216593897672,4.79629515267618],[-75.7214848759089,4.79613894627957],[-75.7211028516999,4.79583714748605],[-75.7209445354744,4.79570416669925],[-75.7207650201608,4.79559596640552],[-75.7205002542914,4.79545941644826],[-75.7201448509321,4.79531626030157],[-75.7197714546791,4.79510453914861],[-75.7193207657456,4.79486130618096],[-75.7192488619029,4.79481066820336],[-75.7189825829693,4.79466032347728],[-75.7183814670979,4.79427842191552],[-75.7180708220268,4.79402222710052],[-75.7178826099698,4.79391328303788],[-75.7177274268938,4.79385351193776],[-75.7176322123752,4.79379907564165],[-75.7173299470317,4.79360035349419],[-75.717253360175,4.79354460991458],[-75.7171715260289,4.79350599853826],[-75.7170615560048,4.79347132615136],[-75.716954086263,4.79346016229733],[-75.7167687601963,4.7934874121045],[-75.7166464656747,4.79353324452901],[-75.7165470589013,4.79358903816299],[-75.716217182197,4.79372775256167],[-75.7161442914467,4.79373518692324],[-75.7160985848217,4.79372280526458],[-75.7160590407865,4.79369802414305],[-75.7160022087755,4.79363609992623],[-75.7159368550168,4.79354416587854],[-75.7157004051361,4.79323781034446],[-75.7156617068212,4.79319692068114],[-75.7155756821669,4.79315610214381],[-75.7154215207878,4.79310763421882],[-75.7152752116702,4.79308048500697],[-75.715236548141,4.7930575408376],[-75.7152054908923,4.79302539501542],[-75.7151684837669,4.79297014693148],[-75.7150573887638,4.79283658227178],[-75.7149911193663,4.792771601586],[-75.7147928378083,4.79263838924476],[-75.7146642772441,4.7925678790127],[-75.7145634292884,4.79248827321061],[-75.7144455380739,4.79240681265107],[-75.7143848315018,4.79237383652531],[-75.7141596828941,4.79223520041549],[-75.7139307315545,4.7921146512693],[-75.7136577638603,4.79199205245541],[-75.7134010279044,4.79192795097423],[-75.7133479983138,4.79192197966066],[-75.713044111526,4.7919072437212],[-75.7130013635806,4.79189585051463],[-75.7129456221211,4.79186817200129],[-75.7128844578383,4.79182477476421],[-75.7128349854739,4.79177191013238],[-75.712564137727,4.79130141633995],[-75.7124620603512,4.79110995504073],[-75.7123454054363,4.79084669651985],[-75.7123306540464,4.79071942184193],[-75.7123128372401,4.7906750533993],[-75.7122899845606,4.79064795945897],[-75.7122733650066,4.7906251568388],[-75.712261498543,4.79060678723202],[-75.7122575899752,4.79058776542079],[-75.7122550578946,4.79046181516972],[-75.7122277014277,4.79027238711463],[-75.7122153780114,4.79021634387502],[-75.7121997447945,4.79018333287048],[-75.7121806247947,4.79014945605547],[-75.7121627019515,4.79012220290229],[-75.7121092500933,4.7900661589086],[-75.7120701998742,4.79003977123687],[-75.71196030138,4.79000043439792],[-75.711902200738,4.78999640654586],[-75.711767863265,4.79002547562877],[-75.711587643409,4.79009322416985],[-75.7114432343923,4.79015989604882],[-75.7112288222248,4.79025002194441],[-75.7111951936174,4.79026038840338],[-75.7110912801478,4.79027179601073],[-75.7110429331256,4.79026547229653],[-75.7110028620993,4.79025623418504],[-75.7108363778377,4.79017072632014],[-75.7107138038403,4.79011888534948],[-75.7105703839051,4.79003920675006],[-75.7104473171463,4.78996597582461],[-75.7103276663244,4.78989027280681],[-75.7102526997123,4.78982288959053],[-75.7098474467603,4.78942411805566],[-75.7098323760735,4.78938337039094],[-75.7098062889608,4.78918541073745],[-75.7097815400219,4.78895574690573],[-75.7097425618062,4.78887552398984],[-75.7097043576917,4.78880755883329],[-75.7096715050278,4.78875536559236],[-75.709510200768,4.78855632551692],[-75.7094697788628,4.78849017848843],[-75.7094273492503,4.78842578130194],[-75.7093912569411,4.78837445398768],[-75.7091091064602,4.7880734809934],[-75.7090179781019,4.78798126368924],[-75.7089916398731,4.78795643008443],[-75.7089485050033,4.78792135163255],[-75.7089092794425,4.78789445090058],[-75.7088938212834,4.78788500067861],[-75.7088397702947,4.78785585626698],[-75.7088140653063,4.78784976217139],[-75.7087874792636,4.78785076852966],[-75.7087573024806,4.78785470676975],[-75.7087174061671,4.78786466642464],[-75.7085558493952,4.78792022792614],[-75.7085217983436,4.78793372144275],[-75.7084779580027,4.78795387268072],[-75.708427603085,4.78798123062092],[-75.7083562967542,4.78800258170457],[-75.7082907659322,4.78802674237324],[-75.7082511857766,4.78804357340787],[-75.7081596670997,4.78810734904093],[-75.7080921624159,4.788187817189],[-75.7080128606504,4.78827490737868],[-75.7079906061414,4.7882901846615],[-75.7079674358108,4.78830194697247],[-75.7079359204511,4.78831192606194],[-75.7079190887738,4.7883147690498],[-75.7078937348708,4.78831883081061],[-75.7078661287656,4.78831662209247],[-75.7078482408075,4.78831135815796],[-75.7077991900449,4.78828608216291],[-75.7076920414867,4.78817531861542],[-75.707477814309,4.78794134016372],[-75.7074068635225,4.78785240865588],[-75.7073368272397,4.7877712836368],[-75.7072440447023,4.78767812988256],[-75.7072058756107,4.78762487724487],[-75.7071895390136,4.78757911318181],[-75.7071739411503,4.78750313003254],[-75.7071496118151,4.7874126103614],[-75.7071232812951,4.78712720435555],[-75.7070961702131,4.78703205671128],[-75.7070459951445,4.78694778831317],[-75.7069727903649,4.78687982171502],[-75.7068155328597,4.78679256520527],[-75.706682395318,4.78675024213332],[-75.7065268989178,4.78669189969488],[-75.7062851670757,4.786592153466],[-75.7060353379539,4.78648438830126],[-75.705933116091,4.78645584239835],[-75.7057929361064,4.78644105506116],[-75.7056786704873,4.78644935300409],[-75.7055258474724,4.78647999223169],[-75.7053192533017,4.78654337583379],[-75.7052360456381,4.78656135324278],[-75.7051684020465,4.78656407077215],[-75.7051095621037,4.78654372197003],[-75.7050378713147,4.78649624310659],[-75.7049648075329,4.78642098187693],[-75.7048909001394,4.78631684273383],[-75.7047067117482,4.78603090151173],[-75.7046417481562,4.78591886807007],[-75.7045510114405,4.78574097000257],[-75.7044609451193,4.78553103289715],[-75.7043533074627,4.78532118439996],[-75.7042613372683,4.78515407819902],[-75.7041390864318,4.78494546424498],[-75.7040666229426,4.7848422437873],[-75.7040148620987,4.78478385051613],[-75.7039032777085,4.78467333363986],[-75.7037860236891,4.78456299342078],[-75.7037126797895,4.78446567190757],[-75.7036381392447,4.78433666381249],[-75.7035322981533,4.78412222182426],[-75.7034902214201,4.7840638470701],[-75.703440608119,4.78401949525043],[-75.7033489524731,4.78396867737652],[-75.7032532810508,4.7839332961918],[-75.7031589485392,4.78390572233087],[-75.703001479869,4.78386896135068],[-75.702915244334,4.78387307432408],[-75.702839677264,4.78389373650975],[-75.7027684415866,4.78393591106602],[-75.7027194948246,4.78397893496915],[-75.7026530805016,4.78406533617076],[-75.7025833922951,4.78416613317258],[-75.7025439173015,4.78419539748306],[-75.702489021263,4.78421387084288],[-75.7024494772471,4.78422036927594],[-75.7023799329088,4.78421519134197],[-75.7023292975796,4.78419486066719],[-75.7022704590801,4.7841590570085],[-75.7022262341686,4.7841204982337],[-75.7021566935208,4.78400602634743],[-75.7020645837881,4.78382971837063],[-75.7019818753069,4.78367907349467],[-75.7019526862506,4.78363345085786],[-75.7019184957024,4.78359819483173],[-75.7018762423967,4.78356200409484],[-75.701836030394,4.78354651201055],[-75.7018034242492,4.78353918157757],[-75.7017732471506,4.78353617737072],[-75.7017013435711,4.78354276263556],[-75.7016045437756,4.78354364214669],[-75.7015272889398,4.78352814974562],[-75.701488661603,4.78350750142927],[-75.7014457392579,4.78346790107053],[-75.7014216911728,4.78341745662097],[-75.7014050022913,4.78337232829437],[-75.7013950733495,4.78333792199407],[-75.7013831041858,4.78324798500205],[-75.7013812762138,4.78317055328413],[-75.7013900825451,4.78308748811895],[-75.7014044866382,4.78302129016534],[-75.7014528385577,4.78287988762512],[-75.7014895340984,4.78276088022458],[-75.7014990428841,4.782711885492],[-75.7014953470094,4.78268487959288],[-75.7014650667478,4.78261214509189],[-75.7014332738929,4.78251931148145],[-75.7013725719579,4.782400901241],[-75.7013365161878,4.78234662301758],[-75.701293840832,4.7823038617138],[-75.7011855658239,4.78221439749877],[-75.7011134181889,4.78215914721999],[-75.7009917298473,4.7820152305785],[-75.7009583509885,4.78195399385223],[-75.7009265567765,4.78188579824247],[-75.700904797366,4.78183102710821],[-75.7008801879937,4.78172413373038],[-75.7008670584884,4.78160243976093],[-75.7008721699905,4.78145303452611],[-75.7008818227272,4.78132201588837],[-75.70088182784,4.78120526813815],[-75.7008687317822,4.78111646166854],[-75.7008227820108,4.78105231035484],[-75.700760458595,4.78099640721018],[-75.7006882749269,4.78096514213512],[-75.7006143997928,4.78095417132218],[-75.700497079854,4.78077092023053],[-75.7003571510772,4.78064196234817],[-75.7003203212225,4.78058233241149],[-75.7002827177792,4.78050394646331],[-75.7002804298726,4.78047227761619],[-75.7003391348663,4.78030939772881],[-75.70035491295,4.78024152284652],[-75.7003549182119,4.78010350921878],[-75.7003752390249,4.78001941943394],[-75.7004060179653,4.77992086511648],[-75.7004446486344,4.77983909031897],[-75.7005031038869,4.77977504936294],[-75.7005670166082,4.77971643008666],[-75.7006477576854,4.77971563854246],[-75.700696244312,4.77973503374993],[-75.7007377580481,4.77977230242501],[-75.7007964889316,4.77984555060738],[-75.7008465925976,4.77993746721006],[-75.7009381770116,4.780022250133],[-75.7010852852337,4.78023891852665],[-75.7014677255656,4.78022980178292],[-75.7017591045545,4.78029374974824],[-75.7022598893088,4.78038511731527],[-75.7024692955526,4.78043079963867],[-75.7026514120348,4.78045820063759],[-75.7047547367343,4.78072317077012],[-75.7050460799334,4.78082366087335],[-75.7051735817304,4.78086934020824],[-75.705328372607,4.78093328262954],[-75.7055377781399,4.78100635770759],[-75.7056379558088,4.78103377289962],[-75.7086153755926,4.78197469441999],[-75.7125852919078,4.78326274105083],[-75.7165187726411,4.78487960082957],[-75.7166280355489,4.78495268924506],[-75.7168738851506,4.78521759179632],[-75.7172654106504,4.7854002790147],[-75.7175385874815,4.78551902590291],[-75.7179483192157,4.78557383808187],[-75.7181850542072,4.7855190344288],[-75.7186494383623,4.7853546222422],[-75.7194780292367,4.7848157019475],[-75.719660148645,4.78477916061504],[-75.7204432038779,4.7846878371064],[-75.7206526480942,4.78465129540702],[-75.7212627049078,4.784596494439],[-75.7215267628516,4.78458736490778],[-75.7218818808104,4.78453256191943],[-75.7228756130191,4.78431449177251],[-75.7229366707422,4.78436184495359],[-75.7229985737848,4.78446924987916],[-75.7230828363485,4.78459168556811],[-75.7231089984734,4.78466879901631],[-75.7231601272247,4.78471511005999],[-75.7232214667507,4.78480801372172],[-75.7232828414795,4.78488760071386],[-75.723349110641,4.78496485588239],[-75.7234222466659,4.78503624736639],[-75.7234916151333,4.78508181608632],[-75.7235670755325,4.78507791336536],[-75.7236478527105,4.78507916794014],[-75.7237190530767,4.78508496091059],[-75.723772857163,4.78509889665545],[-75.7240010339094,4.78517461592863],[-75.7240946281542,4.78519999702162],[-75.7243299178559,4.78522076909216],[-75.7246457037976,4.78531430944225],[-75.7250638161728,4.78553173397734],[-75.7251760730442,4.78558016457322],[-75.7253115707009,4.78562949540228],[-75.7254524209922,4.78567124903862],[-75.7255424941902,4.78569309809601],[-75.7256722875727,4.78569779608743],[-75.7257850735354,4.78569846724962],[-75.7258892315982,4.78570369588124],[-75.7259933556712,4.78572441363079],[-75.7260513150039,4.78574629775682],[-75.7260996973189,4.78578201040391],[-75.7262277997159,4.78591278197952],[-75.7263308320401,4.78606144595854],[-75.7263456559984,4.78610079716846],[-75.7264395676887,4.78630813540198],[-75.7265433391747,4.7866630234039],[-75.7265882349995,4.78691229176442],[-75.7266223211283,4.7869681221802],[-75.7268148277284,4.787152004935],[-75.7268894432516,4.78720133562432],[-75.7269694116277,4.78726135197722],[-75.7270386042733,4.78732009674562],[-75.7270894161281,4.7873678733768],[-75.7273752009369,4.78769504964905],[-75.7275046782471,4.7877830601543],[-75.7276146471609,4.78787492140567],[-75.727677185006,4.78791416696381],[-75.7277140171535,4.78793048734838],[-75.7277615548005,4.78794530551647],[-75.7278142323487,4.78795440209985],[-75.7280046621826,4.78797467787106],[-75.7280617418143,4.7879806831081],[-75.7281236106384,4.78799207511952],[-75.7281840704306,4.78800830647763],[-75.7282280513052,4.78802347832128],[-75.7284577084025,4.78815269521845],[-75.728526056778,4.78820458728383],[-75.7286056022914,4.78827359353375],[-75.7286882458209,4.78835701204279],[-75.7287030002473,4.78838915777582],[-75.7287241983517,4.78842444696504],[-75.7287516289325,4.78845936512234],[-75.7287853629717,4.78849218111709],[-75.7290254785181,4.78869648060816],[-75.729090622153,4.78876963699269],[-75.7291477725768,4.78881868538672],[-75.7292002750258,4.78885558131398],[-75.7292373184899,4.78887771243538],[-75.7293640490083,4.78891672822229],[-75.7295162030489,4.78893829334436],[-75.7296142353097,4.78897075597452],[-75.7296711042438,4.78894820059887],[-75.7298143141672,4.78895953941295],[-75.7300511894722,4.78896270018935],[-75.7300909794408,4.78895003587729],[-75.7301343267261,4.78894320070328],[-75.7301699619389,4.78894263534614],[-75.7302661283509,4.7889978819027],[-75.7302989460218,4.78903068067596],[-75.7303323629495,4.7890754720547],[-75.7303563433029,4.78912035242952],[-75.7304012400846,4.78916860545491],[-75.7304050073126,4.78918690377755],[-75.7304298680391,4.78919960232259],[-75.730461630201,4.78922238657055],[-75.7304834268457,4.78924384663496],[-75.7304988855213,4.78926339840685],[-75.7305906848938,4.78931308180324],[-75.7306716394429,4.78935026059977],[-75.7307298104055,4.78937341507295],[-75.7308106241061,4.78938632594508],[-75.7308862959847,4.78938890414756],[-75.7309452767262,4.78938463016802],[-75.7309886589528,4.78937791796592],[-75.7311545455456,4.78932305810878],[-75.7311908503331,4.78931514493141],[-75.7312006390741,4.78932023144728],[-75.7312191257149,4.78931217741892],[-75.7313490251659,4.78932628870358],[-75.7314163171607,4.78934483410551],[-75.7314728333905,4.78937176784614],[-75.7315424140146,4.78941541169331],[-75.7315922051791,4.78945543380773],[-75.7317220352559,4.78959123840714],[-75.7317684815581,4.78968039674803],[-75.7317973221342,4.7898018070887],[-75.7318353885528,4.79003367809273],[-75.7318460237502,4.79013313371141],[-75.7318487705146,4.79020046255058],[-75.7318478909392,4.79026867475119],[-75.7318268693095,4.79037621996768],[-75.731810601553,4.79048971872218],[-75.7317998983042,4.79060939772152],[-75.7317973975955,4.7906208607825],[-75.7317761304695,4.79069401873755],[-75.7317659180135,4.79070558685983],[-75.731745389895,4.79079439371151],[-75.7317451086366,4.79083913230194],[-75.7317506020337,4.7908775294393],[-75.7317656738673,4.79092580057184],[-75.7317914496174,4.79097110395534],[-75.7319010675994,4.79110982328536],[-75.7319212098367,4.79113400219634],[-75.7319405065741,4.79115274243475],[-75.7319583949224,4.79116724257841],[-75.7320146304701,4.79123732648576],[-75.7320717811259,4.7913325612954],[-75.732080443472,4.79135236004976],[-75.7321100226947,4.79139838783479],[-75.7321604124245,4.79145545444685],[-75.7322596431659,4.79159426180498],[-75.7322795035054,4.79163034570682],[-75.7323353874787,4.79170051751252],[-75.7323782766614,4.79174094643203],[-75.7323881361943,4.79175640082754],[-75.7323971507929,4.79176796882004],[-75.7324094050347,4.79178100414607],[-75.7324588799225,4.79182802033705],[-75.7324808525743,4.7918438809831],[-75.7325057829256,4.7918643689967],[-75.7325275799149,4.79188480383366],[-75.7325858935694,4.79196511400696],[-75.732597232058,4.79198698018428],[-75.732612267905,4.79201082358027],[-75.7326258254295,4.79202885729787],[-75.7326581161659,4.79209668003733],[-75.7326639264669,4.79211912840077],[-75.7326714267372,4.79213869794965],[-75.7326780118623,4.79215203311647],[-75.7327450228111,4.79224535986081],[-75.7328464024958,4.79244764539786],[-75.7329047508948,4.79252451117039],[-75.7329204911249,4.79254946794368],[-75.7329332383927,4.79257769242635],[-75.7329421825534,4.79260455695528],[-75.7329474648998,4.79263154446504],[-75.7329491899505,4.79265174995923],[-75.7329486651444,4.79295939203863],[-75.7329524325577,4.79298454313699],[-75.7329846881989,4.7930426869569],[-75.7330102534431,4.79306020728732],[-75.7330459242074,4.79308860795773],[-75.7330708900942,4.79311169249452],[-75.7330937083582,4.79312651151523],[-75.7331164908924,4.79314623950532],[-75.7331370904193,4.7931675046212],[-75.7331504715684,4.79318357708714],[-75.7331891358884,4.79324299286568],[-75.7331950164873,4.79325945469109],[-75.7331986441871,4.79327540309953],[-75.7332002285659,4.79328873837421],[-75.7332091729944,4.79331270630012],[-75.7332254416412,4.79334811865175],[-75.7332469571851,4.79338808783747],[-75.7332620985899,4.79341281561046],[-75.7332872060796,4.79344368889151],[-75.733310975168,4.79346816874622],[-75.7333392509578,4.7934927541997],[-75.7334158751835,4.79354828395956],[-75.7335349654257,4.79358834018788],[-75.7336255330537,4.79363373211421],[-75.7337144464063,4.79368772470976],[-75.7338883282122,4.79373410404456],[-75.7339074489801,4.79374334134871],[-75.734052316095,4.79385826813611],[-75.734092600428,4.79389670115126],[-75.7341769710578,4.79399536157869],[-75.7342284534944,4.79406805875753],[-75.7342977884213,4.79413815931475],[-75.7343424039533,4.79417567417711],[-75.7343797302576,4.79420965610957],[-75.7344209294846,4.79425124969795],[-75.7344431845205,4.79427578260721],[-75.7345116040632,4.79434070832668],[-75.734533964306,4.79435798184397],[-75.734588051769,4.79441243388504],[-75.7346936912598,4.79449246093337],[-75.7347511242074,4.7945237403609],[-75.7347888021983,4.79455440145801],[-75.7348498974745,4.79458576853886],[-75.7348813781777,4.79460567360958],[-75.7349123655042,4.79463225509388],[-75.7349576504291,4.79465975517295],[-75.735000645715,4.79469447870736],[-75.7351089967199,4.79475389306017],[-75.735154139966,4.79478473064046],[-75.7352136503765,4.79481917109994],[-75.7353030919127,4.79489820886479],[-75.7353643638749,4.79496928166156],[-75.7353745752339,4.79498553049993],[-75.7353839068225,4.79500649589769],[-75.7353899639361,4.79502535925178],[-75.7353953522004,4.79505261187044],[-75.7353969364559,4.79507387756437],[-75.7353965499487,4.79509136312881],[-75.7353852131482,4.79527213653253],[-75.735389721565,4.79533091650656],[-75.7353967640024,4.79535608490178],[-75.7354065183747,4.79538160668837],[-75.7354142307315,4.7953978388652],[-75.7354245136423,4.79544206487858],[-75.7354388449955,4.79547832503927],[-75.7354489870773,4.79551575134276],[-75.7354558194354,4.79555158813493],[-75.7354597631936,4.79558431651862],[-75.7354861739405,4.79567799645576],[-75.7354958230303,4.79570159329292],[-75.7355095210946,4.79571833717571],[-75.7355844198897,4.79576743735972],[-75.7356013220276,4.79577157047779],[-75.7356227320007,4.79577985394967],[-75.7356412189046,4.79579022096067],[-75.7356882633297,4.79582775321237],[-75.7357131595665,4.79586445451602],[-75.7357518244466,4.7959076035009],[-75.7357725654844,4.79594186743232],[-75.7358506337128,4.79604921788414],[-75.7358639795807,4.79607788381414],[-75.7358884885321,4.79610893398105],[-75.7359072927829,4.79613632777214],[-75.7359208502325,4.79615863496023],[-75.7359457461715,4.79618811282243],[-75.7359824387355,4.79624860593498],[-75.7359968418858,4.79629889001494],[-75.7360085675832,4.7963191486212],[-75.7360255764844,4.79633831193963],[-75.7360391331034,4.79635689259064],[-75.7360476901647,4.79637068636845],[-75.7360642759444,4.79637946482266],[-75.7360943128615,4.79642208334835],[-75.7361074478137,4.79643969221026],[-75.7361859739456,4.79649810045527],[-75.7362026647389,4.79650525361378],[-75.7362573866242,4.79654647683485],[-75.736319291746,4.79661232086728],[-75.7363342581243,4.79664831648145],[-75.7364145093099,4.79672191359704],[-75.7364647249527,4.79682283570557],[-75.7364732818608,4.79684040935687],[-75.7364860293457,4.79686123319716],[-75.7365002206078,4.79687972558942],[-75.7365706476587,4.79695477159961],[-75.7366001920203,4.79697919765253],[-75.7366329757664,4.79700939977765],[-75.7366655479109,4.79704320507032],[-75.736697486699,4.79707829921254],[-75.7367284748272,4.79712026505714],[-75.7367714005558,4.79716212415614],[-75.7368330601717,4.79724668987124],[-75.7368649635609,4.79731287005227],[-75.7368799302952,4.79739489318178],[-75.7368958119608,4.79741306794919],[-75.7368958125291,4.79745665811918],[-75.736902186477,4.79748867979109],[-75.7369360274293,4.79756596925388],[-75.7369812766374,4.79760406659732],[-75.7366072870095,4.79821091306069],[-75.7365541164807,4.79827654644966],[-75.7364313301003,4.79844476418842],[-75.7364422474065,4.7984844331892],[-75.7363219618411,4.7986697127025],[-75.73625238102,4.798731248249],[-75.7360614226966,4.79894459367673],[-75.735867154815,4.7992083302304],[-75.7356871485692,4.7994383127232],[-75.7357137702858,4.79952227898414],[-75.7356848971604,4.79963353457573],[-75.7356464462668,4.79974786231177],[-75.7356335239008,4.79983407244891],[-75.7356521528839,4.79997056604519],[-75.735700679183,4.80009939414243],[-75.7357642394439,4.80015075579799],[-75.7360410496735,4.80006736798605],[-75.7363184226427,4.79991961931119],[-75.7363483167668,4.79983697736532],[-75.7363199689098,4.79973928769842],[-75.7365980456014,4.79957996917272],[-75.7368600304198,4.79949301421968],[-75.7370441246803,4.79947338884813],[-75.7374732347149,4.79957656571073],[-75.7375842637524,4.79965191112357],[-75.7377658939431,4.79971787627065],[-75.7378175871522,4.79972077219708],[-75.7380491152167,4.79980266894618],[-75.7379998897549,4.79992347958554],[-75.7379437653024,4.80026754166246],[-75.7378219982264,4.80030212612612],[-75.7376740052192,4.80081186217629],[-75.7377927089024,4.80079312083642],[-75.7378292252327,4.80079075337872],[-75.7378634172089,4.80080138536194],[-75.7379959963137,4.80086653911755],[-75.7376568042909,4.80196793002531],[-75.7374581401861,4.80258404655886],[-75.737300392764,4.80312483295608],[-75.7372291588144,4.80332378149478],[-75.7369002456607,4.80436642666789],[-75.7368037300586,4.80469332129083],[-75.7367274252441,4.80485547983783],[-75.7366474565324,4.80496297440572],[-75.7365132952082,4.80509796873177]],[[-75.7293348326153,4.79164714170234],[-75.7274748583975,4.79328569403522],[-75.7274080946664,4.79332713067284],[-75.727274532175,4.79345124330767],[-75.7271062146772,4.79361723364566],[-75.7270236045961,4.79368417399571],[-75.7265899574265,4.79408841009164],[-75.7261881067058,4.7952079347723],[-75.726063100167,4.79533817624965],[-75.726020105473,4.79537770422093],[-75.7259564756475,4.79543206850928],[-75.7258851686505,4.79548772215074],[-75.7258403075246,4.79554238754547],[-75.7258066438159,4.7955970515885],[-75.7257857972335,4.79569191634663],[-75.7256880103936,4.79582537215594],[-75.7256447340027,4.79586880414938],[-75.7256399444788,4.79588969825577],[-75.7256402259961,4.79596237859839],[-75.7256495575746,4.79599784420574],[-75.7256849116869,4.79607437563491],[-75.7257314282206,4.79609677076867],[-75.7258784069547,4.79609862567463],[-75.7260030613336,4.79611916751523],[-75.72608119906,4.79614716164248],[-75.7263212460092,4.79622182074498],[-75.7264719585118,4.79624796135371],[-75.726698941208,4.79625915866243],[-75.7267845446706,4.79628342740586],[-75.7268422231125,4.79631889280197],[-75.7268570832587,4.79633941624926],[-75.7268533860343,4.79635434123984],[-75.7267901083254,4.79640100463617],[-75.7267752126087,4.79641967377684],[-75.7267659166588,4.79644766848706],[-75.7267696494113,4.79652792625725],[-75.7267808115354,4.79658578806434],[-75.7268105670588,4.79662312568901],[-75.7268812746621,4.79667166149226],[-75.7269128958321,4.79670525549025],[-75.7269315237227,4.79675751787286],[-75.7269650116793,4.79691243363062],[-75.7270133939426,4.79706362339643],[-75.7270431497142,4.79712148491395],[-75.7270487485102,4.79715882267702],[-75.7270431489816,4.79735480384691],[-75.7270561782229,4.79744440445107],[-75.727097131534,4.7975265340134],[-75.7271492109335,4.79758812281207],[-75.7272180533467,4.79763105971797],[-75.7272538644201,4.79764714952036],[-75.7273012968076,4.7976731843258],[-75.7273390098188,4.79769824703287],[-75.7275994818909,4.79786995969754],[-75.7276428291289,4.79789095985379],[-75.727715368148,4.79791702890981],[-75.727808331192,4.79793575128815],[-75.7279083359778,4.79793901825726],[-75.7280218632867,4.79791662225818],[-75.7281185942278,4.79788490114296],[-75.7282711723979,4.7978120961162],[-75.7283567751336,4.79775610706082],[-75.7285037545573,4.79772436764425],[-75.7285447078287,4.7977299660207],[-75.7286023517473,4.79775237938428],[-75.7286370009369,4.79778284676318],[-75.7286852435875,4.79782219804515],[-75.7287289073986,4.79785503197143],[-75.7287921509299,4.79789422483989],[-75.7288460976522,4.79790356816154],[-75.7289056425707,4.79788862509362],[-75.7289782169863,4.79781956557058],[-75.7291717126495,4.79771316770347],[-75.7292427721352,4.7976528148368],[-75.7293202056556,4.79759117360654],[-75.7293894347032,4.79753958194024],[-75.7294266195569,4.7975321100953],[-75.7294898975192,4.79753585487477],[-75.7295113066798,4.79753256930697],[-75.7295652535991,4.79752802985928],[-75.7296126860243,4.79752838296307],[-75.7296517726788,4.79754145323955],[-75.7296945560384,4.79758624424802],[-75.7297448058116,4.79766277518365],[-75.7298880540464,4.79799687399819],[-75.7299420360211,4.79809394525794],[-75.7299717924906,4.79819847057053],[-75.7299810884894,4.79825633233848],[-75.7299792231234,4.79846163925207],[-75.7299829559058,4.79852137319114],[-75.7299997182988,4.79858296085531],[-75.7300387696998,4.798631497242],[-75.7300908851703,4.79864456701329],[-75.7301504307267,4.79864082241188],[-75.7301969471728,4.79861842578742],[-75.7302379695888,4.7985460808765],[-75.7302982895631,4.79844936177201],[-75.730351355495,4.79837205383258],[-75.7303885754009,4.7983384601672],[-75.730435092295,4.79833098861036],[-75.730479742166,4.79834405898517],[-75.7305132300791,4.79837577974492],[-75.7305319994757,4.798399235495],[-75.7305531619695,4.79842892582971],[-75.7305746429133,4.79846350774581],[-75.7306323217464,4.79853071259166],[-75.7306974314652,4.79858482958491],[-75.7307425400693,4.79861215332722],[-75.7308006413833,4.7986417718857],[-75.730851877116,4.79866321415674],[-75.7308909640652,4.79866883042875],[-75.7309430441366,4.79866135896791],[-75.7309932929509,4.79862216591793],[-75.7310732966023,4.79853071009482],[-75.7311458709643,4.79849337189117],[-75.7311742880446,4.79848773689097],[-75.7312163324414,4.79848155559206],[-75.7312653841445,4.79847745749855],[-75.7313058788994,4.79847657363072],[-75.7313282391634,4.79847911744637],[-75.731349120938,4.79848422135076],[-75.7313668330342,4.79849077363377],[-75.7313896165133,4.79850269607784],[-75.7314398304761,4.79854750438895],[-75.7314716986316,4.79858860423893],[-75.7314962072031,4.79862389365939],[-75.7315365971578,4.79869122167245],[-75.7316128700165,4.79878454882767],[-75.731720798799,4.79884240980549],[-75.7317862249777,4.79885512599905],[-75.7318356639142,4.79886867314137],[-75.7318789415811,4.79888345573517],[-75.7320036316951,4.79895065971498],[-75.7320668752151,4.79900292233189],[-75.7321051874983,4.7990484023768],[-75.7321395559685,4.79909579034732],[-75.7321710716486,4.79914663975865],[-75.7321953346123,4.79920474802498],[-75.7322157231377,4.79926983341077],[-75.7323050255344,4.79943969126025],[-75.7323422461755,4.79954607105334],[-75.7323906300681,4.79961887441778],[-75.7324799320222,4.79980740107603],[-75.7324910952069,4.79984472091732],[-75.7325190196161,4.79989511122115],[-75.7326492745017,4.80001270568812],[-75.7327311452603,4.80006496792514],[-75.7327906912636,4.80008363654729],[-75.7328220663895,4.80009216668926],[-75.7328533357485,4.80009764180726],[-75.7328948877579,4.80010043224096],[-75.7329488346188,4.80011722836203],[-75.7330288390762,4.80016761820634],[-75.7330715177689,4.80020485006541],[-75.7331156409984,4.80024121596843],[-75.7331776868906,4.80028893870663],[-75.7332223377366,4.80030760778958],[-75.7332884678354,4.80030933824473],[-75.7333938242263,4.80016039052294],[-75.7337091204153,4.79980952689159],[-75.7342804499733,4.79931294532408],[-75.7344056681251,4.79933431508875],[-75.7344700374794,4.79931147683959],[-75.7346926191528,4.79917863654096],[-75.7348740715203,4.79908537723644],[-75.735306837312,4.79877598222917],[-75.735267045681,4.79869740268141],[-75.7352192257107,4.79863931232301],[-75.735209189679,4.79862279802106],[-75.7352009844698,4.79857975497816],[-75.7352080264772,4.79855947901568],[-75.7352426408232,4.79852404827386],[-75.7352510569828,4.79850986475796],[-75.735261655282,4.79848814025086],[-75.7352703178763,4.79846498533129],[-75.7352870791298,4.79844808163422],[-75.7353148259551,4.79838974297676],[-75.7353209532926,4.79837266377622],[-75.7353437693375,4.79824895642857],[-75.7353654244815,4.79818067378937],[-75.7353925370852,4.79801517749083],[-75.7353943322827,4.79798750142463],[-75.7353883807521,4.79796164356263],[-75.7353483778582,4.79785512274495],[-75.7352988667084,4.79777101566819],[-75.7352423487322,4.79771179442649],[-75.7352069237212,4.79765200802741],[-75.7351855495819,4.79762443739065],[-75.7351487864966,4.79758853090295],[-75.7350834297685,4.79750749721003],[-75.735069027098,4.79749575137659],[-75.7350479344976,4.79748091587491],[-75.7350170876652,4.79746355423714],[-75.7349717328849,4.79742883053884],[-75.7349249699087,4.79740682418736],[-75.734874931477,4.79738598305393],[-75.73483443608,4.79737105876735],[-75.7348140831054,4.79735636394045],[-75.734791194458,4.7973428882234],[-75.7347658402657,4.7973311778058],[-75.7346315369386,4.79724454617692],[-75.734495119956,4.7971253624281],[-75.7343794791229,4.797011866285],[-75.7343358849003,4.79698383606313],[-75.7342911990147,4.79695227424459],[-75.7342555280655,4.79692477491865],[-75.7341953835376,4.79686292201563],[-75.7341493244816,4.79680080390391],[-75.734123196092,4.79677669548751],[-75.7340987220858,4.79674947855326],[-75.7340828053555,4.79672854810381],[-75.7340300557268,4.7966839691369],[-75.7339862503474,4.79663765931387],[-75.7339427974347,4.79658484999753],[-75.7338896952418,4.79653484868874],[-75.7338696936798,4.79651974680659],[-75.7338130003668,4.79648855642025],[-75.7337927175877,4.79648177403955],[-75.7337320455404,4.79647082403177],[-75.7336492946299,4.79642543293326],[-75.7335965455653,4.79640870710359],[-75.7335636559262,4.79638989671701],[-75.7334427687309,4.79629014180794],[-75.7334009351668,4.79627152626834],[-75.7332713150435,4.79617791712417],[-75.7332489545052,4.79615848918566],[-75.7331223979122,4.79602971454699],[-75.7330947203259,4.79599597935268],[-75.7330543309549,4.79596378134937],[-75.732965346724,4.79585517698137],[-75.7329453452501,4.79583636663385],[-75.7329270340406,4.79582651160401],[-75.732853403129,4.79576700795881],[-75.7328403036141,4.7957506883184],[-75.7328289296184,4.79573267244437],[-75.7328194928178,4.79571301499706],[-75.7328050901462,4.79569347976601],[-75.732783856836,4.79566862968656],[-75.7327625175206,4.79564729347463],[-75.732750615329,4.79563669617074],[-75.7327227621557,4.79561626113732],[-75.7326197275795,4.79556235718766],[-75.7325847615903,4.79552330623388],[-75.7324927845348,4.79545203899488],[-75.7324420421245,4.79541803959035],[-75.7324001034386,4.79539700454341],[-75.7323542905925,4.79537038743997],[-75.732318267567,4.79534650902167],[-75.7322641100334,4.79531874359963],[-75.7322215726677,4.79528818853306],[-75.7321714286654,4.7952634089791],[-75.7321558641973,4.79525040960533],[-75.7321336806934,4.79523495533302],[-75.732108256439,4.79522089596827],[-75.7320863891215,4.79521195877165],[-75.7320573034822,4.79520332287376],[-75.7320298014166,4.79519828915086],[-75.7319164159099,4.79515904393714],[-75.7318926118037,4.79514924225683],[-75.73186437026,4.7951347940149],[-75.7318412358308,4.79512034679198],[-75.7318196150095,4.79511301658608],[-75.7315902724656,4.7950720602367],[-75.7314792811057,4.79505649967957],[-75.7314236798598,4.79505499877565],[-75.7313639580588,4.79504994855128],[-75.7313166667816,4.79504339586345],[-75.7312732843163,4.79503301043623],[-75.7312259582005,4.79502492167909],[-75.7311890195335,4.79502087735373],[-75.7311455667784,4.79501003251922],[-75.731114755081,4.79499003911827],[-75.7311073606118,4.79498088994064],[-75.7310997541985,4.79496630153127],[-75.7310954935872,4.79494775632511],[-75.7310963741935,4.79492836239652],[-75.7311019373973,4.7948887457787],[-75.7311260931627,4.79479949865443],[-75.7311536985864,4.79458744473034],[-75.7311671139646,4.79454367768355],[-75.7311704588384,4.79448588692918],[-75.7311667616831,4.79445112764569],[-75.7311637333984,4.79440154945396],[-75.7311634155816,4.7943521474704],[-75.7311614435598,4.79433153557735],[-75.731156372566,4.7943149334042],[-75.7311485553082,4.79429986723864],[-75.731148238406,4.79426196397353],[-75.7311437657934,4.79423340409757],[-75.7311301390828,4.79421067272755],[-75.73111781388,4.79419613740171],[-75.7311100672134,4.79417723816861],[-75.7311145745217,4.79415816328591],[-75.7311064395141,4.79414106597971],[-75.7310959113091,4.7940786652174],[-75.7310855227379,4.79403608168622],[-75.7310743603243,4.79401176041392],[-75.7310593942683,4.79399095476112],[-75.731009180752,4.79394376161191],[-75.73090706177,4.79377411546209],[-75.7308428684247,4.79369723170694],[-75.7307489196361,4.79360129142953],[-75.7307221580006,4.79358129787653],[-75.7306774370051,4.79354256396487],[-75.7306364139145,4.7935041492402],[-75.7305964822804,4.7934638435681],[-75.7305648610495,4.79342883759036],[-75.7304375654683,4.79327159067505],[-75.7304260153613,4.79326623938985],[-75.7303667171747,4.79320466825535],[-75.7302463588398,4.7930701006383],[-75.7302257239599,4.79303565874734],[-75.7299962052669,4.7927686059119],[-75.7298783114595,4.79255328545489],[-75.7298563033712,4.79252426700903],[-75.7298250339446,4.7924067953705],[-75.729756720308,4.79233923694822],[-75.7297536217793,4.79232784513523],[-75.7297291135139,4.79229114269232],[-75.7296483345311,4.79221346407315],[-75.7296338270288,4.79219599619232],[-75.7296210447891,4.79217466053841],[-75.7295789293502,4.79207979608005],[-75.7295426954315,4.79198018154851],[-75.7295077987804,4.79189948254125],[-75.7294104703054,4.79174682761204],[-75.7293716297837,4.79169936935479],[-75.7293348326153,4.79164714170234]]]},"properties":{"FID":16,"ID_COMUNA":18,"NOMBRE":"El Oso","NORMA":"Ac 63/1992","ACT_GEOGRA":1151712000000}},{"type":"Feature","id":17,"geometry":{"type":"Polygon","coordinates":[[[-75.7427438235219,4.80174510845058],[-75.7427117094247,4.80176699263128],[-75.7426760384297,4.80179804336979],[-75.7426603362185,4.80191779456396],[-75.7426157228434,4.80198432941746],[-75.7424730757473,4.80208627889837],[-75.7422377832505,4.80220603511257],[-75.7421722873575,4.80226211424627],[-75.7420045703003,4.80243994125708],[-75.7418549865099,4.80255849453628],[-75.7417000136059,4.8026047023187],[-75.7416529688683,4.80262526257056],[-75.7414551051846,4.80265068236464],[-75.7412735806979,4.80264824922823],[-75.741149311792,4.80261921501229],[-75.7408705963204,4.80251882792934],[-75.7407702047343,4.80260571130094],[-75.7406398122341,4.80273440112692],[-75.7405903725308,4.80275980056108],[-75.7405264251527,4.80277311950883],[-75.7404378286344,4.80276330039993],[-75.7400468872319,4.80265201873124],[-75.7399745233053,4.80261452282562],[-75.7399251881434,4.80257193972008],[-75.7398724721207,4.80248702093241],[-75.7398329608825,4.80235114531723],[-75.7398291880438,4.80212657001995],[-75.739821652017,4.80208128347288],[-75.7397781271455,4.80201459141074],[-75.7394807102155,4.80173343183591],[-75.7393484816016,4.80159323105734],[-75.7391809314864,4.80131771978342],[-75.7391075460808,4.80126111360036],[-75.7389732059173,4.80119357525967],[-75.7388778825836,4.80114977453358],[-75.738314115002,4.80098543640721],[-75.7379959963137,4.80086653911755],[-75.7378634172089,4.80080138536194],[-75.7378292252327,4.80079075337872],[-75.7377927089024,4.80079312083642],[-75.7376740052192,4.80081186217629],[-75.7378219982264,4.80030212612612],[-75.7379437653024,4.80026754166246],[-75.7379998897549,4.79992347958554],[-75.7380491152167,4.79980266894618],[-75.7378175871522,4.79972077219708],[-75.7377658939431,4.79971787627065],[-75.7375842637524,4.79965191112357],[-75.7374732347149,4.79957656571073],[-75.7370441246803,4.79947338884813],[-75.7368600304198,4.79949301421968],[-75.7365980456014,4.79957996917272],[-75.7363199689098,4.79973928769842],[-75.7363483167668,4.79983697736532],[-75.7363184226427,4.79991961931119],[-75.7360410496735,4.80006736798605],[-75.7357642394439,4.80015075579799],[-75.735700679183,4.80009939414243],[-75.7356521528839,4.79997056604519],[-75.7356335239008,4.79983407244891],[-75.7356464462668,4.79974786231177],[-75.7356848971604,4.79963353457573],[-75.7357137702858,4.79952227898414],[-75.7356871485692,4.7994383127232],[-75.735867154815,4.7992083302304],[-75.7360614226966,4.79894459367673],[-75.73625238102,4.798731248249],[-75.7363219618411,4.7986697127025],[-75.7364422474065,4.7984844331892],[-75.7364313301003,4.79844476418842],[-75.7365541164807,4.79827654644966],[-75.7366072870095,4.79821091306069],[-75.7369812766374,4.79760406659732],[-75.7369360274293,4.79756596925388],[-75.736902186477,4.79748867979109],[-75.7368958125291,4.79745665811918],[-75.7368958119608,4.79741306794919],[-75.7368799302952,4.79739489318178],[-75.7368649635609,4.79731287005227],[-75.7368330601717,4.79724668987124],[-75.7367714005558,4.79716212415614],[-75.7367284748272,4.79712026505714],[-75.736697486699,4.79707829921254],[-75.7366655479109,4.79704320507032],[-75.7366329757664,4.79700939977765],[-75.7366001920203,4.79697919765253],[-75.7365706476587,4.79695477159961],[-75.7365002206078,4.79687972558942],[-75.7364860293457,4.79686123319716],[-75.7364732818608,4.79684040935687],[-75.7364647249527,4.79682283570557],[-75.7364145093099,4.79672191359704],[-75.7363342581243,4.79664831648145],[-75.736319291746,4.79661232086728],[-75.7362573866242,4.79654647683485],[-75.7362026647389,4.79650525361378],[-75.7361859739456,4.79649810045527],[-75.7361074478137,4.79643969221026],[-75.7360943128615,4.79642208334835],[-75.7360642759444,4.79637946482266],[-75.7360476901647,4.79637068636845],[-75.7360391331034,4.79635689259064],[-75.7360255764844,4.79633831193963],[-75.7360085675832,4.7963191486212],[-75.7359968418858,4.79629889001494],[-75.7359824387355,4.79624860593498],[-75.7359457461715,4.79618811282243],[-75.7359208502325,4.79615863496023],[-75.7359072927829,4.79613632777214],[-75.7358884885321,4.79610893398105],[-75.7358639795807,4.79607788381414],[-75.7358506337128,4.79604921788414],[-75.7357725654844,4.79594186743232],[-75.7357518244466,4.7959076035009],[-75.7357131595665,4.79586445451602],[-75.7356882633297,4.79582775321237],[-75.7356412189046,4.79579022096067],[-75.7356227320007,4.79577985394967],[-75.7356013220276,4.79577157047779],[-75.7355844198897,4.79576743735972],[-75.7355095210946,4.79571833717571],[-75.7354958230303,4.79570159329292],[-75.7354861739405,4.79567799645576],[-75.7354597631936,4.79558431651862],[-75.7354558194354,4.79555158813493],[-75.7354489870773,4.79551575134276],[-75.7354388449955,4.79547832503927],[-75.7354245136423,4.79544206487858],[-75.7354142307315,4.7953978388652],[-75.7354065183747,4.79538160668837],[-75.7353967640024,4.79535608490178],[-75.735389721565,4.79533091650656],[-75.7353852131482,4.79527213653253],[-75.7353965499487,4.79509136312881],[-75.7353969364559,4.79507387756437],[-75.7353953522004,4.79505261187044],[-75.7353899639361,4.79502535925178],[-75.7353839068225,4.79500649589769],[-75.7353745752339,4.79498553049993],[-75.7353643638749,4.79496928166156],[-75.7353030919127,4.79489820886479],[-75.7352136503765,4.79481917109994],[-75.735154139966,4.79478473064046],[-75.7351089967199,4.79475389306017],[-75.735000645715,4.79469447870736],[-75.7349576504291,4.79465975517295],[-75.7349123655042,4.79463225509388],[-75.7348813781777,4.79460567360958],[-75.7348498974745,4.79458576853886],[-75.7347888021983,4.79455440145801],[-75.7347511242074,4.7945237403609],[-75.7346936912598,4.79449246093337],[-75.734588051769,4.79441243388504],[-75.734533964306,4.79435798184397],[-75.7345116040632,4.79434070832668],[-75.7344431845205,4.79427578260721],[-75.7344209294846,4.79425124969795],[-75.7343797302576,4.79420965610957],[-75.7343424039533,4.79417567417711],[-75.7342977884213,4.79413815931475],[-75.7342284534944,4.79406805875753],[-75.7341769710578,4.79399536157869],[-75.734092600428,4.79389670115126],[-75.734052316095,4.79385826813611],[-75.7339074489801,4.79374334134871],[-75.7338883282122,4.79373410404456],[-75.7337144464063,4.79368772470976],[-75.7336255330537,4.79363373211421],[-75.7335349654257,4.79358834018788],[-75.7334158751835,4.79354828395956],[-75.7333392509578,4.7934927541997],[-75.733310975168,4.79346816874622],[-75.7332872060796,4.79344368889151],[-75.7332620985899,4.79341281561046],[-75.7332469571851,4.79338808783747],[-75.7332254416412,4.79334811865175],[-75.7332091729944,4.79331270630012],[-75.7332002285659,4.79328873837421],[-75.7331986441871,4.79327540309953],[-75.7331950164873,4.79325945469109],[-75.7331891358884,4.79324299286568],[-75.7331504715684,4.79318357708714],[-75.7331370904193,4.7931675046212],[-75.7331164908924,4.79314623950532],[-75.7330937083582,4.79312651151523],[-75.7330708900942,4.79311169249452],[-75.7330459242074,4.79308860795773],[-75.7330102534431,4.79306020728732],[-75.7329846881989,4.7930426869569],[-75.7329524325577,4.79298454313699],[-75.7329486651444,4.79295939203863],[-75.7329491899505,4.79265174995923],[-75.7329474648998,4.79263154446504],[-75.7329421825534,4.79260455695528],[-75.7329332383927,4.79257769242635],[-75.7329204911249,4.79254946794368],[-75.7329047508948,4.79252451117039],[-75.7328464024958,4.79244764539786],[-75.7327450228111,4.79224535986081],[-75.7326780118623,4.79215203311647],[-75.7326714267372,4.79213869794965],[-75.7326639264669,4.79211912840077],[-75.7326581161659,4.79209668003733],[-75.7326258254295,4.79202885729787],[-75.732612267905,4.79201082358027],[-75.732597232058,4.79198698018428],[-75.7325858935694,4.79196511400696],[-75.7325275799149,4.79188480383366],[-75.7325057829256,4.7918643689967],[-75.7324808525743,4.7918438809831],[-75.7324588799225,4.79182802033705],[-75.7324094050347,4.79178100414607],[-75.7323971507929,4.79176796882004],[-75.7323881361943,4.79175640082754],[-75.7323782766614,4.79174094643203],[-75.7323353874787,4.79170051751252],[-75.7322795035054,4.79163034570682],[-75.7322596431659,4.79159426180498],[-75.7321604124245,4.79145545444685],[-75.7321100226947,4.79139838783479],[-75.732080443472,4.79135236004976],[-75.7320717811259,4.7913325612954],[-75.7320146304701,4.79123732648576],[-75.7319583949224,4.79116724257841],[-75.7319405065741,4.79115274243475],[-75.7319212098367,4.79113400219634],[-75.7319010675994,4.79110982328536],[-75.7317914496174,4.79097110395534],[-75.7317656738673,4.79092580057184],[-75.7317506020337,4.7908775294393],[-75.7317451086366,4.79083913230194],[-75.731745389895,4.79079439371151],[-75.7317659180135,4.79070558685983],[-75.7317761304695,4.79069401873755],[-75.7317973975955,4.7906208607825],[-75.7317998983042,4.79060939772152],[-75.731810601553,4.79048971872218],[-75.7318268693095,4.79037621996768],[-75.7318478909392,4.79026867475119],[-75.7318487705146,4.79020046255058],[-75.7318460237502,4.79013313371141],[-75.7318353885528,4.79003367809273],[-75.7317973221342,4.7898018070887],[-75.7317684815581,4.78968039674803],[-75.7317220352559,4.78959123840714],[-75.7315922051791,4.78945543380773],[-75.7315424140146,4.78941541169331],[-75.7314728333905,4.78937176784614],[-75.7314163171607,4.78934483410551],[-75.7313490251659,4.78932628870358],[-75.7312191257149,4.78931217741892],[-75.7312006390741,4.78932023144728],[-75.7311908503331,4.78931514493141],[-75.7311545455456,4.78932305810878],[-75.7309886589528,4.78937791796592],[-75.7309452767262,4.78938463016802],[-75.7308862959847,4.78938890414756],[-75.7308106241061,4.78938632594508],[-75.7307298104055,4.78937341507295],[-75.7306716394429,4.78935026059977],[-75.7305906848938,4.78931308180324],[-75.7304988855213,4.78926339840685],[-75.7304834268457,4.78924384663496],[-75.730461630201,4.78922238657055],[-75.7304298680391,4.78919960232259],[-75.7304050073126,4.78918690377755],[-75.7304012400846,4.78916860545491],[-75.7303563433029,4.78912035242952],[-75.7303323629495,4.7890754720547],[-75.7302989460218,4.78903068067596],[-75.7302661283509,4.7889978819027],[-75.7301699619389,4.78894263534614],[-75.7301343267261,4.78894320070328],[-75.7300909794408,4.78895003587729],[-75.7300511894722,4.78896270018935],[-75.7298143141672,4.78895953941295],[-75.7296711042438,4.78894820059887],[-75.7296142353097,4.78897075597452],[-75.7295162030489,4.78893829334436],[-75.7293640490083,4.78891672822229],[-75.7292373184899,4.78887771243538],[-75.7292002750258,4.78885558131398],[-75.7291477725768,4.78881868538672],[-75.729090622153,4.78876963699269],[-75.7290254785181,4.78869648060816],[-75.7287853629717,4.78849218111709],[-75.7287516289325,4.78845936512234],[-75.7287241983517,4.78842444696504],[-75.7287030002473,4.78838915777582],[-75.7286882458209,4.78835701204279],[-75.7286056022914,4.78827359353375],[-75.728526056778,4.78820458728383],[-75.7284577084025,4.78815269521845],[-75.7282280513052,4.78802347832128],[-75.7281840704306,4.78800830647763],[-75.7281236106384,4.78799207511952],[-75.7280617418143,4.7879806831081],[-75.7280046621826,4.78797467787106],[-75.7278142323487,4.78795440209985],[-75.7277615548005,4.78794530551647],[-75.7277140171535,4.78793048734838],[-75.727677185006,4.78791416696381],[-75.7276146471609,4.78787492140567],[-75.7275046782471,4.7877830601543],[-75.7273752009369,4.78769504964905],[-75.7270894161281,4.7873678733768],[-75.7270386042733,4.78732009674562],[-75.7269694116277,4.78726135197722],[-75.7268894432516,4.78720133562432],[-75.7268148277284,4.787152004935],[-75.7266223211283,4.7869681221802],[-75.7265882349995,4.78691229176442],[-75.7265433391747,4.7866630234039],[-75.7264395676887,4.78630813540198],[-75.7263456559984,4.78610079716846],[-75.7263308320401,4.78606144595854],[-75.7262277997159,4.78591278197952],[-75.7260996973189,4.78578201040391],[-75.7260513150039,4.78574629775682],[-75.7259933556712,4.78572441363079],[-75.7258892315982,4.78570369588124],[-75.7257850735354,4.78569846724962],[-75.7256722875727,4.78569779608743],[-75.7255424941902,4.78569309809601],[-75.7254524209922,4.78567124903862],[-75.7253115707009,4.78562949540228],[-75.7251760730442,4.78558016457322],[-75.7250638161728,4.78553173397734],[-75.7246457037976,4.78531430944225],[-75.7243299178559,4.78522076909216],[-75.7240946281542,4.78519999702162],[-75.7240010339094,4.78517461592863],[-75.723772857163,4.78509889665545],[-75.7237190530767,4.78508496091059],[-75.7236478527105,4.78507916794014],[-75.7235670755325,4.78507791336536],[-75.7234916151333,4.78508181608632],[-75.7234222466659,4.78503624736639],[-75.723349110641,4.78496485588239],[-75.7232828414795,4.78488760071386],[-75.7232214667507,4.78480801372172],[-75.7231601272247,4.78471511005999],[-75.7231089984734,4.78466879901631],[-75.7230828363485,4.78459168556811],[-75.7229985737848,4.78446924987916],[-75.7229366707422,4.78436184495359],[-75.7228756130191,4.78431449177251],[-75.7265229875821,4.78360896565793],[-75.726703239859,4.78363249224286],[-75.7268232789904,4.7836571665968],[-75.727085224821,4.78390090621659],[-75.7271514236638,4.78396231737465],[-75.7272181157409,4.78402312920838],[-75.7272858997199,4.78408273898811],[-75.7273552337107,4.78414053014593],[-75.7274265741288,4.78419583096281],[-75.7275001682443,4.78424800546945],[-75.7275760506492,4.78429687653798],[-75.7276539755594,4.78434232163516],[-75.7277338024943,4.78438428714377],[-75.7278154253546,4.78442264990199],[-75.7278986676123,4.78445735622151],[-75.7279833536384,4.78448835331992],[-75.7280693421178,4.78451555322429],[-75.7281564222772,4.78453890217895],[-75.7282444535978,4.78455836555198],[-75.7283138574897,4.78457087074184],[-75.728403120718,4.78458344579879],[-75.728492772245,4.78459286012114],[-75.7285826339524,4.7845998718617],[-75.7286726015133,4.78460529356229],[-75.7287626400256,4.7846099207246],[-75.7306081606997,4.78470196919337],[-75.7306981985457,4.78470652559021],[-75.73078820219,4.78471152308875],[-75.73087816997,4.78471735133486],[-75.7309680315989,4.78472446854804],[-75.731057717792,4.78473328141848],[-75.7311472278926,4.78474412625488],[-75.7312364571946,4.78475708964123],[-75.7313253327343,4.78477215516137],[-75.7314138220716,4.78478932184776],[-75.7314707957553,4.78480150847914],[-75.7315585810279,4.78482203143815],[-75.7316459782563,4.78484421528423],[-75.7317330234527,4.78486761709975],[-75.7318198931081,4.78489184848663],[-75.7319066213574,4.78491650449383],[-75.7323781523257,4.78505087570661],[-75.7324649167496,4.78507549646689],[-75.7325517859928,4.78509951622464],[-75.7326390071465,4.78512238850949],[-75.7327266868582,4.78514349425029],[-75.7328148587418,4.7851622332175],[-75.7329035940207,4.78517812820741],[-75.7329928227103,4.78519102087168],[-75.7330824384695,4.78520091100094],[-75.7331723007122,4.78520779831865],[-75.7332538882642,4.78521143645962],[-75.7333439967545,4.78521267206078],[-75.7334341415118,4.78521148755469],[-75.7335242501687,4.78520848399839],[-75.7336142881741,4.78520427970048],[-75.7337042913069,4.78519947412246],[-75.7347549603612,4.78514216630293],[-75.7349350018296,4.78513301596503],[-75.7350251103125,4.78512965871852],[-75.7351152194766,4.78512780310473],[-75.7352053628117,4.78512783703121],[-75.7352954716541,4.78512984986544],[-75.7353904400306,4.78513401664602],[-75.7354804078254,4.7851395089068],[-75.73557030521,4.78514598915576],[-75.7356602025356,4.78515296481818],[-75.7360841615918,4.78518625332174],[-75.7361290926101,4.7851897849344],[-75.7361740243249,4.78519342232066],[-75.7362189196485,4.78519723682861],[-75.73626381626,4.78520131622595],[-75.7363086770384,4.78520574903788],[-75.7363534666314,4.78521064097021],[-75.7363982218505,4.78521606261182],[-75.7364429064759,4.78522210248968],[-75.7364874509437,4.78522884906551],[-75.7365318893285,4.78523639009998],[-75.736576186484,4.78524472552428],[-75.7366203433082,4.78525385714839],[-75.7366643237923,4.78526376501246],[-75.7367080927549,4.78527446712892],[-75.7367516862418,4.7852859644725],[-75.7367950682392,4.78529823979555],[-75.7368382387841,4.78531127411299],[-75.7368811626617,4.78532510261424],[-75.736923805727,4.78533967370113],[-75.7369662012575,4.78535502179313],[-75.7370083159444,4.78537112874396],[-75.7370501488848,4.78538799545595],[-75.7370916640647,4.78540560468151],[-75.7371328632902,4.78542395461616],[-75.7371737096423,4.78544302981867],[-75.7372116344986,4.78546155686235],[-75.7372257899181,4.78546876282166],[-75.737251812162,4.78548202662171],[-75.7372916731389,4.78550315029923],[-75.7373312519172,4.78552480320214],[-75.7373705494649,4.78554695097807],[-75.737409600233,4.78556948791947],[-75.7374485107359,4.78559232473289],[-75.7374872801745,4.78561540898128],[-75.7375259439026,4.7856386340547],[-75.7375645723502,4.78566192957435],[-75.7387248358175,4.78636260897779],[-75.7387402596423,4.78637193470782],[-75.7387557177479,4.78638124242343],[-75.7387711758189,4.78639056821998],[-75.7387866348618,4.78639985785573],[-75.7388021281487,4.7864091484623],[-75.7388175872612,4.78641840283935],[-75.7388331157991,4.78642764017481],[-75.7388486092614,4.78643684127894],[-75.7388641730838,4.78644600816614],[-75.7388797378782,4.78645513889256],[-75.7388953370202,4.78646421725038],[-75.7389109362663,4.78647324226855],[-75.7389266058743,4.78648223216568],[-75.7389422756532,4.78649113436898],[-75.7389579806493,4.78650000047847],[-75.7389737561109,4.78650877812752],[-75.7389895668231,4.78651750250565],[-75.739005376805,4.78652613918814],[-75.7390212933001,4.7865346874807],[-75.739037209966,4.78654314807941],[-75.7390531961629,4.78655153739298],[-75.7390692177474,4.78655980291909],[-75.7390853106634,4.78656799806767],[-75.739101438101,4.78657605134587],[-75.7391176008226,4.786584034176],[-75.7391338340764,4.78659189419147],[-75.7391501369296,4.78659964766353],[-75.7391664760382,4.78660729452696],[-75.7391828504976,4.78661483658812],[-75.7391992945563,4.78662227210587],[-75.7392157739692,4.78662960101321],[-75.7392322887328,4.78663682511825],[-75.7392498599805,4.78664436680649],[-75.7392664805989,4.78665137775943],[-75.7392831717496,4.78665826589766],[-75.7392998621365,4.78666508351727],[-75.7393165879109,4.78667177734935],[-75.7393333850186,4.78667839989977],[-75.739350181396,4.78668493475448],[-75.7393670482388,4.78669138114863],[-75.7393839151839,4.78669777510709],[-75.7394008174497,4.7867040796322],[-75.7394177198512,4.78671031454451],[-75.7394346566021,4.78671649618403],[-75.7394516295046,4.78672262455428],[-75.7394686016099,4.78672869958301],[-75.7394856098652,4.78673472224652],[-75.7395026172882,4.78674070964965],[-75.7395196608628,4.78674664378351],[-75.7395367035367,4.78675257791526],[-75.7395537463128,4.7867584596113],[-75.7395707891244,4.78676432322584],[-75.7395878328728,4.78677016876062],[-75.7396049108668,4.78677601436203],[-75.7396219888946,4.78678184278598],[-75.7414303776682,4.78739919262614],[-75.7414802743238,4.78741630631676],[-75.7415654901373,4.78744576522796],[-75.7416504581531,4.78747614217397],[-75.7417100737214,4.78749862506678],[-75.7419988553562,4.78762195414912],[-75.7423037999573,4.78780250928925],[-75.7425406444673,4.78799954450776],[-75.7427882660298,4.78824797587473],[-75.742886265003,4.7883558020601],[-75.7469193683179,4.79279384025551],[-75.7473547532412,4.79325182780332],[-75.7475430427048,4.7934337611032],[-75.7477106593163,4.79356126021581],[-75.7482245681616,4.79392842609882],[-75.7499313074123,4.79509083074063],[-75.7501669579876,4.79524828228284],[-75.7502697822559,4.79531509540313],[-75.7505407158759,4.79547741961612],[-75.7508341512171,4.79562752110205],[-75.7514349995419,4.79586170171387],[-75.7516288845608,4.79592132243795],[-75.7518235440292,4.79597847109547],[-75.7545862134061,4.79677055293422],[-75.7547802400575,4.79682955479989],[-75.7549723297994,4.79689477375212],[-75.7552586529343,4.79702756428312],[-75.7555164907849,4.79720993376026],[-75.7556687927122,4.79734419597974],[-75.7558167641359,4.79748326305187],[-75.7570060668785,4.79863742397473],[-75.7574077615428,4.79903417079678],[-75.7577114512002,4.79929342180152],[-75.7580389132341,4.79961844623443],[-75.7582973924101,4.79991641410327],[-75.7588815529191,4.80085761032284],[-75.7590220706261,4.80120235355103],[-75.7591044434822,4.80140629603795],[-75.7592866598603,4.80187076967352],[-75.759377310883,4.80213085995705],[-75.7593548103631,4.80214338393109],[-75.759248186785,4.80220628456069],[-75.7591038881975,4.80232800154494],[-75.7590328677185,4.80242214501982],[-75.7590054059373,4.80252663657009],[-75.7590028764828,4.80264331342877],[-75.7590418301343,4.8027994815224],[-75.7590613051421,4.80285458686576],[-75.7590452509382,4.80291313854398],[-75.7590475125986,4.80309631345392],[-75.7590349154711,4.80327542749277],[-75.758990198886,4.80338034312933],[-75.7589595299134,4.80342086202616],[-75.7589264312903,4.80345760173837],[-75.7588859725811,4.80349517071195],[-75.7588344563861,4.80351698661154],[-75.7587439582298,4.80351699061461],[-75.7585572909953,4.80349518601743],[-75.7582835385748,4.80342744628434],[-75.7581811704759,4.80337211547928],[-75.7577009452663,4.80291122285246],[-75.7575506036529,4.80257085963601],[-75.7574601355208,4.80245833697883],[-75.7573639287535,4.80236533197454],[-75.7572871605877,4.80231021156632],[-75.7571952887396,4.80229170558254],[-75.7570623218068,4.80227242390498],[-75.7569158335314,4.80225612837878],[-75.7564894719338,4.80228483054496],[-75.7563756978661,4.80228359944791],[-75.7561763884514,4.80225031438994],[-75.7560277861498,4.80220584747061],[-75.7558505905078,4.80214564408145],[-75.7556364186367,4.80204805183074],[-75.7552797349273,4.80186492619679],[-75.7550976434102,4.8017638882212],[-75.7549945694723,4.80167434491599],[-75.7549541432522,4.80162907767389],[-75.7548430374838,4.80144421117203],[-75.7548029156714,4.80110855920639],[-75.7547582255623,4.80098577263917],[-75.7547037806594,4.80086065546304],[-75.754653352739,4.80080090557239],[-75.7545992643601,4.80077609256606],[-75.7545359861825,4.8007751770119],[-75.7544763704114,4.80079632054496],[-75.7544287288759,4.80083676922228],[-75.7542485848551,4.80101421178844],[-75.7541761201161,4.80111451935556],[-75.7540780203668,4.80123577412604],[-75.7539063304478,4.80149737711234],[-75.7537436911869,4.80176092233717],[-75.7536730955878,4.80194478994859],[-75.7535435533264,4.80214669226282],[-75.7534573904942,4.80226252484781],[-75.7533950305888,4.80231952360154],[-75.7533435143179,4.80234934004802],[-75.7532967510707,4.80235393323193],[-75.7532631219776,4.80234976710119],[-75.7532260072787,4.80234030089489],[-75.753191320976,4.80232636698678],[-75.7531500507187,4.80230430810956],[-75.7531243783219,4.80226753691038],[-75.7531078609678,4.80221605173028],[-75.7530931004298,4.80205555496712],[-75.7530298143513,4.80183308338447],[-75.7529791677271,4.80159528078474],[-75.7529351464958,4.80147025068334],[-75.752882885674,4.80135350481514],[-75.7527569905088,4.80114958154805],[-75.7527082167714,4.80105653801881],[-75.7526651131616,4.80099403309274],[-75.7526412729612,4.80097596515128],[-75.7526062348913,4.80095381801756],[-75.7525734151751,4.80093703991723],[-75.7525390818444,4.80092704479485],[-75.7525017557332,4.80092303691167],[-75.752468902392,4.80092508681721],[-75.7524435130752,4.80093033352827],[-75.7524135476911,4.80094102015586],[-75.7523881948161,4.80095727032027],[-75.7523542859409,4.80099771836428],[-75.7523084403851,4.80106667372886],[-75.7522623854758,4.80118012046903],[-75.7521995389633,4.80141266422824],[-75.7521181356624,4.80168288230451],[-75.7520486297619,4.80183988472446],[-75.751956375982,4.8019596388165],[-75.7518879935427,4.80201831540175],[-75.7518089766697,4.80207467859934],[-75.7517310859426,4.80209483433995],[-75.7515069171965,4.80209646712146],[-75.7513252165099,4.8020813550253],[-75.7510033630864,4.80199148351316],[-75.7508475791597,4.8019738613841],[-75.7506236578728,4.80198227666333],[-75.7505387932203,4.80199187006404],[-75.7499175097419,4.80153320258231],[-75.7491890344629,4.80100102632419],[-75.7489939165446,4.80097309144884],[-75.7487042500067,4.80090476502927],[-75.7483933821792,4.80074765153412],[-75.7466893850418,4.79981672461005],[-75.7461526591176,4.79960322102087],[-75.7458289075617,4.7995690712399],[-75.7435652597791,4.79949742187072],[-75.7433673625767,4.79952708157539],[-75.7431821429617,4.79960718466464],[-75.7431021747038,4.7996591665015],[-75.7429875228677,4.79975866040672],[-75.7427007205106,4.8001423449903],[-75.7424687431874,4.80049865223256],[-75.7419343977676,4.80120741640031],[-75.7423227003397,4.80143450927498],[-75.7425422939007,4.80157495473312],[-75.7427438235219,4.80174510845058]]]},"properties":{"FID":17,"ID_COMUNA":19,"NOMBRE":"San Joaquin","NORMA":"Ac 63/1992","ACT_GEOGRA":1151712000000}},{"type":"Feature","id":18,"geometry":{"type":"Polygon","coordinates":[[[-75.7293348326153,4.79164714170234],[-75.7293716297837,4.79169936935479],[-75.7294104703054,4.79174682761204],[-75.7295077987804,4.79189948254125],[-75.7295426954315,4.79198018154851],[-75.7295789293502,4.79207979608005],[-75.7296210447891,4.79217466053841],[-75.7296338270288,4.79219599619232],[-75.7296483345311,4.79221346407315],[-75.7297291135139,4.79229114269232],[-75.7297536217793,4.79232784513523],[-75.729756720308,4.79233923694822],[-75.7298250339446,4.7924067953705],[-75.7298563033712,4.79252426700903],[-75.7298783114595,4.79255328545489],[-75.7299962052669,4.7927686059119],[-75.7302257239599,4.79303565874734],[-75.7302463588398,4.7930701006383],[-75.7303667171747,4.79320466825535],[-75.7304260153613,4.79326623938985],[-75.7304375654683,4.79327159067505],[-75.7305648610495,4.79342883759036],[-75.7305964822804,4.7934638435681],[-75.7306364139145,4.7935041492402],[-75.7306774370051,4.79354256396487],[-75.7307221580006,4.79358129787653],[-75.7307489196361,4.79360129142953],[-75.7308428684247,4.79369723170694],[-75.73090706177,4.79377411546209],[-75.731009180752,4.79394376161191],[-75.7310593942683,4.79399095476112],[-75.7310743603243,4.79401176041392],[-75.7310855227379,4.79403608168622],[-75.7310959113091,4.7940786652174],[-75.7311064395141,4.79414106597971],[-75.7311145745217,4.79415816328591],[-75.7311100672134,4.79417723816861],[-75.73111781388,4.79419613740171],[-75.7311301390828,4.79421067272755],[-75.7311437657934,4.79423340409757],[-75.731148238406,4.79426196397353],[-75.7311485553082,4.79429986723864],[-75.731156372566,4.7943149334042],[-75.7311614435598,4.79433153557735],[-75.7311634155816,4.7943521474704],[-75.7311637333984,4.79440154945396],[-75.7311667616831,4.79445112764569],[-75.7311704588384,4.79448588692918],[-75.7311671139646,4.79454367768355],[-75.7311536985864,4.79458744473034],[-75.7311260931627,4.79479949865443],[-75.7311019373973,4.7948887457787],[-75.7310963741935,4.79492836239652],[-75.7310954935872,4.79494775632511],[-75.7310997541985,4.79496630153127],[-75.7311073606118,4.79498088994064],[-75.731114755081,4.79499003911827],[-75.7311455667784,4.79501003251922],[-75.7311890195335,4.79502087735373],[-75.7312259582005,4.79502492167909],[-75.7312732843163,4.79503301043623],[-75.7313166667816,4.79504339586345],[-75.7313639580588,4.79504994855128],[-75.7314236798598,4.79505499877565],[-75.7314792811057,4.79505649967957],[-75.7315902724656,4.7950720602367],[-75.7318196150095,4.79511301658608],[-75.7318412358308,4.79512034679198],[-75.73186437026,4.7951347940149],[-75.7318926118037,4.79514924225683],[-75.7319164159099,4.79515904393714],[-75.7320298014166,4.79519828915086],[-75.7320573034822,4.79520332287376],[-75.7320863891215,4.79521195877165],[-75.732108256439,4.79522089596827],[-75.7321336806934,4.79523495533302],[-75.7321558641973,4.79525040960533],[-75.7321714286654,4.7952634089791],[-75.7322215726677,4.79528818853306],[-75.7322641100334,4.79531874359963],[-75.732318267567,4.79534650902167],[-75.7323542905925,4.79537038743997],[-75.7324001034386,4.79539700454341],[-75.7324420421245,4.79541803959035],[-75.7324927845348,4.79545203899488],[-75.7325847615903,4.79552330623388],[-75.7326197275795,4.79556235718766],[-75.7327227621557,4.79561626113732],[-75.732750615329,4.79563669617074],[-75.7327625175206,4.79564729347463],[-75.732783856836,4.79566862968656],[-75.7328050901462,4.79569347976601],[-75.7328194928178,4.79571301499706],[-75.7328289296184,4.79573267244437],[-75.7328403036141,4.7957506883184],[-75.732853403129,4.79576700795881],[-75.7329270340406,4.79582651160401],[-75.7329453452501,4.79583636663385],[-75.732965346724,4.79585517698137],[-75.7330543309549,4.79596378134937],[-75.7330947203259,4.79599597935268],[-75.7331223979122,4.79602971454699],[-75.7332489545052,4.79615848918566],[-75.7332713150435,4.79617791712417],[-75.7334009351668,4.79627152626834],[-75.7334427687309,4.79629014180794],[-75.7335636559262,4.79638989671701],[-75.7335965455653,4.79640870710359],[-75.7336492946299,4.79642543293326],[-75.7337320455404,4.79647082403177],[-75.7337927175877,4.79648177403955],[-75.7338130003668,4.79648855642025],[-75.7338696936798,4.79651974680659],[-75.7338896952418,4.79653484868874],[-75.7339427974347,4.79658484999753],[-75.7339862503474,4.79663765931387],[-75.7340300557268,4.7966839691369],[-75.7340828053555,4.79672854810381],[-75.7340987220858,4.79674947855326],[-75.734123196092,4.79677669548751],[-75.7341493244816,4.79680080390391],[-75.7341953835376,4.79686292201563],[-75.7342555280655,4.79692477491865],[-75.7342911990147,4.79695227424459],[-75.7343358849003,4.79698383606313],[-75.7343794791229,4.797011866285],[-75.734495119956,4.7971253624281],[-75.7346315369386,4.79724454617692],[-75.7347658402657,4.7973311778058],[-75.734791194458,4.7973428882234],[-75.7348140831054,4.79735636394045],[-75.73483443608,4.79737105876735],[-75.734874931477,4.79738598305393],[-75.7349249699087,4.79740682418736],[-75.7349717328849,4.79742883053884],[-75.7350170876652,4.79746355423714],[-75.7350479344976,4.79748091587491],[-75.735069027098,4.79749575137659],[-75.7350834297685,4.79750749721003],[-75.7351487864966,4.79758853090295],[-75.7351855495819,4.79762443739065],[-75.7352069237212,4.79765200802741],[-75.7352423487322,4.79771179442649],[-75.7352988667084,4.79777101566819],[-75.7353483778582,4.79785512274495],[-75.7353883807521,4.79796164356263],[-75.7353943322827,4.79798750142463],[-75.7353925370852,4.79801517749083],[-75.7353654244815,4.79818067378937],[-75.7353437693375,4.79824895642857],[-75.7353209532926,4.79837266377622],[-75.7353148259551,4.79838974297676],[-75.7352870791298,4.79844808163422],[-75.7352703178763,4.79846498533129],[-75.735261655282,4.79848814025086],[-75.7352510569828,4.79850986475796],[-75.7352426408232,4.79852404827386],[-75.7352080264772,4.79855947901568],[-75.7352009844698,4.79857975497816],[-75.735209189679,4.79862279802106],[-75.7352192257107,4.79863931232301],[-75.735267045681,4.79869740268141],[-75.735306837312,4.79877598222917],[-75.7348740715203,4.79908537723644],[-75.7346926191528,4.79917863654096],[-75.7344700374794,4.79931147683959],[-75.7344056681251,4.79933431508875],[-75.7342804499733,4.79931294532408],[-75.7337091204153,4.79980952689159],[-75.7333938242263,4.80016039052294],[-75.7332884678354,4.80030933824473],[-75.7332223377366,4.80030760778958],[-75.7331776868906,4.80028893870663],[-75.7331156409984,4.80024121596843],[-75.7330715177689,4.80020485006541],[-75.7330288390762,4.80016761820634],[-75.7329488346188,4.80011722836203],[-75.7328948877579,4.80010043224096],[-75.7328533357485,4.80009764180726],[-75.7328220663895,4.80009216668926],[-75.7327906912636,4.80008363654729],[-75.7327311452603,4.80006496792514],[-75.7326492745017,4.80001270568812],[-75.7325190196161,4.79989511122115],[-75.7324910952069,4.79984472091732],[-75.7324799320222,4.79980740107603],[-75.7323906300681,4.79961887441778],[-75.7323422461755,4.79954607105334],[-75.7323050255344,4.79943969126025],[-75.7322157231377,4.79926983341077],[-75.7321953346123,4.79920474802498],[-75.7321710716486,4.79914663975865],[-75.7321395559685,4.79909579034732],[-75.7321051874983,4.7990484023768],[-75.7320668752151,4.79900292233189],[-75.7320036316951,4.79895065971498],[-75.7318789415811,4.79888345573517],[-75.7318356639142,4.79886867314137],[-75.7317862249777,4.79885512599905],[-75.731720798799,4.79884240980549],[-75.7316128700165,4.79878454882767],[-75.7315365971578,4.79869122167245],[-75.7314962072031,4.79862389365939],[-75.7314716986316,4.79858860423893],[-75.7314398304761,4.79854750438895],[-75.7313896165133,4.79850269607784],[-75.7313668330342,4.79849077363377],[-75.731349120938,4.79848422135076],[-75.7313282391634,4.79847911744637],[-75.7313058788994,4.79847657363072],[-75.7312653841445,4.79847745749855],[-75.7312163324414,4.79848155559206],[-75.7311742880446,4.79848773689097],[-75.7311458709643,4.79849337189117],[-75.7310732966023,4.79853071009482],[-75.7309932929509,4.79862216591793],[-75.7309430441366,4.79866135896791],[-75.7308909640652,4.79866883042875],[-75.730851877116,4.79866321415674],[-75.7308006413833,4.7986417718857],[-75.7307425400693,4.79861215332722],[-75.7306974314652,4.79858482958491],[-75.7306323217464,4.79853071259166],[-75.7305746429133,4.79846350774581],[-75.7305531619695,4.79842892582971],[-75.7305319994757,4.798399235495],[-75.7305132300791,4.79837577974492],[-75.730479742166,4.79834405898517],[-75.730435092295,4.79833098861036],[-75.7303885754009,4.7983384601672],[-75.730351355495,4.79837205383258],[-75.7302982895631,4.79844936177201],[-75.7302379695888,4.7985460808765],[-75.7301969471728,4.79861842578742],[-75.7301504307267,4.79864082241188],[-75.7300908851703,4.79864456701329],[-75.7300387696998,4.798631497242],[-75.7299997182988,4.79858296085531],[-75.7299829559058,4.79852137319114],[-75.7299792231234,4.79846163925207],[-75.7299810884894,4.79825633233848],[-75.7299717924906,4.79819847057053],[-75.7299420360211,4.79809394525794],[-75.7298880540464,4.79799687399819],[-75.7297448058116,4.79766277518365],[-75.7296945560384,4.79758624424802],[-75.7296517726788,4.79754145323955],[-75.7296126860243,4.79752838296307],[-75.7295652535991,4.79752802985928],[-75.7295113066798,4.79753256930697],[-75.7294898975192,4.79753585487477],[-75.7294266195569,4.7975321100953],[-75.7293894347032,4.79753958194024],[-75.7293202056556,4.79759117360654],[-75.7292427721352,4.7976528148368],[-75.7291717126495,4.79771316770347],[-75.7289782169863,4.79781956557058],[-75.7289056425707,4.79788862509362],[-75.7288460976522,4.79790356816154],[-75.7287921509299,4.79789422483989],[-75.7287289073986,4.79785503197143],[-75.7286852435875,4.79782219804515],[-75.7286370009369,4.79778284676318],[-75.7286023517473,4.79775237938428],[-75.7285447078287,4.7977299660207],[-75.7285037545573,4.79772436764425],[-75.7283567751336,4.79775610706082],[-75.7282711723979,4.7978120961162],[-75.7281185942278,4.79788490114296],[-75.7280218632867,4.79791662225818],[-75.7279083359778,4.79793901825726],[-75.727808331192,4.79793575128815],[-75.727715368148,4.79791702890981],[-75.7276428291289,4.79789095985379],[-75.7275994818909,4.79786995969754],[-75.7273390098188,4.79769824703287],[-75.7273012968076,4.7976731843258],[-75.7272538644201,4.79764714952036],[-75.7272180533467,4.79763105971797],[-75.7271492109335,4.79758812281207],[-75.727097131534,4.7975265340134],[-75.7270561782229,4.79744440445107],[-75.7270431489816,4.79735480384691],[-75.7270487485102,4.79715882267702],[-75.7270431497142,4.79712148491395],[-75.7270133939426,4.79706362339643],[-75.7269650116793,4.79691243363062],[-75.7269315237227,4.79675751787286],[-75.7269128958321,4.79670525549025],[-75.7268812746621,4.79667166149226],[-75.7268105670588,4.79662312568901],[-75.7267808115354,4.79658578806434],[-75.7267696494113,4.79652792625725],[-75.7267659166588,4.79644766848706],[-75.7267752126087,4.79641967377684],[-75.7267901083254,4.79640100463617],[-75.7268533860343,4.79635434123984],[-75.7268570832587,4.79633941624926],[-75.7268422231125,4.79631889280197],[-75.7267845446706,4.79628342740586],[-75.726698941208,4.79625915866243],[-75.7264719585118,4.79624796135371],[-75.7263212460092,4.79622182074498],[-75.72608119906,4.79614716164248],[-75.7260030613336,4.79611916751523],[-75.7258784069547,4.79609862567463],[-75.7257314282206,4.79609677076867],[-75.7256849116869,4.79607437563491],[-75.7256495575746,4.79599784420574],[-75.7256402259961,4.79596237859839],[-75.7256399444788,4.79588969825577],[-75.7256447340027,4.79586880414938],[-75.7256880103936,4.79582537215594],[-75.7257857972335,4.79569191634663],[-75.7258066438159,4.7955970515885],[-75.7258403075246,4.79554238754547],[-75.7258851686505,4.79548772215074],[-75.7259564756475,4.79543206850928],[-75.726020105473,4.79537770422093],[-75.726063100167,4.79533817624965],[-75.7261881067058,4.7952079347723],[-75.7265899574265,4.79408841009164],[-75.7270236045961,4.79368417399571],[-75.7271062146772,4.79361723364566],[-75.727274532175,4.79345124330767],[-75.7274080946664,4.79332713067284],[-75.7274748583975,4.79328569403522],[-75.7293348326153,4.79164714170234]]]},"properties":{"FID":18,"ID_COMUNA":20,"NOMBRE":"Perla del Otun","NORMA":"Ac 63/1992","ACT_GEOGRA":1151712000000}},{"type":"Feature","id":19,"geometry":{"type":"Polygon","coordinates":[[[-75.7019848699568,4.79922000294061],[-75.7018970508942,4.79915977100038],[-75.7017953563885,4.79911785510796],[-75.7016827811684,4.79906903204884],[-75.7015610510303,4.79901330258604],[-75.7014778785336,4.79898549910368],[-75.7011982859973,4.79898548867703],[-75.7011382133706,4.79896694126156],[-75.7010987750609,4.79893733827516],[-75.7010388800947,4.79888590288927],[-75.7009879989154,4.79883490967594],[-75.7008401509977,4.79850594438178],[-75.700802758917,4.79838481529598],[-75.7007284370991,4.79804811590828],[-75.7006063314117,4.79768077061793],[-75.700609688608,4.79736719430335],[-75.7006377245268,4.79722158810928],[-75.7007060784183,4.7970730861779],[-75.7008027781804,4.79693864416062],[-75.7008119708062,4.79689028533842],[-75.700814473476,4.79683807534956],[-75.7008083133948,4.79677980705518],[-75.7007993697926,4.79675829440664],[-75.7007809548268,4.79672319834462],[-75.7006856711486,4.79664834192041],[-75.7006154224589,4.79660460805324],[-75.7005363359396,4.7965553977271],[-75.700337210081,4.79645111128703],[-75.7003090399203,4.79644335652184],[-75.7000462825951,4.7963710724152],[-75.6998608886543,4.79629361583519],[-75.699639440942,4.79611807970948],[-75.6995401792656,4.79602587826056],[-75.6994691219272,4.7959598886767],[-75.699294052075,4.79571981579461],[-75.6992657087707,4.79565011991625],[-75.699265711061,4.79557526669483],[-75.6992846591965,4.79549451573281],[-75.6993172368296,4.79535583295393],[-75.6994153155976,4.7951016583999],[-75.699446206641,4.79487190850919],[-75.6994661920253,4.79437164231036],[-75.6994640449409,4.79434264069106],[-75.6994582007646,4.79431519380708],[-75.6994371823455,4.79421356371884],[-75.6994137353871,4.79411050305204],[-75.6993779292272,4.79396892135497],[-75.6993601481453,4.79393326063956],[-75.6993300435975,4.79386912744083],[-75.699294586849,4.79380276853336],[-75.6992280036287,4.79369700364985],[-75.6990840602081,4.7935168071786],[-75.6989054669851,4.79334879604774],[-75.6986871534212,4.79318961503363],[-75.6982210861144,4.79293038406836],[-75.6978749142503,4.79279772537902],[-75.6973852858424,4.79264058100469],[-75.6973003188998,4.79259675667744],[-75.6972624307349,4.7925772386634],[-75.6972413743353,4.79255083236222],[-75.6972308484177,4.79250685279129],[-75.6973092001712,4.79241842087127],[-75.6973872360773,4.79232121091901],[-75.6973978024369,4.79227497133252],[-75.6974073124792,4.79221262403862],[-75.6974118226103,4.79213821300766],[-75.6973995367764,4.7920537512384],[-75.6973482388532,4.79188337879777],[-75.6972975769367,4.79168303310596],[-75.6972730101396,4.7913944482929],[-75.697294149635,4.79112651194642],[-75.6973433187353,4.7908373997571],[-75.6973029461174,4.79045304911879],[-75.6972812802523,4.78988536413561],[-75.6972410906948,4.78933150802313],[-75.6971683860638,4.78911399345375],[-75.6971646542307,4.78910277846811],[-75.6968548417667,4.78854009717291],[-75.6968226943948,4.78849673483282],[-75.6967155491564,4.7883521813666],[-75.6967331299857,4.78811464182332],[-75.6967621159089,4.787998531378],[-75.696892309178,4.78771417435878],[-75.696905057246,4.78768632112531],[-75.6969163279455,4.78761593770017],[-75.6969163296606,4.78757822815278],[-75.69690129521,4.7875530942763],[-75.6968687241854,4.78753046718873],[-75.6967772082893,4.78751034649723],[-75.6965521999335,4.78749509406078],[-75.6962325067026,4.78745233648374],[-75.6960251053825,4.78743722610522],[-75.6958182688771,4.78737059436646],[-75.6955949216697,4.78724751319796],[-75.6954060127949,4.78708372278127],[-75.6951152778755,4.78676471004354],[-75.6950602772857,4.78672560295224],[-75.6950129524715,4.78670827443902],[-75.6949935861088,4.78670560635032],[-75.6949708383878,4.78670525211282],[-75.694953232101,4.78670703547993],[-75.6949349215219,4.78671084971651],[-75.694775897906,4.78677861202089],[-75.6946874416305,4.78683170049733],[-75.6945770116409,4.78690153266065],[-75.6944548199676,4.78698367400452],[-75.6944243605713,4.78700545054201],[-75.6943919287379,4.78702800328117],[-75.6943463980806,4.78704437390001],[-75.6942160733429,4.78710537393464],[-75.6941429358647,4.78712449849629],[-75.6940774041583,4.78713832445279],[-75.693984484483,4.78701547943243],[-75.6938748751993,4.78685352785902],[-75.6938586441305,4.78681493482993],[-75.6938367829105,4.78669809802375],[-75.6938295356408,4.78656847412927],[-75.6938459835248,4.7864798631123],[-75.6938878569,4.78637032333867],[-75.6939479697549,4.78626991602472],[-75.6940426956499,4.78617680560327],[-75.6941523151141,4.7861178710305],[-75.6943107733866,4.78606858366205],[-75.6944346170525,4.7860576391602],[-75.6945821559548,4.78608320354479],[-75.6946950460722,4.7861197163915],[-75.6951880093968,4.78638659912121],[-75.6953628363773,4.78645962299142],[-75.6954885080304,4.78649613714194],[-75.6956815428738,4.78649980140295],[-75.6964636490586,4.78649443262156],[-75.696604395384,4.7864524733101],[-75.6967173247837,4.78639041243706],[-75.6967919786745,4.78632103833714],[-75.6968612106497,4.78623523762584],[-75.6969158314002,4.78608175497904],[-75.6970051573056,4.78546921277052],[-75.6970252373947,4.78526187603056],[-75.6970179556878,4.78508479314284],[-75.6969706032893,4.78490405304168],[-75.6968777207541,4.78472512956285],[-75.6966992045378,4.78447041447728],[-75.6965642073903,4.78429468592912],[-75.6964293501846,4.78415392884845],[-75.6960135781009,4.78378789458856],[-75.6958879108059,4.78365097107251],[-75.6955341550609,4.78314623662522],[-75.6954703581197,4.78297914881222],[-75.6954430397058,4.78284040953461],[-75.6954412150966,4.78268522920916],[-75.6954648857144,4.78252457390206],[-75.6955198570129,4.78241097221013],[-75.6956582822515,4.78229961818668],[-75.6958024088954,4.7822392014008],[-75.6959863585324,4.78222094731002],[-75.6967300717984,4.78237798080294],[-75.696997821963,4.78247292731787],[-75.6971799357271,4.78259342759519],[-75.697345636872,4.78276504116399],[-75.6980224144426,4.78372187208501],[-75.6981153003547,4.78382046734887],[-75.6982628013775,4.7839099332731],[-75.6984276991117,4.78395958837685],[-75.6985952388159,4.78397967741252],[-75.698734399393,4.78395348989078],[-75.6987810217992,4.78393768430888],[-75.6989727216619,4.78383544474636],[-75.6991001957421,4.78372592662469],[-75.6991639364039,4.78356527296737],[-75.6991839795647,4.78338453473464],[-75.69915131824,4.78299479779907],[-75.6990747449611,4.78265438857923],[-75.6990199972594,4.78246402269824],[-75.698945318795,4.78228693692758],[-75.6988158526354,4.78207290008551],[-75.6987796555996,4.78202584664461],[-75.69865159356,4.7818951575681],[-75.6982509263648,4.78156471485692],[-75.6978752221964,4.7813008420052],[-75.6975468435821,4.78104451278925],[-75.6973592410765,4.78085645404554],[-75.6971604420857,4.78063305255353],[-75.6968395337283,4.78024897213387],[-75.6961883242468,4.77934941992571],[-75.7003978360127,4.77934959575804],[-75.7005099120904,4.77946051881484],[-75.7005612845384,4.77950278679383],[-75.7005815655877,4.77953744079712],[-75.7005956482637,4.77958795560766],[-75.7005957527325,4.77963267722464],[-75.7005875464058,4.77966801892657],[-75.7005670166082,4.77971643008666],[-75.7005031038869,4.77977504936294],[-75.7004446486344,4.77983909031897],[-75.7004060179653,4.77992086511648],[-75.7003752390249,4.78001941943394],[-75.7003549182119,4.78010350921878],[-75.70035491295,4.78024152284652],[-75.7003391348663,4.78030939772881],[-75.7002804298726,4.78047227761619],[-75.7002827177792,4.78050394646331],[-75.7003203212225,4.78058233241149],[-75.7003571510772,4.78064196234817],[-75.700497079854,4.78077092023053],[-75.7006143997928,4.78095417132218],[-75.7006882749269,4.78096514213512],[-75.700760458595,4.78099640721018],[-75.7008227820108,4.78105231035484],[-75.7008687317822,4.78111646166854],[-75.70088182784,4.78120526813815],[-75.7008818227272,4.78132201588837],[-75.7008721699905,4.78145303452611],[-75.7008670584884,4.78160243976093],[-75.7008801879937,4.78172413373038],[-75.700904797366,4.78183102710821],[-75.7009265567765,4.78188579824247],[-75.7009583509885,4.78195399385223],[-75.7009917298473,4.7820152305785],[-75.7011134181889,4.78215914721999],[-75.7011855658239,4.78221439749877],[-75.701293840832,4.7823038617138],[-75.7013365161878,4.78234662301758],[-75.7013725719579,4.782400901241],[-75.7014332738929,4.78251931148145],[-75.7014650667478,4.78261214509189],[-75.7014953470094,4.78268487959288],[-75.7014990428841,4.782711885492],[-75.7014895340984,4.78276088022458],[-75.7014528385577,4.78287988762512],[-75.7014044866382,4.78302129016534],[-75.7013900825451,4.78308748811895],[-75.7013812762138,4.78317055328413],[-75.7013831041858,4.78324798500205],[-75.7013950733495,4.78333792199407],[-75.7014050022913,4.78337232829437],[-75.7014216911728,4.78341745662097],[-75.7014457392579,4.78346790107053],[-75.701488661603,4.78350750142927],[-75.7015272889398,4.78352814974562],[-75.7016045437756,4.78354364214669],[-75.7017013435711,4.78354276263556],[-75.7017732471506,4.78353617737072],[-75.7018034242492,4.78353918157757],[-75.701836030394,4.78354651201055],[-75.7018762423967,4.78356200409484],[-75.7019184957024,4.78359819483173],[-75.7019526862506,4.78363345085786],[-75.7019818753069,4.78367907349467],[-75.7020645837881,4.78382971837063],[-75.7021566935208,4.78400602634743],[-75.7022262341686,4.7841204982337],[-75.7022704590801,4.7841590570085],[-75.7023292975796,4.78419486066719],[-75.7023799329088,4.78421519134197],[-75.7024494772471,4.78422036927594],[-75.702489021263,4.78421387084288],[-75.7025439173015,4.78419539748306],[-75.7025833922951,4.78416613317258],[-75.7026530805016,4.78406533617076],[-75.7027194948246,4.78397893496915],[-75.7027684415866,4.78393591106602],[-75.702839677264,4.78389373650975],[-75.702915244334,4.78387307432408],[-75.703001479869,4.78386896135068],[-75.7031589485392,4.78390572233087],[-75.7032532810508,4.7839332961918],[-75.7033489524731,4.78396867737652],[-75.703440608119,4.78401949525043],[-75.7034902214201,4.7840638470701],[-75.7035322981533,4.78412222182426],[-75.7036381392447,4.78433666381249],[-75.7037126797895,4.78446567190757],[-75.7037860236891,4.78456299342078],[-75.7039032777085,4.78467333363986],[-75.7040148620987,4.78478385051613],[-75.7040666229426,4.7848422437873],[-75.7041390864318,4.78494546424498],[-75.7042613372683,4.78515407819902],[-75.7043533074627,4.78532118439996],[-75.7044609451193,4.78553103289715],[-75.7045510114405,4.78574097000257],[-75.7046417481562,4.78591886807007],[-75.7047067117482,4.78603090151173],[-75.7048909001394,4.78631684273383],[-75.7049648075329,4.78642098187693],[-75.7050378713147,4.78649624310659],[-75.7051095621037,4.78654372197003],[-75.7051684020465,4.78656407077215],[-75.7052360456381,4.78656135324278],[-75.7053192533017,4.78654337583379],[-75.7055258474724,4.78647999223169],[-75.7056786704873,4.78644935300409],[-75.7057929361064,4.78644105506116],[-75.705933116091,4.78645584239835],[-75.7060353379539,4.78648438830126],[-75.7062851670757,4.786592153466],[-75.7065268989178,4.78669189969488],[-75.706682395318,4.78675024213332],[-75.7068155328597,4.78679256520527],[-75.7069727903649,4.78687982171502],[-75.7070459951445,4.78694778831317],[-75.7070961702131,4.78703205671128],[-75.7071232812951,4.78712720435555],[-75.7071496118151,4.7874126103614],[-75.7071739411503,4.78750313003254],[-75.7071895390136,4.78757911318181],[-75.7072058756107,4.78762487724487],[-75.7072440447023,4.78767812988256],[-75.7073368272397,4.7877712836368],[-75.7074068635225,4.78785240865588],[-75.707477814309,4.78794134016372],[-75.7076920414867,4.78817531861542],[-75.7077991900449,4.78828608216291],[-75.7078482408075,4.78831135815796],[-75.7078661287656,4.78831662209247],[-75.7078937348708,4.78831883081061],[-75.7079190887738,4.7883147690498],[-75.7079359204511,4.78831192606194],[-75.7079674358108,4.78830194697247],[-75.7079906061414,4.7882901846615],[-75.7080128606504,4.78827490737868],[-75.7080921624159,4.788187817189],[-75.7081596670997,4.78810734904093],[-75.7082511857766,4.78804357340787],[-75.7082907659322,4.78802674237324],[-75.7083562967542,4.78800258170457],[-75.708427603085,4.78798123062092],[-75.7084779580027,4.78795387268072],[-75.7085217983436,4.78793372144275],[-75.7085558493952,4.78792022792614],[-75.7087174061671,4.78786466642464],[-75.7087573024806,4.78785470676975],[-75.7087874792636,4.78785076852966],[-75.7088140653063,4.78784976217139],[-75.7088397702947,4.78785585626698],[-75.7088938212834,4.78788500067861],[-75.7089092794425,4.78789445090058],[-75.7089485050033,4.78792135163255],[-75.7089916398731,4.78795643008443],[-75.7090179781019,4.78798126368924],[-75.7091091064602,4.7880734809934],[-75.7093912569411,4.78837445398768],[-75.7094273492503,4.78842578130194],[-75.7094697788628,4.78849017848843],[-75.709510200768,4.78855632551692],[-75.7096715050278,4.78875536559236],[-75.7097043576917,4.78880755883329],[-75.7097425618062,4.78887552398984],[-75.7097815400219,4.78895574690573],[-75.7098062889608,4.78918541073745],[-75.7098323760735,4.78938337039094],[-75.7098474467603,4.78942411805566],[-75.7102526997123,4.78982288959053],[-75.7103276663244,4.78989027280681],[-75.7104473171463,4.78996597582461],[-75.7105703839051,4.79003920675006],[-75.7107138038403,4.79011888534948],[-75.7108363778377,4.79017072632014],[-75.7110028620993,4.79025623418504],[-75.7110429331256,4.79026547229653],[-75.7110912801478,4.79027179601073],[-75.7111951936174,4.79026038840338],[-75.7112288222248,4.79025002194441],[-75.7114432343923,4.79015989604882],[-75.711587643409,4.79009322416985],[-75.711767863265,4.79002547562877],[-75.711902200738,4.78999640654586],[-75.71196030138,4.79000043439792],[-75.7120701998742,4.79003977123687],[-75.7121092500933,4.7900661589086],[-75.7121627019515,4.79012220290229],[-75.7121806247947,4.79014945605547],[-75.7121997447945,4.79018333287048],[-75.7122153780114,4.79021634387502],[-75.7122277014277,4.79027238711463],[-75.7122550578946,4.79046181516972],[-75.7122575899752,4.79058776542079],[-75.712261498543,4.79060678723202],[-75.7122733650066,4.7906251568388],[-75.7122899845606,4.79064795945897],[-75.7123128372401,4.7906750533993],[-75.7123306540464,4.79071942184193],[-75.7123454054363,4.79084669651985],[-75.712293642285,4.79088788389956],[-75.7122163841323,4.79095240274556],[-75.7121127503907,4.79104530402857],[-75.7120332380278,4.79112495939143],[-75.7119006604537,4.79119710637485],[-75.7118618556135,4.79121006980019],[-75.7117858663303,4.79122870237944],[-75.7117308637055,4.79123565946892],[-75.7116720931123,4.79123903169587],[-75.7116021256553,4.79123765245626],[-75.7114541970238,4.79121818558589],[-75.7110842179636,4.79115287981355],[-75.7110714359378,4.79115446890157],[-75.7110545682275,4.79115907839367],[-75.7110292148845,4.79117232449946],[-75.711004424411,4.79120572302185],[-75.7109715698005,4.79125560073477],[-75.7109296997719,4.79133220134187],[-75.7108998727668,4.7914008712751],[-75.710809263009,4.7917182253043],[-75.7107840851798,4.79176649647764],[-75.7107379874833,4.79191482321972],[-75.7106943190441,4.79210322595241],[-75.7106895647396,4.79213024846505],[-75.7106917126795,4.792160433588],[-75.7106975221009,4.79218021588904],[-75.7107146693377,4.79222679161038],[-75.7107736491721,4.79229730074156],[-75.7109451649766,4.792570716732],[-75.7109912574905,4.79263050517031],[-75.7110565398416,4.79270352207571],[-75.7111159429023,4.79276062587451],[-75.7111498876888,4.79278169755111],[-75.7112478493358,4.79282147544995],[-75.711357395887,4.79285123881835],[-75.7114727878842,4.79287268393018],[-75.7115144088472,4.79288750315093],[-75.7115647633291,4.79291136587008],[-75.7116134614468,4.79294156990604],[-75.7116320536732,4.79297074824459],[-75.7116603277841,4.79303558724035],[-75.7116927914755,4.79316081346557],[-75.7117640579295,4.79334362031279],[-75.7118295519607,4.79347167262156],[-75.7119775813907,4.79372972245935],[-75.7121046257034,4.79389292432279],[-75.7121464575973,4.79393135866836],[-75.7121965653292,4.79397288422738],[-75.7122399817419,4.79400531250773],[-75.7123652679454,4.79408634975835],[-75.7124334389392,4.79412121689707],[-75.712545838123,4.79417138034013],[-75.7126310530331,4.79420372124008],[-75.7129396836565,4.79472116222537],[-75.7129979247142,4.79480313408619],[-75.7129919356551,4.79491150975891],[-75.7129618953901,4.79510438156907],[-75.7129618909547,4.79532136294905],[-75.7129738956082,4.79547808074332],[-75.7130120276136,4.79563577015286],[-75.7130435775071,4.79571480930671],[-75.7130956914341,4.79577042940415],[-75.7131281570429,4.79579176568446],[-75.7131754126998,4.7958196560469],[-75.7132199922622,4.7958427767102],[-75.7132385838963,4.79585597050784],[-75.713261296465,4.79587518719128],[-75.7132793245979,4.79589350402693],[-75.7133557702025,4.79599486890444],[-75.7133923198772,4.79606624354959],[-75.7134326027591,4.7961224104625],[-75.7134779563623,4.7961805556225],[-75.7135271479012,4.79623838298796],[-75.7135428521392,4.7962615553616],[-75.7135685217699,4.79630246252941],[-75.7135973246716,4.79635391267666],[-75.7136439457279,4.79642005941403],[-75.7136934897498,4.7964787517533],[-75.7137374340008,4.79653958183961],[-75.7137718363221,4.79659498935331],[-75.7138235986451,4.79665618943866],[-75.7138326835693,4.79666484489063],[-75.7138453242271,4.79667415293584],[-75.7138605715561,4.79668234787406],[-75.7138766991528,4.79669019108555],[-75.7139453996014,4.79671046782722],[-75.714064206923,4.79677513229807],[-75.7140878699837,4.79679178787947],[-75.7141132235087,4.79681217062498],[-75.714138083329,4.79683520306431],[-75.7141436115803,4.79685185860016],[-75.714129420245,4.79684830808085],[-75.7141131520589,4.79684818429145],[-75.7140960736314,4.79685263519435],[-75.7139856432214,4.79697086447167],[-75.7139104269762,4.79700150718326],[-75.7137148182228,4.79702241509469],[-75.713520336359,4.79700589746078],[-75.7134564962043,4.79697511083612],[-75.7134045570962,4.7969294347464],[-75.7133592039487,4.79689601718959],[-75.7133093777935,4.79686505423553],[-75.7131811686277,4.79679662809206],[-75.7127560783386,4.79667762820274],[-75.7125085669391,4.79662101543583],[-75.7123635254362,4.7965484737382],[-75.7121845029332,4.79652109285732],[-75.7121245014747,4.7964624527648],[-75.7121087622624,4.7964287878839],[-75.7120403796742,4.79635926795378],[-75.7120116836742,4.79623911101026],[-75.7119628090927,4.79615881672862],[-75.7118924204128,4.79608207303246],[-75.7118466099011,4.79600541735274],[-75.71182935569,4.79599312392055],[-75.7117917838045,4.79598637599233],[-75.7117719584531,4.79599496009162],[-75.7117422737936,4.79600274789501],[-75.711712060922,4.79600514920906],[-75.7116920597361,4.79600380647445],[-75.711565857838,4.79592045553835],[-75.7115232503779,4.79590448796002],[-75.7114684242385,4.79589500239608],[-75.7113967662175,4.7958788392926],[-75.7113115510395,4.79585384541805],[-75.7111778486612,4.79578087962824],[-75.7110611899035,4.79569150594645],[-75.7109350599819,4.79557293597243],[-75.7108435787069,4.79545962998697],[-75.7107675577374,4.79531672286373],[-75.7106516039836,4.79518467665893],[-75.7105735732626,4.79513566201122],[-75.7103933898273,4.79509325042969],[-75.7103320143035,4.7950595493547],[-75.7103069429236,4.79504285741655],[-75.7102859560683,4.79501694691367],[-75.7102754281981,4.79499117667805],[-75.7102728237065,4.79495449233041],[-75.7102778947482,4.79491415199556],[-75.7102901855203,4.79486642826472],[-75.7102866289122,4.79485489540741],[-75.7102760654404,4.79484113631551],[-75.710131554224,4.79475017173155],[-75.7101002504408,4.79472837570417],[-75.7100671510365,4.79469592908042],[-75.7100412347523,4.79465910224498],[-75.71002940472,4.79461699502094],[-75.7100257101952,4.79447227085868],[-75.7100257114479,4.79444989199825],[-75.7100199012377,4.79443051651386],[-75.7100107460261,4.79441555694872],[-75.7099977886566,4.79440287430855],[-75.7099833514161,4.79439432564062],[-75.7099702171577,4.79438992736357],[-75.7097859481918,4.79436145158099],[-75.7097498902535,4.79435163011873],[-75.7097132341516,4.79433716425519],[-75.7096795000892,4.79431934207722],[-75.7096277031928,4.79427626254189],[-75.7095947452357,4.79423796969779],[-75.7095627731392,4.79418611174546],[-75.7095166811224,4.7941021091396],[-75.709506928868,4.79405069436079],[-75.709511577382,4.79403068257223],[-75.7095816538888,4.79391891772675],[-75.7096848655808,4.79380118285398],[-75.7097093048359,4.79375098737366],[-75.7097249052724,4.79368987677685],[-75.7097274074335,4.79363120259372],[-75.7097219858583,4.79358951954389],[-75.7097118798351,4.79355239257152],[-75.7097006483741,4.79352651696438],[-75.7096887812915,4.7935112039124],[-75.7096773375664,4.79350097699052],[-75.7095727917184,4.79343862691974],[-75.7095241983197,4.7934197091266],[-75.7093814811962,4.79338973259666],[-75.7091965079084,4.79339382553989],[-75.7091367171736,4.79338172534503],[-75.7090840743184,4.79334671727011],[-75.7089903060415,4.79322452704149],[-75.7089236137937,4.79318490819547],[-75.7088368497835,4.79314596063391],[-75.7087532203906,4.79312001325193],[-75.7087139924935,4.79311907583523],[-75.7086761742511,4.7931261927082],[-75.7086550105972,4.79313392785873],[-75.7086104311832,4.793155297996],[-75.7085578573619,4.7931879545467],[-75.7085162344275,4.79322080570292],[-75.7084703509362,4.79325487421169],[-75.7084203831267,4.79328311516486],[-75.708387916365,4.79329736755608],[-75.7082646009901,4.79331725186561],[-75.7082165698044,4.79332468635986],[-75.7081716029182,4.79331977586361],[-75.708134876698,4.79330663332829],[-75.7081064603765,4.79328941209842],[-75.7080868119457,4.79327254384025],[-75.7080274447501,4.79318988332983],[-75.7079698382457,4.79313269071269],[-75.7079220209909,4.7930784133826],[-75.7078730418613,4.79301475692022],[-75.7078656126645,4.7929784435357],[-75.7078642052107,4.79293670707324],[-75.7078695584334,4.79290042925043],[-75.7078776933047,4.79287065079025],[-75.7078904775377,4.79281275395147],[-75.7079015717121,4.79273601152273],[-75.7079059049923,4.79266840000667],[-75.7079055539413,4.79260709479405],[-75.7078837951056,4.79250641871605],[-75.7078121419126,4.7923373887186],[-75.7078064395847,4.79226567983021],[-75.7078092570236,4.79224379572313],[-75.707817462415,4.79221887486149],[-75.7078321469746,4.79219414779268],[-75.7079858196254,4.79205928310688],[-75.7080164552055,4.79202325301468],[-75.7080262808284,4.79199928554982],[-75.708030859275,4.79197282776388],[-75.708029521694,4.79194622794226],[-75.7080230779649,4.79192234812088],[-75.7080157546158,4.79190664637884],[-75.7080055783349,4.79189127974785],[-75.7079930430753,4.7918775555692],[-75.7078675818114,4.7917935503307],[-75.7077251133926,4.79168598310885],[-75.7076271181156,4.79162622886125],[-75.7075791936979,4.79160771733519],[-75.7074608094513,4.79159029953161],[-75.7071681931053,4.79148640097924],[-75.7070467820537,4.79142000469312],[-75.7069541022437,4.79138822779676],[-75.7068218112946,4.79128468759928],[-75.7067885702208,4.79126787253617],[-75.7067779015862,4.79126398633528],[-75.7067577243799,4.79125881088031],[-75.7067259974438,4.79125594833024],[-75.7067039546778,4.79125760826557],[-75.7065220793975,4.79130428395355],[-75.706513733431,4.79132466618141],[-75.7063542863136,4.79144398735834],[-75.706062048783,4.79163079333335],[-75.7058919676657,4.79175274640785],[-75.7057351271771,4.79184285375181],[-75.7056777992626,4.79187072353735],[-75.7056473399225,4.79188160230389],[-75.7056081481479,4.7918919871095],[-75.7055751178426,4.79189783148908],[-75.7055541659294,4.79190018064703],[-75.7053685249068,4.79187973905563],[-75.7052255273696,4.79181676888447],[-75.7051797514131,4.79180371473909],[-75.7051165461481,4.791744296725],[-75.7050776035129,4.79164967856485],[-75.7050384486574,4.7916135582505],[-75.7050041173309,4.79157047830894],[-75.7049777441495,4.79152436137272],[-75.7049602096554,4.79148013446678],[-75.7049535203329,4.7914380276319],[-75.7049548252261,4.79139422457929],[-75.7049602841091,4.79135247120814],[-75.7049692638045,4.79134014354937],[-75.7049773279353,4.79132011517473],[-75.7049794066357,4.7912986020882],[-75.7048640497911,4.79128340848127],[-75.7048217594693,4.79128716939197],[-75.7046869616671,4.79136664574161],[-75.704450962726,4.79144724865901],[-75.7042768699975,4.79149079775421],[-75.7042397193214,4.79151704268467],[-75.7041535159687,4.79159842822585],[-75.7040166757072,4.79168751214011],[-75.7039339231206,4.79175301863871],[-75.7038942726072,4.79177380620496],[-75.7038516299084,4.79178749278577],[-75.7037779291983,4.79179098709101],[-75.7036930315327,4.7917857565187],[-75.7036313384458,4.79177561658195],[-75.7035996468271,4.79178170855033],[-75.7035156429433,4.79240868232224],[-75.7035231061538,4.79247927815942],[-75.7035243306315,4.79269594204848],[-75.7035597492461,4.79287950696795],[-75.7035958026341,4.79300741906732],[-75.7036728427535,4.79318058251684],[-75.7037613273743,4.7933324108393],[-75.7038317498651,4.79343171020463],[-75.7039391106439,4.79352860943855],[-75.7040425975056,4.79364071510388],[-75.7041060150629,4.79367957470471],[-75.7042079552816,4.79371689799828],[-75.7043233821261,4.7937486586524],[-75.7047894228138,4.79381780460366],[-75.7048301991936,4.79383756946314],[-75.7048635802928,4.79385648683614],[-75.7049178065191,4.7938931735684],[-75.7049493220482,4.79391846706121],[-75.70503548392,4.79403094284949],[-75.7051016123418,4.79409555422735],[-75.7051237603891,4.79412697552678],[-75.705144005365,4.79420387839835],[-75.7052155551878,4.79428258393081],[-75.7052543936625,4.79434092334916],[-75.7052884424999,4.79440910094869],[-75.7053653391803,4.79465485647134],[-75.7054157614996,4.79475072903756],[-75.7055230878496,4.79483846101863],[-75.7056687265126,4.79492444555725],[-75.7057330589487,4.79497372516061],[-75.7057480594553,4.7949890038727],[-75.7058294692364,4.79507184260352],[-75.7058382716879,4.79510411131492],[-75.7058535172004,4.79514429344616],[-75.705870841257,4.79517885927975],[-75.705885348055,4.79520265042713],[-75.7058889027206,4.79526660636091],[-75.7059258380447,4.79537459411923],[-75.7059237947629,4.79540725239605],[-75.7059268219744,4.79544423678323],[-75.7059372432193,4.79548586745951],[-75.7059847413074,4.79562012006316],[-75.7060042813605,4.79572381573002],[-75.7060098768646,4.79586112215026],[-75.7060369897172,4.79589116660512],[-75.7060706167539,4.79592103519357],[-75.7061048436223,4.79594521580604],[-75.7062534753659,4.79601904866489],[-75.7063163293652,4.79606276447958],[-75.7063565771165,4.7961023115392],[-75.7064438306634,4.79622930579296],[-75.7065308747927,4.79631943973734],[-75.7065978828937,4.79642121196272],[-75.7066144318227,4.79643597756593],[-75.7066616167857,4.79646208358168],[-75.7067138379315,4.7964744843754],[-75.7067801427263,4.79649513395233],[-75.7068286310309,4.796513909833],[-75.706848526542,4.79652258252994],[-75.7068949007287,4.79655397016967],[-75.7069201119491,4.79659178561383],[-75.7069463085701,4.79665968075124],[-75.706924401698,4.79682763081461],[-75.7068859786112,4.79701002787723],[-75.7068280823684,4.79720240360954],[-75.7068118134738,4.79724376826398],[-75.7067376858515,4.79735657496222],[-75.7067014496178,4.79743971088953],[-75.7066835930866,4.79755410866376],[-75.706694824295,4.79761212957561],[-75.706680702502,4.79766545186869],[-75.7066495041052,4.79764144820196],[-75.7065972130684,4.79762383720398],[-75.7065789030323,4.79761050097433],[-75.70646654126,4.79749834233845],[-75.7064333713954,4.79747371995398],[-75.7064122439333,4.79746188601793],[-75.7063869609461,4.79745552679341],[-75.7063670303744,4.79745538461249],[-75.7063564308325,4.79745702677691],[-75.7063210426224,4.79742678850224],[-75.7062642091739,4.79739764354831],[-75.7061108224144,4.79735950646774],[-75.7060692361052,4.79735123858677],[-75.706029303987,4.79734678639999],[-75.7059902177015,4.79734569083507],[-75.7059395106613,4.79734902707734],[-75.7058976071801,4.79736105354009],[-75.7058156648442,4.79740087952437],[-75.7057936561482,4.79741832955655],[-75.7057756970389,4.79742062501843],[-75.7055783638909,4.79738997455861],[-75.7054583223408,4.79740374791175],[-75.7054364191957,4.79739767118161],[-75.7053926841924,4.79743015074043],[-75.705334158256,4.79746920012482],[-75.7052804924339,4.79750104405875],[-75.7052214743325,4.79753202199979],[-75.7050445614677,4.79761278576737],[-75.7049552250645,4.79763622082934],[-75.7048628948734,4.79768357007456],[-75.7048506400683,4.79769817655529],[-75.7048038416573,4.79769331813179],[-75.704744470866,4.79773256192922],[-75.7045879114888,4.79780112113767],[-75.7045451968576,4.79783075763513],[-75.7044748397789,4.79785726658194],[-75.7043548666671,4.79793056057173],[-75.704331590227,4.79794786876779],[-75.7043210946001,4.79800482981223],[-75.7043036625701,4.79806173712573],[-75.7042779200429,4.79811982739329],[-75.7042593247502,4.79820098526262],[-75.7042635842896,4.79822193248944],[-75.7042513295919,4.79823962989353],[-75.7042305867678,4.79831806767947],[-75.7042242831849,4.79833776053538],[-75.7039119695371,4.79856511682313],[-75.7037827423976,4.79841461214819],[-75.7033978525212,4.79870775791067],[-75.7033823265563,4.79863214464582],[-75.7033472907397,4.79857267456272],[-75.7033138389163,4.79855255634674],[-75.7031133427852,4.7983447704914],[-75.7029411191716,4.79822792815658],[-75.7027811166332,4.79805529179515],[-75.7026899546439,4.79792140772585],[-75.7026167888928,4.79770228742121],[-75.7025811910459,4.79764180999305],[-75.7025356967895,4.797603145382],[-75.7025189003186,4.79760314500631],[-75.7024951657038,4.79761702677127],[-75.7024842842811,4.79763883941157],[-75.7024831207895,4.79768029306898],[-75.7025083652792,4.79778826276845],[-75.7024501870102,4.79796423053565],[-75.7024302521597,4.79806709539208],[-75.7024383848361,4.79812098305548],[-75.7025308767743,4.7984796368231],[-75.7025904475834,4.79876513205257],[-75.7019848699568,4.79922000294061]]]},"properties":{"FID":19,"ID_COMUNA":21,"NOMBRE":"El Rocio","NORMA":"Ac 63/1992","ACT_GEOGRA":1151712000000}}]}