{"type":"FeatureCollection","crs":{"type":"name","properties":{"name":"EPSG:4326"}},"features":[{"type":"Feature","id":1,"geometry":{"type":"Polygon","coordinates":[[[-75.710557031,4.82017184600005],[-75.710602212,4.82009333800004],[-75.71097264,4.81974725500004],[-75.711086455,4.81961961200004],[-75.711193403,4.81951210400006],[-75.711334333,4.81938587400003],[-75.711517064,4.81921662100007],[-75.711680426,4.81908661200002],[-75.711833468,4.81900515700004],[-75.712978887,4.81871234100003],[-75.712980074,4.81922786800003],[-75.7129709179999,4.81927327700003],[-75.712956151,4.81984553500006],[-75.713042109,4.81985027000007],[-75.713059954,4.82029924500005],[-75.712983607,4.82040784900004],[-75.71291617,4.82050924700008],[-75.712767776,4.82055656200003],[-75.712565435,4.82052275100006],[-75.712356336,4.82038079500006],[-75.712122129,4.82018549900006],[-75.711789747,4.81994812800001],[-75.711499687,4.81992108100009],[-75.711256883,4.819995434],[-75.7110747519999,4.82016443900005],[-75.7109600899999,4.82031315300003],[-75.710948821,4.82033796800005],[-75.710557031,4.82017184600005]]]},"properties":{"FID":1,"ID_BAR":30,"CODCOM":"02","COMUNA":"Rio Otun","CODBAR":"010234","NOMBRE":"Santa Elena","NOM_POPULA":"Santa Elena","NORMA":"Sin"}},{"type":"Feature","id":2,"geometry":{"type":"Polygon","coordinates":[[[-75.723026109,4.80367234700003],[-75.722932054,4.80367437800004],[-75.722790461,4.80365390600002],[-75.7227124289999,4.80361517200003],[-75.7226759819999,4.80355324800006],[-75.722632776,4.80347027000003],[-75.722599395,4.80339677700003],[-75.722408821,4.80327939200003],[-75.7221569399999,4.80316062900005],[-75.7219742189999,4.80286778800006],[-75.721925379,4.80283797300006],[-75.721865903,4.80284648500004],[-75.721794525,4.80293852400007],[-75.721721456,4.80304451400002],[-75.721657755,4.80309988500005],[-75.7215770459999,4.80309774700003],[-75.7214945759999,4.80304216400002],[-75.721792979,4.80244322000003],[-75.722070923,4.80169729100003],[-75.7221368089999,4.80145438200002],[-75.7232476469999,4.80176648100007],[-75.723671791,4.80187998100005],[-75.723026109,4.80367234700003]]]},"properties":{"FID":2,"ID_BAR":246,"CODCOM":"10","COMUNA":"Consota","CODBAR":"011024","NOMBRE":"Villa Andrea","NOM_POPULA":"Villa Andrea","NORMA":"47"}},{"type":"Feature","id":3,"geometry":{"type":"Polygon","coordinates":[[[-75.72711548,4.80402970000006],[-75.726993396,4.80401604700006],[-75.726814581,4.80396991300005],[-75.7265355499999,4.80389424800007],[-75.726476638,4.80387323000002],[-75.726381632,4.80380381700007],[-75.726031083,4.80343562900002],[-75.725856143,4.80314414800006],[-75.7255630969999,4.80288878600004],[-75.7255190449999,4.80285040500007],[-75.724930419,4.80240100500003],[-75.7248042149999,4.80233943400003],[-75.724426729,4.80208583800005],[-75.724231823,4.80203300900008],[-75.725494928,4.80049892000005],[-75.725521726,4.80052428300006],[-75.7255672209999,4.80058240900006],[-75.725604618,4.80064341500003],[-75.72563557,4.80070968400004],[-75.725693179,4.80077104300005],[-75.7257108909999,4.80081740600002],[-75.725736949,4.80086650800006],[-75.725767514,4.80090981600006],[-75.725801566,4.80093037400008],[-75.7258359689999,4.80095851100003],[-75.725859632,4.80098383900002],[-75.7258795979999,4.80101080800005],[-75.725887098,4.80103548300003],[-75.7259006199999,4.80106626800006],[-75.7259172399999,4.80109369800004],[-75.7259353749999,4.80111672900006],[-75.725979603,4.80124789000008],[-75.726005555,4.80130025800003],[-75.726022599,4.80137977400004],[-75.726035311,4.80139715300003],[-75.7260454519999,4.80141718300006],[-75.726051614,4.80143620400002],[-75.726054995,4.80145662200005],[-75.7260668609999,4.80160304300005],[-75.7261020399999,4.80171839500003],[-75.72612271,4.80174979900004],[-75.726139577,4.80178492900006],[-75.726147359,4.80180707800003],[-75.726154789,4.80183685600002],[-75.7261950019999,4.80187640200006],[-75.7262325399999,4.80189095600002],[-75.7262431039999,4.80190365500003],[-75.726254936,4.80191291000005],[-75.7262692669999,4.80191997500002],[-75.726284973,4.80192386100003],[-75.726316947,4.80196708000006],[-75.726345399,4.80196328300001],[-75.72637216,4.80196512000003],[-75.726397726,4.80197195600005],[-75.726418643,4.80198182900005],[-75.726433045,4.80199140100005],[-75.726435861,4.80203204300006],[-75.7264449469999,4.80207529700004],[-75.7264662859999,4.80212960900007],[-75.7264656519999,4.80220633400005],[-75.72647118,4.80226071600003],[-75.7264815679999,4.80232260500003],[-75.726502908,4.80240630600002],[-75.7268188419999,4.80261979000006],[-75.727216718,4.80288866300003],[-75.7273265489999,4.80295046300005],[-75.72711548,4.80402970000006]]]},"properties":{"FID":3,"ID_BAR":238,"CODCOM":"10","COMUNA":"Consota","CODBAR":"011026","NOMBRE":"Villa Consota","NOM_POPULA":"Panorama II","NORMA":"2"}},{"type":"Feature","id":4,"geometry":{"type":"Polygon","coordinates":[[[-75.72834001,4.79579939100005],[-75.728147958,4.79566328500005],[-75.728090701,4.79564608200009],[-75.728470825,4.79530846700005],[-75.728949509,4.79493345900004],[-75.7291381809999,4.79516935600002],[-75.729631306,4.79570155400006],[-75.729639863,4.79571418300003],[-75.7292781209999,4.79617783700007],[-75.72864777,4.79549904200007],[-75.72834001,4.79579939100005]]]},"properties":{"FID":4,"ID_BAR":369,"CODCOM":"14","COMUNA":"Perla Del Otun","CODBAR":"011401","NOMBRE":"Aranjuez","NOM_POPULA":"Aranjuez","NORMA":"24"}},{"type":"Feature","id":5,"geometry":{"type":"Polygon","coordinates":[[[-75.6994816009999,4.82039765900004],[-75.6995830509999,4.81955932200003],[-75.700415372,4.81965875800006],[-75.7003116339999,4.82050204000006],[-75.6994816009999,4.82039765900004]]]},"properties":{"FID":5,"ID_BAR":31,"CODCOM":"02","COMUNA":"Rio Otun","CODBAR":"010212","NOMBRE":"Gualanday","NOM_POPULA":"Gualanday","NORMA":"Sin"}},{"type":"Feature","id":6,"geometry":{"type":"Polygon","coordinates":[[[-75.734050623,4.80359893100007],[-75.733503441,4.80344260800006],[-75.7338224329999,4.80287755200004],[-75.734269915,4.80207677600002],[-75.735084582,4.80252923800002],[-75.735036271,4.80260534500007],[-75.7349789789999,4.80268078200005],[-75.734927251,4.80273880300007],[-75.7344834949999,4.80298632700003],[-75.734435007,4.80303378700005],[-75.734411801,4.80307393300006],[-75.734397681,4.80311957300005],[-75.734395041,4.80321503700003],[-75.734437263,4.80329826100006],[-75.734497056,4.80333540500004],[-75.7345817089999,4.80335024000005],[-75.734682455,4.80335924600006],[-75.7351110019999,4.80331883100007],[-75.734898948,4.80340664900006],[-75.7346273479999,4.80347770800006],[-75.734392439,4.80353250000007],[-75.734145065,4.80358365200004],[-75.734050623,4.80359893100007]]]},"properties":{"FID":6,"ID_BAR":247,"CODCOM":"15","COMUNA":"El Oso","CODBAR":"011519","NOMBRE":"Los Pinos","NOM_POPULA":"Los Pinos","NORMA":"Sin"}},{"type":"Feature","id":7,"geometry":{"type":"Polygon","coordinates":[[[-75.731857534,4.80400071400003],[-75.7317612959999,4.803979715],[-75.731340776,4.80378449700003],[-75.731554659,4.80336420400005],[-75.731756746,4.80300867800002],[-75.731769774,4.80288656100003],[-75.731812981,4.80280029800001],[-75.73196172,4.80253859500004],[-75.732370795,4.80277369400004],[-75.732421855,4.80278406200005],[-75.731857534,4.80400071400003]]]},"properties":{"FID":7,"ID_BAR":239,"CODCOM":"15","COMUNA":"El Oso","CODBAR":"011531","NOMBRE":"Quintas de Los Sauces","NOM_POPULA":"Quintas de Los Sauces","NORMA":"Sin"}},{"type":"Feature","id":8,"geometry":{"type":"Polygon","coordinates":[[[-75.719971028,4.79509946700005],[-75.7208318519999,4.79554061700002],[-75.720791159,4.79561206100005],[-75.720824812,4.79563123800006],[-75.720551695,4.79615518700007],[-75.719739685,4.79579955000002],[-75.71989477,4.79517531300008],[-75.719933371,4.79519706900002],[-75.719971028,4.79509946700005]]]},"properties":{"FID":8,"ID_BAR":370,"CODCOM":"10","COMUNA":"Consota","CODBAR":"011012","NOMBRE":"Mirador de Bella Sardi","NOM_POPULA":"Mirador de Bella Sardi","NORMA":"Sin"}},{"type":"Feature","id":9,"geometry":{"type":"Polygon","coordinates":[[[-75.7255630969999,4.80288878600004],[-75.7254884449999,4.80302187100004],[-75.7254507659999,4.80308128700005],[-75.725275508,4.80340441800007],[-75.725101695,4.80371663400006],[-75.7250210559999,4.80365758900005],[-75.7247302279999,4.80375285800005],[-75.7246213829999,4.80397151700004],[-75.7245085229999,4.80399514900004],[-75.7243948889999,4.80392946300002],[-75.724315378,4.80376631500007],[-75.7241425509999,4.80376816900003],[-75.7240107119999,4.80376873400007],[-75.7240029289999,4.80375338600003],[-75.7239647929999,4.80370834700005],[-75.723838202,4.80367694300002],[-75.723775557,4.80365237400002],[-75.723740167,4.80357730900004],[-75.7237197439999,4.80339167900006],[-75.723672101,4.80335345700008],[-75.723621711,4.80333162700003],[-75.7235713549999,4.80334935900004],[-75.7234596919999,4.80356775200003],[-75.723409338,4.80361143100003],[-75.723322818,4.80364025500005],[-75.723121291,4.80367028000007],[-75.723026109,4.80367234700003],[-75.723671791,4.80187998100005],[-75.724231823,4.80203300900008],[-75.724426729,4.80208583800005],[-75.7248042149999,4.80233943400003],[-75.724930419,4.80240100500003],[-75.7255190449999,4.80285040500007],[-75.7255630969999,4.80288878600004]]]},"properties":{"FID":9,"ID_BAR":240,"CODCOM":"10","COMUNA":"Consota","CODBAR":"011015","NOMBRE":"Normandia","NOM_POPULA":"Normandia","NORMA":"Sin"}},{"type":"Feature","id":10,"geometry":{"type":"Polygon","coordinates":[[[-75.6643402029999,4.80220004800002],[-75.664468759,4.80228296800003],[-75.664764035,4.80253420500003],[-75.6644870549999,4.80283821800005],[-75.66428023,4.80301533500006],[-75.6641519309999,4.80320192500005],[-75.664089808,4.80327433400002],[-75.663673275,4.80358351000006],[-75.6635509669999,4.80333159900004],[-75.663479501,4.803150607],[-75.6634526729999,4.80309719300003],[-75.663486621,4.80306950200002],[-75.6635780069999,4.80299402200008],[-75.6637534559999,4.80282388000007],[-75.663870269,4.80270832600006],[-75.6643402029999,4.80220004800002]]]},"properties":{"FID":10,"ID_BAR":248,"CODCOM":"05","COMUNA":"Oriente","CODBAR":"010514","NOMBRE":"La Rivera","NOM_POPULA":"La Rivera","NORMA":"Sin"}},{"type":"Feature","id":11,"geometry":{"type":"Polygon","coordinates":[[[-75.707117081,4.82041819700002],[-75.7054229619999,4.82024201800004],[-75.705535534,4.81938607300002],[-75.706364333,4.81947149400003],[-75.7072015139999,4.81957369600001],[-75.707117081,4.82041819700002]]]},"properties":{"FID":11,"ID_BAR":32,"CODCOM":"02","COMUNA":"Rio Otun","CODBAR":"010216","NOMBRE":"La Esperanza","NOM_POPULA":"La Esperanza","NORMA":"Sin"}},{"type":"Feature","id":12,"geometry":{"type":"Polygon","coordinates":[[[-75.734011736,4.79577635800006],[-75.734034095,4.79575145400002],[-75.7348229629999,4.79491762600003],[-75.7350006459999,4.79469447900005],[-75.7350757899999,4.79473568300005],[-75.7351089969999,4.79475389300006],[-75.73515414,4.79478473100004],[-75.7352136499999,4.79481917100002],[-75.735303092,4.79489820900005],[-75.735364364,4.79496928200006],[-75.735374575,4.79498553000007],[-75.735383907,4.79500649600005],[-75.735389964,4.79502535900001],[-75.735395352,4.79505261200006],[-75.735396936,4.79507387800004],[-75.7353965499999,4.79509136300004],[-75.7353949659999,4.79511679700004],[-75.735094179,4.79537311500007],[-75.734935476,4.79553720000006],[-75.7347077919999,4.79577257000005],[-75.7347156449999,4.79580536900004],[-75.734625078,4.79591598900003],[-75.734428169,4.79613277800008],[-75.7342956259999,4.79604787700003],[-75.7341649849999,4.79594266500003],[-75.7341080799999,4.79588807000003],[-75.73402649,4.79579656300006],[-75.734011736,4.79577635800006]]]},"properties":{"FID":12,"ID_BAR":371,"CODCOM":"15","COMUNA":"El Oso","CODBAR":"011506","NOMBRE":"Even-Ezer","NOM_POPULA":"Even-Ezer","NORMA":"Sin"}},{"type":"Feature","id":13,"geometry":{"type":"Polygon","coordinates":[[[-75.668577009,4.80337625500004],[-75.668306795,4.803209023],[-75.6682747179999,4.80319160500005],[-75.6683217,4.80309739900003],[-75.668444405,4.80284425600007],[-75.668489048,4.80252708000005],[-75.668581683,4.80224221300006],[-75.668657039,4.80225629600006],[-75.668769471,4.80230380000005],[-75.6687907039999,4.80230374900003],[-75.6688091569999,4.80229318800002],[-75.668883744,4.80222734900002],[-75.66901812,4.80221264800002],[-75.669077102,4.80221471900005],[-75.669097421,4.80220730300004],[-75.669131968,4.80217509000005],[-75.66918307,4.80208454000006],[-75.669204,4.80193444800005],[-75.669234145,4.80189697100007],[-75.6693960699999,4.80172838000003],[-75.669434418,4.80172169000002],[-75.669477591,4.80169661200005],[-75.669808189,4.80151800300007],[-75.670291686,4.80129779500003],[-75.670334813,4.80140541600002],[-75.670350685,4.80152741000005],[-75.670328779,4.80155824700004],[-75.670315078,4.80159357000002],[-75.670244786,4.80167387500006],[-75.670218865,4.80173567300005],[-75.670190192,4.80184553000004],[-75.670121201,4.80194370900006],[-75.670121883,4.80221599100003],[-75.6701348349999,4.80228630500004],[-75.670160782,4.80235291200007],[-75.670160708,4.80239025000002],[-75.670115873,4.80249422400004],[-75.6701038969999,4.80254125800009],[-75.6700544879999,4.80259814400007],[-75.670019339,4.80266649400004],[-75.6700129239999,4.80273742500003],[-75.6699857,4.80278905000007],[-75.6699679829999,4.80284468500004],[-75.669934411,4.80301996300004],[-75.670002441,4.80303865500002],[-75.670099904,4.80312358300006],[-75.6701772649999,4.80316447800003],[-75.670263393,4.80320507300007],[-75.670180463,4.80324773800004],[-75.669847892,4.80342952600006],[-75.6697602449999,4.80344107000006],[-75.6695279369999,4.80350189700004],[-75.669398595,4.80353283000006],[-75.669336866,4.80353282500005],[-75.669259785,4.80351799900007],[-75.669202495,4.80349736600003],[-75.669154008,4.80347821500004],[-75.669096681,4.80347377700002],[-75.668968821,4.80346198600007],[-75.668814518,4.80345019200007],[-75.668743953,4.80341336000003],[-75.6686837069999,4.80336178100005],[-75.668652862,4.80333673400002],[-75.668622015,4.80333673000006],[-75.668577009,4.80337625500004]]]},"properties":{"FID":13,"ID_BAR":249,"CODCOM":"01","COMUNA":"Villa Santana","CODBAR":"010113","NOMBRE":"Veracruz","NOM_POPULA":"Veracruz","NORMA":"74"}},{"type":"Feature","id":14,"geometry":{"type":"Polygon","coordinates":[[[-75.734011736,4.79577635800006],[-75.733963951,4.79571259700004],[-75.73395226,4.79568802900007],[-75.733944477,4.79564984400002],[-75.733550483,4.79605028700007],[-75.73334751,4.79556173200007],[-75.734521851,4.79434865600006],[-75.734533964,4.79435798200006],[-75.7345880519999,4.79441243400004],[-75.734693691,4.79449246100006],[-75.734751124,4.79452374000003],[-75.734788802,4.79455440100002],[-75.7348498969999,4.79458576900003],[-75.734881378,4.79460567400003],[-75.7349123659999,4.79463225500006],[-75.73495765,4.79465975500004],[-75.7350006459999,4.79469447900005],[-75.7348229629999,4.79491762600003],[-75.734034095,4.79575145400002],[-75.734011736,4.79577635800006]]]},"properties":{"FID":14,"ID_BAR":372,"CODCOM":"15","COMUNA":"El Oso","CODBAR":"011525","NOMBRE":"Nueva Colombia","NOM_POPULA":"Nueva Colombia","NORMA":"91"}},{"type":"Feature","id":15,"geometry":{"type":"Polygon","coordinates":[[[-75.693496179,4.79453547700006],[-75.6934455429999,4.79452433000006],[-75.693365786,4.79451392300006],[-75.693500854,4.79397365800001],[-75.6936672209999,4.79353186100007],[-75.694477149,4.79364806500008],[-75.6948088239999,4.79353000900006],[-75.694912172,4.79356374800005],[-75.695056361,4.79375895900005],[-75.6951554519999,4.79370051900003],[-75.695271439,4.79378837600006],[-75.6954587279999,4.79397952600002],[-75.695541578,4.79412580900004],[-75.695703903,4.79427628200005],[-75.695864432,4.79441714500005],[-75.6958260109999,4.79449840800003],[-75.6957770619999,4.79457529000007],[-75.695611199,4.79479048000007],[-75.695384552,4.79515304100005],[-75.695095185,4.79560719600004],[-75.6949929529999,4.79579850900006],[-75.694882833,4.79599561500003],[-75.694835443,4.79584520100001],[-75.6947649529999,4.79571092900005],[-75.694620839,4.79543039200007],[-75.6944294039999,4.79504702200006],[-75.694402222,4.79500664500006],[-75.694355919,4.79495817800004],[-75.69425222,4.79488448600006],[-75.694173521,4.79484486500006],[-75.69410623,4.79481817500005],[-75.694038905,4.79478362400005],[-75.6939934809999,4.79474909100003],[-75.6939105229999,4.79467843900005],[-75.693821261,4.79461877100005],[-75.693753971,4.79458893600002],[-75.6936600229999,4.79456538800002],[-75.693496179,4.79453547700006]]]},"properties":{"FID":15,"ID_BAR":373,"CODCOM":"07","COMUNA":"Boston","CODBAR":"010727","NOMBRE":"San Luis Gonzaga","NOM_POPULA":"San Luis Gonzaga","NORMA":"Sin"}},{"type":"Feature","id":16,"geometry":{"type":"Polygon","coordinates":[[[-75.733503441,4.80344260800006],[-75.7334538599999,4.80340212600004],[-75.733385475,4.80337669300006],[-75.7333373019999,4.80332842200005],[-75.7333373019999,4.80327084400005],[-75.733345083,4.80319929400003],[-75.733346597,4.80318541100007],[-75.7333539909999,4.80306654400004],[-75.73335399,4.80297740200005],[-75.733361383,4.80282140800004],[-75.733377229,4.80275747100007],[-75.733455577,4.80255135200002],[-75.733566955,4.80231702500003],[-75.733563891,4.80228827100006],[-75.7335452629999,4.80228127700001],[-75.733490999,4.80226534600006],[-75.733554171,4.80225460600007],[-75.73370513,4.80216466900004],[-75.7338189389999,4.80211609600001],[-75.7340312739999,4.80199915200007],[-75.7340661699999,4.80195835200004],[-75.734103144,4.80187224700006],[-75.734375308,4.80192791600006],[-75.734269915,4.80207677600002],[-75.7338224329999,4.80287755200004],[-75.733503441,4.80344260800006]]]},"properties":{"FID":16,"ID_BAR":251,"CODCOM":"15","COMUNA":"El Oso","CODBAR":"011534","NOMBRE":"Sauces I","NOM_POPULA":"Sauces I","NORMA":"Sin"}},{"type":"Feature","id":17,"geometry":{"type":"Polygon","coordinates":[[[-75.729639863,4.79571418300003],[-75.729631306,4.79570155400006],[-75.7291381809999,4.79516935600002],[-75.728949509,4.79493345900004],[-75.729117862,4.79480886900007],[-75.729164167,4.79478710900003],[-75.729252128,4.79474577900004],[-75.729446891,4.79459137500004],[-75.7299572429999,4.79511712600003],[-75.730034801,4.79519725100005],[-75.729807968,4.79546934800003],[-75.729639863,4.79571418300003]]]},"properties":{"FID":17,"ID_BAR":374,"CODCOM":"14","COMUNA":"Perla Del Otun","CODBAR":"011406","NOMBRE":"El Paraiso","NOM_POPULA":"El Paraiso","NORMA":"Sin"}},{"type":"Feature","id":18,"geometry":{"type":"Polygon","coordinates":[[[-75.7351110019999,4.80331883100007],[-75.734682455,4.80335924600006],[-75.7345817089999,4.80335024000005],[-75.734497056,4.80333540500004],[-75.734437263,4.80329826100006],[-75.734395041,4.80321503700003],[-75.734397681,4.80311957300005],[-75.734411801,4.80307393300006],[-75.734435007,4.80303378700005],[-75.7344834949999,4.80298632700003],[-75.734927251,4.80273880300007],[-75.7349789789999,4.80268078200005],[-75.735036271,4.80260534500007],[-75.735084582,4.80252923800002],[-75.7352478999999,4.80234189200007],[-75.7352767739999,4.80231905500005],[-75.735309171,4.80237410800004],[-75.735444746,4.80266864200007],[-75.735476087,4.80272825200006],[-75.7355166529999,4.80279360200007],[-75.7355439089999,4.80283201700007],[-75.735647156,4.80295595200005],[-75.7358319589999,4.80310274100001],[-75.7359330209999,4.80312156700007],[-75.735441409,4.80323954000003],[-75.7351110019999,4.80331883100007]]]},"properties":{"FID":18,"ID_BAR":252,"CODCOM":"15","COMUNA":"El Oso","CODBAR":"011504","NOMBRE":"Cinco de Octubre","NOM_POPULA":"Cinco de Octubre","NORMA":"26"}},{"type":"Feature","id":19,"geometry":{"type":"Polygon","coordinates":[[[-75.697579568,4.79563648400006],[-75.6962368,4.79541697200005],[-75.695902843,4.79535397300004],[-75.695999548,4.79512567500005],[-75.6960380789999,4.79494200600003],[-75.6960342099999,4.79485597300004],[-75.697497475,4.79509269400006],[-75.6976014959999,4.79504434000006],[-75.697656856,4.79492074100004],[-75.697628358,4.79517472400004],[-75.697638248,4.79527875500002],[-75.697687753,4.79541189600007],[-75.697650699,4.79564811000006],[-75.697579568,4.79563648400006]]]},"properties":{"FID":19,"ID_BAR":375,"CODCOM":"07","COMUNA":"Boston","CODBAR":"010738","NOMBRE":"Villa Colombia","NOM_POPULA":"Villa Colombia","NORMA":"Sin"}},{"type":"Feature","id":20,"geometry":{"type":"Polygon","coordinates":[[[-75.7124140669999,4.80109405900003],[-75.713192845,4.80106842900004],[-75.714780683,4.80106520900006],[-75.714779262,4.80180079100006],[-75.714648831,4.80183379900007],[-75.714363738,4.80213885700004],[-75.714096254,4.80233338400005],[-75.7139549409999,4.80244857500003],[-75.713849438,4.80265257300004],[-75.7138072829999,4.80282190000002],[-75.713730059,4.80295221100005],[-75.7136339589999,4.80305231900006],[-75.713488914,4.80312407800004],[-75.713193156,4.80314673400004],[-75.7127760179999,4.80312978700003],[-75.712391695,4.80328501300005],[-75.7124140669999,4.80109405900003]]]},"properties":{"FID":20,"ID_BAR":253,"CODCOM":"19","COMUNA":"El Poblado","CODBAR":"011901","NOMBRE":"Balcones de Villa Del Prado","NOM_POPULA":"Balcones de Villa Del Prado","NORMA":"Sin"}},{"type":"Feature","id":21,"geometry":{"type":"Polygon","coordinates":[[[-75.733361383,4.80282140800004],[-75.73335399,4.80297740200005],[-75.7333539909999,4.80306654400004],[-75.733346597,4.80318541100007],[-75.733345083,4.80319929400003],[-75.732896535,4.80324627900005],[-75.732896602,4.80280292100002],[-75.733361383,4.80282140800004]]]},"properties":{"FID":21,"ID_BAR":254,"CODCOM":"15","COMUNA":"El Oso","CODBAR":"011538","NOMBRE":"Sauces V","NOM_POPULA":"Sauces V","NORMA":"Sin"}},{"type":"Feature","id":22,"geometry":{"type":"Polygon","coordinates":[[[-75.728090701,4.79564608200009],[-75.727882803,4.79562744900004],[-75.727758501,4.79560194500004],[-75.7276421569999,4.79554526600003],[-75.7274260199999,4.79536014900004],[-75.727349642,4.79532650100003],[-75.727088785,4.79528536600004],[-75.72768156,4.79469602800003],[-75.7278128689999,4.79457558900003],[-75.728044571,4.79484202400005],[-75.728475294,4.79444712900004],[-75.728949509,4.79493345900004],[-75.728470825,4.79530846700005],[-75.728090701,4.79564608200009]]]},"properties":{"FID":22,"ID_BAR":376,"CODCOM":"14","COMUNA":"Perla Del Otun","CODBAR":"011402","NOMBRE":"Carlos Alberto Benavides","NOM_POPULA":"Carlos Alberto Benavides","NORMA":"Sin"}},{"type":"Feature","id":23,"geometry":{"type":"Polygon","coordinates":[[[-75.7359330209999,4.80312156700007],[-75.7358319589999,4.80310274100001],[-75.735647156,4.80295595200005],[-75.7355439089999,4.80283201700007],[-75.7355166529999,4.80279360200007],[-75.735476087,4.80272825200006],[-75.735444746,4.80266864200007],[-75.735309171,4.80237410800004],[-75.7352767739999,4.80231905500005],[-75.7353104709999,4.80213299900004],[-75.7355157279999,4.80195973000001],[-75.736026914,4.80159879400003],[-75.736057831,4.80153946600006],[-75.736063217,4.80142489100005],[-75.7360847319999,4.80137635400005],[-75.7361716029999,4.80136745200002],[-75.736233437,4.80134313000001],[-75.736412671,4.80123943200003],[-75.7365117259999,4.80117874400002],[-75.736602892,4.80113303200005],[-75.736661839,4.80111727600007],[-75.736768323,4.80108316900003],[-75.7368948439999,4.80103509000002],[-75.7369538259999,4.80100197300003],[-75.737094854,4.80091434800004],[-75.7371749979999,4.80088123000006],[-75.73721736,4.80087019000005],[-75.7372536299999,4.80086074100006],[-75.737409307,4.80083147100002],[-75.737428251,4.80082915800005],[-75.7373199039999,4.80108759400002],[-75.737325292,4.80112374800006],[-75.737356845,4.80114791000005],[-75.73755865,4.80104767300003],[-75.73767401,4.80113543500005],[-75.737558693,4.80157800100004],[-75.737162353,4.80292989600002],[-75.7370981609999,4.80302260700005],[-75.737054041,4.80319645700007],[-75.7369840009999,4.80314647400006],[-75.73690822,4.80310173600001],[-75.736802826,4.80305320200005],[-75.7367625059999,4.80304029100005],[-75.736697291,4.80302379600004],[-75.73660711,4.80300949100006],[-75.7365212939999,4.80300463500003],[-75.7364550579999,4.80300486500004],[-75.736369455,4.80301110100003],[-75.7362942029999,4.80302222900002],[-75.7359330209999,4.80312156700007]]]},"properties":{"FID":23,"ID_BAR":255,"CODCOM":"15","COMUNA":"El Oso","CODBAR":"011501","NOMBRE":"Alameda","NOM_POPULA":"Alameda","NORMA":"Sin"}},{"type":"Feature","id":24,"geometry":{"type":"Polygon","coordinates":[[[-75.727088785,4.79528536600004],[-75.726872648,4.79534889800003],[-75.7267205269999,4.79549998100003],[-75.726667602,4.79551988600002],[-75.7266102399999,4.79551324500005],[-75.726539638,4.79547564200004],[-75.7264976989999,4.79541147500004],[-75.726482241,4.79533847600004],[-75.726521961,4.79527431000001],[-75.72661686,4.79515925800007],[-75.7266455229999,4.79509067500004],[-75.7266455229999,4.79490041700006],[-75.726626191,4.79473772900008],[-75.72653573,4.79446560600007],[-75.72654235,4.79440587200003],[-75.726612952,4.79432400700005],[-75.726758558,4.79419789900004],[-75.726811518,4.79412267500004],[-75.726849019,4.79400984900006],[-75.7268644769999,4.79388594800003],[-75.7268887399999,4.79379081800005],[-75.7269754339999,4.79368680500005],[-75.7274168979999,4.79416225600004],[-75.727629726,4.79438711500005],[-75.7278128689999,4.79457558900003],[-75.72768156,4.79469602800003],[-75.727088785,4.79528536600004]]]},"properties":{"FID":24,"ID_BAR":377,"CODCOM":"14","COMUNA":"Perla Del Otun","CODBAR":"011419","NOMBRE":"Villa Maria","NOM_POPULA":"Villa Maria","NORMA":"116"}},{"type":"Feature","id":25,"geometry":{"type":"Polygon","coordinates":[[[-75.7505164039999,4.80318133700008],[-75.75046918,4.80310523300004],[-75.750369277,4.80302646200003],[-75.7501802469999,4.80288985100003],[-75.750089429,4.80282376200006],[-75.750036678,4.80276793300004],[-75.749988327,4.80268861300005],[-75.7499560689999,4.80260196400008],[-75.749956067,4.80253585300005],[-75.750004587,4.80241760300003],[-75.7501247279999,4.80221930400007],[-75.750246351,4.80209151300005],[-75.750392871,4.80202246600005],[-75.750538793,4.80199187000004],[-75.750623658,4.80198227700004],[-75.750847579,4.80197386100003],[-75.7510033629999,4.80199148400003],[-75.751043295,4.80200262700003],[-75.751047246,4.80317349400002],[-75.7505164039999,4.80318133700008]]]},"properties":{"FID":25,"ID_BAR":256,"CODCOM":"11","COMUNA":"Olimpica","CODBAR":"011129","NOMBRE":"Reserva de La Villa","NOM_POPULA":"Reserva de La Villa","NORMA":"Sin"}},{"type":"Feature","id":26,"geometry":{"type":"Polygon","coordinates":[[[-75.69224339,4.79486541800002],[-75.692078177,4.79475072800005],[-75.692221113,4.79461168000006],[-75.69229816,4.79460654500002],[-75.692484787,4.79463746200003],[-75.6926200389999,4.79464948000004],[-75.692685113,4.79464603900003],[-75.6927931129999,4.79460671100002],[-75.6928230459999,4.79458037700003],[-75.692889107,4.79454846500006],[-75.693067603,4.79450329400003],[-75.6933321229999,4.79450954200005],[-75.693365786,4.79451392300006],[-75.6934455429999,4.79452433000006],[-75.693496179,4.79453547700006],[-75.693466735,4.79465331900008],[-75.693566458,4.79467185200002],[-75.693622444,4.79471360800005],[-75.6935235229999,4.79487275800006],[-75.693167844,4.79544494600003],[-75.692420576,4.79498841000002],[-75.69224339,4.79486541800002]]]},"properties":{"FID":26,"ID_BAR":378,"CODCOM":"07","COMUNA":"Boston","CODBAR":"010730","NOMBRE":"Terminal","NOM_POPULA":"Terminal","NORMA":"Sin"}},{"type":"Feature","id":27,"geometry":{"type":"Polygon","coordinates":[[[-75.7201832,4.80245251400004],[-75.7201689029999,4.80245599400007],[-75.720121118,4.80247333800003],[-75.7200697059999,4.80251940100003],[-75.720009418,4.80286690500003],[-75.7199208549999,4.80302367500001],[-75.7198473989999,4.80308411400006],[-75.719706087,4.80313132400005],[-75.71958365,4.80315020400006],[-75.719450931,4.80313103900003],[-75.719366172,4.80308947900005],[-75.7192682089999,4.80301204600004],[-75.719204158,4.80286094500001],[-75.7191154229999,4.80261831700005],[-75.719021229,4.80248044400002],[-75.71886298,4.80239356100002],[-75.718665153,4.80237278800008],[-75.718459823,4.80239355700007],[-75.718312877,4.80243511400005],[-75.717986377,4.80256233200002],[-75.7177942169999,4.80266053100007],[-75.71747476,4.80267137100003],[-75.716877578,4.80254859200005],[-75.7168172929999,4.80252026100004],[-75.716789018,4.80247304900007],[-75.716821064,4.80232383900005],[-75.716821207,4.80214375500003],[-75.716676131,4.80202854100002],[-75.716649756,4.80197753200002],[-75.716653525,4.80191522000006],[-75.716713812,4.80182456000005],[-75.716800473,4.80173957100003],[-75.716826849,4.80167913100007],[-75.716830618,4.80160358900002],[-75.716769594,4.80154664500004],[-75.7164888739999,4.80149375900003],[-75.716343831,4.80142764800007],[-75.7162797779999,4.80142764600003],[-75.716232662,4.80144652700006],[-75.716119066,4.80132850600006],[-75.716801679,4.80111165800002],[-75.716996691,4.80108659900003],[-75.717154165,4.80108660100007],[-75.718020973,4.80129138900001],[-75.7187868249999,4.80148103800001],[-75.719293438,4.80158721200007],[-75.719906888,4.80172417200002],[-75.720327933,4.80183534200006],[-75.720601927,4.80189884100001],[-75.720571643,4.80195719600005],[-75.7205564659999,4.80201159700003],[-75.720560973,4.80204255900003],[-75.720559071,4.80207883700007],[-75.720551499,4.80210875700005],[-75.7205364989999,4.80214058400002],[-75.7205121659999,4.80215934100005],[-75.720475156,4.80216801300001],[-75.720433956,4.80218530400003],[-75.720399377,4.80220754100004],[-75.720377016,4.80224325300003],[-75.720342753,4.80227960200006],[-75.720299687,4.80230883200005],[-75.7202447189999,4.80232940900002],[-75.7201832,4.80245251400004]]]},"properties":{"FID":27,"ID_BAR":257,"CODCOM":"10","COMUNA":"Consota","CODBAR":"011006","NOMBRE":"Dorado II","NOM_POPULA":"Dorado II","NORMA":"58"}},{"type":"Feature","id":28,"geometry":{"type":"Polygon","coordinates":[[[-75.697656856,4.79492074100004],[-75.697632886,4.79467664800006],[-75.697589298,4.79456706900005],[-75.697441727,4.79442043000006],[-75.69735761,4.79425793300004],[-75.6973252179999,4.79415144600006],[-75.6973092389999,4.79398503100003],[-75.697244421,4.79376285400002],[-75.6970197379999,4.79352136600004],[-75.6969497059999,4.79336976700006],[-75.69697753,4.79323811400007],[-75.697030705,4.79317273000004],[-75.697147086,4.79310560100004],[-75.6972003989999,4.79309396300005],[-75.6973790179999,4.79263734800001],[-75.697874914,4.79279772500007],[-75.698221086,4.79293038400005],[-75.698687153,4.79318961500006],[-75.698905467,4.79334879600003],[-75.69908406,4.79351680700006],[-75.699228004,4.79369700400003],[-75.699277087,4.79377284800005],[-75.699321205,4.79385171200005],[-75.699360148,4.79393326100006],[-75.699377929,4.79396892100004],[-75.699420988,4.79414137700007],[-75.699464045,4.79434264100006],[-75.699466192,4.79437164200004],[-75.6994462069999,4.79487190900004],[-75.6994153159999,4.79510165800002],[-75.6993948539999,4.79515464500003],[-75.697687753,4.79541189600007],[-75.697638248,4.79527875500002],[-75.697628358,4.79517472400004],[-75.697656856,4.79492074100004]]]},"properties":{"FID":28,"ID_BAR":379,"CODCOM":"07","COMUNA":"Boston","CODBAR":"010719","NOMBRE":"La Unidad","NOM_POPULA":"Unidad","NORMA":"90"}},{"type":"Feature","id":29,"geometry":{"type":"Polygon","coordinates":[[[-75.7214945759999,4.80304216400002],[-75.721453834,4.80301471600006],[-75.7213030519999,4.80286564500005],[-75.7211789959999,4.80269449600008],[-75.72103582,4.80253396300002],[-75.720878452,4.80248466600005],[-75.720249225,4.80244122900007],[-75.7201832,4.80245251400004],[-75.7202447189999,4.80232940900002],[-75.720299687,4.80230883200005],[-75.720342753,4.80227960200006],[-75.720377016,4.80224325300003],[-75.720399377,4.80220754100004],[-75.720433956,4.80218530400003],[-75.720475156,4.80216801300001],[-75.7205121659999,4.80215934100005],[-75.7205364989999,4.80214058400002],[-75.720551499,4.80210875700005],[-75.720559071,4.80207883700007],[-75.720560973,4.80204255900003],[-75.7205564659999,4.80201159700003],[-75.720571643,4.80195719600005],[-75.720601927,4.80189884100001],[-75.7207760209999,4.80192932800002],[-75.720802008,4.80193238400006],[-75.7208317989999,4.80193042300002],[-75.720856413,4.80192424100004],[-75.721619419,4.80152091200006],[-75.7218784139999,4.80139120200004],[-75.7221368089999,4.80145438200002],[-75.722070923,4.80169729100003],[-75.721792979,4.80244322000003],[-75.7214945759999,4.80304216400002]]]},"properties":{"FID":29,"ID_BAR":258,"CODCOM":"10","COMUNA":"Consota","CODBAR":"011010","NOMBRE":"Las Piramides","NOM_POPULA":"Las Piramides","NORMA":"32"}},{"type":"Feature","id":30,"geometry":{"type":"Polygon","coordinates":[[[-75.667599287,4.79424061700006],[-75.66705795,4.79513908600006],[-75.6668163369999,4.79492858300005],[-75.666583249,4.79468056600006],[-75.666371953,4.79449156100003],[-75.66614126,4.79423054500004],[-75.665908735,4.79399739900004],[-75.665692053,4.79379002500002],[-75.665652125,4.79374798500004],[-75.6656120539999,4.79373180300006],[-75.6655651519999,4.79371678500006],[-75.66553318,4.79370277600003],[-75.665470291,4.79367774400004],[-75.665424375,4.79366572900005],[-75.66536529,4.79363455000004],[-75.665308389,4.79360550800004],[-75.665247472,4.79358448400005],[-75.6651699339999,4.79357930200007],[-75.6653022799999,4.79260744700002],[-75.6653692249999,4.79255510200004],[-75.665431169,4.79251022800002],[-75.665474096,4.79248096500004],[-75.6655195239999,4.79244202400003],[-75.665552556,4.79240693100008],[-75.665580413,4.79237120300007],[-75.665599325,4.79234259200007],[-75.6656201389999,4.79230522100005],[-75.665707507,4.79224418700006],[-75.66570547,4.79218946900005],[-75.665712903,4.79215940900003],[-75.665719983,4.79212765200003],[-75.665727663,4.79208803600004],[-75.665748798,4.79201299200002],[-75.665767393,4.79197818100005],[-75.6657655989999,4.79196233700003],[-75.665765952,4.79194665300003],[-75.665768912,4.79192916800002],[-75.665774899,4.79191136500002],[-75.665810896,4.79180099700005],[-75.665819747,4.79167291100002],[-75.666003017,4.79141761800003],[-75.666128527,4.79127371700003],[-75.666145435,4.79121248400003],[-75.6661500279999,4.79103999400007],[-75.6661530919999,4.79102862000002],[-75.666161545,4.79101203600004],[-75.666169645,4.79100211000002],[-75.666179928,4.79099333300007],[-75.6661980279999,4.79098406100008],[-75.66621972,4.79097016300006],[-75.666242363,4.79095536500005],[-75.6662623299999,4.79094582900006],[-75.666283987,4.79093851800007],[-75.666305501,4.79093405100001],[-75.666320432,4.79093246300005],[-75.6678110949999,4.79092265000001],[-75.6678186619999,4.79096754800001],[-75.6678286869999,4.79109950400005],[-75.667826668,4.79123183000007],[-75.667860741,4.79179623100003],[-75.6678438859999,4.79207144400006],[-75.6678362649999,4.79224522200007],[-75.667312753,4.79227382500005],[-75.667416523,4.79351703000003],[-75.6674451169999,4.79351109800005],[-75.667516143,4.79348662400002],[-75.667540934,4.79347118900005],[-75.667558647,4.79346467400007],[-75.667576605,4.79346960300005],[-75.6675980159999,4.79345763000003],[-75.6676166789999,4.79345457500006],[-75.6676447079999,4.79345765200002],[-75.6676849939999,4.79342731100007],[-75.667708658,4.79341387200003],[-75.667724858,4.79340235700005],[-75.6677660939999,4.79337574400005],[-75.667844198,4.79335445000003],[-75.6676677849999,4.79412694800005],[-75.667599287,4.79424061700006]]]},"properties":{"FID":30,"ID_BAR":380,"CODCOM":"01","COMUNA":"Villa Santana","CODBAR":"010104","NOMBRE":"El Danubio *2, *4","NOM_POPULA":"El Danubio *2, *4","NORMA":"32"}},{"type":"Feature","id":31,"geometry":{"type":"Polygon","coordinates":[[[-75.7552521699999,4.80225512100003],[-75.755021626,4.80246542900004],[-75.754747369,4.80281238700007],[-75.754662791,4.80303612900002],[-75.754603886,4.80303634500006],[-75.753212799,4.80304144800004],[-75.753200103,4.80278243000003],[-75.7532028479999,4.80263457300003],[-75.753464344,4.80267714700005],[-75.753809173,4.80229124800007],[-75.753989029,4.80193275000005],[-75.754440755,4.80130275300008],[-75.754535313,4.80155510800006],[-75.7545899679999,4.80165016400003],[-75.754805978,4.80192766500005],[-75.75526218,4.80224645000005],[-75.7552521699999,4.80225512100003]]]},"properties":{"FID":31,"ID_BAR":259,"CODCOM":"11","COMUNA":"Olimpica","CODBAR":"011107","NOMBRE":"Colores de La Villa","NOM_POPULA":"Colores de La Villa","NORMA":"Sin"}},{"type":"Feature","id":32,"geometry":{"type":"Polygon","coordinates":[[[-75.732366224,4.79491397600003],[-75.7326558819999,4.79440696100004],[-75.732785393,4.79417680200002],[-75.7330906499999,4.79366450500003],[-75.7332469569999,4.79338808800004],[-75.7332620989999,4.79341281600006],[-75.7332872059999,4.79344368900007],[-75.7333109749999,4.79346816900004],[-75.733339251,4.79349275400004],[-75.7334158749999,4.79354828400004],[-75.733530634,4.79358689200006],[-75.733625533,4.79363373200004],[-75.733681417,4.79366766000004],[-75.733022558,4.79476445900002],[-75.732923538,4.79470734000005],[-75.732687545,4.79509951600004],[-75.732475315,4.79496703300003],[-75.732366224,4.79491397600003]]]},"properties":{"FID":32,"ID_BAR":382,"CODCOM":"15","COMUNA":"El Oso","CODBAR":"011545","NOMBRE":"Villa Ligia III","NOM_POPULA":"Villa Ligia III","NORMA":"102"}},{"type":"Feature","id":33,"geometry":{"type":"Polygon","coordinates":[[[-75.6960342099999,4.79485597300004],[-75.696031431,4.79477080600002],[-75.6959747079999,4.79467978900003],[-75.695902804,4.79464585700003],[-75.6958260109999,4.79449840800003],[-75.695864432,4.79441714500005],[-75.695914229,4.79431352300002],[-75.695985261,4.79414063100006],[-75.69602872,4.79398983200002],[-75.696057249,4.79384251200003],[-75.6960777469999,4.79375791000008],[-75.696292931,4.79378591500006],[-75.696294694,4.79376132900004],[-75.6964750879999,4.79378943800004],[-75.6965206149999,4.79386319700005],[-75.696832563,4.79395404800003],[-75.6970581699999,4.79399584800006],[-75.6971419,4.79413902100003],[-75.697205663,4.79431850800005],[-75.6972865749999,4.79447833800002],[-75.6973748499999,4.79459636100007],[-75.697632886,4.79467664800006],[-75.697656856,4.79492074100004],[-75.6976014959999,4.79504434000006],[-75.697497475,4.79509269400006],[-75.6960342099999,4.79485597300004]]]},"properties":{"FID":33,"ID_BAR":383,"CODCOM":"07","COMUNA":"Boston","CODBAR":"010708","NOMBRE":"Ciudad Pereira","NOM_POPULA":"Ciudad Pereira","NORMA":"Sin"}},{"type":"Feature","id":34,"geometry":{"type":"Polygon","coordinates":[[[-75.74374425,4.80238633100003],[-75.7438502539999,4.80285421900004],[-75.74380997,4.80288392900007],[-75.743684183,4.80267567600003],[-75.743394135,4.80287890500005],[-75.7430189249999,4.80237384300005],[-75.7432311859999,4.80220456300002],[-75.743379471,4.80227142900003],[-75.7435784639999,4.80236840800006],[-75.743608748,4.80237602000004],[-75.743706184,4.80238687900003],[-75.74374425,4.80238633100003]]]},"properties":{"FID":34,"ID_BAR":260,"CODCOM":"09","COMUNA":"Cuba","CODBAR":"010901","NOMBRE":"Barberos","NOM_POPULA":"Barberos","NORMA":"79"}},{"type":"Feature","id":35,"geometry":{"type":"Polygon","coordinates":[[[-75.732896602,4.80280292100002],[-75.732421855,4.80278406200005],[-75.732370795,4.80277369400004],[-75.73196172,4.80253859500004],[-75.7322103229999,4.80214968700005],[-75.732187434,4.80212736200002],[-75.732309624,4.80195273400005],[-75.7323031079999,4.80187659200005],[-75.7324224449999,4.80171344500007],[-75.7324050839999,4.80164383800008],[-75.732537414,4.80148286200006],[-75.7326310449999,4.80130977100003],[-75.7326975619999,4.80115137500006],[-75.733101779,4.80155569600003],[-75.733292637,4.80168858600008],[-75.7332172819999,4.80195908500002],[-75.733359229,4.80214699200006],[-75.7334292689999,4.80222481200002],[-75.733455785,4.80224920300003],[-75.733490999,4.80226534600006],[-75.7335452629999,4.80228127700001],[-75.733563891,4.80228827100006],[-75.733566955,4.80231702500003],[-75.733455577,4.80255135200002],[-75.733377229,4.80275747100007],[-75.733361383,4.80282140800004],[-75.732896602,4.80280292100002]]]},"properties":{"FID":35,"ID_BAR":261,"CODCOM":"15","COMUNA":"El Oso","CODBAR":"011535","NOMBRE":"Sauces II","NOM_POPULA":"Sauces II","NORMA":"Sin"}},{"type":"Feature","id":36,"geometry":{"type":"Polygon","coordinates":[[[-75.730431058,4.79465656100007],[-75.730392782,4.79461671500006],[-75.73061089,4.79442304800004],[-75.730916959,4.79413718100005],[-75.730949778,4.79417564900006],[-75.730984603,4.79424878900005],[-75.730978125,4.79429176200004],[-75.730924708,4.79441765900003],[-75.730859177,4.79454438600003],[-75.73079333,4.79470919300008],[-75.73072942,4.79501438000006],[-75.730431058,4.79465656100007]]]},"properties":{"FID":36,"ID_BAR":384,"CODCOM":"14","COMUNA":"Perla Del Otun","CODBAR":"011416","NOMBRE":"Neyra Marquez","NOM_POPULA":"Neyra Marquez","NORMA":"113"}},{"type":"Feature","id":37,"geometry":{"type":"Polygon","coordinates":[[[-75.731812981,4.80280029800001],[-75.7312608669999,4.80237575300003],[-75.731174736,4.80245004200003],[-75.730891513,4.80224924100004],[-75.731043599,4.80210826000006],[-75.731248434,4.80193285400004],[-75.731654229,4.80153472600006],[-75.732125063,4.80113375300004],[-75.732308485,4.80057608200002],[-75.73254948,4.79992261100005],[-75.732649275,4.80001270600008],[-75.7327311449999,4.80006496800008],[-75.7327906909999,4.80008363700006],[-75.732822066,4.80009216700006],[-75.7328533359999,4.80009764200003],[-75.732894888,4.80010043200002],[-75.7329488349999,4.80011722800002],[-75.733028839,4.80016761800005],[-75.733071518,4.80020485000006],[-75.733115641,4.80024121600007],[-75.733177687,4.80028893900003],[-75.733222338,4.80030760800002],[-75.733246811,4.80030824400007],[-75.73312994,4.80048603300003],[-75.7326975619999,4.80115137500006],[-75.7326310449999,4.80130977100003],[-75.732537414,4.80148286200006],[-75.7324050839999,4.80164383800008],[-75.7324224449999,4.80171344500007],[-75.7323031079999,4.80187659200005],[-75.732309624,4.80195273400005],[-75.732187434,4.80212736200002],[-75.7322103229999,4.80214968700005],[-75.73196172,4.80253859500004],[-75.731812981,4.80280029800001]]]},"properties":{"FID":37,"ID_BAR":262,"CODCOM":"15","COMUNA":"El Oso","CODBAR":"011507","NOMBRE":"Guadalupe","NOM_POPULA":"Guadalupe","NORMA":"Sin"}},{"type":"Feature","id":38,"geometry":{"type":"Polygon","coordinates":[[[-75.729164167,4.79478710900003],[-75.729117862,4.79480886900007],[-75.728949509,4.79493345900004],[-75.728475294,4.79444712900004],[-75.728044571,4.79484202400005],[-75.7278128689999,4.79457558900003],[-75.727629726,4.79438711500005],[-75.7285048,4.79356417400005],[-75.7289315469999,4.79399568100007],[-75.728853656,4.79409451800007],[-75.728692875,4.79425489300007],[-75.729133742,4.79474558500005],[-75.729164167,4.79478710900003]]]},"properties":{"FID":38,"ID_BAR":385,"CODCOM":"14","COMUNA":"Perla Del Otun","CODBAR":"011405","NOMBRE":"El Bosque","NOM_POPULA":"Villa del Bosque","NORMA":"Sin"}},{"type":"Feature","id":39,"geometry":{"type":"Polygon","coordinates":[[[-75.731987895,4.79473000900002],[-75.732450657,4.79396453900005],[-75.732686514,4.79407326600005],[-75.7331885729999,4.79324207500003],[-75.733195016,4.79325945500006],[-75.733198644,4.79327540300005],[-75.733200229,4.79328873800007],[-75.733209173,4.79331270600005],[-75.7332254419999,4.79334811900002],[-75.7332469569999,4.79338808800004],[-75.7330906499999,4.79366450500003],[-75.732785393,4.79417680200002],[-75.7326558819999,4.79440696100004],[-75.732366224,4.79491397600003],[-75.731987895,4.79473000900002]]]},"properties":{"FID":39,"ID_BAR":386,"CODCOM":"15","COMUNA":"El Oso","CODBAR":"011515","NOMBRE":"La Nueva Villa","NOM_POPULA":"La Nueva Villa","NORMA":"Sin"}},{"type":"Feature","id":40,"geometry":{"type":"Polygon","coordinates":[[[-75.7410512769999,4.80255300100004],[-75.7410406779999,4.80258007800006],[-75.740870596,4.80251882800007],[-75.7407702049999,4.80260571100008],[-75.740639812,4.80273440100006],[-75.740590373,4.80275980100004],[-75.740526425,4.80277312000003],[-75.740437829,4.80276330000004],[-75.7400468869999,4.80265201900005],[-75.7399745229999,4.80261452300004],[-75.739925188,4.80257194000006],[-75.7398724719999,4.80248702100005],[-75.7398329609999,4.80235114500005],[-75.739830598,4.80221184300006],[-75.739829188,4.80212657000003],[-75.739821652,4.80208128300007],[-75.739778127,4.80201459100004],[-75.73948071,4.80173343200005],[-75.739348482,4.80159323100003],[-75.739180931,4.80131772000004],[-75.739107546,4.80126111400005],[-75.738973206,4.80119357500007],[-75.738877883,4.80114977500004],[-75.738447433,4.80102429200002],[-75.7384545409999,4.80073918600004],[-75.738467425,4.80047711400003],[-75.738378793,4.80046888500004],[-75.738388264,4.80039590400003],[-75.738337169,4.80038216300005],[-75.738389353,4.80019750400003],[-75.7384344229999,4.80004318700002],[-75.738638731,4.80009624100006],[-75.738693416,4.80003299100003],[-75.738791835,4.79990432000006],[-75.739184821,4.80027580300002],[-75.739246163,4.80030113100003],[-75.7397694699999,4.80046728700006],[-75.740086643,4.80078031000004],[-75.740014457,4.80085610100002],[-75.740174011,4.80098994200006],[-75.740404452,4.80125510100002],[-75.7407617659999,4.80152543300005],[-75.740947729,4.80157730300004],[-75.741034215,4.80165226000003],[-75.7408809349999,4.80185843500004],[-75.7408858329999,4.80201365100004],[-75.7409098159999,4.80217413000002],[-75.7410512769999,4.80255300100004]]]},"properties":{"FID":40,"ID_BAR":263,"CODCOM":"13","COMUNA":"San Joaquin","CODBAR":"011319","NOMBRE":"La Isla","NOM_POPULA":"La Isla","NORMA":"Sin"}},{"type":"Feature","id":41,"geometry":{"type":"Polygon","coordinates":[[[-75.710473495,4.80265396600004],[-75.709550904,4.80264608400006],[-75.709549335,4.80207444500007],[-75.7104727339999,4.80207563200001],[-75.710473495,4.80265396600004]]]},"properties":{"FID":41,"ID_BAR":264,"CODCOM":"19","COMUNA":"El Poblado","CODBAR":"011910","NOMBRE":"Villa Del Palmar","NOM_POPULA":"Villa Del Palmar","NORMA":"Sin"}},{"type":"Feature","id":42,"geometry":{"type":"Polygon","coordinates":[[[-75.7302200629999,4.79486308800006],[-75.7298132459999,4.79441100600007],[-75.7300056139999,4.79423032000006],[-75.7300052959999,4.79419052700006],[-75.7305305299999,4.79370996800003],[-75.730758253,4.79395102200003],[-75.730916959,4.79413718100005],[-75.73061089,4.79442304800004],[-75.730392782,4.79461671500006],[-75.730431058,4.79465656100007],[-75.7302200629999,4.79486308800006]]]},"properties":{"FID":42,"ID_BAR":387,"CODCOM":"14","COMUNA":"Perla Del Otun","CODBAR":"011417","NOMBRE":"Sinai","NOM_POPULA":"Sinai","NORMA":"3"}},{"type":"Feature","id":43,"geometry":{"type":"Polygon","coordinates":[[[-75.731528752,4.79466457400004],[-75.7320926459999,4.79371458500003],[-75.73212152,4.79372883900004],[-75.7322376179999,4.79382313700006],[-75.732342976,4.79391489100003],[-75.732450657,4.79396453900005],[-75.731987895,4.79473000900002],[-75.731922329,4.79483847400006],[-75.731692986,4.79475023400005],[-75.731528752,4.79466457400004]]]},"properties":{"FID":43,"ID_BAR":388,"CODCOM":"15","COMUNA":"El Oso","CODBAR":"011509","NOMBRE":"Jaime Pardo Leal","NOM_POPULA":"Jaime Pardo Leal","NORMA":"Sin"}},{"type":"Feature","id":44,"geometry":{"type":"Polygon","coordinates":[[[-75.7410512769999,4.80255300100004],[-75.741367128,4.80198817200005],[-75.7415124839999,4.80176278100003],[-75.741934398,4.80120741600006],[-75.7423227,4.80143450900003],[-75.742542294,4.80157495500002],[-75.7427438239999,4.80174510800003],[-75.7427117089999,4.80176699300005],[-75.742676038,4.80179804300007],[-75.742660336,4.80191779500005],[-75.742615723,4.80198432900005],[-75.742473076,4.80208627900004],[-75.742237783,4.80220603500003],[-75.742172287,4.80226211400002],[-75.7420045699999,4.80243994100005],[-75.741854987,4.80255849500002],[-75.7417000139999,4.80260470200004],[-75.741652969,4.80262526300002],[-75.741455105,4.80265068200003],[-75.741273581,4.80264824900006],[-75.7411493119999,4.80261921500006],[-75.7410406779999,4.80258007800006],[-75.7410512769999,4.80255300100004]]]},"properties":{"FID":44,"ID_BAR":265,"CODCOM":"13","COMUNA":"San Joaquin","CODBAR":"011325","NOMBRE":"Los Cisnes","NOM_POPULA":"Los Cisnes","NORMA":"Sin"}},{"type":"Feature","id":45,"geometry":{"type":"Polygon","coordinates":[[[-75.7268188419999,4.80261979000006],[-75.726502908,4.80240630600002],[-75.7264815679999,4.80232260500003],[-75.72647118,4.80226071600003],[-75.7264656519999,4.80220633400005],[-75.7264662859999,4.80212960900007],[-75.7264449469999,4.80207529700004],[-75.726435861,4.80203204300006],[-75.726433045,4.80199140100005],[-75.726418643,4.80198182900005],[-75.726397726,4.80197195600005],[-75.72637216,4.80196512000003],[-75.726345399,4.80196328300001],[-75.726316947,4.80196708000006],[-75.726284973,4.80192386100003],[-75.7262692669999,4.80191997500002],[-75.726254936,4.80191291000005],[-75.7262431039999,4.80190365500003],[-75.7262325399999,4.80189095600002],[-75.7261950019999,4.80187640200006],[-75.726154789,4.80183685600002],[-75.726147359,4.80180707800003],[-75.726139577,4.80178492900006],[-75.72612271,4.80174979900004],[-75.7261020399999,4.80171839500003],[-75.7260668609999,4.80160304300005],[-75.726054995,4.80145662200005],[-75.726051614,4.80143620400002],[-75.7260454519999,4.80141718300006],[-75.726035311,4.80139715300003],[-75.726022599,4.80137977400004],[-75.726005555,4.80130025800003],[-75.725979603,4.80124789000008],[-75.726757923,4.80021258000004],[-75.7274490889999,4.80056617900003],[-75.72803606,4.80100990700003],[-75.7268188419999,4.80261979000006]]]},"properties":{"FID":45,"ID_BAR":266,"CODCOM":"10","COMUNA":"Consota","CODBAR":"011019","NOMBRE":"Quintas de Panorama I","NOM_POPULA":"Quintas de Panorama I","NORMA":"Sin"}},{"type":"Feature","id":46,"geometry":{"type":"Polygon","coordinates":[[[-75.729446891,4.79459137500004],[-75.729252128,4.79474577900004],[-75.729164167,4.79478710900003],[-75.729133742,4.79474558500005],[-75.728692875,4.79425489300007],[-75.728853656,4.79409451800007],[-75.7289315469999,4.79399568100007],[-75.72916494,4.79428910300003],[-75.729446891,4.79459137500004]]]},"properties":{"FID":46,"ID_BAR":389,"CODCOM":"14","COMUNA":"Perla Del Otun","CODBAR":"011413","NOMBRE":"La Policia","NOM_POPULA":"La Policia","NORMA":"Sin"}},{"type":"Feature","id":47,"geometry":{"type":"Polygon","coordinates":[[[-75.692484787,4.79463746200003],[-75.69229816,4.79460654500002],[-75.692221113,4.79461168000006],[-75.692078177,4.79475072800005],[-75.692031276,4.79469584900004],[-75.691999343,4.79460347300003],[-75.691999346,4.79454064900004],[-75.692005971,4.79444506000005],[-75.691994601,4.79436888200007],[-75.6919518569999,4.79427023700002],[-75.6920220059999,4.79418394200008],[-75.6921569849999,4.79402910300007],[-75.692687093,4.79447803500005],[-75.692484787,4.79463746200003]]]},"properties":{"FID":47,"ID_BAR":390,"CODCOM":"06","COMUNA":"Universidad","CODBAR":"010624","NOMBRE":"Villa Los Alamos","NOM_POPULA":"Villa Los Alamos","NORMA":"Sin"}},{"type":"Feature","id":48,"geometry":{"type":"Polygon","coordinates":[[[-75.740947729,4.80157730300004],[-75.740994631,4.80148127200005],[-75.741186152,4.80125845800006],[-75.7411301239999,4.80108136000007],[-75.7408953509999,4.80083607200003],[-75.740910844,4.80079848600007],[-75.740919155,4.80077423500004],[-75.740971901,4.80062094300007],[-75.740986865,4.80055243100003],[-75.7409973919999,4.80046978800003],[-75.741004504,4.80041397600007],[-75.741006967,4.80030544100003],[-75.741161511,4.79999475800002],[-75.741294049,4.79979856300002],[-75.741299154,4.79977171600006],[-75.7414039829999,4.79969735500003],[-75.7417254069999,4.79958047700007],[-75.742076375,4.79949772100002],[-75.742211875,4.79949464500004],[-75.7426106349999,4.79974349800005],[-75.742682893,4.79974492700005],[-75.742707614,4.79982366500007],[-75.74268473,4.80000594000006],[-75.742627866,4.80025422000005],[-75.742468743,4.80049865200005],[-75.741934398,4.80120741600006],[-75.7415124839999,4.80176278100003],[-75.741367128,4.80198817200005],[-75.7410512769999,4.80255300100004],[-75.7409098159999,4.80217413000002],[-75.7408858329999,4.80201365100004],[-75.7408809349999,4.80185843500004],[-75.741034215,4.80165226000003],[-75.740947729,4.80157730300004]]]},"properties":{"FID":48,"ID_BAR":267,"CODCOM":"13","COMUNA":"San Joaquin","CODBAR":"011335","NOMBRE":"Rafael Uribe II","NOM_POPULA":"Rafael Uribe II","NORMA":"Sin"}},{"type":"Feature","id":49,"geometry":{"type":"Polygon","coordinates":[[[-75.7352478999999,4.80234189200007],[-75.735084582,4.80252923800002],[-75.734269915,4.80207677600002],[-75.734375308,4.80192791600006],[-75.734496158,4.80175720900008],[-75.7346229939999,4.80157286600007],[-75.734748036,4.80147812400004],[-75.734876882,4.80152174900007],[-75.7348893129999,4.80160023900003],[-75.734913294,4.80168916900003],[-75.73494872,4.80177788600002],[-75.735090069,4.80206025100006],[-75.7352478999999,4.80234189200007]]]},"properties":{"FID":49,"ID_BAR":268,"CODCOM":"15","COMUNA":"El Oso","CODBAR":"011512","NOMBRE":"La Floresta","NOM_POPULA":"La Floresta","NORMA":"79"}},{"type":"Feature","id":50,"geometry":{"type":"Polygon","coordinates":[[[-75.6811255979999,4.79111505900004],[-75.6810074859999,4.79123870500006],[-75.680972481,4.79128935800003],[-75.680945293,4.79134780100002],[-75.680941416,4.79141142000003],[-75.680976834,4.79149254500004],[-75.6811432649999,4.79180505600005],[-75.6812151569999,4.79198209000004],[-75.681252689,4.79206390400003],[-75.6812853279999,4.79211299000002],[-75.6813212069999,4.79215063000003],[-75.681340431,4.79218069300004],[-75.681277365,4.79218607600004],[-75.6811836639999,4.79218686400002],[-75.681162219,4.79218520200004],[-75.681143134,4.79218163300005],[-75.681113379,4.79216840200007],[-75.681081724,4.79216077000006],[-75.681062708,4.79216326000005],[-75.681042707,4.79217272500007],[-75.68102922,4.79218678300002],[-75.681021332,4.79219614300007],[-75.681003195,4.79221023700005],[-75.68098323,4.79222016200003],[-75.680962806,4.79222775500004],[-75.6809498119999,4.79223715100004],[-75.680937274,4.79225537700006],[-75.680930301,4.79228142900007],[-75.680923326,4.79231118900003],[-75.680923326,4.79232512500003],[-75.680925191,4.79234275200002],[-75.68092702,4.79236362800004],[-75.6809288859999,4.79238079600002],[-75.680937475,4.79241073500002],[-75.6809432149999,4.79242156300006],[-75.680948777,4.79243452700007],[-75.6809547979999,4.79245074100004],[-75.680957121,4.79246374100005],[-75.680960817,4.79247578700005],[-75.680961767,4.79248739100006],[-75.6809598999999,4.79250180300005],[-75.6809598629999,4.79252176100005],[-75.680957537,4.79255615000005],[-75.680949154,4.79258822400004],[-75.680938483,4.79260221200007],[-75.6809254889999,4.79261155400006],[-75.680913903,4.79262321100003],[-75.680904184,4.79263995400003],[-75.680897669,4.79265205200006],[-75.6808985819999,4.79269196900001],[-75.680902736,4.79270866000007],[-75.680918017,4.79272298600005],[-75.6809361159999,4.79273497900004],[-75.6809574549999,4.79273955500002],[-75.680985272,4.79274361900002],[-75.681018724,4.79274582900006],[-75.6810484439999,4.79275037100007],[-75.681087952,4.79275487700005],[-75.6810995719999,4.79275994700003],[-75.6811125999999,4.79277663800002],[-75.681113057,4.79279477800002],[-75.681115344,4.79281335900003],[-75.6811153049999,4.79287519400003],[-75.681113473,4.79288681600004],[-75.681097166,4.79293425600001],[-75.6810897,4.79295145800006],[-75.6810827259999,4.79297146900006],[-75.6810826889999,4.79300631700004],[-75.68108642,4.79302443900002],[-75.681090116,4.79304395600007],[-75.681091946,4.79306670500007],[-75.681095641,4.79310436100006],[-75.6810993719999,4.79312666900005],[-75.68110863,4.79317034800006],[-75.681112818,4.79320519700002],[-75.681118839,4.79321915000002],[-75.6811244359999,4.79323308600004],[-75.681132781,4.79324658000007],[-75.6811392939999,4.79326609800006],[-75.6811392929999,4.79327911500007],[-75.681134609,4.79329538100007],[-75.681120627,4.79331952500007],[-75.681110873,4.79333112800003],[-75.6810904129999,4.79334317300002],[-75.681075025,4.79334825900004],[-75.681049002,4.79335055300002],[-75.6810373819999,4.79334774400007],[-75.6810216069999,4.79334353900003],[-75.6810076629999,4.79333748000005],[-75.680979881,4.79333557100006],[-75.680967344,4.79334761600006],[-75.680960371,4.79335966100007],[-75.6809533969999,4.79338007800003],[-75.6809487479999,4.79340139600003],[-75.680943183,4.79341716800007],[-75.680940858,4.79343385900006],[-75.680940816,4.79353453400005],[-75.680939864,4.79355076500003],[-75.6809398629999,4.79356793300008],[-75.68093289,4.79358554200006],[-75.680916655,4.79361376500003],[-75.6809110889999,4.79362950200004],[-75.6809078489999,4.79365082000004],[-75.680903199,4.79367538800006],[-75.680891613,4.79369294300004],[-75.680880942,4.79370401700004],[-75.680867984,4.79371138200001],[-75.680855025,4.79371593800004],[-75.6808402,4.79372559800002],[-75.680828156,4.79373481600004],[-75.680818895,4.79374449500006],[-75.6808045619999,4.79375878300004],[-75.6807929759999,4.79377492500004],[-75.680783256,4.79379619000002],[-75.6807758589999,4.79382160600004],[-75.680773534,4.79384336600004],[-75.6807689189999,4.79387713600004],[-75.680766557,4.79391694600002],[-75.680761484,4.79394608900002],[-75.680756834,4.79397058600006],[-75.68073972,4.79398667500004],[-75.6807193669999,4.79398884600005],[-75.680699542,4.79398868600002],[-75.680679717,4.79399085700003],[-75.680657533,4.79399530600006],[-75.680632214,4.79399744100004],[-75.68060179,4.79399351900002],[-75.680576473,4.79398731800006],[-75.680548373,4.79398941700002],[-75.6804756929999,4.79399812000004],[-75.6804554449999,4.79400490100004],[-75.68041685,4.79401429400002],[-75.680383784,4.79402972900005],[-75.680346634,4.79404097700007],[-75.6803131459999,4.79405224400007],[-75.680289306,4.79406356400004],[-75.6802650079999,4.79407306500002],[-75.680227471,4.79408657400007],[-75.680212364,4.79409151800007],[-75.6801729599999,4.79409969300001],[-75.680135774,4.79411445600003],[-75.6801113349999,4.79413709700003],[-75.680079113,4.79416881600003],[-75.680049638,4.79419733900006],[-75.680020656,4.79422266500006],[-75.6799976249999,4.79424942200006],[-75.679977868,4.79426750700002],[-75.679957127,4.79429060800005],[-75.679951526,4.79431568800003],[-75.6799513829999,4.79434126300004],[-75.67996029,4.79438019100007],[-75.679956556,4.79439795800006],[-75.6799550759999,4.79441986000005],[-75.6799553559999,4.79444773100005],[-75.679960213,4.79448203200009],[-75.67995324,4.79449609000005],[-75.679935492,4.79448725800005],[-75.6799091199999,4.79445867900004],[-75.6798701769999,4.79442518900005],[-75.67985222,4.79440655300003],[-75.6798371849999,4.79438994900003],[-75.6798194369999,4.79438703400007],[-75.679800633,4.79439642900007],[-75.679774046,4.79441488500003],[-75.6797611929999,4.79442205500002],[-75.679742953,4.79442005700002],[-75.679719327,4.79439562900006],[-75.679704784,4.79437906100003],[-75.6796842919999,4.79436699600007],[-75.679676087,4.79435961200005],[-75.679671581,4.79434906700003],[-75.679664012,4.79431384800006],[-75.6796604579999,4.79428917400004],[-75.6796587699999,4.79426450000004],[-75.679653383,4.79424802100004],[-75.679635672,4.79422366300003],[-75.6796052509999,4.79419232700008],[-75.679579371,4.79416150600003],[-75.6795676469999,4.79413446300003],[-75.67956043,4.79411614700007],[-75.6795490919999,4.79409640000005],[-75.6795437059999,4.79407992100003],[-75.679539199,4.79406801600003],[-75.6795241999999,4.79405646400004],[-75.679466382,4.79402535700006],[-75.679434022,4.79401595800005],[-75.67940071,4.79401567300003],[-75.679363208,4.79402948200003],[-75.679337114,4.79404889100005],[-75.6793210909999,4.79406197800005],[-75.679305562,4.79407004900003],[-75.679284117,4.79407670600006],[-75.679244924,4.79408136600005],[-75.679209817,4.79408106300001],[-75.6791915759999,4.79408226300006],[-75.67915925,4.79408927300005],[-75.679128192,4.79409674200002],[-75.6791113949999,4.79409705800003],[-75.679071323,4.79409670200005],[-75.679045336,4.79409829000001],[-75.679028504,4.79410588400003],[-75.679011143,4.79411485500002],[-75.6789841679999,4.79414742200003],[-75.678975011,4.79416102200002],[-75.678959903,4.79418730200006],[-75.678947577,4.79420086500004],[-75.6789360609999,4.79423264000008],[-75.678930495,4.79426082800007],[-75.678932677,4.79428181100007],[-75.678938064,4.79430053300006],[-75.678946089,4.79433932000006],[-75.6789551379999,4.79435352200006],[-75.678962355,4.79436452600004],[-75.678969573,4.79437962700007],[-75.678974044,4.79439743100003],[-75.6789739719999,4.79442339500002],[-75.67896478,4.79444697400003],[-75.6789459729999,4.79448821400005],[-75.678934456,4.79452270700005],[-75.678927271,4.79454750500002],[-75.678919734,4.79456670300003],[-75.6788873,4.79460732400002],[-75.678866348,4.79462030400002],[-75.678845853,4.79463736500003],[-75.6788294419999,4.79464812000003],[-75.678809862,4.79466336100005],[-75.678788911,4.79467314500005],[-75.678760704,4.79468557600005],[-75.678708973,4.79472490700004],[-75.67869531,4.79473032800007],[-75.678665238,4.79473543000005],[-75.6786390039999,4.79473258500007],[-75.6786249899999,4.79472760300007],[-75.678609109,4.79472022000003],[-75.678586187,4.79471271200003],[-75.678564743,4.79470004600005],[-75.678544743,4.79468270100006],[-75.678532666,4.79467021200002],[-75.678514919,4.79466281000002],[-75.6785013969999,4.79465786400004],[-75.678478931,4.79466123600002],[-75.6784466409999,4.79466063300003],[-75.6784251619999,4.79465789400007],[-75.678364068,4.79464595000007],[-75.6783472719999,4.79464282200007],[-75.6783164949999,4.79464227300003],[-75.678286671,4.79463702500005],[-75.6782648029999,4.79463098300005],[-75.678243816,4.79463013400005],[-75.678221456,4.79462972500004],[-75.678190751,4.79462212900005],[-75.678163814,4.79461693500002],[-75.678122791,4.79461809700007],[-75.678083105,4.79462772000005],[-75.678043912,4.79463971000007],[-75.6779909159999,4.79464438700006],[-75.6779615839999,4.79464948900005],[-75.67793785,4.79465280800002],[-75.6778987979999,4.79465775000006],[-75.677867212,4.79466234100005],[-75.677847175,4.79466760200006],[-75.677828511,4.79467853400007],[-75.67781351,4.79469280400002],[-75.677802134,4.79471090700002],[-75.6777927319999,4.79472388800002],[-75.677778787,4.79472551200007],[-75.6777546659999,4.79472694000004],[-75.677701918,4.79472031300003],[-75.6776751209999,4.79471607300007],[-75.677625647,4.79471280200006],[-75.677589976,4.79471776200007],[-75.677560749,4.79472284600007],[-75.677518175,4.79472814300003],[-75.677459827,4.79474016600007],[-75.677417324,4.79474265400005],[-75.677398909,4.79473949100003],[-75.6773753859999,4.79473858800004],[-75.6773568999999,4.79474197900004],[-75.6773448559999,4.79474503300001],[-75.677331898,4.79474761100005],[-75.677311757,4.79473973200003],[-75.6772826019999,4.79471623800003],[-75.677265384,4.79469861100006],[-75.6772496099999,4.79467492400004],[-75.677238766,4.79466257800006],[-75.67722778,4.79465770200004],[-75.6772122509999,4.79465134200007],[-75.6771810879999,4.79464374500002],[-75.677115839,4.79464257500006],[-75.677084569,4.79464573400003],[-75.677064321,4.79464910600007],[-75.677048052,4.79466002000003],[-75.677028438,4.79468066600002],[-75.677012519,4.79470046400006],[-75.676995335,4.79471369200008],[-75.676979242,4.79471711700007],[-75.67695815,4.79471487300003],[-75.676922585,4.79470485500001],[-75.676899098,4.79471142500005],[-75.676881491,4.79472230300007],[-75.676866172,4.79473367600001],[-75.67683455,4.79473542300002],[-75.676807684,4.79472697800002],[-75.6767787049999,4.79470917300005],[-75.6767587409999,4.79467382900002],[-75.676744659,4.79464155900008],[-75.6767216319999,4.79460139300004],[-75.6767085,4.79456997100004],[-75.676693502,4.79454038500006],[-75.6766861789999,4.79451466800002],[-75.676678399,4.79449126600001],[-75.6766714629999,4.79446977000004],[-75.676639704,4.79443668700002],[-75.676614493,4.79441953400003],[-75.676585022,4.79438655700005],[-75.676556854,4.79435824100004],[-75.676518685,4.79433164000005],[-75.676483649,4.79430883500002],[-75.6764549169999,4.79428936900006],[-75.676426536,4.79427733900007],[-75.676409704,4.79427709100003],[-75.6763753,4.79429413200006],[-75.676331846,4.79431104900005],[-75.676305753,4.79432173300005],[-75.6762727569999,4.79434018700004],[-75.67625529,4.79435101400004],[-75.676238247,4.79436369400002],[-75.676218349,4.79438467500004],[-75.676198981,4.79440009200004],[-75.676172888,4.79441355000005],[-75.676143413,4.79441676200001],[-75.6761265109999,4.79442202400002],[-75.676107848,4.79442726800006],[-75.676087918,4.79442970400004],[-75.6760725299999,4.79442945500005],[-75.676045345,4.79442470200006],[-75.6760076319999,4.79441507400002],[-75.675988407,4.79440590500008],[-75.675968723,4.79439675500003],[-75.6759536179999,4.79439082000004],[-75.6759393569999,4.79437700700003],[-75.675920132,4.79436552500003],[-75.675900837,4.79434522900005],[-75.675889324,4.79433046300004],[-75.675873268,4.79431848600007],[-75.675862246,4.79431159700004],[-75.675838442,4.79430709100005],[-75.6758101309999,4.79430910300003],[-75.6757836849999,4.79432595100008],[-75.67577231,4.79433947900002],[-75.6757499839999,4.79435814700002],[-75.6757221989999,4.79438288900006],[-75.675696245,4.79441319500006],[-75.675670291,4.79443933400005],[-75.6756547959999,4.79445379800007],[-75.6756346889999,4.79446321100005],[-75.675622787,4.79446559500008],[-75.675603103,4.79446479800002],[-75.675588488,4.79447415800006],[-75.6755620069999,4.79449010500002],[-75.675536441,4.79450697100004],[-75.6755186569999,4.79452563900002],[-75.675490415,4.79455412600003],[-75.67546344,4.79456961300003],[-75.67544608,4.79458086300003],[-75.675422872,4.79461116900005],[-75.675396002,4.79464755200006],[-75.6753650109999,4.79468070200005],[-75.675349517,4.79469938700003],[-75.6753249349999,4.79473343800003],[-75.675294653,4.79473410700005],[-75.6752670809999,4.79472500900004],[-75.675242714,4.79471357900007],[-75.675087112,4.79466819400006],[-75.675069013,4.79465591700006],[-75.675046865,4.79464166200007],[-75.6750210559999,4.79462184300007],[-75.675010422,4.79461262300002],[-75.6749988729999,4.79460340100009],[-75.674983697,4.79459653000002],[-75.6749611609999,4.79459527400006],[-75.674940948,4.79459820400006],[-75.674922567,4.79459599500007],[-75.6749110169999,4.79459094300005],[-75.674898588,4.79458405400003],[-75.674882461,4.79457718200007],[-75.674858517,4.79457269400007],[-75.6748456289999,4.79456905400001],[-75.674834572,4.79456912400001],[-75.6748230919999,4.79456965300005],[-75.674791857,4.79458148400005],[-75.6747757649999,4.79458250700003],[-75.6747619619999,4.79457934500005],[-75.674744919,4.79457711800007],[-75.6747163959999,4.79457870600004],[-75.674700762,4.79458345500008],[-75.674668716,4.79459784800003],[-75.6746547719999,4.79460349900004],[-75.6745711089999,4.79456311700005],[-75.674540264,4.79454607000001],[-75.674521462,4.79452453800008],[-75.67449773,4.79448949400005],[-75.6744692129999,4.79442813400004],[-75.6744490409999,4.79435631700004],[-75.6744372159999,4.79427651800007],[-75.674433736,4.79418795900006],[-75.674438637,4.79410605900005],[-75.67444209,4.79407398500007],[-75.674451144,4.79403283300007],[-75.674458789,4.79398053400006],[-75.674462773,4.79391039800003],[-75.67452881,4.79374031600003],[-75.674626156,4.79350460200004],[-75.674651834,4.79340530600007],[-75.6746765349999,4.79319020000002],[-75.674746939,4.79300778800007],[-75.674765537,4.79293869500002],[-75.6747695889999,4.79290845800004],[-75.6747713509999,4.79288086900003],[-75.674771213,4.79285206200007],[-75.6747691369999,4.79282431400002],[-75.6747665679999,4.79280476200006],[-75.6747229549999,4.79260658800007],[-75.674719475,4.79252802500003],[-75.674738705,4.79246463700002],[-75.6747905129999,4.79234589800005],[-75.674810303,4.79234282600003],[-75.674823684,4.79233736900005],[-75.6748407269999,4.79233011100006],[-75.6748550249999,4.79232327700004],[-75.6748780899999,4.79231188700005],[-75.674904007,4.79229267200002],[-75.6749083399999,4.79227651100006],[-75.674898447,4.79225930700003],[-75.674880243,4.79224574200003],[-75.674865665,4.79223592000005],[-75.674854785,4.79222518000006],[-75.6748452429999,4.79221539500002],[-75.674829857,4.79219676000002],[-75.674827393,4.79217220900004],[-75.674829437,4.79215278100003],[-75.674840707,4.79213250600004],[-75.6748677539999,4.79209568100003],[-75.674894799,4.79205654400004],[-75.674917761,4.79201689400003],[-75.674953189,4.79197086900005],[-75.6749794579999,4.79195949600005],[-75.6750039679999,4.79194625100007],[-75.675027068,4.79193254700004],[-75.675060804,4.79191289100001],[-75.67508401,4.79189314700005],[-75.675103736,4.79181547000008],[-75.675107753,4.79178585000005],[-75.6751155009999,4.79175206300003],[-75.6751270189999,4.79171137000004],[-75.675157731,4.79163743700001],[-75.675175657,4.79159955300001],[-75.675191258,4.79156304700005],[-75.675213517,4.79150663500008],[-75.6752320789999,4.79145296000007],[-75.6752524,4.79140760600006],[-75.675270255,4.79137207000001],[-75.675284026,4.79133505100004],[-75.67529762,4.79131382200007],[-75.6753244879999,4.79129453600007],[-75.675351322,4.79128129200005],[-75.675403051,4.79125895300006],[-75.675445025,4.79124629300004],[-75.675485134,4.79123546900007],[-75.675519749,4.79122554500002],[-75.675576549,4.79120371800007],[-75.6756637029999,4.79117933400005],[-75.675683351,4.79118878400003],[-75.675695181,4.79119676800001],[-75.675718456,4.79121135900005],[-75.675741202,4.79122872300008],[-75.67577525,4.79126103000003],[-75.6758133129999,4.79130033100005],[-75.67583465,4.79131999200006],[-75.675856374,4.79134523300006],[-75.675874472,4.79136764700007],[-75.675907219,4.79139250000003],[-75.675943133,4.79142019800002],[-75.675960527,4.79143794900004],[-75.6759785209999,4.79144558100005],[-75.675989119,4.79144941400004],[-75.676008591,4.79145155300005],[-75.676027642,4.79144726300006],[-75.676035214,4.79143359200004],[-75.67604275,4.79142175900005],[-75.676068915,4.79140150300003],[-75.676098741,4.79138175800006],[-75.676124519,4.79135415400003],[-75.67614188,4.79133193600007],[-75.67615882,4.79130834000005],[-75.6761881569999,4.79124590600004],[-75.676210343,4.79120680400007],[-75.6762594699999,4.79115346700007],[-75.676269436,4.79113206100004],[-75.676286234,4.79111810900001],[-75.676335676,4.79107581200002],[-75.676361699,4.79106385600005],[-75.676395188,4.79104607300007],[-75.6764123359999,4.79103946900004],[-75.6764304009999,4.79103747400006],[-75.67645702,4.79105441400002],[-75.6764857159999,4.79109615200002],[-75.676503004,4.79112165800006],[-75.676525397,4.79114723500004],[-75.676558847,4.79117298900007],[-75.676583142,4.79119219000005],[-75.6766067,4.79119256200004],[-75.676639483,4.79119079800007],[-75.676660294,4.79118931600004],[-75.676689873,4.79118795800002],[-75.676722585,4.79119214600007],[-75.67675012,4.79120864500003],[-75.676772162,4.79122228200003],[-75.676785015,4.79122661000001],[-75.6768006839999,4.79122869600007],[-75.6768255799999,4.79122680800003],[-75.676866322,4.79121280400004],[-75.676886711,4.79120397500004],[-75.676915869,4.79119253100003],[-75.6769399899999,4.79117872100004],[-75.67695897,4.79116941500007],[-75.676972915,4.79115957800007],[-75.67698355,4.79115424500003],[-75.676994819,4.79113564800001],[-75.677000597,4.79110689400006],[-75.6770057419999,4.79105111600006],[-75.677010567,4.79102831400007],[-75.677010851,4.79099855300006],[-75.677020254,4.79097857800001],[-75.6770403629999,4.79095053200007],[-75.677057971,4.79092732500003],[-75.677074417,4.79090625500004],[-75.6770957219999,4.79089426400004],[-75.677124808,4.79088561200006],[-75.677153472,4.79087374500004],[-75.677174741,4.79086722800002],[-75.677195023,4.79086758400007],[-75.677225764,4.79087724700003],[-75.677278053,4.79089643200006],[-75.6773210809999,4.79092185100007],[-75.677353617,4.79093748500002],[-75.677414568,4.79096320500003],[-75.6774338649999,4.79096718100004],[-75.677457174,4.79098037600005],[-75.677480449,4.79100088400003],[-75.677524073,4.79105784800004],[-75.677553191,4.79109628300006],[-75.677582097,4.79115439400004],[-75.677603011,4.79117942300007],[-75.677634526,4.79120143300003],[-75.677734528,4.79122270500005],[-75.677770798,4.79122101200006],[-75.6777974889999,4.79121458500003],[-75.677839394,4.79119971600005],[-75.677869748,4.79119336000003],[-75.677891861,4.79118594400008],[-75.677918518,4.79118135300006],[-75.677948699,4.79114117400007],[-75.6779714479999,4.79110911900005],[-75.678002051,4.79106895600004],[-75.678032618,4.79103292800006],[-75.678061074,4.79097358400003],[-75.67806583,4.79095083600003],[-75.6780711169999,4.79086556200002],[-75.6780715789999,4.79080761300003],[-75.678074223,4.79076794300005],[-75.67807465,4.79071228900006],[-75.6780797599999,4.79064987100003],[-75.678082547,4.79058651600007],[-75.678081141,4.79053632000005],[-75.678074102,4.79049834600005],[-75.678067378,4.79047953500004],[-75.6780819969999,4.79039177200002],[-75.678087392,4.79028023500007],[-75.678092361,4.79022860900003],[-75.678101414,4.79017839500006],[-75.678116383,4.79013874500003],[-75.678135927,4.79010278500005],[-75.678162727,4.79007466900003],[-75.678183539,4.79005427100003],[-75.678205267,4.79003205300006],[-75.678247665,4.79000178300003],[-75.678264779,4.78998272700004],[-75.678283303,4.78995867200006],[-75.678295841,4.78993364500007],[-75.678303307,4.78991771400006],[-75.6783015829999,4.78989761400003],[-75.678292041,4.78988563900004],[-75.678268767,4.78987083600003],[-75.678233098,4.78985454900004],[-75.678203872,4.78983467700005],[-75.678189753,4.78981948600006],[-75.6781661269999,4.78979051800007],[-75.678155177,4.78977900200005],[-75.678155741,4.78976713300005],[-75.678175989,4.78976045800004],[-75.678270077,4.78975438800004],[-75.6782962409999,4.78975232400006],[-75.678334729,4.78975172600002],[-75.678396246,4.78973947300006],[-75.678438467,4.78973297600004],[-75.678481109,4.78973333300008],[-75.6785205479999,4.78972909700001],[-75.678570093,4.78972494900006],[-75.678595269,4.78972698200004],[-75.678620482,4.78972717800003],[-75.678632912,4.78971771200003],[-75.678637596,4.78970086300007],[-75.678630415,4.78967797200004],[-75.6786145359999,4.78965502800003],[-75.6786024259999,4.78961337900007],[-75.678587675,4.78955896000003],[-75.678570672,4.78949355500004],[-75.678541487,4.78940206300007],[-75.6785257499999,4.78935903600005],[-75.678516809,4.78932657200005],[-75.678503711,4.78929910700004],[-75.678496071,4.78927759300007],[-75.678490756,4.78924882100004],[-75.6784955469999,4.78921694100006],[-75.6785048799999,4.78919103100003],[-75.6785146719999,4.78916739900005],[-75.6785217509999,4.78913555500002],[-75.678524148,4.78911550900006],[-75.678526685,4.78907997300008],[-75.678532005,4.78903991500003],[-75.678537816,4.78902589100006],[-75.678572435,4.78894563600005],[-75.6786051509999,4.78891105500002],[-75.6786608579999,4.78889449200007],[-75.678718503,4.78888204400005],[-75.678781215,4.78889056200006],[-75.678818328,4.78891424900007],[-75.678891004,4.78895690900004],[-75.678977798,4.78902489700003],[-75.6790030449999,4.78904568700005],[-75.67902329,4.78907214700007],[-75.679055507,4.78910537300004],[-75.679090963,4.78915142000004],[-75.6791149059999,4.78917876400004],[-75.679133814,4.78920522300007],[-75.679144412,4.789218434],[-75.6791605029999,4.78923344900005],[-75.6791801859999,4.78924293500005],[-75.6791953269999,4.78924970100007],[-75.679222405,4.78926418600002],[-75.679248531,4.78927773400005],[-75.6792742009999,4.78928902200004],[-75.679303567,4.78930485000006],[-75.679315538,4.78931670200007],[-75.6793353269999,4.78933581400001],[-75.679361065,4.78935764600003],[-75.679385924,4.78938179300007],[-75.679413564,4.78941372800006],[-75.679444444,4.78944746500002],[-75.6794712029999,4.78948261500005],[-75.6794979969999,4.78952053800003],[-75.6795283829999,4.78955015900003],[-75.67955782,4.78957518900005],[-75.6795776769999,4.78960260200006],[-75.679590634,4.78962455800007],[-75.6796072879999,4.78964787300003],[-75.67963352,4.78967156000004],[-75.679654258,4.78969438100006],[-75.679674998,4.78971490600003],[-75.6796879549999,4.78973226900006],[-75.679701758,4.78974412100007],[-75.679720103,4.78974581800003],[-75.6797411599999,4.78974198600002],[-75.6797534849999,4.78974008000007],[-75.6798107069999,4.78973414900003],[-75.679851483,4.78973385200004],[-75.679908704,4.78972426500007],[-75.679938001,4.78972221900005],[-75.679955362,4.78971151600006],[-75.6799768069999,4.78969574500007],[-75.679995471,4.78968089200003],[-75.680017375,4.78966649900002],[-75.6800451939999,4.78964606600003],[-75.680076218,4.78962563200002],[-75.6800990359999,4.78960615300003],[-75.680103968,4.78958910900008],[-75.6801088989999,4.78957436100006],[-75.680114252,4.78955041200004],[-75.680114078,4.78952375900008],[-75.680120312,4.78949613600002],[-75.680125596,4.78946252500003],[-75.6801281689999,4.78943631400006],[-75.680129016,4.78942160200006],[-75.6801265519999,4.78939770400007],[-75.6801218,4.78937108700005],[-75.6801148289999,4.78935596800005],[-75.680105499,4.78933214100003],[-75.680092896,4.78929822800005],[-75.680080819,4.78927487700001],[-75.680071066,4.78925702100003],[-75.6800570899999,4.78922037000007],[-75.680052303,4.78919099700005],[-75.6800452969999,4.78916853000004],[-75.680039206,4.78915203400004],[-75.68002287,4.78910528000005],[-75.680009844,4.78907368100003],[-75.6800004789999,4.78904757600004],[-75.679991537,4.78902890700004],[-75.68001584,4.78891966700007],[-75.680054189,4.78888990800005],[-75.680139937,4.78882965000002],[-75.680203674,4.78878104800004],[-75.680275825,4.78877333500003],[-75.680374418,4.78882708800007],[-75.680365964,4.78886739300004],[-75.6803708209999,4.78889498100004],[-75.680398355,4.78893802600004],[-75.68048744,4.78898349500002],[-75.6808392419999,4.78908618900004],[-75.680910476,4.78911086900007],[-75.680998539,4.78918359100004],[-75.681034804,4.78922774800002],[-75.681043887,4.78927190500002],[-75.681058105,4.78937191000005],[-75.681060841,4.78954394000004],[-75.681076505,4.78962743200003],[-75.681116623,4.790000161],[-75.6811749999999,4.79008236500004],[-75.681254014,4.79013689500005],[-75.681356337,4.79020574900005],[-75.681465421,4.79027750100004],[-75.681556088,4.79037230000005],[-75.681591119,4.79045436100005],[-75.6815923839999,4.79050371000004],[-75.6815703729999,4.79054915400007],[-75.681527621,4.79060499900003],[-75.6814445479999,4.79069100900004],[-75.6812734,4.79091087500005],[-75.6811255979999,4.79111505900004]]]},"properties":{"FID":50,"ID_BAR":391,"CODCOM":"01","COMUNA":"Villa Santana","CODBAR":"010102","NOMBRE":"Ciudadela Tokio *2","NOM_POPULA":"Ciudadela Tokio *2","NORMA":"Sin"}},{"type":"Feature","id":51,"geometry":{"type":"Polygon","coordinates":[[[-75.704070756,4.80250865200003],[-75.703974132,4.80249326500005],[-75.703839054,4.80248086200003],[-75.7037287649999,4.80247850900001],[-75.703659678,4.80243680600007],[-75.7036145009999,4.80239095300005],[-75.703443192,4.80225425900005],[-75.703517249,4.80216900600005],[-75.7034577059999,4.80209996100007],[-75.703218154,4.80195840800008],[-75.7031316009999,4.80192940300003],[-75.7031033929999,4.80198581600006],[-75.702896836,4.80184495100002],[-75.702840637,4.80179194500005],[-75.7028083829999,4.80175077300003],[-75.702777257,4.80170294300006],[-75.7027485949999,4.80164815300003],[-75.702645816,4.80138213800007],[-75.702640817,4.80135320700003],[-75.70263705,4.80131334300006],[-75.702636911,4.80127084700006],[-75.702640187,4.80123278600006],[-75.702682626,4.80104155700007],[-75.7026902699999,4.80097126100002],[-75.702811932,4.80098430100003],[-75.702852116,4.80080020800006],[-75.702887436,4.80078420700006],[-75.7029260319999,4.80073279400006],[-75.702895579,4.80054131600002],[-75.702836878,4.80052405800007],[-75.702763644,4.80028255900004],[-75.702763857,4.80019246300003],[-75.702699664,4.80020841000003],[-75.702668192,4.79992517600004],[-75.702697174,4.79990721500007],[-75.702691364,4.79987452200003],[-75.7024524759999,4.79991840400004],[-75.7024374059999,4.79989196300003],[-75.702428815,4.79985990600004],[-75.702428534,4.79983049800007],[-75.7024318859999,4.79966842900006],[-75.7024261829999,4.79960083500003],[-75.702412453,4.79953098100003],[-75.702397102,4.79947649200005],[-75.7023767859999,4.79942048400006],[-75.702360272,4.79937956000003],[-75.7022628779999,4.79922727200005],[-75.7022346379999,4.79919256500005],[-75.702203652,4.79916054200005],[-75.702147875,4.79911440600006],[-75.7021351989999,4.79910709300004],[-75.702590448,4.79876513200001],[-75.703382327,4.79863214500004],[-75.703397853,4.79870775800003],[-75.703471465,4.79924831500006],[-75.703488083,4.79933074500003],[-75.703511356,4.79940946700002],[-75.703531144,4.79946183700002],[-75.703547341,4.79949880400005],[-75.703770725,4.79976678400005],[-75.703891391,4.80005747400003],[-75.70399709,4.80036858100003],[-75.7040679309999,4.80062802400004],[-75.7043055,4.80108693400006],[-75.7044814879999,4.80133090900006],[-75.704497684,4.80140168200005],[-75.704483102,4.80153393700005],[-75.704425734,4.80168871000006],[-75.704244911,4.80175997100003],[-75.704118948,4.80189752100006],[-75.7040043169999,4.80226837300005],[-75.704070756,4.80250865200003]]]},"properties":{"FID":51,"ID_BAR":269,"CODCOM":"19","COMUNA":"El Poblado","CODBAR":"011904","NOMBRE":"Hamburgo","NOM_POPULA":"Hamburgo","NORMA":"Sin"}},{"type":"Feature","id":52,"geometry":{"type":"Polygon","coordinates":[[[-75.7350006459999,4.79469447900005],[-75.73495765,4.79465975500004],[-75.7349123659999,4.79463225500006],[-75.734881378,4.79460567400003],[-75.7348498969999,4.79458576900003],[-75.734788802,4.79455440100002],[-75.734751124,4.79452374000003],[-75.734693691,4.79449246100006],[-75.7345880519999,4.79441243400004],[-75.734533964,4.79435798200006],[-75.734521851,4.79434865600006],[-75.734511604,4.79434070800004],[-75.734443185,4.79427578300004],[-75.734420929,4.79425125000004],[-75.7343797299999,4.79420965600001],[-75.734342404,4.79417567400003],[-75.735276245,4.79365232900006],[-75.7352192339999,4.79355086000004],[-75.735446215,4.79341897300002],[-75.7359929959999,4.79304821700003],[-75.7361309949999,4.79311038600002],[-75.736229205,4.79317513400002],[-75.736249206,4.79320249400006],[-75.736269947,4.79322190400006],[-75.736292765,4.79323702300006],[-75.736335937,4.79325772200002],[-75.736369671,4.79327706200007],[-75.736398299,4.79329596000002],[-75.736433372,4.79332261200005],[-75.736460063,4.79334590800005],[-75.736512706,4.79336832100004],[-75.736608205,4.79344098200005],[-75.7367365229999,4.79358759500008],[-75.7368077249999,4.79363688900003],[-75.7368918129999,4.79367535700003],[-75.736567329,4.79387775400005],[-75.735959946,4.79422302400006],[-75.7350757899999,4.79473568300005],[-75.7350006459999,4.79469447900005]]]},"properties":{"FID":52,"ID_BAR":392,"CODCOM":"13","COMUNA":"San Joaquin","CODBAR":"011314","NOMBRE":"El Eden","NOM_POPULA":"El Eden","NORMA":"75"}},{"type":"Feature","id":53,"geometry":{"type":"Polygon","coordinates":[[[-75.659984916,4.80104701200003],[-75.660069849,4.80106016200005],[-75.6606106139999,4.80111948900003],[-75.660820727,4.80116386000003],[-75.6609911199999,4.80120852600003],[-75.6608746159999,4.80140449600002],[-75.660890073,4.80142090600003],[-75.6607600099999,4.80162778900006],[-75.660923848,4.80173060000003],[-75.660829672,4.80189225300005],[-75.6605793259999,4.80240466500004],[-75.660425657,4.80238264300004],[-75.66022101,4.80225439500002],[-75.659978059,4.80203686000004],[-75.660108155,4.80184795600008],[-75.660264626,4.80166038100004],[-75.660115688,4.80151617200004],[-75.660218204,4.80141181400005],[-75.659933597,4.80117347000003],[-75.659984916,4.80104701200003]]]},"properties":{"FID":53,"ID_BAR":270,"CODCOM":"05","COMUNA":"Oriente","CODBAR":"010517","NOMBRE":"Pimpollo - Libare *2","NOM_POPULA":"Pimpollo - Libare *2","NORMA":"Sin"}},{"type":"Feature","id":54,"geometry":{"type":"Polygon","coordinates":[[[-75.7311916519999,4.79372739700005],[-75.731379652,4.79339718200003],[-75.731414055,4.79342678300002],[-75.731472122,4.79348455600006],[-75.731821365,4.79358088400005],[-75.7320926459999,4.79371458500003],[-75.731528752,4.79466457400004],[-75.731377723,4.79457356000006],[-75.731615758,4.79395484900005],[-75.7311916519999,4.79372739700005]]]},"properties":{"FID":54,"ID_BAR":393,"CODCOM":"15","COMUNA":"El Oso","CODBAR":"011526","NOMBRE":"Olimpia","NOM_POPULA":"Olimpia","NORMA":"48"}},{"type":"Feature","id":55,"geometry":{"type":"Polygon","coordinates":[[[-75.695837217,4.80213491200003],[-75.695797818,4.80203631900002],[-75.6959442839999,4.80172004800006],[-75.695875837,4.80155714600005],[-75.696024527,4.80112121200004],[-75.6961250589999,4.80115885400006],[-75.6961576319999,4.80115885600003],[-75.696284717,4.80113533500003],[-75.6962945069999,4.80111968700003],[-75.696310776,4.80110760700006],[-75.6963228549999,4.80110359800006],[-75.696419656,4.80110685200003],[-75.696439481,4.80109620200006],[-75.6964608919999,4.80108921000004],[-75.696497055,4.80108620800006],[-75.696525332,4.80109115500003],[-75.696630649,4.80122977300004],[-75.69672185,4.80126794600004],[-75.6968183669999,4.80132957400002],[-75.696891609,4.80134995900004],[-75.696880725,4.80142346900004],[-75.6969513559999,4.80158276800006],[-75.696899769,4.80239154000003],[-75.6967901149999,4.80238111500005],[-75.696437455,4.80233212100007],[-75.6962150159999,4.80225653500002],[-75.695962434,4.80218124600003],[-75.695837217,4.80213491200003]]]},"properties":{"FID":55,"ID_BAR":271,"CODCOM":"07","COMUNA":"Boston","CODBAR":"010729","NOMBRE":"Santa Catalina II","NOM_POPULA":"Santa Catalina II","NORMA":"Sin"}},{"type":"Feature","id":56,"geometry":{"type":"Polygon","coordinates":[[[-75.6921569849999,4.79402910300007],[-75.692308163,4.79384598800005],[-75.6923430969999,4.79380247100005],[-75.692380812,4.79375542000003],[-75.692422049,4.79370227600001],[-75.6926140749999,4.79349742200003],[-75.692681153,4.79354748000002],[-75.693148515,4.79394859500007],[-75.692687093,4.79447803500005],[-75.6921569849999,4.79402910300007]]]},"properties":{"FID":56,"ID_BAR":394,"CODCOM":"06","COMUNA":"Universidad","CODBAR":"010603","NOMBRE":"Canaan","NOM_POPULA":"Canaan","NORMA":"Sin"}},{"type":"Feature","id":57,"geometry":{"type":"Polygon","coordinates":[[[-75.6684957849999,4.80198234000006],[-75.6686191059999,4.80193192500008],[-75.668785725,4.80164141300003],[-75.669137222,4.80124990500003],[-75.6691447549999,4.80127825300002],[-75.669194465,4.80141335600005],[-75.669218759,4.80144366700005],[-75.669339534,4.80152637100002],[-75.669446997,4.80162589100007],[-75.6694692139999,4.80165824900006],[-75.669477591,4.80169661200005],[-75.669434418,4.80172169000002],[-75.6693960699999,4.80172838000003],[-75.669234145,4.80189697100007],[-75.669204,4.80193444800005],[-75.66918307,4.80208454000006],[-75.669131968,4.80217509000005],[-75.669097421,4.80220730300004],[-75.669077102,4.80221471900005],[-75.66901812,4.80221264800002],[-75.668883744,4.80222734900002],[-75.6688091569999,4.80229318800002],[-75.6687907039999,4.80230374900003],[-75.668769471,4.80230380000005],[-75.668657039,4.80225629600006],[-75.668581683,4.80224221300006],[-75.6685657309999,4.80223922700002],[-75.6685409779999,4.80221856000002],[-75.6685304869999,4.80219798200004],[-75.6684957849999,4.80198234000006]]]},"properties":{"FID":57,"ID_BAR":272,"CODCOM":"01","COMUNA":"Villa Santana","CODBAR":"010114","NOMBRE":"Veracruz II","NOM_POPULA":"Veracruz II","NORMA":"Sin"}},{"type":"Feature","id":58,"geometry":{"type":"Polygon","coordinates":[[[-75.695864432,4.79441714500005],[-75.695703903,4.79427628200005],[-75.695541578,4.79412580900004],[-75.6954587279999,4.79397952600002],[-75.695271439,4.79378837600006],[-75.6951554519999,4.79370051900003],[-75.695346112,4.79334956000003],[-75.6954560179999,4.79320063700003],[-75.695505812,4.79312105300006],[-75.695709305,4.79316520000002],[-75.6958865299999,4.79320420700002],[-75.69617971,4.79326467800006],[-75.696150899,4.79341860400007],[-75.6961100079999,4.79362468500006],[-75.6960777469999,4.79375791000008],[-75.696057249,4.79384251200003],[-75.69602872,4.79398983200002],[-75.695985261,4.79414063100006],[-75.695914229,4.79431352300002],[-75.695864432,4.79441714500005]]]},"properties":{"FID":58,"ID_BAR":395,"CODCOM":"07","COMUNA":"Boston","CODBAR":"010711","NOMBRE":"La Arboleda","NOM_POPULA":"La Arboleda","NORMA":"Sin"}},{"type":"Feature","id":59,"geometry":{"type":"Polygon","coordinates":[[[-75.733490999,4.80226534600006],[-75.733455785,4.80224920300003],[-75.7334292689999,4.80222481200002],[-75.733359229,4.80214699200006],[-75.7332172819999,4.80195908500002],[-75.733292637,4.80168858600008],[-75.733321511,4.80159783600003],[-75.733386724,4.80153605300006],[-75.733443805,4.80149740800004],[-75.7334937379999,4.80148451400002],[-75.7335536699999,4.80147162000002],[-75.734066693,4.80145510000006],[-75.7346090839999,4.80144128200004],[-75.734748036,4.80147812400004],[-75.7346229939999,4.80157286600007],[-75.734496158,4.80175720900008],[-75.734375308,4.80192791600006],[-75.734103144,4.80187224700006],[-75.7340661699999,4.80195835200004],[-75.7340312739999,4.80199915200007],[-75.7338189389999,4.80211609600001],[-75.73370513,4.80216466900004],[-75.733554171,4.80225460600007],[-75.733490999,4.80226534600006]]]},"properties":{"FID":59,"ID_BAR":273,"CODCOM":"15","COMUNA":"El Oso","CODBAR":"011536","NOMBRE":"Sauces III","NOM_POPULA":"Sauces III","NORMA":"Sin"}},{"type":"Feature","id":60,"geometry":{"type":"Polygon","coordinates":[[[-75.729196524,4.79372528700001],[-75.7294218159999,4.79352891800005],[-75.729189832,4.79329247300007],[-75.729699854,4.79281115600003],[-75.7298644749999,4.79308668700002],[-75.7299507819999,4.79316517800003],[-75.730072126,4.79325447800005],[-75.730193471,4.79335460500005],[-75.730317914,4.79349169900006],[-75.7305305299999,4.79370996800003],[-75.7300052959999,4.79419052700006],[-75.7300056139999,4.79423032000006],[-75.7298132459999,4.79441100600007],[-75.729196524,4.79372528700001]]]},"properties":{"FID":60,"ID_BAR":396,"CODCOM":"14","COMUNA":"Perla Del Otun","CODBAR":"011412","NOMBRE":"La Francia","NOM_POPULA":"La Francia","NORMA":"95"}},{"type":"Feature","id":61,"geometry":{"type":"Polygon","coordinates":[[[-75.730891513,4.80224924100004],[-75.7306003319999,4.80188022500004],[-75.730907285,4.80163356900004],[-75.731743737,4.80085645800005],[-75.732125063,4.80113375300004],[-75.731654229,4.80153472600006],[-75.731248434,4.80193285400004],[-75.731043599,4.80210826000006],[-75.730891513,4.80224924100004]]]},"properties":{"FID":61,"ID_BAR":274,"CODCOM":"15","COMUNA":"El Oso","CODBAR":"011532","NOMBRE":"San Felipe","NOM_POPULA":"San Felipe","NORMA":"Sin"}},{"type":"Feature","id":62,"geometry":{"type":"Polygon","coordinates":[[[-75.7269754339999,4.79368680500005],[-75.727168365,4.79347459300003],[-75.727780294,4.79293409100005],[-75.727925125,4.79282658000005],[-75.727953366,4.79287377300004],[-75.7281954549999,4.79327836300007],[-75.7285048,4.79356417400005],[-75.727629726,4.79438711500005],[-75.7274168979999,4.79416225600004],[-75.7269754339999,4.79368680500005]]]},"properties":{"FID":62,"ID_BAR":397,"CODCOM":"14","COMUNA":"Perla Del Otun","CODBAR":"011420","NOMBRE":"Villa Rocio","NOM_POPULA":"Villa Rocio","NORMA":"58"}},{"type":"Feature","id":63,"geometry":{"type":"Polygon","coordinates":[[[-75.6991756079999,4.80152561800002],[-75.699212314,4.80118355400003],[-75.699189147,4.80111156200007],[-75.699162986,4.80105196800001],[-75.6991209449999,4.80097372200003],[-75.6990865779999,4.80092031100002],[-75.699052391,4.80080179500004],[-75.6990543649999,4.80075218100006],[-75.6991736699999,4.80068824900008],[-75.69948782,4.80127712300004],[-75.6997131749999,4.80154256000003],[-75.70027017,4.80178029900002],[-75.7002829529999,4.80174836600002],[-75.7003816909999,4.80177094200007],[-75.700572613,4.80187045900004],[-75.7004702409999,4.80206843200005],[-75.700396962,4.80206827000005],[-75.70035231,4.80210654300005],[-75.700329841,4.80217362300004],[-75.700192723,4.80211388300006],[-75.699839331,4.80185538300003],[-75.6995757289999,4.80175964200004],[-75.6994138259999,4.80154858900005],[-75.6991756079999,4.80152561800002]]]},"properties":{"FID":63,"ID_BAR":275,"CODCOM":"07","COMUNA":"Boston","CODBAR":"010713","NOMBRE":"La Laguna","NOM_POPULA":"La Laguna","NORMA":"28"}},{"type":"Feature","id":64,"geometry":{"type":"Polygon","coordinates":[[[-75.6919518569999,4.79427023700002],[-75.691878652,4.79420641800005],[-75.691824568,4.79416173000003],[-75.691775236,4.79413779500004],[-75.691689001,4.79410776500004],[-75.692095947,4.79360091400002],[-75.6923430969999,4.79380247100005],[-75.692308163,4.79384598800005],[-75.6921569849999,4.79402910300007],[-75.6920220059999,4.79418394200008],[-75.6919518569999,4.79427023700002]]]},"properties":{"FID":64,"ID_BAR":398,"CODCOM":"06","COMUNA":"Universidad","CODBAR":"010607","NOMBRE":"Favi Utp","NOM_POPULA":"Favi Utp","NORMA":"Sin"}},{"type":"Feature","id":65,"geometry":{"type":"Polygon","coordinates":[[[-75.704425734,4.80168871000006],[-75.704483102,4.80153393700005],[-75.704497684,4.80140168200005],[-75.7044814879999,4.80133090900006],[-75.7043055,4.80108693400006],[-75.7040679309999,4.80062802400004],[-75.70399709,4.80036858100003],[-75.703891391,4.80005747400003],[-75.703770725,4.79976678400005],[-75.703547341,4.79949880400005],[-75.703531144,4.79946183700002],[-75.703511356,4.79940946700002],[-75.703488083,4.79933074500003],[-75.703471465,4.79924831500006],[-75.703397853,4.79870775800003],[-75.703782742,4.79841461200005],[-75.7039120049999,4.79856511700006],[-75.704049789,4.79872463000002],[-75.7048299799999,4.79958182400003],[-75.705086361,4.79976228700001],[-75.7054588399999,4.79999646600004],[-75.705554197,4.80002827900005],[-75.7057569679999,4.80073421100008],[-75.705752484,4.80110084600006],[-75.705791634,4.80135232200008],[-75.705796526,4.80144328300002],[-75.705775924,4.80152733700004],[-75.705715531,4.80160044000007],[-75.705207146,4.80191474100007],[-75.705168024,4.80193007100007],[-75.70512869,4.80193861900006],[-75.705083722,4.80194080700006],[-75.70504196,4.80193577300002],[-75.704778628,4.80213850900003],[-75.704743843,4.80191478000006],[-75.704725606,4.80185953100006],[-75.704608806,4.80174180900002],[-75.704425734,4.80168871000006]]]},"properties":{"FID":65,"ID_BAR":276,"CODCOM":"19","COMUNA":"El Poblado","CODBAR":"011902","NOMBRE":"Barajas","NOM_POPULA":"Barajas","NORMA":"Sin"}},{"type":"Feature","id":66,"geometry":{"type":"Polygon","coordinates":[[[-75.667599287,4.79424061700006],[-75.6676677849999,4.79412694800005],[-75.667844198,4.79335445000003],[-75.6677660939999,4.79337574400005],[-75.667724858,4.79340235700005],[-75.667708658,4.79341387200003],[-75.6676849939999,4.79342731100007],[-75.6676447079999,4.79345765200002],[-75.6676166789999,4.79345457500006],[-75.6675980159999,4.79345763000003],[-75.667576605,4.79346960300005],[-75.667558647,4.79346467400007],[-75.667540934,4.79347118900005],[-75.667516143,4.79348662400002],[-75.6674451169999,4.79351109800005],[-75.667416523,4.79351703000003],[-75.667312753,4.79227382500005],[-75.6678362649999,4.79224522200007],[-75.6678438859999,4.79207144400006],[-75.667860741,4.79179623100003],[-75.667826668,4.79123183000007],[-75.6678286869999,4.79109950400005],[-75.6678186619999,4.79096754800001],[-75.6678110949999,4.79092265000001],[-75.667796666,4.79083705700004],[-75.6677079519999,4.79057988600004],[-75.667670807,4.79051608700007],[-75.667624366,4.79045871600004],[-75.667610603,4.79041085000006],[-75.667604345,4.79029445500003],[-75.6676137919999,4.79017827300003],[-75.667603308,4.79006396200002],[-75.667578915,4.78995178700007],[-75.6675868769999,4.78991526200001],[-75.667618005,4.78991650000007],[-75.6676477609999,4.78990724800003],[-75.6677635469999,4.78982906800009],[-75.6678563409999,4.78972354300004],[-75.667919242,4.78960208500006],[-75.6679919979999,4.78951830100005],[-75.6680476019999,4.78948314000008],[-75.6681015839999,4.78946454700003],[-75.6681581019999,4.78945648000007],[-75.668302936,4.78939917800005],[-75.668324559,4.78937706700004],[-75.668354526,4.78936959900005],[-75.668445015,4.78944514700002],[-75.668517973,4.78947726400003],[-75.668691914,4.78960082600002],[-75.668725821,4.78962871800008],[-75.668856271,4.78978466900001],[-75.6688964809999,4.78982262900007],[-75.6689362,4.78984329800005],[-75.668975282,4.78989254300006],[-75.669022393,4.78993412400006],[-75.669076089,4.78996671600003],[-75.6692463749999,4.79000730000007],[-75.669350177,4.79006298000008],[-75.669460031,4.79018035600005],[-75.66955432,4.79031060500006],[-75.669607911,4.79034731200004],[-75.669643193,4.79035614700008],[-75.669679533,4.79035540800004],[-75.669972364,4.79033340700005],[-75.670071557,4.79034975300004],[-75.670167297,4.79038044000003],[-75.670257544,4.79042483300004],[-75.670540079,4.79057807700001],[-75.670586981,4.79059828700003],[-75.6706374039999,4.79060659200006],[-75.670680857,4.79060942200003],[-75.6707235,4.79060071800005],[-75.670762412,4.79058108100003],[-75.6707809709999,4.79055626600006],[-75.6707898829999,4.79052657700002],[-75.670882216,4.79046225800005],[-75.6709223619999,4.79040964600005],[-75.6709396529999,4.79039894400006],[-75.6709544449999,4.79035925700004],[-75.670984801,4.79032979900007],[-75.671045723,4.79028584300004],[-75.671114989,4.79025695300003],[-75.671220804,4.79023313500003],[-75.671329225,4.79023007000005],[-75.6713891919999,4.79024093800007],[-75.671445671,4.79026397400002],[-75.671489892,4.79034006700004],[-75.6715177739999,4.79042359400005],[-75.671528049,4.79051107700008],[-75.6715440299999,4.79056860300005],[-75.671575296,4.79061942000003],[-75.671619378,4.79065955300007],[-75.671672829,4.79068583900005],[-75.671724274,4.79069649400004],[-75.671776284,4.79068877900005],[-75.6718570319999,4.79063380300004],[-75.671928061,4.79056663900008],[-75.6720626159999,4.79048088100007],[-75.6720765599999,4.79049165600003],[-75.672089623,4.79050432200006],[-75.6721054659999,4.79052449300001],[-75.6721174369999,4.79054590100004],[-75.6721308849999,4.79058952800004],[-75.672135918,4.79061898900005],[-75.6721404579999,4.79065378400002],[-75.672143694,4.79069348900003],[-75.672144924,4.79072861900005],[-75.672153154,4.79084289500002],[-75.672164491,4.79087159700004],[-75.672178785,4.79089978700006],[-75.672199136,4.79093122800003],[-75.672334378,4.79104703300004],[-75.672401877,4.79109665100003],[-75.672465786,4.79113881700004],[-75.672527932,4.79117585900002],[-75.6725816649999,4.79120497100009],[-75.6726423699999,4.79123537300006],[-75.672730294,4.79126646500003],[-75.672859488,4.79129054900005],[-75.6728934659999,4.79130561800003],[-75.6729239599999,4.79132209900007],[-75.6729463889999,4.79133626600003],[-75.6729678679999,4.79135163400001],[-75.672978149,4.79137146900007],[-75.672974978,4.79139209900006],[-75.672952018,4.79140794000005],[-75.672711335,4.79145728700005],[-75.672633019,4.79148502900006],[-75.672616397,4.79149852100005],[-75.6726148119999,4.79151358700005],[-75.6726456549999,4.79155403600003],[-75.6727223789999,4.79160798300005],[-75.67281967,4.79163971200007],[-75.672968829,4.79166450400003],[-75.673137288,4.79165738100005],[-75.6731902819999,4.79166611100004],[-75.6732023599999,4.79167381300004],[-75.6732135569999,4.79168614200004],[-75.673225879,4.791716875],[-75.673198995,4.79192668300004],[-75.673202934,4.79198378600006],[-75.673221946,4.79203137000008],[-75.67325138,4.79207377900001],[-75.6734516929999,4.79224623100003],[-75.673505457,4.79230969700006],[-75.6735331309999,4.79235728100002],[-75.673552001,4.79241989500001],[-75.673567982,4.79248268600002],[-75.673583435,4.79255754000006],[-75.6734123379999,4.79252790700003],[-75.673274583,4.79256592300003],[-75.67287723,4.79268799100005],[-75.672173937,4.79252561900005],[-75.6721352599999,4.79313773800003],[-75.672052897,4.79314401900004],[-75.671912713,4.79314967700002],[-75.671772461,4.79314593900004],[-75.671596503,4.79312798000007],[-75.6714485099999,4.79304354200002],[-75.671417138,4.79301515700005],[-75.6713359729999,4.79300690100006],[-75.6712350139999,4.79305089000007],[-75.6711548659999,4.79309618700006],[-75.671093662,4.79314162800006],[-75.6710146,4.79324826600003],[-75.670984985,4.79327343200002],[-75.670858638,4.79330745800007],[-75.6707423989999,4.79332850100007],[-75.6706504219999,4.79332656900004],[-75.670634716,4.79334400000005],[-75.670626827,4.79336614800007],[-75.670609882,4.79345235600004],[-75.670615513,4.79349820800008],[-75.670634488,4.79354029900002],[-75.670581912,4.79358243600006],[-75.67054222,4.79366935000007],[-75.670471118,4.79375811400007],[-75.67042534,4.79377397100007],[-75.670358471,4.79377059200003],[-75.670331393,4.79376327800003],[-75.670319244,4.79377004100008],[-75.670294101,4.79377125800004],[-75.670263607,4.79377628900005],[-75.670212477,4.79378818900005],[-75.6701693049999,4.79378753200005],[-75.669607583,4.79386184400004],[-75.6686024529999,4.79400676600004],[-75.668405134,4.79425214900004],[-75.667599287,4.79424061700006]]]},"properties":{"FID":66,"ID_BAR":399,"CODCOM":"01","COMUNA":"Villa Santana","CODBAR":"010108","NOMBRE":"Las Brisas","NOM_POPULA":"Las Brisas","NORMA":"Sin"}},{"type":"Feature","id":67,"geometry":{"type":"Polygon","coordinates":[[[-75.695797818,4.80203631900002],[-75.6957775719999,4.80198576900005],[-75.695633804,4.80179619300001],[-75.695452673,4.80166719800007],[-75.695057514,4.80157787800004],[-75.6947306699999,4.80142688600004],[-75.6944648529999,4.80125374800003],[-75.6942988319999,4.80104177500005],[-75.694206583,4.80085315500001],[-75.694125675,4.80058309500003],[-75.694207792,4.80057605100005],[-75.6942957919999,4.80055113400004],[-75.694376784,4.80050919000007],[-75.6944396069999,4.80045977400004],[-75.69449824,4.80039267700005],[-75.694534513,4.80033193800004],[-75.6945639899999,4.80026275600004],[-75.694653909,4.79984292900002],[-75.694709554,4.79967561600005],[-75.694739625,4.79969649400005],[-75.6947860339999,4.79973540600002],[-75.694835471,4.79978860700004],[-75.694863499,4.79982645900002],[-75.6949166319999,4.79991390800006],[-75.694951348,4.79999368900007],[-75.694975465,4.80007518500001],[-75.695039586,4.80014474100004],[-75.6950980009999,4.80023051300002],[-75.695131203,4.800296412],[-75.6951845849999,4.80033477700003],[-75.695249798,4.80035888900004],[-75.6953387459999,4.80039891600006],[-75.6953875849999,4.80042470500007],[-75.695508574,4.80050857100001],[-75.6955464609999,4.80056495100006],[-75.695574876,4.80062514600008],[-75.6956012109999,4.80073112100005],[-75.6956668779999,4.80083900500005],[-75.695825435,4.80102144600005],[-75.695954031,4.80109480300007],[-75.696024527,4.80112121200004],[-75.695875837,4.80155714600005],[-75.6959442839999,4.80172004800006],[-75.695797818,4.80203631900002]]]},"properties":{"FID":67,"ID_BAR":277,"CODCOM":"07","COMUNA":"Boston","CODBAR":"010702","NOMBRE":"Bosques de La Salle","NOM_POPULA":"Bosques de La Salle","NORMA":"Sin"}},{"type":"Feature","id":68,"geometry":{"type":"Polygon","coordinates":[[[-75.733681417,4.79366766000004],[-75.733625533,4.79363373200004],[-75.733530634,4.79358689200006],[-75.733877231,4.79322422900003],[-75.734003644,4.79312196300003],[-75.734368447,4.79287387400006],[-75.735356688,4.79222844800006],[-75.735396726,4.79231282000005],[-75.7354061999999,4.79240524700002],[-75.7354244059999,4.79249859200008],[-75.7354480349999,4.79258102100004],[-75.735578113,4.79277881900003],[-75.735621285,4.79280912800004],[-75.735657379,4.79283782800006],[-75.7357290369999,4.79290593300005],[-75.735846156,4.79296206200007],[-75.735897919,4.79299989400005],[-75.735949261,4.79302852400002],[-75.7359929959999,4.79304821700003],[-75.735446215,4.79341897300002],[-75.7352192339999,4.79355086000004],[-75.735276245,4.79365232900006],[-75.734342404,4.79417567400003],[-75.7342977879999,4.79413815900005],[-75.734228453,4.79406805900003],[-75.7341769709999,4.79399536200002],[-75.7340925999999,4.79389670100005],[-75.734052316,4.79385826800006],[-75.733907449,4.79374334100001],[-75.733888328,4.79373410400006],[-75.733714446,4.79368772500004],[-75.733681417,4.79366766000004]]]},"properties":{"FID":68,"ID_BAR":400,"CODCOM":"13","COMUNA":"San Joaquin","CODBAR":"011328","NOMBRE":"Los Girasoles","NOM_POPULA":"Los Girasoles","NORMA":"Sin"}},{"type":"Feature","id":69,"geometry":{"type":"Polygon","coordinates":[[[-75.724231823,4.80203300900008],[-75.723671791,4.80187998100005],[-75.7232476469999,4.80176648100007],[-75.7231085549999,4.80156502400007],[-75.722551026,4.80099620700002],[-75.722487466,4.80090256100004],[-75.722299853,4.80054899700003],[-75.721761869,4.79986122300004],[-75.7213603,4.79959035100006],[-75.720949258,4.79934478900003],[-75.720413454,4.79935050700004],[-75.719954214,4.79824805800006],[-75.7208524009999,4.79763875200007],[-75.720990367,4.79747507700004],[-75.721289785,4.79741965500005],[-75.7212976709999,4.79753631400007],[-75.721326934,4.79759869800006],[-75.7214348959999,4.79773653600005],[-75.721472397,4.79780983400001],[-75.721501342,4.79788025400006],[-75.721522927,4.79794689400006],[-75.72155585,4.79808626700004],[-75.7215604959999,4.79836914700005],[-75.721560602,4.79839097700005],[-75.7215663759999,4.79841922000004],[-75.721572328,4.79843695200005],[-75.721582081,4.79845141800006],[-75.721634654,4.79852070700001],[-75.721701383,4.79859271700007],[-75.7217915269999,4.79866983100003],[-75.7218344519999,4.79869468200008],[-75.722039251,4.79876572100005],[-75.722083303,4.79878497400005],[-75.722115241,4.79880754600002],[-75.7221383409999,4.79883054200008],[-75.7221867229999,4.79887265000002],[-75.722217958,4.79890984700006],[-75.7224706439999,4.79929078900006],[-75.722499308,4.79935218400004],[-75.722538958,4.79941769300006],[-75.722568888,4.79945796300005],[-75.722660161,4.79953716200003],[-75.7226991059999,4.79958967100003],[-75.722757278,4.79965458000004],[-75.7228214359999,4.79971258400007],[-75.723005496,4.79982514700004],[-75.723050674,4.79984441700003],[-75.723110783,4.79985976600004],[-75.7231600109999,4.79986451700006],[-75.723199274,4.79986347500004],[-75.723281215,4.79985339000006],[-75.7233510069999,4.79983694700007],[-75.723410765,4.79981668900008],[-75.723457034,4.79979330400004],[-75.72348848,4.79976806500002],[-75.723541336,4.79965930100008],[-75.723633806,4.79959107100005],[-75.7237937799999,4.79952393800004],[-75.723826986,4.79951606100008],[-75.723869242,4.79951143400006],[-75.723915583,4.79951309400006],[-75.723980621,4.79954296100004],[-75.724053055,4.79958353100005],[-75.7241030929999,4.79961663100005],[-75.724145595,4.79964847600007],[-75.724197217,4.79970425400006],[-75.724254861,4.79980279300003],[-75.7243223999999,4.79990463400002],[-75.724393847,4.80000000900002],[-75.7244069109999,4.80005179600006],[-75.724422229,4.80010149700008],[-75.724447934,4.80016965600004],[-75.724468498,4.80021554300004],[-75.7245693839999,4.80038375900006],[-75.724592941,4.80040332900006],[-75.724613435,4.80042750900003],[-75.72462333,4.80044317500005],[-75.7246314289999,4.80045946000008],[-75.7246996369999,4.80052371500004],[-75.724736153,4.80054008800005],[-75.7247788669999,4.80055181600004],[-75.724826088,4.80055656800004],[-75.724869083,4.80055375900002],[-75.724938066,4.80053751100007],[-75.725244985,4.80042816400004],[-75.7253458009999,4.80041451100004],[-75.725364252,4.80041256900004],[-75.725383902,4.80041422900005],[-75.7254060509999,4.80042095800007],[-75.7254207,4.80042878300003],[-75.725494928,4.80049892000005],[-75.724231823,4.80203300900008]]]},"properties":{"FID":69,"ID_BAR":278,"CODCOM":"10","COMUNA":"Consota","CODBAR":"011003","NOMBRE":"Antonio Jose Valencia","NOM_POPULA":"Padre Valencia","NORMA":"Sin"}},{"type":"Feature","id":70,"geometry":{"type":"Polygon","coordinates":[[[-75.691689001,4.79410776500004],[-75.691591462,4.79408133700002],[-75.691483149,4.79403479200004],[-75.691370964,4.79398434200004],[-75.6918476009999,4.79338342500005],[-75.692095947,4.79360091400002],[-75.691689001,4.79410776500004]]]},"properties":{"FID":70,"ID_BAR":401,"CODCOM":"06","COMUNA":"Universidad","CODBAR":"010613","NOMBRE":"La Sierra","NOM_POPULA":"La Sierra","NORMA":"Sin"}},{"type":"Feature","id":71,"geometry":{"type":"Polygon","coordinates":[[[-75.7320926459999,4.79371458500003],[-75.731821365,4.79358088400005],[-75.731472122,4.79348455600006],[-75.731414055,4.79342678300002],[-75.7325889219999,4.79197096000006],[-75.732597232,4.79198698000005],[-75.732612268,4.79201082400004],[-75.732625825,4.79202885700004],[-75.732658116,4.79209668000005],[-75.732663926,4.79211912800001],[-75.732671427,4.79213869800004],[-75.7326780119999,4.79215203300004],[-75.7327450229999,4.79224536000004],[-75.732846402,4.79244764500004],[-75.732904751,4.79252451100006],[-75.732920491,4.79254946800006],[-75.732933238,4.79257769200007],[-75.732942183,4.79260455700006],[-75.7329474649999,4.79263154400007],[-75.73294919,4.79265175000007],[-75.732948665,4.79295939200006],[-75.732952433,4.79298454300005],[-75.732984688,4.79304268700003],[-75.733010253,4.79306020700005],[-75.733045924,4.79308860800007],[-75.73307089,4.79311169200002],[-75.733093708,4.79312651200007],[-75.733116491,4.79314624000006],[-75.73313709,4.79316750500004],[-75.733150472,4.79318357700003],[-75.7331885729999,4.79324207500003],[-75.732686514,4.79407326600005],[-75.732450657,4.79396453900005],[-75.732342976,4.79391489100003],[-75.7322376179999,4.79382313700006],[-75.73212152,4.79372883900004],[-75.7320926459999,4.79371458500003]]]},"properties":{"FID":71,"ID_BAR":402,"CODCOM":"15","COMUNA":"El Oso","CODBAR":"011544","NOMBRE":"Villa Ligia","NOM_POPULA":"Villa Ligia","NORMA":"67"}},{"type":"Feature","id":72,"geometry":{"type":"Polygon","coordinates":[[[-75.667391416,4.80125266900006],[-75.667410414,4.80105335200005],[-75.6674448369999,4.80081235300002],[-75.667481579,4.80065122300005],[-75.667537066,4.80036031200007],[-75.6675782199999,4.80005730100003],[-75.668456259,4.80009505100003],[-75.668716871,4.80010685400003],[-75.6689447369999,4.80009798900005],[-75.668905431,4.80019657700007],[-75.6688842309999,4.80022285700005],[-75.668855143,4.80023993400004],[-75.6688219009999,4.80024563500007],[-75.668801053,4.80026886000008],[-75.6687891839999,4.80029775400004],[-75.668767019,4.80048057500005],[-75.668762885,4.80064720100006],[-75.668767207,4.80074943000006],[-75.668782622,4.80085996200007],[-75.6688236049999,4.80091724400005],[-75.6688386399999,4.80092717200005],[-75.669016845,4.80104072000006],[-75.6690761399999,4.80110130600002],[-75.669115889,4.80116943300004],[-75.669137222,4.80124990500003],[-75.668785725,4.80164141300003],[-75.6686191059999,4.80193192500008],[-75.6684957849999,4.80198234000006],[-75.6684887449999,4.80193850200003],[-75.668464802,4.80192845000004],[-75.668438955,4.80193072600002],[-75.668397789,4.80194034900006],[-75.6683631029999,4.80196406700002],[-75.6683229929999,4.80197653300007],[-75.668169956,4.80197484100004],[-75.668069743,4.80192949300003],[-75.6679632949999,4.80190186000004],[-75.667787979,4.80177223900006],[-75.667759249,4.80171780200005],[-75.667725165,4.80169775300005],[-75.667686467,4.80168980100006],[-75.6676359369999,4.80165804000005],[-75.667606185,4.80162622700004],[-75.667595589,4.80158390700004],[-75.6675989509999,4.80140140300004],[-75.66754779,4.80134869500006],[-75.667474941,4.80127659100004],[-75.667391416,4.80125266900006]]]},"properties":{"FID":72,"ID_BAR":279,"CODCOM":"01","COMUNA":"Villa Santana","CODBAR":"010111","NOMBRE":"Nuevo Plan","NOM_POPULA":"Nuevo Plan","NORMA":"70"}},{"type":"Feature","id":73,"geometry":{"type":"Polygon","coordinates":[[[-75.720601927,4.80189884100001],[-75.7206447469999,4.80182543700004],[-75.720688799,4.80179574700003],[-75.7207578529999,4.80178984900005],[-75.720879762,4.80174191400004],[-75.720916207,4.80171909500007],[-75.720982692,4.80156569800004],[-75.720988397,4.80153717400003],[-75.721018011,4.80147894200006],[-75.7210237159999,4.80144926900003],[-75.7210134009999,4.80116213300004],[-75.7210331209999,4.80110492500006],[-75.7210692149999,4.80108198200002],[-75.7211039699999,4.80106590900005],[-75.7211299579999,4.80105714900003],[-75.7211716159999,4.80101990000001],[-75.721194329,4.80099079300003],[-75.721207463,4.80096325700004],[-75.7212148579999,4.80093467900001],[-75.7212166899999,4.80090338200005],[-75.721208485,4.80087579400004],[-75.721193625,4.80084838100002],[-75.7211712289999,4.80082307100001],[-75.7211421439999,4.80080302500005],[-75.721019144,4.80074344800004],[-75.720911427,4.80070381300004],[-75.720862199,4.80067318700002],[-75.720774518,4.80064838800005],[-75.720724128,4.80061143800002],[-75.7207158189999,4.80059487000005],[-75.7207031419999,4.80057701400005],[-75.7206889509999,4.80056254800007],[-75.720672858,4.80055052000007],[-75.7205709519999,4.80051505300002],[-75.720497744,4.80045394100004],[-75.720430945,4.80037573200003],[-75.720407141,4.80032168500002],[-75.720368056,4.80025772900007],[-75.7203454839999,4.80022869200008],[-75.7202582959999,4.80016003900004],[-75.720200124,4.80014693300005],[-75.7201241339999,4.80013741200002],[-75.720051524,4.80013605100004],[-75.719991802,4.80014057200002],[-75.71986838,4.80017029600003],[-75.7198348209999,4.80019030800002],[-75.7197940089999,4.80019140300003],[-75.719776297,4.80017706000006],[-75.719751719,4.80016058100004],[-75.7197226329999,4.80014526800005],[-75.719699603,4.80013588800007],[-75.719734081,4.79980129400008],[-75.7197693319999,4.79946290300006],[-75.720413454,4.79935050700004],[-75.720949258,4.79934478900003],[-75.7213603,4.79959035100006],[-75.721761869,4.79986122300004],[-75.722299853,4.80054899700003],[-75.721619419,4.80152091200006],[-75.720856413,4.80192424100004],[-75.7208317989999,4.80193042300002],[-75.720802008,4.80193238400006],[-75.7207760209999,4.80192932800002],[-75.720601927,4.80189884100001]]]},"properties":{"FID":73,"ID_BAR":280,"CODCOM":"10","COMUNA":"Consota","CODBAR":"011022","NOMBRE":"Sanai II","NOM_POPULA":"Sanai II","NORMA":"23"}},{"type":"Feature","id":74,"geometry":{"type":"Polygon","coordinates":[[[-75.7289315469999,4.79399568100007],[-75.7285048,4.79356417400005],[-75.7285993469999,4.79347810600006],[-75.728953658,4.79314917900006],[-75.729001618,4.79309644000004],[-75.729189832,4.79329247300007],[-75.7294218159999,4.79352891800005],[-75.729196524,4.79372528700001],[-75.7289315469999,4.79399568100007]]]},"properties":{"FID":74,"ID_BAR":403,"CODCOM":"14","COMUNA":"Perla Del Otun","CODBAR":"011414","NOMBRE":"Los Almendros","NOM_POPULA":"Los Almendros","NORMA":"80"}},{"type":"Feature","id":75,"geometry":{"type":"Polygon","coordinates":[[[-75.699079194,4.80152033400002],[-75.699008928,4.80192091100001],[-75.698744195,4.80188379200007],[-75.6985597139999,4.80183259900002],[-75.698489642,4.80178307100004],[-75.6982664669999,4.80161643600008],[-75.698226501,4.80160020200001],[-75.698154772,4.80157775100002],[-75.698041104,4.80156077300006],[-75.6979430689999,4.80157004100005],[-75.697862043,4.80158678100003],[-75.6977829529999,4.80161155900003],[-75.697671609,4.80160678400005],[-75.697645974,4.80160010800006],[-75.697622839,4.80158860800004],[-75.697605057,4.80157499000006],[-75.697566852,4.80154522800007],[-75.6975218159999,4.80149739600006],[-75.6974873789999,4.80144507800002],[-75.6974357569999,4.80142693700002],[-75.6973881499999,4.80140213700002],[-75.697342163,4.80136891300004],[-75.697292548,4.80135774800004],[-75.697228599,4.80137687400002],[-75.697167013,4.80134804500005],[-75.6971536309999,4.80135405000003],[-75.697134123,4.80136980400004],[-75.697122184,4.80138759000005],[-75.697061934,4.80139733700003],[-75.696891609,4.80134995900004],[-75.6968183669999,4.80132957400002],[-75.69672185,4.80126794600004],[-75.696630649,4.80122977300004],[-75.696525332,4.80109115500003],[-75.696497055,4.80108620800006],[-75.6964608919999,4.80108921000004],[-75.696439481,4.80109620200006],[-75.696419656,4.80110685200003],[-75.6963228549999,4.80110359800006],[-75.696310776,4.80110760700006],[-75.6962945069999,4.80111968700003],[-75.696284717,4.80113533500003],[-75.6961576319999,4.80115885600003],[-75.6961250589999,4.80115885400006],[-75.696024527,4.80112121200004],[-75.695954031,4.80109480300007],[-75.695825435,4.80102144600005],[-75.6956668779999,4.80083900500005],[-75.6956012109999,4.80073112100005],[-75.695574876,4.80062514600008],[-75.6955464609999,4.80056495100006],[-75.695508574,4.80050857100001],[-75.6953875849999,4.80042470500007],[-75.6953387459999,4.80039891600006],[-75.695249798,4.80035888900004],[-75.6951845849999,4.80033477700003],[-75.695131203,4.800296412],[-75.6950980009999,4.80023051300002],[-75.695039586,4.80014474100004],[-75.694975465,4.80007518500001],[-75.694951348,4.79999368900007],[-75.6949166319999,4.79991390800006],[-75.694863499,4.79982645900002],[-75.694835471,4.79978860700004],[-75.6947860339999,4.79973540600002],[-75.694739625,4.79969649400005],[-75.694709554,4.79967561600005],[-75.694653909,4.79984292900002],[-75.6945639899999,4.80026275600004],[-75.694534513,4.80033193800004],[-75.69449824,4.80039267700005],[-75.6944396069999,4.80045977400004],[-75.694376784,4.80050919000007],[-75.6942957919999,4.80055113400004],[-75.694207792,4.80057605100005],[-75.694125675,4.80058309500003],[-75.694122648,4.80054383100001],[-75.6941202899999,4.80051366400004],[-75.694156608,4.80025464800002],[-75.694297202,4.79977178500007],[-75.694610266,4.79862988000002],[-75.694638442,4.79849923300002],[-75.694775552,4.79798113400005],[-75.6947910919999,4.79774615600006],[-75.694970995,4.79776425000007],[-75.695420344,4.79788539900004],[-75.695582569,4.79792267400007],[-75.69562708,4.79789832000005],[-75.695725464,4.79792729100007],[-75.696013856,4.79801070500003],[-75.696313021,4.79815263500006],[-75.696725038,4.79841299500002],[-75.697159554,4.79873909600008],[-75.6976217339999,4.79939952600005],[-75.697761627,4.79963604700004],[-75.69796251,4.79983452700002],[-75.6981005769999,4.79993815800002],[-75.698174803,4.80002548300007],[-75.698190645,4.80010911500006],[-75.698200923,4.80021736800006],[-75.6982007079999,4.80031127800002],[-75.6987259219999,4.80097690400004],[-75.6990333919999,4.80127443700008],[-75.699012888,4.80151672700003],[-75.699079194,4.80152033400002]]]},"properties":{"FID":75,"ID_BAR":281,"CODCOM":"07","COMUNA":"Boston","CODBAR":"010703","NOMBRE":"Boston","NOM_POPULA":"Boston","NORMA":"Sin"}},{"type":"Feature","id":76,"geometry":{"type":"Polygon","coordinates":[[[-75.6918476009999,4.79338342500005],[-75.691370964,4.79398434200004],[-75.6912692019999,4.79391656700005],[-75.6911694829999,4.79384598300004],[-75.6910517709999,4.79374779200002],[-75.690963779,4.79364543400004],[-75.6908969139999,4.79357013700008],[-75.6908394169999,4.79347013000007],[-75.690872095,4.79345653200005],[-75.691531293,4.79320789900003],[-75.691574569,4.79323653200004],[-75.691667917,4.79323547700005],[-75.6918476009999,4.79338342500005]]]},"properties":{"FID":76,"ID_BAR":404,"CODCOM":"06","COMUNA":"Universidad","CODBAR":"010612","NOMBRE":"La Parcela","NOM_POPULA":"La Parcela","NORMA":"Sin"}},{"type":"Feature","id":77,"geometry":{"type":"Polygon","coordinates":[[[-75.720601927,4.80189884100001],[-75.720327933,4.80183534200006],[-75.719906888,4.80172417200002],[-75.719293438,4.80158721200007],[-75.7187868249999,4.80148103800001],[-75.718020973,4.80129138900001],[-75.717154165,4.80108660100007],[-75.716996691,4.80108659900003],[-75.716801679,4.80111165800002],[-75.716119066,4.80132850600006],[-75.716093678,4.80130211800002],[-75.7162802509999,4.80046842500008],[-75.716347087,4.80039629400005],[-75.717070722,4.80018227300008],[-75.719491486,4.80074648900007],[-75.7195971259999,4.80071287900005],[-75.7196700919999,4.80042208800005],[-75.719699603,4.80013588800007],[-75.7197226329999,4.80014526800005],[-75.719751719,4.80016058100004],[-75.719776297,4.80017706000006],[-75.7197940089999,4.80019140300003],[-75.7198348209999,4.80019030800002],[-75.71986838,4.80017029600003],[-75.719991802,4.80014057200002],[-75.720051524,4.80013605100004],[-75.7201241339999,4.80013741200002],[-75.720200124,4.80014693300005],[-75.7202582959999,4.80016003900004],[-75.7203454839999,4.80022869200008],[-75.720368056,4.80025772900007],[-75.720407141,4.80032168500002],[-75.720430945,4.80037573200003],[-75.720497744,4.80045394100004],[-75.7205709519999,4.80051505300002],[-75.720672858,4.80055052000007],[-75.7206889509999,4.80056254800007],[-75.7207031419999,4.80057701400005],[-75.7207158189999,4.80059487000005],[-75.720724128,4.80061143800002],[-75.720774518,4.80064838800005],[-75.720862199,4.80067318700002],[-75.720911427,4.80070381300004],[-75.721019144,4.80074344800004],[-75.7211421439999,4.80080302500005],[-75.7211712289999,4.80082307100001],[-75.721193625,4.80084838100002],[-75.721208485,4.80087579400004],[-75.7212166899999,4.80090338200005],[-75.7212148579999,4.80093467900001],[-75.721207463,4.80096325700004],[-75.721194329,4.80099079300003],[-75.7211716159999,4.80101990000001],[-75.7211299579999,4.80105714900003],[-75.7211039699999,4.80106590900005],[-75.7210692149999,4.80108198200002],[-75.7210331209999,4.80110492500006],[-75.7210134009999,4.80116213300004],[-75.7210237159999,4.80144926900003],[-75.721018011,4.80147894200006],[-75.720988397,4.80153717400003],[-75.720982692,4.80156569800004],[-75.720916207,4.80171909500007],[-75.720879762,4.80174191400004],[-75.7207578529999,4.80178984900005],[-75.720688799,4.80179574700003],[-75.7206447469999,4.80182543700004],[-75.720601927,4.80189884100001]]]},"properties":{"FID":77,"ID_BAR":282,"CODCOM":"10","COMUNA":"Consota","CODBAR":"011005","NOMBRE":"Dorado I","NOM_POPULA":"Dorado I","NORMA":"58"}},{"type":"Feature","id":78,"geometry":{"type":"Polygon","coordinates":[[[-75.7311916519999,4.79372739700005],[-75.731047774,4.79398004000006],[-75.7310091809999,4.79394376200001],[-75.730907062,4.79377411500009],[-75.730842868,4.79369723200005],[-75.7307489199999,4.79360129100006],[-75.7307221579999,4.79358129800004],[-75.7306774369999,4.79354256400006],[-75.7306364139999,4.79350414900005],[-75.730596482,4.79346384400003],[-75.7305648609999,4.79342883800005],[-75.730437565,4.79327159100005],[-75.730426015,4.79326623900005],[-75.730366717,4.79320466800005],[-75.730246359,4.79307010100005],[-75.730225724,4.79303565900004],[-75.729996205,4.79276860600004],[-75.729894122,4.79258219900003],[-75.731151212,4.79125930400004],[-75.731797398,4.79062086100005],[-75.73177613,4.79069401900006],[-75.731765918,4.79070558700004],[-75.731756165,4.79074778300002],[-75.73174539,4.79079439400005],[-75.731745109,4.79083913200003],[-75.731750602,4.79087752900006],[-75.731765674,4.79092580100006],[-75.7317914499999,4.79097110400005],[-75.731901068,4.79110982300007],[-75.7319212099999,4.79113400200002],[-75.7319405069999,4.79115274200007],[-75.7319583949999,4.79116724300007],[-75.73201463,4.79123732600004],[-75.7320717809999,4.79133256100005],[-75.732080443,4.79135236000007],[-75.732110023,4.79139838800005],[-75.732144144,4.79143703300003],[-75.731829345,4.79184711800002],[-75.731142489,4.79263744000001],[-75.7309299459999,4.79301022100003],[-75.731379652,4.79339718200003],[-75.7311916519999,4.79372739700005]]]},"properties":{"FID":78,"ID_BAR":405,"CODCOM":"15","COMUNA":"El Oso","CODBAR":"011502","NOMBRE":"Alejandria","NOM_POPULA":"Alejandria","NORMA":"Sin"}},{"type":"Feature","id":79,"geometry":{"type":"Polygon","coordinates":[[[-75.693500854,4.79397365800001],[-75.6932078519999,4.79389163800004],[-75.693148515,4.79394859500007],[-75.692681153,4.79354748000002],[-75.6926140749999,4.79349742200003],[-75.692657073,4.79345353200004],[-75.692753629,4.79339239000006],[-75.692907761,4.79329559100006],[-75.6930284749999,4.79320679100004],[-75.6936672209999,4.79353186100007],[-75.693500854,4.79397365800001]]]},"properties":{"FID":79,"ID_BAR":406,"CODCOM":"06","COMUNA":"Universidad","CODBAR":"010620","NOMBRE":"Puerta de Abacanto","NOM_POPULA":"Puerta de Abacanto","NORMA":"Sin"}},{"type":"Feature","id":80,"geometry":{"type":"Polygon","coordinates":[[[-75.72919782,4.80180869900005],[-75.728850369,4.80162550600005],[-75.728553273,4.80140091400005],[-75.7288370919999,4.80101969000003],[-75.72946132,4.80147159500008],[-75.72919782,4.80180869900005]]]},"properties":{"FID":80,"ID_BAR":283,"CODCOM":"15","COMUNA":"El Oso","CODBAR":"011503","NOMBRE":"Altos de Panorama","NOM_POPULA":"Altos de Panorama","NORMA":"Sin"}},{"type":"Feature","id":81,"geometry":{"type":"Polygon","coordinates":[[[-75.6936672209999,4.79353186100007],[-75.6930284749999,4.79320679100004],[-75.6931780639999,4.79311347000003],[-75.6932208489999,4.79308678600005],[-75.6932449349999,4.79307806200006],[-75.6933156439999,4.79305245400006],[-75.69337329,4.79301414800006],[-75.693438541,4.79295741900006],[-75.693500064,4.79283299200005],[-75.6935255289999,4.79271066400002],[-75.6935650789999,4.79259953500001],[-75.693612515,4.79250977700002],[-75.69370034,4.79240829400004],[-75.693791193,4.79234738100007],[-75.693906482,4.79230211800007],[-75.694113678,4.79221436500007],[-75.694294922,4.79214987000005],[-75.694429155,4.79211329800005],[-75.694472501,4.79211704400008],[-75.694499122,4.79213734000006],[-75.694564122,4.79219396800006],[-75.694641905,4.79224312600006],[-75.694721837,4.79228481200006],[-75.694847578,4.79234891500004],[-75.694966419,4.79240607600003],[-75.695074027,4.79245843100005],[-75.695116634,4.79248408000007],[-75.695160331,4.79251827600006],[-75.6952210699999,4.79258133300004],[-75.695298958,4.79266713900005],[-75.695405717,4.79278613600007],[-75.6954621959999,4.79285025200005],[-75.695502689,4.79287911400008],[-75.6955495569999,4.79290582200001],[-75.69562308,4.79292933400006],[-75.695604874,4.79296260900002],[-75.695505812,4.79312105300006],[-75.6954560179999,4.79320063700003],[-75.695346112,4.79334956000003],[-75.6951554519999,4.79370051900003],[-75.695056361,4.79375895900005],[-75.694912172,4.79356374800005],[-75.6948088239999,4.79353000900006],[-75.694477149,4.79364806500008],[-75.6936672209999,4.79353186100007]]]},"properties":{"FID":81,"ID_BAR":407,"CODCOM":"07","COMUNA":"Boston","CODBAR":"010710","NOMBRE":"Guaduales de Canaan","NOM_POPULA":"Guaduales de Canaan","NORMA":"Sin"}},{"type":"Feature","id":82,"geometry":{"type":"Polygon","coordinates":[[[-75.687979409,4.80058612900006],[-75.6879428939999,4.80055979200005],[-75.68791712,4.80052282300005],[-75.6879049739999,4.80047939],[-75.687906492,4.80040381400004],[-75.687914029,4.80037055600007],[-75.687911039,4.80031613800002],[-75.6879328059999,4.80023959100003],[-75.6879422119999,4.80016055300007],[-75.6879752359999,4.79965299400004],[-75.68796566,4.79961680300004],[-75.687975944,4.79959525600003],[-75.688017991,4.79954843600005],[-75.688034473,4.79949735700006],[-75.6880656389999,4.79946143400002],[-75.688118676,4.79935549800007],[-75.6881914369999,4.79917301600005],[-75.688269512,4.79903544800004],[-75.6883965339999,4.79890456000003],[-75.688530913,4.79879520300006],[-75.6886013449999,4.79869677500005],[-75.688679174,4.79855087100002],[-75.688753944,4.79834113600003],[-75.688899074,4.79804355200001],[-75.6889680259999,4.79794694300006],[-75.689050961,4.79780104000002],[-75.689095192,4.79773920600007],[-75.689120902,4.79765633600004],[-75.689124643,4.79751088700004],[-75.6891007039999,4.79739325500003],[-75.689083393,4.79715725000006],[-75.6890949519999,4.79697928600005],[-75.6896670519999,4.79647269200006],[-75.689705363,4.79646262700003],[-75.689735754,4.79643173700003],[-75.6897471999999,4.79640165900003],[-75.689745617,4.79636949600005],[-75.689680445,4.79622621600004],[-75.689611433,4.79613117100007],[-75.689557,4.79602701300007],[-75.6895405939999,4.79595362600001],[-75.689501513,4.79584155700007],[-75.689496516,4.79579821300005],[-75.6895077289999,4.79551681800006],[-75.6895171689999,4.79546973000002],[-75.689569397,4.79533205600006],[-75.689663599,4.79519267000005],[-75.6896881119999,4.79511465700006],[-75.6896938209999,4.79503307600004],[-75.689879076,4.79503531100005],[-75.690178066,4.79508926800003],[-75.690369097,4.79510038800003],[-75.6903914919999,4.79510808900005],[-75.6904385019999,4.79509627600004],[-75.690687036,4.79506868300007],[-75.690812712,4.79506157200006],[-75.690898421,4.79504209500003],[-75.691017126,4.79500363300003],[-75.6910947379999,4.79495909200005],[-75.691162667,4.79490079300006],[-75.691208944,4.79476718000007],[-75.691586168,4.79500705400005],[-75.691700864,4.79486332400006],[-75.69186053,4.79466134500006],[-75.691999346,4.79454064900004],[-75.691999343,4.79460347300003],[-75.692031276,4.79469584900004],[-75.692078177,4.79475072800005],[-75.69224339,4.79486541800002],[-75.692004615,4.79688235100002],[-75.691202359,4.79679352100003],[-75.691190982,4.79687792900006],[-75.691088298,4.79759741500004],[-75.690512637,4.79753122100003],[-75.6904336539999,4.79753904200002],[-75.690355197,4.79758112600007],[-75.690285859,4.79764514900006],[-75.690146924,4.79798773700001],[-75.6900353889999,4.79827027500004],[-75.690004362,4.79836174600007],[-75.6899569189999,4.79855569200003],[-75.689901834,4.79877256500003],[-75.689863515,4.798909781],[-75.689828613,4.79901151400003],[-75.690383743,4.79911720000006],[-75.690503071,4.79930704000003],[-75.690525428,4.79937557200004],[-75.690556336,4.79954894600006],[-75.69057387,4.79959637000007],[-75.6905740409999,4.79968288000004],[-75.690538681,4.79979318000005],[-75.6904441949999,4.79994793100007],[-75.690349571,4.80006795900004],[-75.690260227,4.80022816900004],[-75.690191876,4.80027633000002],[-75.690183846,4.80029280900005],[-75.690180111,4.80033915400003],[-75.690145564,4.80038987900002],[-75.690119855,4.80044563700004],[-75.6901037909999,4.80058153000003],[-75.690032301,4.80069943900003],[-75.690004655,4.80076289800007],[-75.68999877,4.80086163100003],[-75.69003165,4.80102080500006],[-75.6900162919999,4.80112084300003],[-75.690018642,4.80130255300003],[-75.690040502,4.80143878400003],[-75.6900819749999,4.80158156800006],[-75.6900808469999,4.80161514300005],[-75.690054683,4.80161756200004],[-75.6899656269999,4.80164993200002],[-75.689843187,4.80170851100007],[-75.689776561,4.80175183300002],[-75.689754975,4.80175704300006],[-75.6896094049999,4.80172863400002],[-75.689570145,4.80166910900004],[-75.689560607,4.80158475400003],[-75.689523599,4.80156134900005],[-75.689463324,4.80137811800005],[-75.689461073,4.80132723300004],[-75.689441954,4.80128005500006],[-75.689415863,4.80123823000001],[-75.6893785039999,4.80120610000007],[-75.6893333259999,4.80118659800007],[-75.6892843799999,4.80118150800006],[-75.689237581,4.80118857100007],[-75.689193599,4.80120603700003],[-75.689154652,4.80123300400004],[-75.68901245,4.80140820700007],[-75.688988186,4.80145697100005],[-75.688941808,4.80149126800006],[-75.688904376,4.80150522000001],[-75.6888646899999,4.80150057200006],[-75.68876775,4.80146418300007],[-75.688715143,4.80143328800005],[-75.688696552,4.80141313500008],[-75.688669191,4.80140626200004],[-75.6886471839999,4.80138854600005],[-75.688529613,4.80127338100003],[-75.688467645,4.80114845200007],[-75.688416909,4.80101757200003],[-75.688384522,4.80086032300006],[-75.6883419869999,4.80080291800003],[-75.688304311,4.80077267800003],[-75.688205717,4.80072132900006],[-75.688114448,4.80065777400005],[-75.688087052,4.80064166400007],[-75.6880559589999,4.80063507500005],[-75.687979409,4.80058612900006]]]},"properties":{"FID":82,"ID_BAR":284,"CODCOM":"06","COMUNA":"Universidad","CODBAR":"010614","NOMBRE":"Los Alamos","NOM_POPULA":"Los Alamos","NORMA":"Sin"}},{"type":"Feature","id":83,"geometry":{"type":"Polygon","coordinates":[[[-75.7332469569999,4.79338808800004],[-75.7332254419999,4.79334811900002],[-75.733209173,4.79331270600005],[-75.733200229,4.79328873800007],[-75.733198644,4.79327540300005],[-75.733195016,4.79325945500006],[-75.7331885729999,4.79324207500003],[-75.733150472,4.79318357700003],[-75.73313709,4.79316750500004],[-75.733116491,4.79314624000006],[-75.733093708,4.79312651200007],[-75.73307089,4.79311169200002],[-75.733045924,4.79308860800007],[-75.733010253,4.79306020700005],[-75.732984688,4.79304268700003],[-75.732952433,4.79298454300005],[-75.732948665,4.79295939200006],[-75.73294919,4.79265175000007],[-75.7329474649999,4.79263154400007],[-75.732942183,4.79260455700006],[-75.732933238,4.79257769200007],[-75.732920491,4.79254946800006],[-75.732904751,4.79252451100006],[-75.732846402,4.79244764500004],[-75.7327450229999,4.79224536000004],[-75.7326780119999,4.79215203300004],[-75.732671427,4.79213869800004],[-75.732663926,4.79211912800001],[-75.732658116,4.79209668000005],[-75.732625825,4.79202885700004],[-75.732612268,4.79201082400004],[-75.732597232,4.79198698000005],[-75.7325889219999,4.79197096000006],[-75.733169645,4.79119008800005],[-75.7338476579999,4.79034653000001],[-75.734049216,4.79029654400006],[-75.7341575999999,4.79028614000002],[-75.734332396,4.79030703200004],[-75.7344267669999,4.79032736000004],[-75.734522898,4.79035602500005],[-75.7345803649999,4.79037725500006],[-75.7349741519999,4.79059280000007],[-75.7348167229999,4.79122566000005],[-75.7346570719999,4.79156048600003],[-75.734642848,4.79172985000002],[-75.734459257,4.79253216100005],[-75.734368447,4.79287387400006],[-75.734003644,4.79312196300003],[-75.733877231,4.79322422900003],[-75.733530634,4.79358689200006],[-75.7334158749999,4.79354828400004],[-75.733339251,4.79349275400004],[-75.7333109749999,4.79346816900004],[-75.7332872059999,4.79344368900007],[-75.7332620989999,4.79341281600006],[-75.7332469569999,4.79338808800004]]]},"properties":{"FID":83,"ID_BAR":408,"CODCOM":"13","COMUNA":"San Joaquin","CODBAR":"011312","NOMBRE":"El Cardal","NOM_POPULA":"El Cardal","NORMA":"Sin"}},{"type":"Feature","id":84,"geometry":{"type":"Polygon","coordinates":[[[-75.733292637,4.80168858600008],[-75.733101779,4.80155569600003],[-75.7326975619999,4.80115137500006],[-75.73312994,4.80048603300003],[-75.7334588679999,4.80061468200006],[-75.7335547549999,4.80070537700003],[-75.733487429,4.80093975600005],[-75.73337123,4.80141515500001],[-75.73333144,4.80155624200006],[-75.733321511,4.80159783600003],[-75.733292637,4.80168858600008]]]},"properties":{"FID":84,"ID_BAR":285,"CODCOM":"15","COMUNA":"El Oso","CODBAR":"011520","NOMBRE":"Los Prados","NOM_POPULA":"Sauces IV","NORMA":"36"}},{"type":"Feature","id":85,"geometry":{"type":"Polygon","coordinates":[[[-75.730907285,4.80163356900004],[-75.730563989,4.80133658000003],[-75.7300823039999,4.80097482300003],[-75.7301473429999,4.80091554800004],[-75.7309709419999,4.80016464900006],[-75.731856197,4.79935751200003],[-75.732138288,4.79909407600008],[-75.732171072,4.79914664000004],[-75.732195335,4.79920474800001],[-75.732215723,4.79926983300004],[-75.7323050259999,4.79943969100004],[-75.732342246,4.79954607100006],[-75.7323906299999,4.79961887400002],[-75.732479932,4.79980740100005],[-75.732491095,4.79984472100006],[-75.73251902,4.79989511100007],[-75.73254948,4.79992261100005],[-75.732308485,4.80057608200002],[-75.732125063,4.80113375300004],[-75.731743737,4.80085645800005],[-75.730907285,4.80163356900004]]]},"properties":{"FID":85,"ID_BAR":286,"CODCOM":"15","COMUNA":"El Oso","CODBAR":"011543","NOMBRE":"Villa Elisa","NOM_POPULA":"Villa Elisa","NORMA":"59"}},{"type":"Feature","id":86,"geometry":{"type":"Polygon","coordinates":[[[-75.729189832,4.79329247300007],[-75.729001618,4.79309644000004],[-75.728953658,4.79314917900006],[-75.7285993469999,4.79347810600006],[-75.7285048,4.79356417400005],[-75.7281954549999,4.79327836300007],[-75.727953366,4.79287377300004],[-75.728175558,4.79268547600003],[-75.72823549,4.79265288900007],[-75.728340319,4.79262877900003],[-75.728514482,4.79263381300007],[-75.7286093449999,4.79262703000006],[-75.728999608,4.79226986200007],[-75.7292157799999,4.79205927400006],[-75.729266345,4.79204542700007],[-75.729323073,4.79207464000006],[-75.729484208,4.79241825900005],[-75.729609919,4.79263654700001],[-75.729699854,4.79281115600003],[-75.729189832,4.79329247300007]]]},"properties":{"FID":86,"ID_BAR":409,"CODCOM":"14","COMUNA":"Perla Del Otun","CODBAR":"011410","NOMBRE":"Independientes","NOM_POPULA":"Independientes","NORMA":"Sin"}},{"type":"Feature","id":87,"geometry":{"type":"Polygon","coordinates":[[[-75.7359929959999,4.79304821700003],[-75.735949261,4.79302852400002],[-75.735897919,4.79299989400005],[-75.735846156,4.79296206200007],[-75.7357290369999,4.79290593300005],[-75.735657379,4.79283782800006],[-75.735621285,4.79280912800004],[-75.735578113,4.79277881900003],[-75.7354480349999,4.79258102100004],[-75.7354244059999,4.79249859200008],[-75.7354061999999,4.79240524700002],[-75.735396726,4.79231282000005],[-75.735356688,4.79222844800006],[-75.734368447,4.79287387400006],[-75.734459257,4.79253216100005],[-75.734642848,4.79172985000002],[-75.7346570719999,4.79156048600003],[-75.7348167229999,4.79122566000005],[-75.7349741519999,4.79059280000007],[-75.735140569,4.79070534200002],[-75.735354276,4.79080935400004],[-75.735475655,4.79086247900004],[-75.7358821179999,4.79101311600003],[-75.7359025769999,4.79102071000004],[-75.7363371069999,4.79131603600006],[-75.736465846,4.79141425500006],[-75.736572014,4.79151263200004],[-75.736668605,4.79161980500004],[-75.736715439,4.79170896300008],[-75.736753752,4.79180345700007],[-75.7368910179999,4.79228007100005],[-75.736962116,4.79246916200003],[-75.737060116,4.79265763500006],[-75.737074201,4.79266261600002],[-75.736872964,4.79295683800007],[-75.737049875,4.79307098600003],[-75.737017268,4.79308204400007],[-75.736936632,4.79318180100005],[-75.7368851159999,4.79321857500003],[-75.73671254,4.79338695100005],[-75.736608205,4.79344098200005],[-75.736512706,4.79336832100004],[-75.736460063,4.79334590800005],[-75.736433372,4.79332261200005],[-75.736398299,4.79329596000002],[-75.736369671,4.79327706200007],[-75.736335937,4.79325772200002],[-75.736292765,4.79323702300006],[-75.736269947,4.79322190400006],[-75.736249206,4.79320249400006],[-75.736229205,4.79317513400002],[-75.7361309949999,4.79311038600002],[-75.7359929959999,4.79304821700003]]]},"properties":{"FID":87,"ID_BAR":410,"CODCOM":"13","COMUNA":"San Joaquin","CODBAR":"011334","NOMBRE":"Portales de Birmania","NOM_POPULA":"Portales de Birmania","NORMA":"Sin"}},{"type":"Feature","id":88,"geometry":{"type":"Polygon","coordinates":[[[-75.734876882,4.80152174900007],[-75.734748036,4.80147812400004],[-75.7346090839999,4.80144128200004],[-75.734066693,4.80145510000006],[-75.7335536699999,4.80147162000002],[-75.7334937379999,4.80148451400002],[-75.733443805,4.80149740800004],[-75.733386724,4.80153605300006],[-75.733321511,4.80159783600003],[-75.73333144,4.80155624200006],[-75.73337123,4.80141515500001],[-75.733487429,4.80093975600005],[-75.7335547549999,4.80070537700003],[-75.7334588679999,4.80061468200006],[-75.73312994,4.80048603300003],[-75.733246811,4.80030824400007],[-75.733288468,4.80030933800002],[-75.7333757609999,4.80029487200003],[-75.733526087,4.80029794300003],[-75.733579259,4.80031537600007],[-75.7337299719999,4.80038950300007],[-75.733878256,4.80048076200006],[-75.7339702689999,4.80054023100008],[-75.734072001,4.80060928900002],[-75.734239794,4.80075987500004],[-75.734374733,4.80087814100005],[-75.734473964,4.80091591900003],[-75.7345973879999,4.80094235800005],[-75.7347984909999,4.80096321500001],[-75.734930259,4.80096877700004],[-75.735070338,4.80105221200006],[-75.735128088,4.80111115000004],[-75.7350841789999,4.80123049500004],[-75.735033966,4.80136803200002],[-75.734988086,4.80151632500003],[-75.734955584,4.80152554500006],[-75.734914983,4.80152808900003],[-75.734876882,4.80152174900007]]]},"properties":{"FID":88,"ID_BAR":287,"CODCOM":"15","COMUNA":"El Oso","CODBAR":"011537","NOMBRE":"Sauces IV","NOM_POPULA":"Sauces IV","NORMA":"Sin"}},{"type":"Feature","id":89,"geometry":{"type":"Polygon","coordinates":[[[-75.740404452,4.80125510100002],[-75.740572663,4.80112033400008],[-75.740761122,4.80098205300003],[-75.740819609,4.80093210300003],[-75.740865879,4.80087925600002],[-75.7408953509999,4.80083607200003],[-75.7411301239999,4.80108136000007],[-75.741186152,4.80125845800006],[-75.740994631,4.80148127200005],[-75.740947729,4.80157730300004],[-75.7407617659999,4.80152543300005],[-75.740404452,4.80125510100002]]]},"properties":{"FID":89,"ID_BAR":288,"CODCOM":"13","COMUNA":"San Joaquin","CODBAR":"011336","NOMBRE":"Rafael Uribe III","NOM_POPULA":"Rafael Uribe III","NORMA":"Sin"}},{"type":"Feature","id":90,"geometry":{"type":"Polygon","coordinates":[[[-75.731414055,4.79342678300002],[-75.731379652,4.79339718200003],[-75.7309299459999,4.79301022100003],[-75.731142489,4.79263744000001],[-75.731829345,4.79184711800002],[-75.732144144,4.79143703300003],[-75.732160412,4.79145545400007],[-75.732259643,4.79159426200004],[-75.732279504,4.79163034600004],[-75.732335387,4.79170051800003],[-75.732378277,4.79174094600006],[-75.7323881359999,4.79175640100004],[-75.732397151,4.79176796900004],[-75.7324094049999,4.79178100400002],[-75.73245888,4.79182802000002],[-75.732480853,4.79184388100003],[-75.732505783,4.79186436900005],[-75.7325275799999,4.79188480400005],[-75.7325889219999,4.79197096000006],[-75.731414055,4.79342678300002]]]},"properties":{"FID":90,"ID_BAR":411,"CODCOM":"15","COMUNA":"El Oso","CODBAR":"011542","NOMBRE":"Villa Del Sur","NOM_POPULA":"Villa Del Sur","NORMA":"26"}},{"type":"Feature","id":91,"geometry":{"type":"Polygon","coordinates":[[[-75.687444509,4.78724202300002],[-75.687473419,4.78724310200004],[-75.687501271,4.78724794300006],[-75.687539828,4.78726405400003],[-75.687578244,4.78728599200002],[-75.68760782,4.78731734500008],[-75.687629826,4.78734986200003],[-75.687639931,4.78737679800003],[-75.687643381,4.78740366200002],[-75.687643061,4.78744031100006],[-75.687631859,4.78751864300006],[-75.687601604,4.78765755500007],[-75.6875679359999,4.78774081300003],[-75.687527506,4.78783092400004],[-75.6874726039999,4.78794297000008],[-75.6874689049999,4.78795506900002],[-75.687456507,4.78802732400003],[-75.687450553,4.78807144500007],[-75.6874386439999,4.78820868000002],[-75.687440438,4.78822494700006],[-75.687454239,4.78827078200004],[-75.687477368,4.78836298100003],[-75.68750367,4.78840726100004],[-75.687582573,4.78856149200005],[-75.687600846,4.78859909700002],[-75.687506824,4.78866668500007],[-75.6874752379999,4.78868127200008],[-75.687292693,4.78872050700004],[-75.686981193,4.78885709000002],[-75.6870760159999,4.78894936300003],[-75.687045414,4.78899222700006],[-75.6870020279999,4.78906416300003],[-75.6869222939999,4.78926602100006],[-75.6868446079999,4.78939790100003],[-75.6867499159999,4.78947195400001],[-75.686575358,4.78962020100006],[-75.686397243,4.78977595400006],[-75.686339773,4.78981789800003],[-75.686274383,4.78983259000005],[-75.686214697,4.78983594100003],[-75.686024077,4.79007013200003],[-75.6860069479999,4.79032296700007],[-75.685983598,4.79039944400006],[-75.685988982,4.79046177400004],[-75.686003555,4.79053284800006],[-75.6860180959999,4.79057873600004],[-75.6860406289999,4.79062722000003],[-75.686037944,4.79076097700004],[-75.6860612789999,4.79094800300003],[-75.6860547919999,4.79107566600003],[-75.686038834,4.79120248100002],[-75.686047528,4.79125297700005],[-75.686069851,4.79129907700006],[-75.686232061,4.79154870900003],[-75.686271459,4.79162202700008],[-75.68628797,4.79170281500007],[-75.6862819089999,4.79178503300005],[-75.686267363,4.79183279100004],[-75.686243028,4.79187634500005],[-75.6862099969999,4.79191369900007],[-75.686160133,4.79194716600007],[-75.686076782,4.79197732800003],[-75.68599815,4.79201833500002],[-75.6859545189999,4.79206169400005],[-75.685924972,4.79211570300004],[-75.685899331,4.79222284000001],[-75.685921365,4.79237108200004],[-75.685924459,4.79244953700004],[-75.6859123679999,4.79267517300001],[-75.685929217,4.79297822300003],[-75.6859891389999,4.79315080600003],[-75.6859769449999,4.79331319200003],[-75.6855493209999,4.79328232800004],[-75.685389368,4.79296782300001],[-75.685217864,4.79268046500004],[-75.68517945,4.79261610100001],[-75.6851431869999,4.79252619800006],[-75.685233424,4.79216515100005],[-75.6853397739999,4.79205226000004],[-75.685436303,4.79185616100005],[-75.685449977,4.79166654000004],[-75.685344389,4.79142675000003],[-75.685198936,4.79124012200003],[-75.6849073069999,4.79118625100005],[-75.684549082,4.79126533900005],[-75.684310338,4.79129144700005],[-75.684085087,4.79121112200005],[-75.6838964739999,4.79086090200003],[-75.683836857,4.79087469200004],[-75.683798052,4.79088368000003],[-75.683785446,4.79088659300003],[-75.6836989239999,4.79094632200002],[-75.683657055,4.79097442000005],[-75.683497497,4.79110746000002],[-75.683376429,4.79120692600003],[-75.6831776779999,4.79136281900002],[-75.683077281,4.79143849500002],[-75.68300277,4.79146835700005],[-75.682872974,4.79148565800005],[-75.6827664899999,4.79150430300007],[-75.682712823,4.79152747200003],[-75.682683103,4.79153895100005],[-75.682628557,4.79156386900007],[-75.682615915,4.79156934300005],[-75.682598132,4.79157776700003],[-75.6825336909999,4.79160720600004],[-75.682486152,4.79162631300005],[-75.682452735,4.79163360600007],[-75.6824338599999,4.79163510600005],[-75.682418966,4.79163293200004],[-75.682384916,4.79162390400006],[-75.6823218169999,4.79158368300005],[-75.6822955499999,4.79156386500005],[-75.682270022,4.79153948900005],[-75.6822121009999,4.79147886800008],[-75.6821493209999,4.79139742300003],[-75.682120096,4.79137629700005],[-75.682108898,4.79136822500004],[-75.682063757,4.79134757500003],[-75.682015199,4.79134914300005],[-75.681932342,4.79136563500004],[-75.6818943809999,4.79137859600007],[-75.68185364,4.79139562000007],[-75.681829377,4.79140335400007],[-75.681729159,4.79144944700004],[-75.681672992,4.79147680200003],[-75.681662745,4.79148151700001],[-75.681576401,4.79152280600006],[-75.68156404,4.79153313700005],[-75.681544532,4.79154943800005],[-75.681535234,4.79155720900007],[-75.681523226,4.79157167400007],[-75.681517416,4.79158248200001],[-75.681506744,4.79161014100003],[-75.681503783,4.79165143500006],[-75.681506774,4.79169326000004],[-75.68151304,4.79171948900005],[-75.681514448,4.79173058000003],[-75.68152008,4.79174903800004],[-75.68153029,4.79179171100002],[-75.68153726,4.79180502900005],[-75.6815649339999,4.79185796400001],[-75.681595108,4.79191455600005],[-75.681629927,4.79202143300005],[-75.68164598,4.79208342900006],[-75.6816468929999,4.79210923400006],[-75.6816446029999,4.79213173500005],[-75.6816200929999,4.79216550400003],[-75.6816101969999,4.79217497000006],[-75.681582377,4.79219879500005],[-75.6815485719999,4.79221912200008],[-75.68151445,4.79223439700007],[-75.6814965249999,4.79224142600002],[-75.681470996,4.79224492200006],[-75.681499592,4.79219744700002],[-75.681511039,4.79215484700006],[-75.6814408709999,4.79197850100006],[-75.6814318949999,4.79194778600003],[-75.681410279,4.79187376200002],[-75.681347928,4.79170873900007],[-75.681272195,4.79154947300003],[-75.681241496,4.79145889900006],[-75.681236428,4.79141188100004],[-75.6812426979999,4.79138538800004],[-75.681247347,4.79136587200003],[-75.6812750619999,4.79133030200005],[-75.681310593,4.79130260900007],[-75.681407362,4.79124941700007],[-75.6814728969999,4.79120270500004],[-75.681663869,4.79099349000005],[-75.681743737,4.79091532200003],[-75.681942947,4.79073820000001],[-75.682154059,4.79056911500003],[-75.682184026,4.79054681000002],[-75.682196984,4.79054423200005],[-75.682213147,4.79054101800005],[-75.682400098,4.79044821500002],[-75.682480351,4.79040060300001],[-75.6826019109999,4.79030957900005],[-75.682696742,4.79026892700004],[-75.6827115339999,4.79023174900003],[-75.682712771,4.79014409100005],[-75.682713196,4.79011459500002],[-75.682668388,4.78982655500006],[-75.6826827249999,4.78975422800005],[-75.682710055,4.78968577100004],[-75.682705867,4.78963781800007],[-75.682687981,4.78959314900004],[-75.682691329,4.78955222600007],[-75.682696052,4.78949512400004],[-75.6827156689999,4.78943818200003],[-75.6828526909999,4.78929805800004],[-75.682896076,4.78925842700005],[-75.6829488609999,4.78923267800007],[-75.6830843609999,4.78919646200007],[-75.6831382029999,4.78917599500006],[-75.683187045,4.78914538800005],[-75.68322983,4.78911833300003],[-75.683342339,4.78904714400004],[-75.68346115,4.78898210100004],[-75.6835035129999,4.78895889500007],[-75.683568166,4.78893102800003],[-75.683681518,4.78888218100009],[-75.683846178,4.78879882500007],[-75.684006895,4.78868344800004],[-75.6841093319999,4.78863822200004],[-75.684174898,4.78862278900005],[-75.684226203,4.78862413400001],[-75.684330221,4.78862686000001],[-75.684485404,4.78861871000003],[-75.684662913,4.78858714100004],[-75.6847320729999,4.78855425800005],[-75.684816095,4.78847216900005],[-75.684968537,4.78836039400005],[-75.684991216,4.78834587700003],[-75.685034635,4.78830228800005],[-75.685069429,4.78825147600003],[-75.685085664,4.78821486400005],[-75.685094398,4.78819515300006],[-75.685111729,4.78809045200005],[-75.685130645,4.78797626600004],[-75.685125931,4.78789120400007],[-75.685118545,4.78775884300006],[-75.6850908059999,4.78760464900006],[-75.6850694729999,4.78752156400004],[-75.6850517999999,4.78745292800004],[-75.685047788,4.78742503900003],[-75.685045993,4.78741263900003],[-75.685075641,4.78742214400006],[-75.685121169,4.78744796800004],[-75.685188035,4.78750110100003],[-75.6852161319999,4.78754158400006],[-75.68524187,4.78758461100005],[-75.6852795779999,4.78765595200001],[-75.685320491,4.78773506400007],[-75.685348974,4.78778828200008],[-75.6853835169999,4.78781696800007],[-75.685439854,4.78785409800001],[-75.685454151,4.78785577600006],[-75.6854736939999,4.78784431400004],[-75.6855077829999,4.78780201600005],[-75.68553768,4.78777368700001],[-75.685582014,4.78774788500004],[-75.6857036759999,4.78771011200008],[-75.685928512,4.78764634800006],[-75.686000065,4.78762969600006],[-75.686060984,4.78760840000007],[-75.686179231,4.78756471000002],[-75.686226452,4.78755144800004],[-75.686288286,4.78754482900007],[-75.686334062,4.78754624400004],[-75.686429241,4.78755478000004],[-75.686469842,4.78755669100001],[-75.6865578379999,4.78754530300005],[-75.6865965379999,4.78752494200006],[-75.686617349,4.78750687400003],[-75.686683447,4.78744297500002],[-75.686759792,4.78736782700002],[-75.686795817,4.78734656300002],[-75.686853954,4.78732890500003],[-75.686939098,4.78731884200005],[-75.687110548,4.78731141700007],[-75.687150198,4.78730873400001],[-75.687254641,4.78728350100003],[-75.6873325669999,4.78726243400007],[-75.687393626,4.78724954400007],[-75.687444509,4.78724202300002]]]},"properties":{"FID":91,"ID_BAR":412,"CODCOM":"06","COMUNA":"Universidad","CODBAR":"010605","NOMBRE":"El Bosque *1, *3","NOM_POPULA":"El Bosque *1, *3","NORMA":"127"}},{"type":"Feature","id":92,"geometry":{"type":"Polygon","coordinates":[[[-75.699079194,4.80152033400002],[-75.699012888,4.80151672700003],[-75.6990333919999,4.80127443700008],[-75.6987259219999,4.80097690400004],[-75.6982007079999,4.80031127800002],[-75.698200923,4.80021736800006],[-75.698190645,4.80010911500006],[-75.698174803,4.80002548300007],[-75.6981005769999,4.79993815800002],[-75.69796251,4.79983452700002],[-75.697761627,4.79963604700004],[-75.6976217339999,4.79939952600005],[-75.697159554,4.79873909600008],[-75.696725038,4.79841299500002],[-75.696313021,4.79815263500006],[-75.696013856,4.79801070500003],[-75.695725464,4.79792729100007],[-75.69562708,4.79789832000005],[-75.695582569,4.79792267400007],[-75.695420344,4.79788539900004],[-75.694970995,4.79776425000007],[-75.6947910919999,4.79774615600006],[-75.694748891,4.79731745500002],[-75.694713093,4.79702314700005],[-75.694875246,4.79710680200003],[-75.694958204,4.79718549200004],[-75.695025383,4.79734452700006],[-75.6950644679999,4.79739801000004],[-75.695114045,4.79744190300005],[-75.695224647,4.79749936400002],[-75.69533789,4.79756438300006],[-75.695432505,4.79762389200004],[-75.695469549,4.79762543000003],[-75.695492825,4.79761050600008],[-75.695522511,4.79759501800004],[-75.695551773,4.79758307900005],[-75.695578993,4.79757467400003],[-75.695671464,4.79756801900003],[-75.6957015,4.79757630500007],[-75.6957465369999,4.79758464300004],[-75.695791609,4.79758830100006],[-75.695833549,4.79758759700007],[-75.6960289089999,4.79762443100003],[-75.696160253,4.79764948200005],[-75.696283745,4.79766328200002],[-75.696335754,4.79768094700007],[-75.6963900169999,4.79769663300005],[-75.696448752,4.79771021900008],[-75.696533685,4.79772548200001],[-75.696596646,4.79773255000003],[-75.696617174,4.79774102800008],[-75.696642422,4.79775863900005],[-75.6966689,4.79778970800004],[-75.696677632,4.79781431200008],[-75.696729777,4.79794337200002],[-75.6967850569999,4.79805687300007],[-75.696841605,4.79815652700004],[-75.696919281,4.79825141100001],[-75.697025303,4.79835970400007],[-75.697079811,4.79840146000002],[-75.6972392879999,4.79847907500003],[-75.6973218269999,4.79850113900004],[-75.697403873,4.79853138000004],[-75.6974549659999,4.79855475000005],[-75.697484262,4.79858159700007],[-75.697522678,4.79862978200003],[-75.6975475359999,4.79867545800004],[-75.697567464,4.79873528100006],[-75.6976259509999,4.79878851700005],[-75.697648484,4.79885189000003],[-75.6976868639999,4.79893343800006],[-75.697717286,4.79898496100001],[-75.697755452,4.79909077700005],[-75.6978241469999,4.79922997700004],[-75.6978539719999,4.79925698300002],[-75.6979066849999,4.79929621400003],[-75.6979601359999,4.79932712500004],[-75.697988236,4.79935891800005],[-75.69803056,4.79940007400005],[-75.698089786,4.79944716300003],[-75.69825342,4.79949862000007],[-75.698362367,4.79956906200004],[-75.69838462,4.79960172100004],[-75.698435216,4.79974623600003],[-75.698489724,4.79980100900001],[-75.698588319,4.79983842200004],[-75.698638638,4.79986806100003],[-75.698692583,4.79989528100003],[-75.698753325,4.79992082300003],[-75.6988084339999,4.79992704300003],[-75.6988711829999,4.79994211100007],[-75.6989151989999,4.79995818600001],[-75.698944179,4.79998240100002],[-75.6989838229999,4.80011117900004],[-75.6990388579999,4.80019209300003],[-75.6990830129999,4.80027263400005],[-75.69911192,4.80033761500005],[-75.6991157909999,4.80038938400003],[-75.6991136409999,4.80044812800003],[-75.699106209,4.80049820000005],[-75.699060639,4.80059354000002],[-75.6990543649999,4.80075218100006],[-75.699052391,4.80080179500004],[-75.6990865779999,4.80092031100002],[-75.6991209449999,4.80097372200003],[-75.699162986,4.80105196800001],[-75.699189147,4.80111156200007],[-75.699212314,4.80118355400003],[-75.6991756079999,4.80152561800002],[-75.699079194,4.80152033400002]]]},"properties":{"FID":92,"ID_BAR":289,"CODCOM":"07","COMUNA":"Boston","CODBAR":"010712","NOMBRE":"La Florida","NOM_POPULA":"La Florida","NORMA":"12"}},{"type":"Feature","id":93,"geometry":{"type":"Polygon","coordinates":[[[-75.7360847319999,4.80137635400005],[-75.735957964,4.80138331600006],[-75.735694181,4.80132747100003],[-75.735466209,4.80131949000003],[-75.735292678,4.80128660600008],[-75.7352060869999,4.80121129400003],[-75.735128088,4.80111115000004],[-75.735070338,4.80105221200006],[-75.734930259,4.80096877700004],[-75.7347984909999,4.80096321500001],[-75.7345973879999,4.80094235800005],[-75.734473964,4.80091591900003],[-75.734374733,4.80087814100005],[-75.734239794,4.80075987500004],[-75.734072001,4.80060928900002],[-75.7339702689999,4.80054023100008],[-75.733878256,4.80048076200006],[-75.7337299719999,4.80038950300007],[-75.733579259,4.80031537600007],[-75.733526087,4.80029794300003],[-75.7333757609999,4.80029487200003],[-75.733288468,4.80030933800002],[-75.733393824,4.80016039100003],[-75.73370912,4.79980952700003],[-75.73428045,4.79931294500005],[-75.73547648,4.80045133600004],[-75.735842598,4.80080450600002],[-75.7359600359999,4.80094583800007],[-75.7360233159999,4.80106106700003],[-75.7360945899999,4.80126363400005],[-75.7360847319999,4.80137635400005]]]},"properties":{"FID":93,"ID_BAR":290,"CODCOM":"15","COMUNA":"El Oso","CODBAR":"011513","NOMBRE":"La Habana","NOM_POPULA":"La Habana","NORMA":"Sin"}},{"type":"Feature","id":94,"geometry":{"type":"Polygon","coordinates":[[[-75.741200447,4.79249270500003],[-75.7412377759999,4.79267123700003],[-75.7414309639999,4.79262815600003],[-75.741638456,4.79247740500006],[-75.742425517,4.79226201100006],[-75.7430194,4.79224043500005],[-75.743004973,4.79200913500005],[-75.743592258,4.79184709000002],[-75.743678001,4.79185959300001],[-75.743769731,4.79186013800005],[-75.7438967419999,4.79183427700002],[-75.744021043,4.79179737700002],[-75.7441009409999,4.79179264200007],[-75.7441808029999,4.79179808000004],[-75.744254962,4.79181598800005],[-75.7443966599999,4.79189465200005],[-75.744482934,4.79197121600003],[-75.744559066,4.79205797100007],[-75.744594809,4.79212816000005],[-75.744642453,4.79218831600002],[-75.744682633,4.79225377200004],[-75.744715419,4.79236167000004],[-75.744737782,4.79247223500005],[-75.744739512,4.79261641200002],[-75.7447291949999,4.79265466900005],[-75.744732998,4.79269412600008],[-75.744743528,4.79270903300004],[-75.7448340609999,4.79274711100003],[-75.744734727,4.79278431000006],[-75.7445290109999,4.79270284000007],[-75.744468163,4.79269035400004],[-75.7441593459999,4.79266174900004],[-75.744038777,4.79268416600005],[-75.743818276,4.79275868800004],[-75.7436938,4.79283972500001],[-75.7436203839999,4.79292150400004],[-75.743555734,4.79298023300003],[-75.7434280209999,4.79315964900008],[-75.743388759,4.79318647900004],[-75.7433416809999,4.79319289200003],[-75.743272593,4.79319218700003],[-75.7432045259999,4.79318012500005],[-75.7430713859999,4.79315457100007],[-75.7427921449999,4.79307873600004],[-75.7426914709999,4.79307015400001],[-75.742604144,4.79309749800006],[-75.742514528,4.79311583300004],[-75.742356178,4.79321451600003],[-75.742175221,4.79328483300002],[-75.742090182,4.79330136700003],[-75.7419062289999,4.79331036200006],[-75.741634738,4.79327064500005],[-75.741621251,4.79327092800003],[-75.740746585,4.79265633400005],[-75.740879161,4.79259387700006],[-75.741200447,4.79249270500003]]]},"properties":{"FID":94,"ID_BAR":413,"CODCOM":"13","COMUNA":"San Joaquin","CODBAR":"011315","NOMBRE":"El Recreo","NOM_POPULA":"El Recreo","NORMA":"Sin"}},{"type":"Feature","id":95,"geometry":{"type":"Polygon","coordinates":[[[-75.73721736,4.80087019000005],[-75.7371749979999,4.80088123000006],[-75.737094854,4.80091434800004],[-75.7369538259999,4.80100197300003],[-75.7368948439999,4.80103509000002],[-75.736768323,4.80108316900003],[-75.736661839,4.80111727600007],[-75.736602892,4.80113303200005],[-75.7365117259999,4.80117874400002],[-75.736412671,4.80123943200003],[-75.736233437,4.80134313000001],[-75.7361716029999,4.80136745200002],[-75.7360847319999,4.80137635400005],[-75.7360945899999,4.80126363400005],[-75.7360233159999,4.80106106700003],[-75.7359600359999,4.80094583800007],[-75.735842598,4.80080450600002],[-75.73547648,4.80045133600004],[-75.73428045,4.79931294500005],[-75.734405668,4.79933431500007],[-75.7344700369999,4.79931147700005],[-75.734692619,4.79917863700007],[-75.734874072,4.79908537700004],[-75.7353068369999,4.79877598200006],[-75.73533029,4.79881651700004],[-75.735362792,4.79886192600002],[-75.7353853289999,4.79888827800005],[-75.7354079369999,4.79897771900004],[-75.735445053,4.79908432900005],[-75.735475056,4.79915250500005],[-75.7356310169999,4.79936699300003],[-75.7356871489999,4.79943831300005],[-75.735677043,4.79949057600003],[-75.735647748,4.79961553700002],[-75.735598309,4.79971658300001],[-75.735536053,4.79982133900006],[-75.7355379219999,4.79994845500006],[-75.7356166599999,4.80009547400004],[-75.735758746,4.80015239900007],[-75.735777269,4.80015981600008],[-75.735837448,4.80019641200005],[-75.7358940359999,4.80022371600006],[-75.7359835839999,4.80023812800003],[-75.73607211,4.80023556600002],[-75.736132535,4.80022412000005],[-75.736165988,4.80021419300004],[-75.736266241,4.80023581000005],[-75.7363446259999,4.80028229600003],[-75.736456888,4.80038600800002],[-75.736594608,4.80050072200003],[-75.7366854589999,4.80057938900006],[-75.736769867,4.80064767000003],[-75.736873218,4.80070129100006],[-75.7370246369999,4.80079069600003],[-75.737132848,4.80082139000007],[-75.737150701,4.80082478100007],[-75.737170632,4.80083294200006],[-75.737183978,4.80084161300005],[-75.73721736,4.80087019000005]]]},"properties":{"FID":95,"ID_BAR":291,"CODCOM":"15","COMUNA":"El Oso","CODBAR":"011505","NOMBRE":"El Acuario","NOM_POPULA":"El Acuario","NORMA":"Sin"}},{"type":"Feature","id":96,"geometry":{"type":"Polygon","coordinates":[[[-75.6932449349999,4.79307806200006],[-75.6932208489999,4.79308678600005],[-75.6931780639999,4.79311347000003],[-75.6931748979999,4.79304933900006],[-75.693167014,4.79298757300005],[-75.6931488819999,4.79290720900002],[-75.693128356,4.79286584300008],[-75.692981774,4.79269207400006],[-75.692819417,4.79248029500008],[-75.69270956,4.79234035100006],[-75.69262023,4.79224629500004],[-75.692601391,4.79222660000004],[-75.692930115,4.79199160300004],[-75.6934461989999,4.79262104200007],[-75.6933035819999,4.79272775000004],[-75.6932768519999,4.79280058800004],[-75.6932481439999,4.79298197800004],[-75.6932447609999,4.79304326600005],[-75.6932449349999,4.79307806200006]]]},"properties":{"FID":96,"ID_BAR":414,"CODCOM":"06","COMUNA":"Universidad","CODBAR":"010601","NOMBRE":"Altos de Canaan","NOM_POPULA":"Altos de Canaan","NORMA":"Sin"}},{"type":"Feature","id":97,"geometry":{"type":"Polygon","coordinates":[[[-75.729894122,4.79258219900003],[-75.7298783109999,4.79255328500007],[-75.729856303,4.79252426700002],[-75.729825034,4.79240679500004],[-75.72975672,4.79233923700001],[-75.729753622,4.79232784500005],[-75.729729114,4.79229114300006],[-75.729648335,4.79221346400003],[-75.729633827,4.79219599600002],[-75.729621045,4.79217466100005],[-75.729578929,4.79207979600005],[-75.729542695,4.79198018200003],[-75.729507799,4.79189948300006],[-75.7294104699999,4.79174682800002],[-75.72937163,4.79169936900006],[-75.7293348329999,4.79164714200003],[-75.729281907,4.79158170300001],[-75.73018969,4.79066769400003],[-75.730341526,4.79051708700007],[-75.730616501,4.79032226900005],[-75.730750556,4.79018460900005],[-75.730771577,4.79011175200003],[-75.7307522099999,4.79005491500004],[-75.730603577,4.79000648500005],[-75.730071723,4.78990501900006],[-75.729531348,4.78974138000007],[-75.730137707,4.78894457800004],[-75.7301699619999,4.78894263500008],[-75.730266128,4.78899788200004],[-75.7303178559999,4.78905420700005],[-75.730356343,4.78912035200004],[-75.7304012399999,4.78916860500004],[-75.7304050069999,4.78918690400007],[-75.7304571929999,4.78921867800004],[-75.7304988859999,4.78926339800005],[-75.730611954,4.78932345000004],[-75.73072981,4.78937341500004],[-75.7308156239999,4.78938678500003],[-75.7309024579999,4.78938828600006],[-75.7309886589999,4.78937791800008],[-75.731154546,4.78932305800002],[-75.73119085,4.78931514500006],[-75.731200639,4.78932023100004],[-75.731219126,4.78931217700005],[-75.731349025,4.78932628900002],[-75.731416317,4.78934483400007],[-75.7315088559999,4.78939276900007],[-75.731592205,4.78945543400003],[-75.731722035,4.78959123800007],[-75.7317684819999,4.78968039700004],[-75.731797322,4.78980180700006],[-75.731835389,4.79003367800003],[-75.7318471149999,4.79015088400008],[-75.731847891,4.79026867500006],[-75.731816623,4.79044250700001],[-75.731800391,4.79060773800007],[-75.731797398,4.79062086100005],[-75.731151212,4.79125930400004],[-75.729894122,4.79258219900003]]]},"properties":{"FID":97,"ID_BAR":415,"CODCOM":"15","COMUNA":"El Oso","CODBAR":"011546","NOMBRE":"Villa Navarra","NOM_POPULA":"Villa Navarra","NORMA":"Sin"}},{"type":"Feature","id":98,"geometry":{"type":"Polygon","coordinates":[[[-75.7124140669999,4.80109405900003],[-75.711958231,4.80110904500004],[-75.711386363,4.80125268000005],[-75.710757207,4.80126676000003],[-75.710563357,4.80128277400005],[-75.710824734,4.80022541000006],[-75.711006546,4.80000520100004],[-75.711085141,4.80005269600003],[-75.711155003,4.80008786300004],[-75.711207083,4.80011020700005],[-75.711265853,4.80011958800003],[-75.711296595,4.80011043900004],[-75.711340999,4.80009998400004],[-75.711397763,4.80009120700004],[-75.711450654,4.80008748200003],[-75.711492488,4.80006376300003],[-75.7115438289999,4.80003916000005],[-75.711594783,4.80001916700008],[-75.711636863,4.80000572800002],[-75.711675985,4.80002770000003],[-75.7117497199999,4.80005983000005],[-75.711935608,4.80021316000004],[-75.712011597,4.80025972000005],[-75.7121178,4.80028503200003],[-75.712211361,4.80028503400007],[-75.712349117,4.80025112500004],[-75.712426233,4.80026322500005],[-75.712506519,4.80027038000003],[-75.712593743,4.80027195400003],[-75.712684452,4.80026678100005],[-75.7127312499999,4.80025374700006],[-75.712752837,4.80022501100007],[-75.712780128,4.80019832400007],[-75.712804037,4.80018073300005],[-75.712856013,4.80016248800006],[-75.712934011,4.80010250900006],[-75.713045779,4.80007382800005],[-75.713142794,4.79995300200005],[-75.7132099459999,4.79989888600004],[-75.713247977,4.79988403300007],[-75.7133317139999,4.79988809700006],[-75.713355765,4.79987928400003],[-75.713387387,4.79987448],[-75.713416825,4.79987637100004],[-75.71344908,4.79989154300005],[-75.713484997,4.79991530000007],[-75.713525703,4.79995447500006],[-75.7135490489999,4.79998655100007],[-75.7135622879999,4.80001954400006],[-75.7135840129999,4.80005146000001],[-75.713605635,4.80007253100007],[-75.7136044009999,4.80011034600005],[-75.713610386,4.80015121800005],[-75.713624048,4.80019079900007],[-75.713642148,4.80022317400004],[-75.713664367,4.80025095800004],[-75.713701445,4.80027935900004],[-75.713728066,4.80029371900002],[-75.713814656,4.80030629700001],[-75.7138628269999,4.80030763900004],[-75.713913675,4.80030382600005],[-75.713962657,4.80029494200006],[-75.714003681,4.80028337400006],[-75.714018188,4.80028794900006],[-75.714039035,4.80029208200005],[-75.714061677,4.80029347800006],[-75.7140795299999,4.80029240100004],[-75.714092805,4.80029031700007],[-75.714162845,4.80027636500005],[-75.71418591,4.80028014600002],[-75.7142110509999,4.80028786400003],[-75.714236969,4.80030031700004],[-75.714254822,4.80031209800006],[-75.71426454,4.80032666900007],[-75.714279188,4.80034399600004],[-75.714302323,4.80036450300002],[-75.714328979,4.80038054100002],[-75.7143731359999,4.80038778300007],[-75.714437612,4.80039338300002],[-75.714484833,4.80039379000003],[-75.714540505,4.80039027600002],[-75.714594382,4.80038271800005],[-75.7146071289999,4.80037874400006],[-75.714618855,4.80037833800003],[-75.7146299469999,4.80038075800007],[-75.714640687,4.80038612700001],[-75.714650864,4.80039543500005],[-75.714673118,4.80043411600008],[-75.7147116739999,4.80055316100004],[-75.714763048,4.80063792300007],[-75.714777273,4.80076705200002],[-75.714780683,4.80106520900006],[-75.713192845,4.80106842900004],[-75.7124140669999,4.80109405900003]]]},"properties":{"FID":98,"ID_BAR":292,"CODCOM":"19","COMUNA":"El Poblado","CODBAR":"011903","NOMBRE":"Cachipay","NOM_POPULA":"Cachipay","NORMA":"92"}},{"type":"Feature","id":99,"geometry":{"type":"Polygon","coordinates":[[[-75.6670778869999,4.80113259100005],[-75.667050247,4.80111863600005],[-75.6670225029999,4.80106951400005],[-75.666977749,4.80103727600005],[-75.666943734,4.80102360300003],[-75.666907253,4.80102050900008],[-75.666894333,4.80098318700004],[-75.666823242,4.80093861900001],[-75.666797081,4.80090408700005],[-75.666788138,4.80089066300006],[-75.666788738,4.80087453700002],[-75.666742088,4.80079485900006],[-75.666711241,4.80078567100002],[-75.666679163,4.80078794800004],[-75.6666005339999,4.80074989600007],[-75.666516659,4.80072576200007],[-75.666429722,4.80067222000002],[-75.666373275,4.80066248200006],[-75.666353134,4.80065571700005],[-75.666339614,4.80063932500002],[-75.666292464,4.80063451600006],[-75.666249329,4.80061490700007],[-75.66621528,4.80058611500004],[-75.666190951,4.80054868600006],[-75.666124163,4.80042953000002],[-75.666089023,4.80038985700003],[-75.666206468,4.80028963500007],[-75.66689719,4.80013343800004],[-75.6669576359999,4.79990367400005],[-75.667070272,4.79962433700007],[-75.6671717089999,4.79934805500005],[-75.667423624,4.79895473800002],[-75.667577271,4.79881730300002],[-75.6677127779999,4.79873824100002],[-75.667847723,4.79864653200003],[-75.6679576659999,4.79856088000002],[-75.668046837,4.79842744900002],[-75.66809023,4.79829837600005],[-75.668097003,4.79816239500004],[-75.668117298,4.79801864300004],[-75.668142981,4.79787999700005],[-75.6681880689999,4.79769064300008],[-75.6683310939999,4.79740742300003],[-75.668377581,4.79734407200004],[-75.6683826459999,4.79741014700004],[-75.6684291619999,4.79740384600006],[-75.668546635,4.79739437100004],[-75.668609208,4.79738674700009],[-75.668764676,4.79737091600003],[-75.6688286249999,4.79734153200007],[-75.668902083,4.79730960500008],[-75.6689915649999,4.79724466800008],[-75.6690704489999,4.79716201500002],[-75.6691084829999,4.79711678500007],[-75.669206942,4.79707519900005],[-75.6693031089999,4.79707589600001],[-75.669411457,4.79710873900007],[-75.669498926,4.79711973200004],[-75.669664074,4.79713069700005],[-75.669473797,4.79779972900007],[-75.6694423129999,4.79784663600002],[-75.669419807,4.79789847300003],[-75.6694209679999,4.79791982700003],[-75.669450402,4.79795897000002],[-75.669451915,4.79797707300003],[-75.669419336,4.79805416700003],[-75.66937799,4.79812686100008],[-75.6693110429999,4.79821050500004],[-75.6692935409999,4.79822509200004],[-75.6692713909999,4.79823028300006],[-75.6692544159999,4.79825486700002],[-75.669230294,4.79827242200002],[-75.66921096,4.79830368200004],[-75.6691696189999,4.79831017800005],[-75.6691573269999,4.79833403900006],[-75.66907457,4.79839795200007],[-75.6689985039999,4.79846972500008],[-75.668906733,4.79853819400006],[-75.6688779249999,4.79857731400005],[-75.668859857,4.79862242100005],[-75.6688054139999,4.79866196200004],[-75.668759598,4.79871127200006],[-75.668724098,4.79876853000007],[-75.6687089529999,4.79881204800004],[-75.6687075399999,4.79885811100007],[-75.668712467,4.79889905300006],[-75.668801327,4.79911190900001],[-75.668813646,4.79917069000004],[-75.668817659,4.79918989000004],[-75.668820822,4.79926119200007],[-75.6688901429999,4.79943278700005],[-75.668932393,4.79949460900002],[-75.6689620019999,4.79956338800002],[-75.668980905,4.79963704200004],[-75.668968283,4.79981594200006],[-75.66899441,4.79984577600004],[-75.669012365,4.79988117300008],[-75.668985065,4.79999691200004],[-75.6689447369999,4.80009798900005],[-75.668716871,4.80010685400003],[-75.668456259,4.80009505100003],[-75.6675782199999,4.80005730100003],[-75.667537066,4.80036031200007],[-75.667481579,4.80065122300005],[-75.6674448369999,4.80081235300002],[-75.667410414,4.80105335200005],[-75.667391416,4.80125266900006],[-75.667287469,4.80122712000002],[-75.6671108099999,4.80114923200005],[-75.6670778869999,4.80113259100005]]]},"properties":{"FID":99,"ID_BAR":293,"CODCOM":"01","COMUNA":"Villa Santana","CODBAR":"010112","NOMBRE":"San Vicente","NOM_POPULA":"San Vicente","NORMA":"11"}},{"type":"Feature","id":100,"geometry":{"type":"Polygon","coordinates":[[[-75.7374212459999,4.79176347600003],[-75.738059181,4.79086419100002],[-75.7390607149999,4.79152778100006],[-75.7389745849999,4.79158290700002],[-75.738829862,4.79169125000003],[-75.7386905979999,4.79181797900004],[-75.738319887,4.79239056200004],[-75.738191749,4.79250439700008],[-75.738109246,4.79254701800005],[-75.738024982,4.79256570600005],[-75.737950331,4.79257496200007],[-75.737886983,4.79257763000003],[-75.737827685,4.79257584700003],[-75.737722328,4.79256398000007],[-75.7374212459999,4.79176347600003]]]},"properties":{"FID":100,"ID_BAR":416,"CODCOM":"13","COMUNA":"San Joaquin","CODBAR":"011333","NOMBRE":"Portal de San Joaquin II","NOM_POPULA":"Portal de San Joaquin II","NORMA":"Sin"}},{"type":"Feature","id":101,"geometry":{"type":"Polygon","coordinates":[[[-75.693906482,4.79230211800007],[-75.6938570459999,4.79222724600004],[-75.693516206,4.79181188200004],[-75.6937121349999,4.79171052800007],[-75.6938510159999,4.79168557800004],[-75.694305057,4.79154839900002],[-75.694471945,4.79197765400004],[-75.694490463,4.79206649600007],[-75.694464194,4.79208698200007],[-75.694429155,4.79211329800005],[-75.694294922,4.79214987000005],[-75.694113678,4.79221436500007],[-75.693906482,4.79230211800007]]]},"properties":{"FID":101,"ID_BAR":417,"CODCOM":"07","COMUNA":"Boston","CODBAR":"010704","NOMBRE":"Caminos de Canaan","NOM_POPULA":"Caminos de Canaan","NORMA":"Sin"}},{"type":"Feature","id":102,"geometry":{"type":"Polygon","coordinates":[[[-75.7408953509999,4.80083607200003],[-75.740865879,4.80087925600002],[-75.740819609,4.80093210300003],[-75.740761122,4.80098205300003],[-75.740572663,4.80112033400008],[-75.740404452,4.80125510100002],[-75.740174011,4.80098994200006],[-75.740014457,4.80085610100002],[-75.740086643,4.80078031000004],[-75.7397694699999,4.80046728700006],[-75.739246163,4.80030113100003],[-75.739184821,4.80027580300002],[-75.738791835,4.79990432000006],[-75.738805671,4.79979324100003],[-75.7388105649999,4.79969168300005],[-75.738804858,4.79958270800007],[-75.738792215,4.79949686800006],[-75.738768868,4.79946370000006],[-75.738682172,4.79940788800008],[-75.738604314,4.79933861800004],[-75.7385683259999,4.79931521700006],[-75.738693825,4.79921084700004],[-75.738779885,4.79915220700001],[-75.738853831,4.79910930400006],[-75.738944293,4.79906345200003],[-75.739030917,4.79902736600007],[-75.7391224359999,4.79900009300006],[-75.739194023,4.79898066400004],[-75.7393023389999,4.79896536600006],[-75.739430726,4.79895962400007],[-75.739575981,4.79897246100005],[-75.739745075,4.79899794500006],[-75.739820044,4.79900432000006],[-75.739877688,4.79900018500008],[-75.739983856,4.79900848500005],[-75.740032556,4.79901219300006],[-75.740025058,4.79915515200003],[-75.7401486209999,4.79915933500005],[-75.7401481639999,4.79917388800003],[-75.740244789,4.79917632400002],[-75.740267079,4.79919614100004],[-75.740268525,4.79931981200002],[-75.740277369,4.79961526600004],[-75.74029174,4.79979906000005],[-75.740316075,4.79992142400005],[-75.740355272,4.80014709400006],[-75.740385063,4.80019229100002],[-75.7404207,4.80025273100006],[-75.740480987,4.80032415600003],[-75.740585114,4.80041617400001],[-75.740734632,4.80057453200005],[-75.740853833,4.80072149700005],[-75.740894963,4.80079841600002],[-75.740919155,4.80077423500004],[-75.740910844,4.80079848600007],[-75.7408953509999,4.80083607200003]]]},"properties":{"FID":102,"ID_BAR":294,"CODCOM":"13","COMUNA":"San Joaquin","CODBAR":"011320","NOMBRE":"Laureles I","NOM_POPULA":"Laureles I","NORMA":"115"}},{"type":"Feature","id":103,"geometry":{"type":"Polygon","coordinates":[[[-75.7325889219999,4.79197096000006],[-75.7325275799999,4.79188480400005],[-75.732505783,4.79186436900005],[-75.732480853,4.79184388100003],[-75.73245888,4.79182802000002],[-75.7324094049999,4.79178100400002],[-75.732397151,4.79176796900004],[-75.7323881359999,4.79175640100004],[-75.732378277,4.79174094600006],[-75.732335387,4.79170051800003],[-75.732279504,4.79163034600004],[-75.732259643,4.79159426200004],[-75.732160412,4.79145545400007],[-75.732144144,4.79143703300003],[-75.732110023,4.79139838800005],[-75.732080443,4.79135236000007],[-75.7320717809999,4.79133256100005],[-75.73201463,4.79123732600004],[-75.7319583949999,4.79116724300007],[-75.7319405069999,4.79115274200007],[-75.7319212099999,4.79113400200002],[-75.731901068,4.79110982300007],[-75.7317914499999,4.79097110400005],[-75.731765674,4.79092580100006],[-75.731750602,4.79087752900006],[-75.731745109,4.79083913200003],[-75.73174539,4.79079439400005],[-75.731756165,4.79074778300002],[-75.732716866,4.78978850100003],[-75.732906665,4.79004631500004],[-75.733069595,4.79015461900003],[-75.73324228,4.79025796000007],[-75.7333340449999,4.79030843700002],[-75.733474897,4.79036009800007],[-75.733585746,4.79036735700002],[-75.733730963,4.79036246300006],[-75.7338476579999,4.79034653000001],[-75.733169645,4.79119008800005],[-75.7325889219999,4.79197096000006]]]},"properties":{"FID":103,"ID_BAR":418,"CODCOM":"13","COMUNA":"San Joaquin","CODBAR":"011316","NOMBRE":"Gibraltar","NOM_POPULA":"Gibraltar","NORMA":"52"}},{"type":"Feature","id":104,"geometry":{"type":"Polygon","coordinates":[[[-75.725979603,4.80124789000008],[-75.7259353749999,4.80111672900006],[-75.7259172399999,4.80109369800004],[-75.7259006199999,4.80106626800006],[-75.725887098,4.80103548300003],[-75.7258795979999,4.80101080800005],[-75.725859632,4.80098383900002],[-75.7258359689999,4.80095851100003],[-75.725801566,4.80093037400008],[-75.725767514,4.80090981600006],[-75.725736949,4.80086650800006],[-75.7257108909999,4.80081740600002],[-75.725693179,4.80077104300005],[-75.72563557,4.80070968400004],[-75.725604618,4.80064341500003],[-75.7255672209999,4.80058240900006],[-75.725521726,4.80052428300006],[-75.725494928,4.80049892000005],[-75.7254207,4.80042878300003],[-75.7254060509999,4.80042095800007],[-75.725383902,4.80041422900005],[-75.725364252,4.80041256900004],[-75.7253458009999,4.80041451100004],[-75.725244985,4.80042816400004],[-75.724938066,4.80053751100007],[-75.724869083,4.80055375900002],[-75.724826088,4.80055656800004],[-75.7247788669999,4.80055181600004],[-75.724736153,4.80054008800005],[-75.7246996369999,4.80052371500004],[-75.7246314289999,4.80045946000008],[-75.72462333,4.80044317500005],[-75.724613435,4.80042750900003],[-75.724592941,4.80040332900006],[-75.7245693839999,4.80038375900006],[-75.724468498,4.80021554300004],[-75.724447934,4.80016965600004],[-75.724422229,4.80010149700008],[-75.7244069109999,4.80005179600006],[-75.724602169,4.79989832800003],[-75.7248583109999,4.79952796900005],[-75.725029553,4.79928703800005],[-75.725113009,4.79919870900005],[-75.725722197,4.79959644800006],[-75.7257745589999,4.79963066000004],[-75.7264131149999,4.80002919200006],[-75.726628057,4.80014350200002],[-75.726757923,4.80021258000004],[-75.725979603,4.80124789000008]]]},"properties":{"FID":104,"ID_BAR":295,"CODCOM":"10","COMUNA":"Consota","CODBAR":"011020","NOMBRE":"Quintas de Panorama II","NOM_POPULA":"Quintas de Panorama II","NORMA":"Sin"}},{"type":"Feature","id":105,"geometry":{"type":"Polygon","coordinates":[[[-75.738157556,4.80092692400006],[-75.7379959959999,4.80086653900002],[-75.737863417,4.80080138500006],[-75.737829225,4.80079075300006],[-75.737792709,4.80079312100002],[-75.737674005,4.80081186200003],[-75.737821998,4.80030212600007],[-75.737943765,4.80026754200002],[-75.73799989,4.79992348000007],[-75.738049115,4.79980266900003],[-75.7381544349999,4.79959377500007],[-75.738326516,4.79926018500002],[-75.738354158,4.79922268700005],[-75.73836648,4.79904203700005],[-75.7383850369999,4.79901287600005],[-75.738432186,4.79897546600006],[-75.7384918019999,4.79899390500002],[-75.738722904,4.79884435500004],[-75.7390015829999,4.79894981100006],[-75.7392662789999,4.79888883600006],[-75.739305612,4.79887359300005],[-75.7397982459999,4.79893785600006],[-75.739834516,4.79896699900006],[-75.739877688,4.79900018500008],[-75.739820044,4.79900432000006],[-75.739745075,4.79899794500006],[-75.739575981,4.79897246100005],[-75.739430726,4.79895962400007],[-75.7393023389999,4.79896536600006],[-75.739194023,4.79898066400004],[-75.7391224359999,4.79900009300006],[-75.739030917,4.79902736600007],[-75.738944293,4.79906345200003],[-75.738853831,4.79910930400006],[-75.738779885,4.79915220700001],[-75.738693825,4.79921084700004],[-75.7385683259999,4.79931521700006],[-75.738604314,4.79933861800004],[-75.7385839619999,4.79938823200007],[-75.7385152639999,4.79956549100005],[-75.738494806,4.79961468200002],[-75.738473819,4.79960581500006],[-75.738403396,4.79981236000003],[-75.738493648,4.79984038800006],[-75.7384344229999,4.80004318700002],[-75.738389353,4.80019750400003],[-75.738337169,4.80038216300005],[-75.738388264,4.80039590400003],[-75.738378793,4.80046888500004],[-75.738467425,4.80047711400003],[-75.7384545409999,4.80073918600004],[-75.738447433,4.80102429200002],[-75.738314115,4.80098543600006],[-75.738157556,4.80092692400006]]]},"properties":{"FID":105,"ID_BAR":296,"CODCOM":"13","COMUNA":"San Joaquin","CODBAR":"011313","NOMBRE":"El Crucero","NOM_POPULA":"El Crucero","NORMA":"Sin"}},{"type":"Feature","id":106,"geometry":{"type":"Polygon","coordinates":[[[-75.7366073599999,4.79098811400007],[-75.737114906,4.79023230200005],[-75.738059181,4.79086419100002],[-75.7374212459999,4.79176347600003],[-75.737244019,4.79176196100003],[-75.737197184,4.79162709200007],[-75.73713764,4.79164828700005],[-75.7370429489999,4.79142307700004],[-75.736971185,4.79140820700007],[-75.7368172659999,4.79118926700005],[-75.7366826109999,4.79104698100003],[-75.7366073599999,4.79098811400007]]]},"properties":{"FID":106,"ID_BAR":419,"CODCOM":"13","COMUNA":"San Joaquin","CODBAR":"011332","NOMBRE":"Portal de San Joaquin I","NOM_POPULA":"Portal de San Joaquin I","NORMA":"Sin"}},{"type":"Feature","id":107,"geometry":{"type":"Polygon","coordinates":[[[-75.738059181,4.79086419100002],[-75.737114906,4.79023230200005],[-75.737096208,4.79021979800006],[-75.737267091,4.78996445100006],[-75.737328185,4.78989154000004],[-75.7375833999999,4.78951584200008],[-75.7376010419999,4.78949277400004],[-75.7376188929999,4.78946361400006],[-75.737634669,4.78942855400004],[-75.737642169,4.78940606900003],[-75.737735267,4.78917124800006],[-75.7380313629999,4.78874763100003],[-75.739809029,4.79005570400005],[-75.739343565,4.79077078800003],[-75.739302263,4.79090378600005],[-75.7392255779999,4.79135986300001],[-75.7391907539999,4.79142632700006],[-75.7390607149999,4.79152778100006],[-75.738059181,4.79086419100002]]]},"properties":{"FID":107,"ID_BAR":420,"CODCOM":"13","COMUNA":"San Joaquin","CODBAR":"011338","NOMBRE":"San Marcos","NOM_POPULA":"San Marcos","NORMA":"Sin"}},{"type":"Feature","id":108,"geometry":{"type":"Polygon","coordinates":[[[-75.7301473429999,4.80091554800004],[-75.729995644,4.80082928700005],[-75.730149524,4.80043221900007],[-75.730395696,4.79979362000006],[-75.7309709419999,4.80016464900006],[-75.7301473429999,4.80091554800004]]]},"properties":{"FID":108,"ID_BAR":297,"CODCOM":"15","COMUNA":"El Oso","CODBAR":"011529","NOMBRE":"Quintas de La Acuarela I","NOM_POPULA":"Quintas de La Acuarela I","NORMA":"Sin"}},{"type":"Feature","id":109,"geometry":{"type":"Polygon","coordinates":[[[-75.7363371069999,4.79131603600006],[-75.7359025769999,4.79102071000004],[-75.7358821179999,4.79101311600003],[-75.7362124379999,4.79016281400003],[-75.736017564,4.78963937700007],[-75.736142674,4.78960249600005],[-75.736171724,4.78960069400005],[-75.736270742,4.78957338700007],[-75.7363417299999,4.78953548200007],[-75.736357224,4.78953343300003],[-75.736437613,4.78948207100006],[-75.736461946,4.78945986900004],[-75.736475538,4.78942984300005],[-75.7365025089999,4.78939805100002],[-75.736537335,4.78937515900003],[-75.736616246,4.78933833300004],[-75.7366994179999,4.78931258000006],[-75.736785302,4.78929836000002],[-75.737023058,4.78931326400003],[-75.737114435,4.78933200200005],[-75.737207326,4.78934007200008],[-75.737403286,4.78938715700002],[-75.737642169,4.78940606900003],[-75.737634669,4.78942855400004],[-75.7376188929999,4.78946361400006],[-75.7376010419999,4.78949277400004],[-75.7375833999999,4.78951584200008],[-75.737328185,4.78989154000004],[-75.737267091,4.78996445100006],[-75.737096208,4.79021979800006],[-75.737114906,4.79023230200005],[-75.7366073599999,4.79098811400007],[-75.736581127,4.79103006200006],[-75.7365602099999,4.79099721100005],[-75.7363371069999,4.79131603600006]]]},"properties":{"FID":109,"ID_BAR":421,"CODCOM":"13","COMUNA":"San Joaquin","CODBAR":"011341","NOMBRE":"Tinajas","NOM_POPULA":"Tinajas","NORMA":"Sin"}},{"type":"Feature","id":110,"geometry":{"type":"Polygon","coordinates":[[[-75.737428251,4.80082915800005],[-75.737409307,4.80083147100002],[-75.7372536299999,4.80086074100006],[-75.73721736,4.80087019000005],[-75.737183978,4.80084161300005],[-75.737170632,4.80083294200006],[-75.737150701,4.80082478100007],[-75.737132848,4.80082139000007],[-75.7370246369999,4.80079069600003],[-75.736873218,4.80070129100006],[-75.736769867,4.80064767000003],[-75.7366854589999,4.80057938900006],[-75.736594608,4.80050072200003],[-75.736456888,4.80038600800002],[-75.7363446259999,4.80028229600003],[-75.736266241,4.80023581000005],[-75.736165988,4.80021419300004],[-75.736132535,4.80022412000005],[-75.73607211,4.80023556600002],[-75.7359835839999,4.80023812800003],[-75.7358940359999,4.80022371600006],[-75.735837448,4.80019641200005],[-75.735777269,4.80015981600008],[-75.735758746,4.80015239900007],[-75.73604105,4.80006736800004],[-75.7363184229999,4.79991961900004],[-75.736348317,4.79983697700005],[-75.736319969,4.79973928800006],[-75.736598046,4.79957996900002],[-75.7368600299999,4.79949301400008],[-75.737044125,4.79947338900006],[-75.737473235,4.79957656600003],[-75.737584264,4.79965191100007],[-75.7377658939999,4.79971787600006],[-75.737817587,4.79972077200007],[-75.738049115,4.79980266900003],[-75.73799989,4.79992348000007],[-75.737943765,4.80026754200002],[-75.737821998,4.80030212600007],[-75.737674005,4.80081186200003],[-75.737534491,4.80083936500005],[-75.737473853,4.80082359300007],[-75.737428251,4.80082915800005]]]},"properties":{"FID":110,"ID_BAR":298,"CODCOM":"15","COMUNA":"El Oso","CODBAR":"011533","NOMBRE":"Santafe","NOM_POPULA":"Santafe","NORMA":"Sin"}},{"type":"Feature","id":111,"geometry":{"type":"Polygon","coordinates":[[[-75.729818119,4.78878281900006],[-75.730032469,4.78885142200005],[-75.729956554,4.78896143700008],[-75.7300511889999,4.78896270000007],[-75.7301095019999,4.78894625600002],[-75.730137707,4.78894457800004],[-75.729531348,4.78974138000007],[-75.729135522,4.78962519900005],[-75.728628493,4.78942494500005],[-75.728023186,4.78923203900007],[-75.727297348,4.78897219200006],[-75.7254068509999,4.78832787000004],[-75.7248763379999,4.78812771900005],[-75.724693545,4.78787037200004],[-75.724217606,4.78849727000004],[-75.724058272,4.78821287800003],[-75.725209126,4.78693422800007],[-75.7254445419999,4.78715757100002],[-75.725685142,4.78698515000002],[-75.725696195,4.78698846800007],[-75.7258189459999,4.78704157900007],[-75.725860849,4.78705272400004],[-75.726025925,4.78707464300003],[-75.7261921639999,4.78708464000005],[-75.7263193159999,4.78707773500003],[-75.726534712,4.78698831000002],[-75.726622321,4.78696812200009],[-75.726814828,4.78715200500005],[-75.726958037,4.78725234400002],[-75.727089416,4.78736787300005],[-75.727375201,4.78769505000001],[-75.7275046779999,4.78778306000004],[-75.727614647,4.78787492100002],[-75.7276771849999,4.78791416700005],[-75.727743877,4.78794057200003],[-75.727814232,4.78795440200004],[-75.728004662,4.78797467800007],[-75.728118153,4.78799085700006],[-75.728228051,4.78802347800006],[-75.728457708,4.78815269500005],[-75.728578312,4.78824877800002],[-75.7286882459999,4.78835701200007],[-75.72872853,4.78843059300004],[-75.728785363,4.78849218100005],[-75.729025479,4.78869648100005],[-75.7290906219999,4.78876963700003],[-75.729160555,4.78882832900007],[-75.7292373179999,4.78887771200005],[-75.729364049,4.78891672800007],[-75.7295162029999,4.78893829300006],[-75.729614235,4.78897075600002],[-75.729671104,4.78894820100002],[-75.7298143139999,4.78895953900007],[-75.729851063,4.78896003000005],[-75.729818119,4.78878281900006]]]},"properties":{"FID":111,"ID_BAR":422,"CODCOM":"15","COMUNA":"El Oso","CODBAR":"011524","NOMBRE":"Montelibano","NOM_POPULA":"Montelibano","NORMA":"Sin"}},{"type":"Feature","id":112,"geometry":{"type":"Polygon","coordinates":[[[-75.729995644,4.80082928700005],[-75.729642031,4.80068560500007],[-75.7298784829999,4.79954917700006],[-75.729935634,4.79956434900003],[-75.7300490919999,4.79960384100002],[-75.7301471609999,4.79964857900006],[-75.730395696,4.79979362000006],[-75.730149524,4.80043221900007],[-75.729995644,4.80082928700005]]]},"properties":{"FID":112,"ID_BAR":299,"CODCOM":"15","COMUNA":"El Oso","CODBAR":"011530","NOMBRE":"Quintas de La Acuarela II","NOM_POPULA":"Quintas de La Acuarela II","NORMA":"Sin"}},{"type":"Feature","id":113,"geometry":{"type":"Polygon","coordinates":[[[-75.7409973919999,4.80046978800003],[-75.740986865,4.80055243100003],[-75.740971901,4.80062094300007],[-75.740919155,4.80077423500004],[-75.740894963,4.80079841600002],[-75.740853833,4.80072149700005],[-75.740734632,4.80057453200005],[-75.740585114,4.80041617400001],[-75.740480987,4.80032415600003],[-75.7404207,4.80025273100006],[-75.740385063,4.80019229100002],[-75.740355272,4.80014709400006],[-75.740316075,4.79992142400005],[-75.74029174,4.79979906000005],[-75.740277369,4.79961526600004],[-75.740268525,4.79931981200002],[-75.740267079,4.79919614100004],[-75.740414094,4.79921457800003],[-75.7404087789999,4.79929324500006],[-75.740396705,4.79948940300004],[-75.740390052,4.79962151600005],[-75.7404509799999,4.80006634000006],[-75.740680329,4.80033653300006],[-75.740766427,4.80043747100007],[-75.7409973919999,4.80046978800003]]]},"properties":{"FID":113,"ID_BAR":300,"CODCOM":"13","COMUNA":"San Joaquin","CODBAR":"011324","NOMBRE":"Letras","NOM_POPULA":"Letras","NORMA":"39"}},{"type":"Feature","id":114,"geometry":{"type":"Polygon","coordinates":[[[-75.6959863589999,4.78222094700004],[-75.696730072,4.78237798100004],[-75.696944511,4.78245404400008],[-75.6968835169999,4.78261208400004],[-75.696844948,4.78286105000007],[-75.696846319,4.78292217900004],[-75.6968423709999,4.78302324200007],[-75.696828742,4.78307962000002],[-75.696802927,4.78316441500005],[-75.696775985,4.78325502200005],[-75.696785737,4.78331791700003],[-75.696783023,4.78336912100001],[-75.6967834449999,4.78338019500006],[-75.696784607,4.78339121600004],[-75.696786543,4.78340213200005],[-75.696789219,4.78341288800004],[-75.6967925989999,4.78342345000005],[-75.696796718,4.78343373000008],[-75.696801541,4.78344370900005],[-75.696807034,4.78345331700007],[-75.696813161,4.78346253800004],[-75.696819921,4.78347131600002],[-75.696852736,4.78354811300005],[-75.6968676979999,4.78360675200002],[-75.6968560759999,4.78364659800008],[-75.6968560729999,4.78374517200007],[-75.6968850149999,4.78378947000005],[-75.696927197,4.78384192900005],[-75.6969609279999,4.78390019800002],[-75.6969574399999,4.78394396500005],[-75.696964093,4.78398732700004],[-75.696975642,4.78401742400006],[-75.6969993389999,4.78403922000007],[-75.697018348,4.78414892100005],[-75.697031939,4.78419447300008],[-75.6970542619999,4.78423640400006],[-75.697037565,4.78438625000005],[-75.697047388,4.78441675400005],[-75.6970673159999,4.78444183500004],[-75.697134289,4.78447771000003],[-75.6972340789999,4.78451983900002],[-75.697253868,4.78453248600003],[-75.69731137,4.78454414500002],[-75.6973640109999,4.78457005800003],[-75.6973921809999,4.78457039500006],[-75.697470177,4.78455962400005],[-75.697541164,4.78459970400007],[-75.6975939829999,4.78459610300008],[-75.697619019,4.78459532700001],[-75.6976408149999,4.78460765600004],[-75.697653068,4.78462954000002],[-75.6976601429999,4.78467627500003],[-75.6976498939999,4.78472240800006],[-75.69762373,4.78476170500004],[-75.697581579,4.78481011600006],[-75.6975523849999,4.78486732300008],[-75.6975378399999,4.78492991800004],[-75.6975311469999,4.78497266000004],[-75.697540584,4.78499175400002],[-75.6975720619999,4.78502075700004],[-75.697572484,4.78504608400005],[-75.697547373,4.78515253400008],[-75.697552865,4.78517311000007],[-75.697541454,4.78522883400005],[-75.697507683,4.78528090200006],[-75.697502892,4.78532244300004],[-75.697474827,4.78535296200005],[-75.697454965,4.78538938100008],[-75.697397814,4.78541716100006],[-75.6973856289999,4.78545552300006],[-75.697391086,4.78547687700006],[-75.697427599,4.78553228600003],[-75.697434604,4.78556950000006],[-75.697431117,4.78560719100006],[-75.697448369,4.78566772100004],[-75.697517273,4.78582498900004],[-75.697490225,4.78592008100002],[-75.6975077219999,4.78600955900004],[-75.6975005359999,4.78607158900007],[-75.697482399,4.78614082400003],[-75.697493663,4.78623168000006],[-75.6975641189999,4.78634682300004],[-75.697588342,4.78640412100004],[-75.697594502,4.78644928400006],[-75.697577037,4.78646482600005],[-75.697526507,4.78646434700005],[-75.697477772,4.78645106300007],[-75.6974377349999,4.78646070500004],[-75.6973985449999,4.78645264900006],[-75.6973773459999,4.78645579200003],[-75.697324349,4.78651156700006],[-75.697332022,4.78659731800009],[-75.69728413,4.78665441800006],[-75.697250922,4.78672139200008],[-75.697244687,4.78675987800006],[-75.697254051,4.78682441600006],[-75.697237006,4.78688628700008],[-75.6972326709999,4.78695031200003],[-75.69724024,4.78701002900003],[-75.697249535,4.78704856800003],[-75.69731059,4.78712836900007],[-75.697352488,4.78721975600008],[-75.697353263,4.78724082700006],[-75.697332345,4.78727671600007],[-75.6973115329999,4.78729987100007],[-75.697283327,4.78731299200007],[-75.6972152609999,4.78732697800006],[-75.6970969119999,4.78730390500005],[-75.697076946,4.78731391900004],[-75.697032048,4.78735521200002],[-75.696983097,4.78747481900006],[-75.696962216,4.78749551800007],[-75.696950981,4.78752271700005],[-75.69691633,4.78758176100007],[-75.696901295,4.78755309400004],[-75.696868724,4.78753046700008],[-75.696777208,4.78751034600002],[-75.6965522,4.78749509400006],[-75.6962325069999,4.78745233600004],[-75.696025105,4.78743722600006],[-75.695818269,4.78737059400004],[-75.6955949219999,4.78724751300007],[-75.695406013,4.78708372300001],[-75.6951152779999,4.78676471000005],[-75.695060277,4.78672560300002],[-75.6950129519999,4.78670827400005],[-75.6949737959999,4.78670512900005],[-75.694934922,4.78671085000002],[-75.694775898,4.78677861200003],[-75.694613423,4.78687806100004],[-75.69445482,4.78698367400006],[-75.6944029859999,4.78701832500008],[-75.6943463979999,4.78704437400005],[-75.694216073,4.78710537400002],[-75.6941429359999,4.78712449800001],[-75.694077404,4.78713832400007],[-75.6939844839999,4.78701547900004],[-75.6938748749999,4.78685352800003],[-75.693858644,4.78681493500004],[-75.6938367829999,4.78669809800004],[-75.693829536,4.78656847400002],[-75.6938459839999,4.78647986300007],[-75.6938878569999,4.78637032300001],[-75.69394797,4.78626991600003],[-75.6940426959999,4.78617680600006],[-75.6941523149999,4.78611787100005],[-75.694310773,4.78606858400001],[-75.694434617,4.78605763900004],[-75.694582156,4.78608320400003],[-75.6946950459999,4.78611971600002],[-75.6951880089999,4.78638659900002],[-75.695362836,4.78645962300004],[-75.695488508,4.78649613700003],[-75.695681543,4.78649980100006],[-75.696463649,4.78649443300001],[-75.696604395,4.78645247300006],[-75.696717325,4.78639041200007],[-75.696791979,4.78632103800004],[-75.6968612109999,4.78623523800007],[-75.696915831,4.78608175500005],[-75.697005157,4.78546921300006],[-75.6970252369999,4.78526187600005],[-75.697017956,4.78508479300006],[-75.696970603,4.78490405300005],[-75.696877721,4.78472513000002],[-75.696699205,4.78447041400005],[-75.696564207,4.78429468600006],[-75.69642935,4.78415392900007],[-75.696013578,4.78378789500004],[-75.6958879109999,4.78365097100004],[-75.695534155,4.78314623700004],[-75.695470358,4.78297914900002],[-75.69544304,4.78284041000005],[-75.695441215,4.78268522900003],[-75.695464886,4.78252457400003],[-75.695519857,4.78241097200004],[-75.695658282,4.78229961800003],[-75.695802409,4.78223920100003],[-75.6959863589999,4.78222094700004]]]},"properties":{"FID":114,"ID_BAR":423,"CODCOM":"17","COMUNA":"El Rocio","CODBAR":"011701","NOMBRE":"Caracol La Curva *4","NOM_POPULA":"Caracol La Curva *4","NORMA":"25"}},{"type":"Feature","id":115,"geometry":{"type":"Polygon","coordinates":[[[-75.729642031,4.80068560500007],[-75.7291231629999,4.80056615700005],[-75.729104078,4.80059390400003],[-75.7288348719999,4.80054982000008],[-75.728906213,4.80013816500001],[-75.728285086,4.80000412700002],[-75.7284321349999,4.79932035000007],[-75.728473299,4.79920625100003],[-75.728751057,4.79786875600007],[-75.7287921509999,4.79789422500005],[-75.7288460979999,4.79790356800003],[-75.7289056429999,4.79788862500003],[-75.728978217,4.79781956600003],[-75.729171713,4.79771316800001],[-75.729242772,4.79765281500004],[-75.729320206,4.79759117400005],[-75.729389435,4.79753958200007],[-75.72942662,4.79753211000001],[-75.729473066,4.79753484800004],[-75.7290590709999,4.79938714600008],[-75.7298784829999,4.79954917700006],[-75.729642031,4.80068560500007]]]},"properties":{"FID":115,"ID_BAR":301,"CODCOM":"15","COMUNA":"El Oso","CODBAR":"011510","NOMBRE":"La Acuarela","NOM_POPULA":"La Acuarela","NORMA":"Sin"}},{"type":"Feature","id":116,"geometry":{"type":"Polygon","coordinates":[[[-75.665682469,4.78236624700002],[-75.665789406,4.78254276400003],[-75.665952166,4.78273297700002],[-75.666017618,4.78279230900005],[-75.666137369,4.78286508800006],[-75.6662668399999,4.78291844000007],[-75.666359341,4.78293508600006],[-75.666453323,4.78293528800003],[-75.666537234,4.78292715300005],[-75.666618296,4.78290379400004],[-75.666693724,4.78286600300004],[-75.666761019,4.78281503500005],[-75.6668384229999,4.78273381300006],[-75.666907834,4.78264563100002],[-75.666972706,4.78252848300002],[-75.667025993,4.78240561100005],[-75.667126852,4.78228302500003],[-75.6671773079999,4.78231382500008],[-75.667235724,4.78232251100008],[-75.667396259,4.78231150300006],[-75.667557143,4.78231190600007],[-75.667717605,4.78232370000006],[-75.6679519749999,4.78236416700001],[-75.6681829629999,4.78242081300004],[-75.6682839119999,4.78246916300003],[-75.6684087259999,4.78253204300005],[-75.668385722,4.78275929300001],[-75.668389728,4.78285952600003],[-75.668418386,4.78291419400005],[-75.668458454,4.78296105500005],[-75.668573346,4.78303245600005],[-75.668848381,4.78313983100002],[-75.6689290159999,4.78315834800002],[-75.6690083839999,4.78316066800004],[-75.669086944,4.78314940600006],[-75.669162477,4.78312484400003],[-75.669212198,4.78309736600004],[-75.6694353189999,4.78292736700006],[-75.669513352,4.78289448700002],[-75.66959487,4.78287169100003],[-75.6696786059999,4.78285935300005],[-75.669742374,4.78287550100003],[-75.669799381,4.78290835800003],[-75.669937084,4.78305892300006],[-75.669979759,4.78309266100007],[-75.670029336,4.78311493800003],[-75.670082857,4.78312439100006],[-75.6701370499999,4.78312047500003],[-75.6702160689999,4.78309278700003],[-75.6703986909999,4.78296459100006],[-75.670484856,4.78296283300005],[-75.670569191,4.78294496500007],[-75.670620617,4.78295798000004],[-75.670665641,4.78300428700004],[-75.670672929,4.78333700600006],[-75.670681127,4.78341350200003],[-75.670709643,4.78348491300006],[-75.6707609429999,4.78354634700003],[-75.670824603,4.78359476500003],[-75.67088897,4.78362437200008],[-75.670958583,4.78363735900007],[-75.67106189,4.78371977900003],[-75.671112418,4.78373644000003],[-75.671163411,4.78373624500005],[-75.671219994,4.78371084700005],[-75.671280176,4.78365985200003],[-75.671554209,4.78353855100005],[-75.671626711,4.783540236],[-75.6717112169999,4.78358639400005],[-75.671764525,4.78363641800007],[-75.671797408,4.78369389400007],[-75.6718328599999,4.78378356800005],[-75.671891801,4.78384861400002],[-75.671977134,4.78388409600008],[-75.672068423,4.78388210700007],[-75.672133286,4.78386052900002],[-75.672191284,4.78382422000004],[-75.6722471699999,4.78377749000003],[-75.672282353,4.78368973000006],[-75.672343801,4.78366405300006],[-75.672393353,4.78356624300005],[-75.6724583979999,4.78347802500002],[-75.672537139,4.78340183600005],[-75.672607565,4.78338031100003],[-75.672681159,4.78338132400006],[-75.672770473,4.78342005600006],[-75.67286337,4.78354595100007],[-75.6729236749999,4.78372053000003],[-75.672935563,4.78390123300006],[-75.672933295,4.78408232500005],[-75.672943678,4.78414474400005],[-75.672991661,4.78429002100006],[-75.673054223,4.78442957500004],[-75.673077213,4.78448086900004],[-75.67311671,4.78461761300003],[-75.6731477269999,4.78468639200003],[-75.673169201,4.78475875700002],[-75.6732082409999,4.78489246300006],[-75.673224362,4.78497727900003],[-75.6732302359999,4.78506341800005],[-75.6732521329999,4.78512864700003],[-75.673295915,4.78515487300007],[-75.673443718,4.78521027900006],[-75.673588442,4.78520092900005],[-75.673733482,4.78520311300001],[-75.673877887,4.78521677800006],[-75.673934259,4.78525613400007],[-75.6739751009999,4.78531150800007],[-75.6739961179999,4.78537709000005],[-75.674000123,4.78549487900006],[-75.6740258189999,4.78560988100002],[-75.6740723619999,4.78571810100004],[-75.674124401,4.78578884300002],[-75.674190913,4.78584612700008],[-75.674358097,4.78591765400005],[-75.674426476,4.78596178000002],[-75.6744737619999,4.78601886900003],[-75.6745099199999,4.78608362100005],[-75.674533718,4.78615390100004],[-75.674539135,4.78624307800004],[-75.6745255709999,4.78633138900005],[-75.674478431,4.78643507200007],[-75.674377804,4.78653444100008],[-75.67430797,4.78662205800002],[-75.6742479609999,4.78671405700003],[-75.674198339,4.78681209600005],[-75.674189884,4.78686591200004],[-75.674195056,4.78692013600005],[-75.6742134679999,4.78697137600005],[-75.674243995,4.78701641700008],[-75.674331491,4.78710194500008],[-75.674405825,4.78710046700007],[-75.674478822,4.78708616600004],[-75.674541714,4.78705616300004],[-75.6747092649999,4.78693174400007],[-75.6748731159999,4.78683357200004],[-75.674976574,4.78678746400003],[-75.6750870379999,4.78676249700004],[-75.6753710959999,4.78678291900007],[-75.6754492309999,4.78680320200004],[-75.6755331749999,4.78683494600006],[-75.6756119779999,4.78687799500006],[-75.675684089,4.78693157100002],[-75.6761049199999,4.78734973900003],[-75.676169038,4.78740131800004],[-75.676286642,4.78747980000002],[-75.6764908219999,4.78772251300007],[-75.6766187059999,4.78784940800005],[-75.676789288,4.78815584400007],[-75.676841257,4.78822715000005],[-75.676923788,4.78831916000007],[-75.677040401,4.78847904700007],[-75.677089268,4.78858740800006],[-75.6771281649999,4.78877583300003],[-75.67711769,4.78899440300006],[-75.677117532,4.78924059800005],[-75.6771192109999,4.78940056500004],[-75.677156395,4.78964944800003],[-75.6772117259999,4.78972806600005],[-75.6774602419999,4.78993895500002],[-75.677518396,4.78995224900006],[-75.677601938,4.78995207000002],[-75.677663244,4.78993593100006],[-75.67773505,4.78984200800005],[-75.67779756,4.78974160300004],[-75.677880248,4.78961218400001],[-75.6779640189999,4.78960907700002],[-75.678024302,4.78963138800004],[-75.678078034,4.78966675200005],[-75.678137549,4.78971934300005],[-75.678155741,4.78976713300005],[-75.6781866539999,4.78982047100004],[-75.678250932,4.78986269800002],[-75.6782981979999,4.78990865100007],[-75.6782697629999,4.78997546300006],[-75.6781892,4.79004826100004],[-75.678126156,4.79012075800006],[-75.678096898,4.79020349600006],[-75.678087392,4.79028023500007],[-75.678084752,4.79033417800003],[-75.6780819969999,4.79039177200002],[-75.67807594,4.79051263000003],[-75.678082547,4.79058651600007],[-75.6780797599999,4.79064987100003],[-75.67807465,4.79071228900006],[-75.6780728899999,4.79078777300003],[-75.6780697899999,4.79088699500004],[-75.678056926,4.79097881900001],[-75.6780173349999,4.79105094200003],[-75.677960059,4.79112514700006],[-75.6779002179999,4.79118497700005],[-75.677839394,4.79119971600005],[-75.677759336,4.79122025200006],[-75.677658842,4.79120661300004],[-75.6775925539999,4.79116690100006],[-75.6775386429999,4.79107707000003],[-75.6774895359999,4.79101273500003],[-75.677435193,4.79097025500004],[-75.677337349,4.79092966800005],[-75.677278053,4.79089643200006],[-75.677225764,4.79087724700003],[-75.677162011,4.79087354200004],[-75.677085069,4.79090026000006],[-75.677048843,4.79093935200007],[-75.6770155629999,4.79098856600006],[-75.6770081549999,4.79103971500007],[-75.676992179,4.79112835800003],[-75.676932675,4.79118330000006],[-75.6768765159999,4.79120838900008],[-75.676805767,4.79122634400005],[-75.676736353,4.79120039600001],[-75.6766698659999,4.79118900900004],[-75.676576884,4.79118268700005],[-75.6765098779999,4.79112807000007],[-75.6764348309999,4.79104771200001],[-75.6763555489999,4.79106640100002],[-75.676277835,4.79112508600001],[-75.676246636,4.79116741900002],[-75.67619925,4.79122635500005],[-75.676167083,4.79129078300001],[-75.6761331989999,4.79134304500006],[-75.676083831,4.79139163200005],[-75.676028549,4.79143853900007],[-75.675967825,4.79143828300004],[-75.675907219,4.79139250000003],[-75.6758654229999,4.79135644000007],[-75.675820056,4.79130638000003],[-75.675775243,4.79126103000003],[-75.675729818,4.79122004100002],[-75.6756790909999,4.79118662100006],[-75.675576549,4.79120370900006],[-75.6755024409999,4.79123050100003],[-75.6754240389999,4.79125262300005],[-75.6753379049999,4.79128790900005],[-75.6752908239999,4.79132443100002],[-75.675261314,4.79138985900005],[-75.6752320789999,4.79145296000007],[-75.675213517,4.79150663500008],[-75.6751834569999,4.79158130000007],[-75.675157731,4.79163743700001],[-75.675121261,4.79173172200007],[-75.6751057439999,4.79180066000003],[-75.675072397,4.79190302400001],[-75.6750155079999,4.79193939900005],[-75.6749663199999,4.79196518200007],[-75.67490628,4.79203671800001],[-75.6748677539999,4.79209568100003],[-75.674831185,4.79217462900005],[-75.674861484,4.79223055900008],[-75.6749035569999,4.79227428100006],[-75.6748491389999,4.79232837200004],[-75.6747905129999,4.79234589800005],[-75.6747395569999,4.79234393200006],[-75.674690919,4.79232388400004],[-75.674638981,4.79228667600005],[-75.674537696,4.79219352300003],[-75.67446752,4.79215538500005],[-75.674352757,4.79206616800007],[-75.674290904,4.79200518900007],[-75.674251575,4.79194801300002],[-75.674162133,4.79174249600005],[-75.6741787779999,4.79165529000004],[-75.6741863189999,4.79158496000002],[-75.6741225969999,4.79139780500001],[-75.6740797909999,4.79134204500001],[-75.67402415,4.79129917100003],[-75.6739679879999,4.79127721200006],[-75.6738405529999,4.79126409700007],[-75.673780029,4.79122134100003],[-75.673726889,4.79113646600006],[-75.6736976669999,4.79089770500002],[-75.673660684,4.79083527800003],[-75.6735861129999,4.79078602500004],[-75.673514628,4.79075716400006],[-75.673460542,4.79074741000005],[-75.67340561,4.79074862500004],[-75.673239872,4.79076451500003],[-75.67306309,4.79081414300004],[-75.672939245,4.79083428500006],[-75.672892023,4.79085369300003],[-75.6727776389999,4.79090850400007],[-75.672702008,4.79094474500004],[-75.67264778,4.79095701500006],[-75.672527668,4.79095529100003],[-75.672474779,4.79095452900002],[-75.672383496,4.79091873100004],[-75.6723218229999,4.79085415100008],[-75.6722869179999,4.79076776300008],[-75.6722707,4.79071576400002],[-75.672252154,4.79062862400002],[-75.672196959,4.79052410000002],[-75.672144007,4.79047943000006],[-75.672097373,4.79045873600006],[-75.6720541179999,4.79048582900004],[-75.671928061,4.79056663900008],[-75.6718822719999,4.79061058700007],[-75.671841601,4.79064442000003],[-75.6717423059999,4.790699462],[-75.671672829,4.79068583900005],[-75.6716244469999,4.79063393500007],[-75.6715729429999,4.79061638000008],[-75.6715425789999,4.79056512400006],[-75.671528049,4.79051107700008],[-75.671522625,4.79046021200002],[-75.671511742,4.79040534400001],[-75.671487955,4.79033600700006],[-75.67145733,4.79028352200003],[-75.6713881439999,4.79024101100003],[-75.671329225,4.79023007000005],[-75.671259585,4.79023140100003],[-75.671199612,4.79023767400001],[-75.671138124,4.79025143600006],[-75.67105696,4.79028275700004],[-75.671002258,4.79031688600002],[-75.670943037,4.79038190900007],[-75.670882216,4.79046225800005],[-75.670783251,4.79055607100001],[-75.670737058,4.79059575500003],[-75.670657653,4.79060776900009],[-75.6705627269999,4.79058776800003],[-75.670257544,4.79042483300004],[-75.670181523,4.79038726500005],[-75.670119155,4.79036436400003],[-75.670054197,4.79034672300003],[-75.669972364,4.79033340700005],[-75.669668503,4.79035746000004],[-75.669607946,4.79034733000002],[-75.66955432,4.79031060500006],[-75.6694975939999,4.79023107500005],[-75.669459756,4.79018058200005],[-75.6694253439999,4.79014233500004],[-75.669364957,4.79007845600004],[-75.6692463749999,4.79000730000007],[-75.669076089,4.78996671600003],[-75.669022347,4.78993392900002],[-75.6689623939999,4.78987631600005],[-75.6689187699999,4.78983423500005],[-75.668856271,4.78978466900001],[-75.668728018,4.78966290700003],[-75.668708876,4.78961477200004],[-75.668517973,4.78947726400003],[-75.668445015,4.78944514700002],[-75.668322584,4.78938450800007],[-75.6681581019999,4.78945648000007],[-75.66810323,4.78946426200002],[-75.6680504599999,4.78948196500004],[-75.6679919979999,4.78951830100005],[-75.667919242,4.78960208500006],[-75.667856359,4.78972354300004],[-75.66776357,4.78982906800009],[-75.667637744,4.78991166600002],[-75.6675868769999,4.78991526200001],[-75.667507862,4.78988439000004],[-75.667437051,4.78986106100007],[-75.667375256,4.78981923100004],[-75.667323886,4.78976505600002],[-75.6672912509999,4.78969053600003],[-75.667247099,4.78962225000003],[-75.667192595,4.78956196400002],[-75.667139355,4.78954563100008],[-75.666975863,4.78954468900002],[-75.6668320909999,4.78952634300004],[-75.6666998699999,4.78948894000005],[-75.666584625,4.78942123000006],[-75.6665167099999,4.78931466700003],[-75.666476405,4.78914756100004],[-75.666477014,4.78903349800003],[-75.666534596,4.78893012600003],[-75.666570168,4.78884059900002],[-75.666579725,4.78867596900005],[-75.666570056,4.78851135600007],[-75.6665768279999,4.78844005700005],[-75.6665659499999,4.78835942500006],[-75.66654201,4.78830730100003],[-75.66650828,4.78826091700006],[-75.666419621,4.78818829900007],[-75.666319728,4.78813221200005],[-75.6661884219999,4.78810929300005],[-75.6660551419999,4.78810769100004],[-75.665996902,4.78809053700008],[-75.665928117,4.78804815000007],[-75.665900182,4.78798206400007],[-75.6658765239999,4.78793460300005],[-75.665843498,4.78789319900005],[-75.665802937,4.78785363200007],[-75.665754205,4.78782475000003],[-75.665657266,4.78780409400002],[-75.665448103,4.78781523800006],[-75.665350249,4.78779901500007],[-75.6652728189999,4.78776675700003],[-75.6652036999999,4.78771915100003],[-75.665145851,4.78765824600001],[-75.665122652,4.78760299600001],[-75.6651083959999,4.78754478000007],[-75.665107282,4.78739150600005],[-75.665130689,4.78710209500001],[-75.665174792,4.78692243800004],[-75.665169691,4.78686824900006],[-75.6651470899999,4.78680355000008],[-75.665061043,4.78666782500007],[-75.6648974979999,4.78647523800004],[-75.664753664,4.78636324600007],[-75.664681235,4.78633950200002],[-75.6646177119999,4.78633294400005],[-75.664421472,4.78633599800003],[-75.66422541,4.78632700800005],[-75.6640385379999,4.78630613200005],[-75.663916846,4.78628658600007],[-75.663798359,4.78625243400007],[-75.663684873,4.78620418800005],[-75.663646952,4.78616635100002],[-75.663620054,4.78611996800003],[-75.6636209759999,4.78606175400006],[-75.663605108,4.78599701400002],[-75.663559644,4.78596239700005],[-75.663509308,4.78595421600004],[-75.663436363,4.78598665400006],[-75.6633158669999,4.78597276000005],[-75.66319463,4.78597700600006],[-75.663125685,4.78597124100002],[-75.663062023,4.78594400000003],[-75.663024032,4.78590579300004],[-75.662994915,4.78586041600003],[-75.662976046,4.78580988200001],[-75.663019575,4.78578323500005],[-75.663029546,4.78568603900004],[-75.6630184969999,4.78559620700003],[-75.66296837,4.78542265300007],[-75.662933597,4.78524535600007],[-75.662934391,4.78504322000004],[-75.6628373989999,4.78483816000005],[-75.6635421249999,4.78419051200007],[-75.664698685,4.78320292200004],[-75.665682469,4.78236624700002]]]},"properties":{"FID":116,"ID_BAR":0,"CODCOM":" ","COMUNA":" ","CODBAR":" ","NOMBRE":"Remanso","NOM_POPULA":"Remanso","NORMA":" "}},{"type":"Feature","id":117,"geometry":{"type":"Polygon","coordinates":[[[-75.666046277,4.80035401700007],[-75.666002254,4.80042105900003],[-75.665967694,4.80061096100006],[-75.66584069,4.80048779000004],[-75.665396626,4.799975897],[-75.665250391,4.79991523200004],[-75.6651270849999,4.79979562900008],[-75.665125716,4.79974592800006],[-75.6650928989999,4.79972877500006],[-75.665051174,4.79969159200005],[-75.665028676,4.79966635000005],[-75.665008396,4.79963927200004],[-75.66498541,4.79954790300007],[-75.664977107,4.79945402700003],[-75.664983701,4.79936002900006],[-75.6649298689999,4.79926300500007],[-75.664936741,4.79919663200006],[-75.664979816,4.79909251600004],[-75.664992711,4.79901876000002],[-75.66500909,4.79897139000008],[-75.6659805149999,4.79897511600006],[-75.666236936,4.79898926900005],[-75.6662366859999,4.79902749000006],[-75.66624179,4.79905419600003],[-75.666281963,4.79911640600004],[-75.6663244969999,4.79916130800007],[-75.666400333,4.79929842700004],[-75.666409129,4.79938681000004],[-75.666404229,4.79944993300005],[-75.666414259,4.79951505500002],[-75.666410097,4.79959540100003],[-75.66638713,4.79968447000003],[-75.666321446,4.79980455000003],[-75.666130363,4.79999595700002],[-75.6661068349999,4.80006065100002],[-75.666113277,4.80007976300004],[-75.666020195,4.80022626400006],[-75.6660144849999,4.80029572900003],[-75.666025432,4.80033757200004],[-75.666046277,4.80035401700007]]]},"properties":{"FID":117,"ID_BAR":302,"CODCOM":"01","COMUNA":"Villa Santana","CODBAR":"010103","NOMBRE":"Comfamiliar Villasantana","NOM_POPULA":"Comfamiliar Villasantana","NORMA":"Sin"}},{"type":"Feature","id":118,"geometry":{"type":"Polygon","coordinates":[[[-75.7393676089999,4.79078608200007],[-75.7394285089999,4.79068102800004],[-75.739464294,4.79060304900002],[-75.739584209,4.79044309900006],[-75.739708225,4.79024114600002],[-75.739862992,4.79007948900004],[-75.7399078879999,4.79001365400008],[-75.7406977849999,4.78928572900003],[-75.7407798039999,4.78937906800006],[-75.741138672,4.78975440900007],[-75.7414348629999,4.79010305200007],[-75.741451669,4.79023674600007],[-75.7412354859999,4.79041433600003],[-75.7412278319999,4.79051886400001],[-75.741188821,4.79070514900008],[-75.74116995,4.79089456000003],[-75.741405522,4.79083702800006],[-75.741749266,4.79070601900001],[-75.741881771,4.79067593800004],[-75.7421507619999,4.79066674700004],[-75.742244921,4.79069210900007],[-75.7423408939999,4.79070418800007],[-75.742400985,4.79074707000006],[-75.742454299,4.79083545100001],[-75.742490217,4.79087324700003],[-75.7426292389999,4.79093015200004],[-75.742674558,4.79095973500004],[-75.7427086449999,4.79100184200007],[-75.742658106,4.79100865100003],[-75.742557689,4.79105626300003],[-75.7424722979999,4.79106094500001],[-75.742382542,4.79110259500004],[-75.7423014829999,4.79115936300007],[-75.7422555319999,4.79121602500003],[-75.742209863,4.79130553900005],[-75.742052009,4.79154451300008],[-75.7419674659999,4.79164112800004],[-75.7418087459999,4.79178569200007],[-75.741715523,4.79187060200008],[-75.74183936,4.79191157200006],[-75.742274621,4.79168423900006],[-75.742270646,4.79180679900003],[-75.742268267,4.79188013900006],[-75.7412448859999,4.79222472500003],[-75.741162118,4.79197511300002],[-75.7405223969999,4.79197596600006],[-75.740486631,4.79211952700006],[-75.739949987,4.79210760000007],[-75.739616074,4.79207173300006],[-75.739341772,4.79179659700003],[-75.739082373,4.79152632700004],[-75.739323921,4.79090233200004],[-75.7393471199999,4.79087692900003],[-75.7393676089999,4.79078608200007]]]},"properties":{"FID":118,"ID_BAR":0,"CODCOM":" ","COMUNA":" ","CODBAR":" ","NOMBRE":"Puerta de Alcala","NOM_POPULA":" ","NORMA":" "}},{"type":"Feature","id":119,"geometry":{"type":"Polygon","coordinates":[[[-75.694122648,4.80054383100001],[-75.693868444,4.80054263500006],[-75.693887043,4.80041341900004],[-75.6938777499999,4.80034416500006],[-75.6938498329999,4.80020267100001],[-75.693843182,4.80011077400008],[-75.693839208,4.79999487300006],[-75.693839565,4.79989877200007],[-75.693819431,4.79973140400003],[-75.693636688,4.79944289900003],[-75.693555669,4.79930875000001],[-75.6934852649999,4.79885722800004],[-75.69344719,4.79831453500003],[-75.693672911,4.79748316400001],[-75.6937454,4.79708762100005],[-75.692004615,4.79688235100002],[-75.69224339,4.79486541800002],[-75.692420576,4.79498841000002],[-75.693167844,4.79544494600003],[-75.6935235229999,4.79487275800006],[-75.6935821119999,4.79499895800005],[-75.6938155409999,4.79568121100004],[-75.6938247639999,4.79572877500003],[-75.6940278439999,4.79632259100003],[-75.694062139,4.79638577100007],[-75.6941707459999,4.79692258700004],[-75.6942391809999,4.79732802800004],[-75.694264663,4.79757503600007],[-75.694217899,4.79834588700004],[-75.694638442,4.79849923300002],[-75.694610266,4.79862988000002],[-75.694297202,4.79977178500007],[-75.694156608,4.80025464800002],[-75.6941202899999,4.80051366400004],[-75.694122648,4.80054383100001]]]},"properties":{"FID":119,"ID_BAR":303,"CODCOM":"06","COMUNA":"Universidad","CODBAR":"010604","NOMBRE":"Ciudad Jardin","NOM_POPULA":"Ciudad Jardin","NORMA":"Sin"}},{"type":"Feature","id":120,"geometry":{"type":"Polygon","coordinates":[[[-75.7448748049999,4.79465311200004],[-75.7448948219999,4.79475967000007],[-75.744897113,4.79483299700007],[-75.744884744,4.79492468900002],[-75.744871792,4.79500892800007],[-75.7448613769999,4.79507245600008],[-75.7448475209999,4.79512168700004],[-75.7448172759999,4.79516532200004],[-75.744786849,4.79526199300006],[-75.744745672,4.79533209800007],[-75.744701396,4.79544968900006],[-75.744579893,4.79539354700006],[-75.744494961,4.79550158800005],[-75.744188332,4.79581668000002],[-75.744093087,4.79592448800002],[-75.7437773789999,4.79643241100008],[-75.743735691,4.79652328500003],[-75.7437029539999,4.79659165200008],[-75.7435248049999,4.79683059400003],[-75.743386066,4.79678954300005],[-75.743357368,4.79684363300004],[-75.7432321169999,4.79697091000002],[-75.743246298,4.79705646000003],[-75.74326885,4.79719250100004],[-75.743236383,4.79724123200003],[-75.7431570519999,4.79735059900002],[-75.7430651889999,4.79730465100005],[-75.74293584,4.79721788100004],[-75.7428715409999,4.79718290200002],[-75.742823932,4.79715916500005],[-75.7426170529999,4.79708622500004],[-75.742536028,4.79707551100006],[-75.742462292,4.79704157600004],[-75.742382954,4.79699293800006],[-75.742198612,4.79688310000006],[-75.742025257,4.79683469100007],[-75.7419635629999,4.79684001500004],[-75.741900938,4.79686211500007],[-75.7418352829999,4.79687206300001],[-75.741692811,4.79685854300005],[-75.741526358,4.79681712800004],[-75.741277646,4.79673000000002],[-75.741230918,4.79670732800002],[-75.741148999,4.79664530400005],[-75.741085239,4.79658500300007],[-75.740983329,4.79644607300003],[-75.740861955,4.79631338500007],[-75.740802416,4.79624601400007],[-75.7407464249999,4.79617567700005],[-75.740636825,4.79603304800001],[-75.7405238589999,4.79591490600007],[-75.7403234239999,4.79581264600006],[-75.740143377,4.79567816900002],[-75.740055626,4.79564784500007],[-75.739956607,4.79563555400006],[-75.7398867649999,4.79559137700004],[-75.739757122,4.79548723000004],[-75.740022145,4.79542611900007],[-75.740188344,4.79527915400007],[-75.7402266949999,4.79522825000002],[-75.740274676,4.79520595400004],[-75.7403249019999,4.79518292400007],[-75.740374674,4.79516318100001],[-75.7404306779999,4.79514776200005],[-75.740484427,4.79513595500003],[-75.7405548369999,4.79512233000003],[-75.7409130929999,4.79513384200003],[-75.7410844729999,4.79514469000002],[-75.741420768,4.79511305900006],[-75.7415781839999,4.79512022600005],[-75.741728447,4.79514464600004],[-75.741991314,4.79513366400002],[-75.7421294229999,4.79507698800007],[-75.742247564,4.79500562500005],[-75.742672505,4.79469814300006],[-75.7427013889999,4.79468048600007],[-75.7414492189999,4.79361482300003],[-75.743595786,4.79349982300005],[-75.743610082,4.79329884000003],[-75.744854534,4.79330741100006],[-75.7448287549999,4.79460145700005],[-75.7448748049999,4.79465311200004]]]},"properties":{"FID":120,"ID_BAR":0,"CODCOM":" ","COMUNA":" ","CODBAR":" ","NOMBRE":"Altavista","NOM_POPULA":" ","NORMA":" "}},{"type":"Feature","id":121,"geometry":{"type":"Polygon","coordinates":[[[-75.714593061,4.79984900000005],[-75.714505399,4.79976622400005],[-75.714928291,4.79910023700007],[-75.714994326,4.79914412100002],[-75.715596582,4.79970637400003],[-75.7162047749999,4.79941923700005],[-75.7169143579999,4.79986185300003],[-75.7158470539999,4.80081894700004],[-75.7147856549999,4.79997557200003],[-75.714593061,4.79984900000005]]]},"properties":{"FID":121,"ID_BAR":305,"CODCOM":"19","COMUNA":"El Poblado","CODBAR":"011908","NOMBRE":"Portal de San Jacinto","NOM_POPULA":"Portal de San Jacinto","NORMA":"35"}},{"type":"Feature","id":122,"geometry":{"type":"Polygon","coordinates":[[[-75.7409973919999,4.80046978800003],[-75.740766427,4.80043747100007],[-75.740680329,4.80033653300006],[-75.7404509799999,4.80006634000006],[-75.740390052,4.79962151600005],[-75.740396705,4.79948940300004],[-75.7404087789999,4.79929324500006],[-75.740414094,4.79921457800003],[-75.740267079,4.79919614100004],[-75.740244789,4.79917632400002],[-75.7401481639999,4.79917388800003],[-75.7401486209999,4.79915933500005],[-75.740025058,4.79915515200003],[-75.740032556,4.79901219300006],[-75.740167,4.79902241600007],[-75.740205523,4.79902469400002],[-75.740371753,4.79842277800002],[-75.740393371,4.79830535900004],[-75.740551582,4.79818325600007],[-75.740614964,4.79813424200005],[-75.7407756049999,4.79806837600005],[-75.74099675,4.79838412000004],[-75.741215315,4.79821319800004],[-75.741258908,4.79817131900006],[-75.741357297,4.79834723300007],[-75.7414121949999,4.79841929400003],[-75.7414781159999,4.79848727500006],[-75.741557523,4.79855082200003],[-75.741683412,4.79862539000005],[-75.7419357859999,4.79870332800004],[-75.7420988599999,4.79877787700001],[-75.7421297779999,4.79880331000003],[-75.742272676,4.79891717500005],[-75.742370711,4.79899529300008],[-75.7425079399999,4.79914923500007],[-75.742525476,4.79916892700004],[-75.7425827009999,4.79928650400007],[-75.7426101339999,4.79936824400004],[-75.742636053,4.79947891600006],[-75.742649789,4.79958792800005],[-75.742682893,4.79974492700005],[-75.7426106349999,4.79974349800005],[-75.742211875,4.79949464500004],[-75.742076375,4.79949772100002],[-75.7417254069999,4.79958047700007],[-75.7414039829999,4.79969735500003],[-75.741299154,4.79977171600006],[-75.741294049,4.79979856300002],[-75.741161511,4.79999475800002],[-75.741006967,4.80030544100003],[-75.741004504,4.80041397600007],[-75.7409973919999,4.80046978800003]]]},"properties":{"FID":122,"ID_BAR":304,"CODCOM":"13","COMUNA":"San Joaquin","CODBAR":"011321","NOMBRE":"Laureles II","NOM_POPULA":"Laureles II","NORMA":"Sin"}},{"type":"Feature","id":123,"geometry":{"type":"Polygon","coordinates":[[[-75.716145387,4.79373507500003],[-75.716423988,4.79484464000006],[-75.715625157,4.79502057600007],[-75.715313375,4.79372080500003],[-75.7161195959999,4.79373475900006],[-75.716144291,4.79373518700003],[-75.716145387,4.79373507500003]]]},"properties":{"FID":123,"ID_BAR":368,"CODCOM":"10","COMUNA":"Consota","CODBAR":"011013","NOMBRE":"Mirador de Naranjito","NOM_POPULA":"Mirador de Naranjito","NORMA":"Sin"}},{"type":"Feature","id":124,"geometry":{"type":"Polygon","coordinates":[[[-75.714928291,4.79910023700007],[-75.714505399,4.79976622400005],[-75.714593061,4.79984900000005],[-75.714594382,4.80038271800005],[-75.714540505,4.80039027600002],[-75.714484833,4.80039379000003],[-75.714437612,4.80039338300002],[-75.7143731359999,4.80038778300007],[-75.714328979,4.80038054100002],[-75.714302323,4.80036450300002],[-75.714279188,4.80034399600004],[-75.71426454,4.80032666900007],[-75.714254822,4.80031209800006],[-75.714236969,4.80030031700004],[-75.7142110509999,4.80028786400003],[-75.71418591,4.80028014600002],[-75.714162845,4.80027636500005],[-75.714092805,4.80029031700007],[-75.7140795299999,4.80029240100004],[-75.714061677,4.80029347800006],[-75.714039035,4.80029208200005],[-75.714018188,4.80028794900006],[-75.714003681,4.80028337400006],[-75.713962657,4.80029494200006],[-75.713913675,4.80030382600005],[-75.7138628269999,4.80030763900004],[-75.713814656,4.80030629700001],[-75.713728066,4.80029371900002],[-75.713701445,4.80027935900004],[-75.713664367,4.80025095800004],[-75.713642148,4.80022317400004],[-75.713624048,4.80019079900007],[-75.713610386,4.80015121800005],[-75.7136044009999,4.80011034600005],[-75.713605635,4.80007253100007],[-75.7135840129999,4.80005146000001],[-75.7135622879999,4.80001954400006],[-75.7135490489999,4.79998655100007],[-75.713525703,4.79995447500006],[-75.713484997,4.79991530000007],[-75.71344908,4.79989154300005],[-75.713416825,4.79987637100004],[-75.713387387,4.79987448],[-75.713355765,4.79987928400003],[-75.7133317139999,4.79988809700006],[-75.713247977,4.79988403300007],[-75.7132099459999,4.79989888600004],[-75.713142794,4.79995300200005],[-75.713045779,4.80007382800005],[-75.712934011,4.80010250900006],[-75.712856013,4.80016248800006],[-75.712804037,4.80018073300005],[-75.712780128,4.80019832400007],[-75.712752837,4.80022501100007],[-75.7127312499999,4.80025374700006],[-75.712684452,4.80026678100005],[-75.712593743,4.80027195400003],[-75.712506519,4.80027038000003],[-75.712426233,4.80026322500005],[-75.712349117,4.80025112500004],[-75.712211361,4.80028503400007],[-75.7121178,4.80028503200003],[-75.712011597,4.80025972000005],[-75.711935608,4.80021316000004],[-75.7117497199999,4.80005983000005],[-75.711675985,4.80002770000003],[-75.711636863,4.80000572800002],[-75.711594783,4.80001916700008],[-75.7115438289999,4.80003916000005],[-75.711492488,4.80006376300003],[-75.711450654,4.80008748200003],[-75.711397763,4.80009120700004],[-75.711340999,4.80009998400004],[-75.711296595,4.80011043900004],[-75.711265853,4.80011958800003],[-75.711207083,4.80011020700005],[-75.711155003,4.80008786300004],[-75.711085141,4.80005269600003],[-75.711006546,4.80000520100004],[-75.710958445,4.79997146500005],[-75.7109386559999,4.79993838300003],[-75.710909289,4.79989917200002],[-75.71087964,4.79986748500004],[-75.7108514,4.79984259900004],[-75.710783121,4.79983551400004],[-75.710715513,4.79979750300003],[-75.7106677309999,4.79973331700005],[-75.710627061,4.79966975000002],[-75.710591638,4.79960521100002],[-75.710559912,4.79953682200005],[-75.7104606129999,4.79947040900003],[-75.7104463859999,4.79946447400005],[-75.7104297659999,4.79945997000004],[-75.7104082499999,4.79945769100004],[-75.7103894109999,4.79945878500007],[-75.710363635,4.79946546200006],[-75.7103267319999,4.79947234900004],[-75.710289195,4.79947625200002],[-75.7102487349999,4.79947702800005],[-75.710134501,4.79951854900003],[-75.710101401,4.79952186800006],[-75.7100550609999,4.79951854700005],[-75.7100154819999,4.79950492800004],[-75.709966113,4.79949247500002],[-75.7099203,4.79948519700003],[-75.7098796289999,4.79948201700006],[-75.709762089,4.79944879100003],[-75.7097306429999,4.79943052800008],[-75.7097116639999,4.79940860800002],[-75.709681416,4.79938022400005],[-75.709655324,4.79936063600006],[-75.709631872,4.79934609900005],[-75.709437603,4.79926560700005],[-75.709412954,4.79925317300007],[-75.709386158,4.79923649900006],[-75.709364502,4.79922017800002],[-75.709346226,4.79920405200005],[-75.709266118,4.79917421900007],[-75.709013042,4.79912002400005],[-75.708904022,4.79907468200003],[-75.7088203929999,4.79900618500005],[-75.7086746849999,4.79882611500005],[-75.708667678,4.79880592700004],[-75.708659932,4.79879003],[-75.708650777,4.79877549400002],[-75.70863539,4.79875687700007],[-75.708603947,4.79865786200003],[-75.708603313,4.79861838600003],[-75.708561517,4.79857970500007],[-75.708550883,4.79855859800006],[-75.7085389109999,4.79854065300002],[-75.7085232059999,4.79852246000006],[-75.708508065,4.79850866600003],[-75.708491727,4.79849683200008],[-75.708474719,4.79848713400003],[-75.708455774,4.79848430800006],[-75.7084400689999,4.79847955700006],[-75.708423696,4.79847189100006],[-75.708404082,4.79845814900007],[-75.7083160139999,4.79844380500003],[-75.7083033019999,4.79844546500004],[-75.708291048,4.79844956100003],[-75.708278864,4.79845657300006],[-75.708269602,4.79846464500002],[-75.708261891,4.79847441100003],[-75.7082441429999,4.79847255700002],[-75.708230269,4.79847301500007],[-75.7082108659999,4.79847658300002],[-75.7081947039999,4.79848232300003],[-75.708180935,4.79848956400001],[-75.708148998,4.79842136900004],[-75.708099771,4.79838153900004],[-75.7080807569999,4.79836947500006],[-75.708055827,4.79835730500001],[-75.708037023,4.79835046900006],[-75.708008923,4.79834359800002],[-75.7079761749999,4.79834020600003],[-75.7078924369999,4.79835949100003],[-75.707867682,4.79838153200008],[-75.707760562,4.79842974800004],[-75.707719362,4.79843112500003],[-75.7076931299999,4.79841070600002],[-75.707658023,4.79837619300001],[-75.7076301,4.79834019600001],[-75.707540029,4.79818137500007],[-75.707447138,4.79815002100001],[-75.7073746,4.79810812400006],[-75.707316674,4.79809556400006],[-75.706940351,4.79811470000003],[-75.7068694659999,4.79812564800005],[-75.7068168229999,4.79810798400006],[-75.706768441,4.79807688000005],[-75.7067447439999,4.79805398900002],[-75.7069462759999,4.79781698500005],[-75.706993956,4.79777355400006],[-75.707047621,4.79773137900001],[-75.707128331,4.79767728100007],[-75.707222739,4.79762609800001],[-75.7073205619999,4.79758484200006],[-75.7074196889999,4.79755322900008],[-75.7078354879999,4.79746540600005],[-75.707905421,4.79742838800007],[-75.709149673,4.79482611200006],[-75.709506929,4.79405069400001],[-75.709516681,4.79410212700004],[-75.709562773,4.79418611200002],[-75.709592562,4.79423498500006],[-75.709639394,4.79428751300002],[-75.7096794999999,4.79431934200004],[-75.709735629,4.79434657900002],[-75.709785948,4.79436145200004],[-75.709970217,4.79438992700005],[-75.709984584,4.79439492700003],[-75.709998211,4.79440328100002],[-75.7100116619999,4.79441686300004],[-75.710019584,4.794429969],[-75.7100248309999,4.79444531800004],[-75.7100265559999,4.79446135500007],[-75.71002571,4.79447227100007],[-75.7100294049999,4.79461699500006],[-75.7100412349999,4.79465910200003],[-75.7100805309999,4.79471050100005],[-75.7101298979999,4.79474893500003],[-75.710208951,4.79480247100002],[-75.710276065,4.79484115300005],[-75.710290538,4.79487700800007],[-75.710274479,4.79493296200008],[-75.710275428,4.79499117700004],[-75.710296168,4.79503164200003],[-75.71039339,4.79509325000004],[-75.710573573,4.79513566200006],[-75.710651604,4.79518467700006],[-75.710767558,4.79531672300004],[-75.7108041769999,4.79539419000003],[-75.710852593,4.79547284200002],[-75.7109006219999,4.79553508500003],[-75.7109350599999,4.79557293600002],[-75.711017703,4.79565353000004],[-75.7111111569999,4.79573188200004],[-75.711177849,4.79578088000005],[-75.7113115509999,4.79585384500007],[-75.711372857,4.79587248000007],[-75.711446311,4.79589046200005],[-75.71152325,4.79590448800007],[-75.711565858,4.79592045600002],[-75.7116920599999,4.79600380600004],[-75.711719138,4.79600507900005],[-75.7117442099999,4.79600241300004],[-75.7117653029999,4.79599722000007],[-75.711791784,4.79598637600002],[-75.71180284,4.79598609400006],[-75.7118160799999,4.79598816000003],[-75.711828193,4.79599255900007],[-75.7118392149999,4.79599912900005],[-75.71189242,4.79608207300004],[-75.7119169979999,4.79610540500004],[-75.71195471,4.79614822000002],[-75.711978197,4.79618070100003],[-75.711997599,4.79621229900004],[-75.7120116839999,4.79623911100003],[-75.71204038,4.79635926800006],[-75.712108762,4.79642878800006],[-75.7121245009999,4.79646245300007],[-75.7121845029999,4.79652109300002],[-75.712363525,4.79654847400007],[-75.712508567,4.79662101500004],[-75.712788368,4.79668570100004],[-75.713041972,4.79675457100007],[-75.713181169,4.79679662800003],[-75.713309378,4.79686505400002],[-75.713358182,4.79689532800005],[-75.713406917,4.79693132500005],[-75.7134564959999,4.79697511100004],[-75.713520336,4.79700589700006],[-75.713714818,4.79702241500006],[-75.713910427,4.79700150700006],[-75.7139856429999,4.79697086400006],[-75.7140960739999,4.79685263500003],[-75.7141078,4.79684905000004],[-75.714121427,4.79684774200006],[-75.714135089,4.79684931500003],[-75.714146921,4.79685320100003],[-75.71415745,4.79685903000006],[-75.714273512,4.79689931900003],[-75.7143360489999,4.79694460700005],[-75.714358514,4.79697841300003],[-75.7143757689999,4.79701944200002],[-75.714382211,4.79704577800004],[-75.714385592,4.79707423100008],[-75.714384359,4.79709941800006],[-75.7143767169999,4.79713453000005],[-75.714359814,4.79717202700004],[-75.714337347,4.79720238800005],[-75.714307909,4.79722957000007],[-75.714272907,4.79725343100007],[-75.7142284669999,4.79727398900008],[-75.71416406,4.79739893000004],[-75.71414272,4.79747532000003],[-75.714149831,4.79758182300003],[-75.71417057,4.79764321800008],[-75.71417078,4.79767022400005],[-75.714176978,4.79770750900002],[-75.714186449,4.79773538000006],[-75.714206732,4.79777482100007],[-75.7142330349999,4.79780073100005],[-75.7142624379999,4.79781684000005],[-75.7144787519999,4.79779898800005],[-75.714572736,4.79781161800002],[-75.7146080539999,4.79783652200006],[-75.714629358,4.79786564800001],[-75.7146413999999,4.79788820200002],[-75.714652104,4.79791616200004],[-75.7146584779999,4.79794249700006],[-75.714654427,4.79801561800003],[-75.714639672,4.79804032700001],[-75.714630798,4.79806249400003],[-75.714624424,4.79809001200003],[-75.714622698,4.79811677000001],[-75.714571742,4.79828048100007],[-75.7145756849999,4.79833334400006],[-75.714586916,4.79839984300001],[-75.714599979,4.79844933300007],[-75.7146129019999,4.79848713100005],[-75.7146365249999,4.79877633300002],[-75.714666192,4.79892605900005],[-75.714928291,4.79910023700007]]]},"properties":{"FID":124,"ID_BAR":305,"CODCOM":"19","COMUNA":"El Poblado","CODBAR":"011908","NOMBRE":"Samaria I","NOM_POPULA":"Samaria I","NORMA":"35"}},{"type":"Feature","id":125,"geometry":{"type":"Polygon","coordinates":[[[-75.716423988,4.79484464000006],[-75.716145387,4.79373507500003],[-75.716217182,4.79372775300005],[-75.7165470589999,4.79358903800005],[-75.716646466,4.79353322600002],[-75.71676876,4.79348741200005],[-75.716954086,4.79346016200003],[-75.717061556,4.79347132600003],[-75.717171526,4.79350599900004],[-75.71725336,4.79354461000003],[-75.7173299469999,4.79360035300005],[-75.717632212,4.79379907600002],[-75.71766077,4.79381541400006],[-75.717949505,4.79467797300004],[-75.717247248,4.79497223500004],[-75.717483348,4.79522413800002],[-75.71757652,4.79528763500003],[-75.717695223,4.79535083200006],[-75.7178245229999,4.79542930800005],[-75.717899738,4.79548001700005],[-75.718001503,4.79552138400005],[-75.7183954659999,4.79550277200001],[-75.71835328,4.79559869600006],[-75.718335533,4.79566667800003],[-75.7183033809999,4.79575198700007],[-75.7182672879999,4.79582288200003],[-75.718243377,4.79586166800003],[-75.718130553,4.79599545900004],[-75.718052555,4.79606061400004],[-75.717988291,4.79610814200002],[-75.717924168,4.79615065400003],[-75.71787603,4.79619936700005],[-75.7177232769999,4.79611829400004],[-75.717675776,4.79607728200005],[-75.717630598,4.79601512800002],[-75.7176181039999,4.79598864800004],[-75.717609919,4.79599506800003],[-75.716423988,4.79484464000006]]]},"properties":{"FID":125,"ID_BAR":368,"CODCOM":"10","COMUNA":"Consota","CODBAR":"011013","NOMBRE":"Miraflores *4","NOM_POPULA":"Miraflores *4","NORMA":"Sin"}},{"type":"Feature","id":126,"geometry":{"type":"Polygon","coordinates":[[[-75.666089023,4.80038985700003],[-75.666046277,4.80035401700007],[-75.666025432,4.80033757200004],[-75.6660144849999,4.80029572900003],[-75.666020195,4.80022626400006],[-75.666113277,4.80007976300004],[-75.6661068349999,4.80006065100002],[-75.666130363,4.79999595700002],[-75.666321446,4.79980455000003],[-75.66638713,4.79968447000003],[-75.666410097,4.79959540100003],[-75.666414259,4.79951505500002],[-75.666404229,4.79944993300005],[-75.666409129,4.79938681000004],[-75.666400333,4.79929842700004],[-75.6663244969999,4.79916130800007],[-75.666281963,4.79911640600004],[-75.66624179,4.79905419600003],[-75.6662366859999,4.79902749000006],[-75.666236936,4.79898926900005],[-75.666237114,4.79896251100006],[-75.666332247,4.79871224400006],[-75.666336448,4.79860335700005],[-75.666277792,4.79849214900002],[-75.666265123,4.79840673400001],[-75.666241784,4.79832359600004],[-75.666135455,4.79815611200006],[-75.66617367,4.79806761000003],[-75.666249667,4.79797813900006],[-75.666296363,4.79793900400006],[-75.666396901,4.79788788000005],[-75.666442928,4.79784980400006],[-75.666503112,4.79780441800005],[-75.666535546,4.79777130400003],[-75.666557416,4.79774276400001],[-75.666567559,4.79772510200006],[-75.666577419,4.79771439900003],[-75.6665921049999,4.79769458300006],[-75.6666983549999,4.79754591200003],[-75.666715016,4.79748858200002],[-75.6667346359999,4.79741759900002],[-75.666742846,4.79735991400002],[-75.666747957,4.79730565700003],[-75.666733112,4.79713396000004],[-75.666728081,4.79708226200006],[-75.666723685,4.79701772300007],[-75.6667223869999,4.79695998500004],[-75.666731935,4.79690445600005],[-75.6667539119999,4.79684975800007],[-75.666660888,4.79675769400004],[-75.667184869,4.79622478000004],[-75.667288556,4.79639879900002],[-75.66731356,4.79637635100004],[-75.667450491,4.79611044000007],[-75.6675389929999,4.79598176000006],[-75.6676836039999,4.79608258900004],[-75.667796385,4.79615211800006],[-75.668043072,4.79633369000004],[-75.668086274,4.79638270600004],[-75.6681234549999,4.79642882600008],[-75.668160883,4.79647204900003],[-75.668189296,4.79652625600005],[-75.668224992,4.79663089100007],[-75.66834384,4.79699992000008],[-75.6683676329999,4.79713235400004],[-75.668375512,4.79723926400004],[-75.668376349,4.79732796400004],[-75.668377581,4.79734407200004],[-75.6683310939999,4.79740742300003],[-75.6681880689999,4.79769064300008],[-75.668142981,4.79787999700005],[-75.668117298,4.79801864300004],[-75.668097003,4.79816239500004],[-75.66809023,4.79829837600005],[-75.668046837,4.79842744900002],[-75.6679576659999,4.79856088000002],[-75.667847723,4.79864653200003],[-75.6677127779999,4.79873824100002],[-75.667577271,4.79881730300002],[-75.667423624,4.79895473800002],[-75.6671717089999,4.79934805500005],[-75.667070272,4.79962433700007],[-75.6669576359999,4.79990367400005],[-75.66689719,4.80013343800004],[-75.666206468,4.80028963500007],[-75.666089023,4.80038985700003]]]},"properties":{"FID":126,"ID_BAR":306,"CODCOM":"01","COMUNA":"Villa Santana","CODBAR":"010106","NOMBRE":"Intermedio","NOM_POPULA":"Intermedio","NORMA":"Sin"}},{"type":"Feature","id":127,"geometry":{"type":"Polygon","coordinates":[[[-75.664979816,4.79909251600004],[-75.664936741,4.79919663200006],[-75.6649298689999,4.79926300500007],[-75.664983701,4.79936002900006],[-75.664977107,4.79945402700003],[-75.66498541,4.79954790300007],[-75.665008396,4.79963927200004],[-75.665028676,4.79966635000005],[-75.665051174,4.79969159200005],[-75.6650928989999,4.79972877500006],[-75.665125716,4.79974592800006],[-75.6651270849999,4.79979562900008],[-75.665250391,4.79991523200004],[-75.665066611,4.79993971300006],[-75.664885118,4.79998215700004],[-75.664745985,4.80004664700005],[-75.6645803659999,4.80016136600006],[-75.6644351699999,4.80029735200004],[-75.664419573,4.80027092800004],[-75.664308524,4.80011674400005],[-75.664045954,4.79995707100006],[-75.664012998,4.79991285800003],[-75.663964272,4.79981511100004],[-75.663882735,4.79962827200007],[-75.663843311,4.79946989100006],[-75.663838752,4.79926108700005],[-75.66385258,4.79900436600008],[-75.663825614,4.79891737700006],[-75.6638188209999,4.79888249400004],[-75.663857557,4.79886819100005],[-75.6638882249999,4.79888940600006],[-75.664056288,4.79900207100006],[-75.664224527,4.79910110200007],[-75.664319212,4.79914978700003],[-75.664380974,4.79916069000006],[-75.6644241119999,4.79915265900008],[-75.664757967,4.79915042800007],[-75.664824945,4.79913784100005],[-75.664881216,4.79912399900006],[-75.664979816,4.79909251600004]]]},"properties":{"FID":127,"ID_BAR":307,"CODCOM":"01","COMUNA":"Villa Santana","CODBAR":"010109","NOMBRE":"Las Margaritas","NOM_POPULA":"Las Margaritas","NORMA":"82"}},{"type":"Feature","id":128,"geometry":{"type":"Polygon","coordinates":[[[-75.709361208,4.79079970000003],[-75.70973922,4.79106043800004],[-75.710037356,4.79114417400006],[-75.710562049,4.79015121200007],[-75.710788398,4.78974751300006],[-75.711623404,4.79009136900004],[-75.712493974,4.79078521400003],[-75.71330492,4.79150298600006],[-75.715761591,4.79281886900001],[-75.714604869,4.79425449300003],[-75.7131619479999,4.79626435900008],[-75.711528136,4.79534323400004],[-75.710502531,4.79468528100007],[-75.710026034,4.79448496500002],[-75.709596147,4.79248406700003],[-75.7092622009999,4.79090492700003],[-75.709361208,4.79079970000003]]]},"properties":{"FID":128,"ID_BAR":0,"CODCOM":" ","COMUNA":" ","CODBAR":" ","NOMBRE":"Villa Verde","NOM_POPULA":"Villa Verde","NORMA":" "}},{"type":"Feature","id":129,"geometry":{"type":"Polygon","coordinates":[[[-75.709998613,4.78894934300006],[-75.709096081,4.79080456800005],[-75.707716794,4.78999966000003],[-75.7078455719999,4.78922443900006],[-75.7089045069999,4.78758784500006],[-75.709998613,4.78894934300006]]]},"properties":{"FID":129,"ID_BAR":0,"CODCOM":" ","COMUNA":" ","CODBAR":" ","NOMBRE":"El Palmar de Villa Verde","NOM_POPULA":"El Palmar de Villa Verde","NORMA":" "}},{"type":"Feature","id":130,"geometry":{"type":"Polygon","coordinates":[[[-75.742682893,4.79974492700005],[-75.742649789,4.79958792800005],[-75.742636053,4.79947891600006],[-75.7426101339999,4.79936824400004],[-75.7425827009999,4.79928650400007],[-75.742525476,4.79916892700004],[-75.7425079399999,4.79914923500007],[-75.74268154,4.79911685600008],[-75.74291694,4.79910869000003],[-75.743093887,4.79910868700006],[-75.743209595,4.79903577300006],[-75.743259843,4.79897603900002],[-75.743314035,4.79888988100004],[-75.743379493,4.79878321600006],[-75.7434215709999,4.79872455900005],[-75.7435527009999,4.79855939500004],[-75.743660736,4.79859704900003],[-75.743723662,4.79861900100001],[-75.7437979979999,4.79865520700002],[-75.743677802,4.79950098700005],[-75.74356526,4.79949742200006],[-75.7433673629999,4.79952708200005],[-75.743182143,4.79960718500007],[-75.7431021749999,4.79965916700007],[-75.742987523,4.79975866000006],[-75.7427007209999,4.80014234500004],[-75.742627866,4.80025422000005],[-75.74268473,4.80000594000006],[-75.742707614,4.79982366500007],[-75.742682893,4.79974492700005]]]},"properties":{"FID":130,"ID_BAR":308,"CODCOM":"13","COMUNA":"San Joaquin","CODBAR":"011301","NOMBRE":"Altos de Corales","NOM_POPULA":"Altos de Corales","NORMA":"Sin"}},{"type":"Feature","id":131,"geometry":{"type":"Polygon","coordinates":[[[-75.728751057,4.79786875600007],[-75.728473299,4.79920625100003],[-75.7284321349999,4.79932035000007],[-75.728285086,4.80000412700002],[-75.7282306829999,4.80024297500005],[-75.7279775339999,4.80018068000005],[-75.728015775,4.79997484400006],[-75.7271016389999,4.79978024200006],[-75.72725957,4.79893033300005],[-75.726269552,4.79832057700003],[-75.725770124,4.79793525600008],[-75.726258849,4.79620242700003],[-75.7263212459999,4.79622182100005],[-75.726471959,4.79624796100006],[-75.7266989409999,4.79625915900004],[-75.726784545,4.79628342700004],[-75.7268422229999,4.79631889300003],[-75.726857083,4.79633941600003],[-75.726853386,4.79635434100005],[-75.726790108,4.79640100500005],[-75.7267752129999,4.79641967400005],[-75.726765917,4.79644766800002],[-75.7267696489999,4.79652792600006],[-75.7267808119999,4.79658578800008],[-75.726810567,4.79662312600004],[-75.726881275,4.79667166100006],[-75.726912896,4.79670525500005],[-75.726931524,4.79675751800004],[-75.726965012,4.79691243400004],[-75.727013394,4.79706362300004],[-75.72704315,4.79712148500005],[-75.7270487489999,4.79715882300007],[-75.7270431489999,4.79735480400005],[-75.7270561779999,4.79744440400001],[-75.727097132,4.79752653400004],[-75.727149211,4.79758812300002],[-75.727218053,4.79763106000007],[-75.727253864,4.79764715000004],[-75.7273012969999,4.79767318400007],[-75.72733901,4.79769824700002],[-75.727599482,4.79786996000008],[-75.7276428289999,4.79789096000009],[-75.727715368,4.79791702900007],[-75.7278083309999,4.79793575100006],[-75.727908336,4.79793901800002],[-75.728021863,4.79791662200006],[-75.728118594,4.79788490100002],[-75.7282711719999,4.79781209600002],[-75.728356775,4.79775610700006],[-75.728503755,4.79772436800005],[-75.728544708,4.79772996600001],[-75.7286023519999,4.79775237900002],[-75.728637001,4.79778284700007],[-75.728685244,4.79782219800007],[-75.7287289069999,4.79785503200002],[-75.728751057,4.79786875600007]]]},"properties":{"FID":131,"ID_BAR":309,"CODCOM":"15","COMUNA":"El Oso","CODBAR":"011539","NOMBRE":"Terranova","NOM_POPULA":"Terranova","NORMA":"Sin"}},{"type":"Feature","id":132,"geometry":{"type":"Polygon","coordinates":[[[-75.7208318519999,4.79554061700002],[-75.719971028,4.79509946700005],[-75.719985198,4.79506274300005],[-75.720161084,4.79470982100002],[-75.720292263,4.79467392600002],[-75.7204353719999,4.79477560800007],[-75.7204543679999,4.79477687800006],[-75.7207484159999,4.79479653200002],[-75.720980969,4.79497298000005],[-75.720930289,4.79505672500005],[-75.721299989,4.79534681900003],[-75.721112175,4.79564889800002],[-75.720846829,4.79551432200002],[-75.7208318519999,4.79554061700002]]]},"properties":{"FID":132,"ID_BAR":370,"CODCOM":"10","COMUNA":"Consota","CODBAR":"011012","NOMBRE":"La Idalia II","NOM_POPULA":"La Idalia II","NORMA":"Sin"}},{"type":"Feature","id":133,"geometry":{"type":"Polygon","coordinates":[[[-75.7309709419999,4.80016464900006],[-75.730395696,4.79979362000006],[-75.7301471609999,4.79964857900006],[-75.7300490919999,4.79960384100002],[-75.7304713289999,4.79877719100006],[-75.730604644,4.79849846200005],[-75.730632322,4.79853071300004],[-75.7306974309999,4.79858483000004],[-75.7307425399999,4.79861215300001],[-75.730800641,4.79864177200005],[-75.730851877,4.79866321400005],[-75.730890964,4.79866883000005],[-75.7309430439999,4.79866135900005],[-75.730993293,4.79862216600002],[-75.731073297,4.79853071000001],[-75.731145871,4.79849337200006],[-75.731174288,4.79848773700007],[-75.731216332,4.79848155600007],[-75.731265384,4.79847745700005],[-75.7313058789999,4.79847657400006],[-75.7313282389999,4.79847911700005],[-75.7313491209999,4.79848422100002],[-75.731366833,4.79849077400008],[-75.7313896169999,4.79850269600008],[-75.73143983,4.79854750400006],[-75.7314716989999,4.79858860400003],[-75.731496207,4.79862389400005],[-75.7315365969999,4.79869122200005],[-75.7316128699999,4.79878454900007],[-75.731720799,4.79884241000001],[-75.731786225,4.79885512600002],[-75.731835664,4.79886867300007],[-75.731878942,4.79888345600005],[-75.732003632,4.79895066000006],[-75.732066875,4.79900292200006],[-75.7321051869999,4.79904840200003],[-75.732138288,4.79909407600008],[-75.731856197,4.79935751200003],[-75.7309709419999,4.80016464900006]]]},"properties":{"FID":133,"ID_BAR":310,"CODCOM":"15","COMUNA":"El Oso","CODBAR":"011540","NOMBRE":"Torres de La Acuarela","NOM_POPULA":"Torres de La Acuarela","NORMA":"Sin"}},{"type":"Feature","id":134,"geometry":{"type":"Polygon","coordinates":[[[-75.741200447,4.79249270500003],[-75.741250569,4.79247692200004],[-75.741223228,4.79222617900006],[-75.741622467,4.79209175000005],[-75.7421974069999,4.79189816000007],[-75.7422466089999,4.79188159300002],[-75.7422529629999,4.79168569300003],[-75.742754605,4.79151548200001],[-75.742897732,4.79183847900003],[-75.74295964,4.79202164400003],[-75.743004973,4.79200913500005],[-75.7430194,4.79224043500005],[-75.742425517,4.79226201100006],[-75.741638456,4.79247740500006],[-75.7414309639999,4.79262815600003],[-75.7412377759999,4.79267123700003],[-75.741200447,4.79249270500003]]]},"properties":{"FID":134,"ID_BAR":413,"CODCOM":"13","COMUNA":"San Joaquin","CODBAR":"011315","NOMBRE":"Alcala del Campo","NOM_POPULA":"Alcala del Campo","NORMA":"Sin"}},{"type":"Feature","id":135,"geometry":{"type":"Polygon","coordinates":[[[-75.738049115,4.79980266900003],[-75.737817587,4.79972077200007],[-75.7377658939999,4.79971787600006],[-75.737584264,4.79965191100007],[-75.737473235,4.79957656600003],[-75.737044125,4.79947338900006],[-75.7368600299999,4.79949301400008],[-75.736598046,4.79957996900002],[-75.736319969,4.79973928800006],[-75.736348317,4.79983697700005],[-75.7363184229999,4.79991961900004],[-75.73604105,4.80006736800004],[-75.735758746,4.80015239900007],[-75.7356166599999,4.80009547400004],[-75.7355379219999,4.79994845500006],[-75.735536053,4.79982133900006],[-75.735598309,4.79971658300001],[-75.735647748,4.79961553700002],[-75.735677043,4.79949057600003],[-75.7356871489999,4.79943831300005],[-75.736034556,4.79899887000004],[-75.736059487,4.79895263100001],[-75.736276044,4.79869989800005],[-75.7363252009999,4.79867223800004],[-75.7364403449999,4.79849156900001],[-75.736436155,4.79844741400005],[-75.736736798,4.79801895700007],[-75.736981277,4.79760406700006],[-75.7370283929999,4.79764371700002],[-75.737038006,4.79766623700005],[-75.737061177,4.79771288200004],[-75.7370754039999,4.79776299000002],[-75.73713076,4.79783635800004],[-75.737205624,4.79790439300006],[-75.737287038,4.79796431900008],[-75.737374226,4.79801552100003],[-75.737450993,4.79810165900006],[-75.7375287099999,4.79825081600005],[-75.737584066,4.79827543600003],[-75.737597342,4.79831093700005],[-75.7378445039999,4.79840784600003],[-75.737880246,4.79843052400003],[-75.738005852,4.79846455700005],[-75.738063742,4.79846538600003],[-75.738140895,4.79850173400007],[-75.7382525209999,4.79855431300007],[-75.738318899,4.79864735700005],[-75.738340593,4.79874797800005],[-75.738389119,4.79888743900005],[-75.738432186,4.79897546600006],[-75.7383850369999,4.79901287600005],[-75.73836648,4.79904203700005],[-75.738354158,4.79922268700005],[-75.738326516,4.79926018500002],[-75.7381544349999,4.79959377500007],[-75.738049115,4.79980266900003]]]},"properties":{"FID":135,"ID_BAR":311,"CODCOM":"13","COMUNA":"San Joaquin","CODBAR":"011322","NOMBRE":"Leningrado II","NOM_POPULA":"Leningrado II","NORMA":"Sin"}},{"type":"Feature","id":136,"geometry":{"type":"Polygon","coordinates":[[[-75.745112848,4.79299469300003],[-75.745082181,4.79310264700006],[-75.7450695059999,4.79316057900007],[-75.7452696559999,4.79316873400005],[-75.745269412,4.79329240500005],[-75.745036268,4.79327663900006],[-75.7449869759999,4.79354789700006],[-75.744976525,4.79383183600002],[-75.7449724839999,4.79413788900006],[-75.744974497,4.79436952900005],[-75.745072143,4.79434688400005],[-75.7450884849999,4.79448198200001],[-75.745066663,4.79485054100007],[-75.745013886,4.79512441500002],[-75.744966704,4.79527283200002],[-75.7448564549999,4.79537631900007],[-75.744888961,4.79554681200005],[-75.744556,4.79605749000005],[-75.7442598709999,4.79653056400001],[-75.743981171,4.79698440400005],[-75.743789971,4.79727811500003],[-75.7437597589999,4.79729984000004],[-75.743713348,4.79732721800001],[-75.743674368,4.79734541100005],[-75.743649261,4.79735507200008],[-75.743622116,4.79750605000004],[-75.743659021,4.79761424900004],[-75.7436749399999,4.79768655800005],[-75.743667406,4.79777857900007],[-75.743659519,4.79780856900003],[-75.743649907,4.79783601700006],[-75.743633921,4.79787125300004],[-75.743616386,4.79790172100006],[-75.7436011029999,4.79792387100003],[-75.743347918,4.79779939300005],[-75.743211684,4.79800272400008],[-75.743057032,4.79822689800005],[-75.742932871,4.79821985300003],[-75.742874807,4.79830853700003],[-75.742805295,4.79827747100007],[-75.742753496,4.79823510000006],[-75.742272676,4.79891717500005],[-75.7421297779999,4.79880331000003],[-75.74326885,4.79719250100004],[-75.7432321169999,4.79697091000002],[-75.74336293,4.79678269800007],[-75.7435248049999,4.79683059400003],[-75.7437090329999,4.79651411700008],[-75.744093087,4.79592448800002],[-75.744494961,4.79550158800005],[-75.744579893,4.79539354700006],[-75.7446644409999,4.79547101100007],[-75.744757083,4.79533207700007],[-75.7448036649999,4.79515437600003],[-75.7447966189999,4.79504121300005],[-75.744829884,4.79458504900003],[-75.744822977,4.79437384400005],[-75.7448226509999,4.79404172200003],[-75.744854534,4.79330741100006],[-75.7447891859999,4.79302208700005],[-75.744734727,4.79278431000006],[-75.744925157,4.79274354100005],[-75.7451590909999,4.79247922400004],[-75.7452545139999,4.79273762200006],[-75.745070646,4.79293822200003],[-75.745112848,4.79299469300003]]]},"properties":{"FID":136,"ID_BAR":330,"CODCOM":"13","COMUNA":"San Joaquin","CODBAR":"011304","NOMBRE":"Campo Alegre *3","NOM_POPULA":"Campo Alegre *3","NORMA":"Sin"}},{"type":"Feature","id":137,"geometry":{"type":"Polygon","coordinates":[[[-75.752275131,4.79878542000007],[-75.752181171,4.79719392200008],[-75.752197611,4.79723534200001],[-75.7521955779999,4.79714856600002],[-75.7529463499999,4.79701372100003],[-75.753973097,4.79709999600005],[-75.7546282179999,4.79750288200005],[-75.754699509,4.79799048200004],[-75.754913766,4.79936549900004],[-75.754324781,4.79913697300002],[-75.75393257,4.79895162300003],[-75.7537812909999,4.79888421300006],[-75.7534170819999,4.79889546000004],[-75.753181752,4.79889546900005],[-75.752918424,4.79881123000006],[-75.752711121,4.79870450500003],[-75.752351329,4.79843919900003],[-75.752275131,4.79878542000007]]]},"properties":{"FID":137,"ID_BAR":322,"CODCOM":"13","COMUNA":"San Joaquin","CODBAR":"011340","NOMBRE":"Santa Juana de Las Villas","NOM_POPULA":"Santa Juana de Las Villas","NORMA":"Sin"}},{"type":"Feature","id":138,"geometry":{"type":"Polygon","coordinates":[[[-75.726628057,4.80014350200002],[-75.7264131149999,4.80002919200006],[-75.7257745589999,4.79963066000004],[-75.725722197,4.79959644800006],[-75.726183561,4.79891454200003],[-75.726444842,4.79918117300002],[-75.726560482,4.79943853000002],[-75.726572983,4.79969959600003],[-75.7265944279999,4.79988672800004],[-75.726681968,4.80004240300001],[-75.726628057,4.80014350200002]]]},"properties":{"FID":138,"ID_BAR":312,"CODCOM":"15","COMUNA":"El Oso","CODBAR":"011522","NOMBRE":"Mirador de Panorama II","NOM_POPULA":"Mirador de Panorama II","NORMA":"Sin"}},{"type":"Feature","id":139,"geometry":{"type":"Polygon","coordinates":[[[-75.738791835,4.79990432000006],[-75.738693416,4.80003299100003],[-75.738638731,4.80009624100006],[-75.7384344229999,4.80004318700002],[-75.738493648,4.79984038800006],[-75.738403396,4.79981236000003],[-75.738473819,4.79960581500006],[-75.738494806,4.79961468200002],[-75.7385152639999,4.79956549100005],[-75.7385839619999,4.79938823200007],[-75.738604314,4.79933861800004],[-75.738682172,4.79940788800008],[-75.738768868,4.79946370000006],[-75.738792215,4.79949686800006],[-75.738804858,4.79958270800007],[-75.7388105649999,4.79969168300005],[-75.738805671,4.79979324100003],[-75.738791835,4.79990432000006]]]},"properties":{"FID":139,"ID_BAR":313,"CODCOM":"13","COMUNA":"San Joaquin","CODBAR":"011330","NOMBRE":"Plan Carvajal","NOM_POPULA":"Plan Carvajal","NORMA":"Sin"}},{"type":"Feature","id":140,"geometry":{"type":"Polygon","coordinates":[[[-75.7591707559999,4.80175245600003],[-75.759390603,4.80190050900007],[-75.7592858309999,4.80199687200008],[-75.7593077079999,4.80204333900004],[-75.7593548099999,4.80214338400003],[-75.759248187,4.80220628500007],[-75.759103888,4.80232800200003],[-75.759032868,4.80242214500004],[-75.759005406,4.80252663700002],[-75.759002876,4.80264331300001],[-75.75904183,4.80279948200005],[-75.759061305,4.80285458700007],[-75.759045251,4.80291313900005],[-75.759047513,4.80309631300002],[-75.759034915,4.80327542700007],[-75.758990199,4.80338034300006],[-75.75895953,4.80342086200004],[-75.7589264309999,4.80345760200005],[-75.758885973,4.80349517100006],[-75.758834456,4.80351698700002],[-75.758743958,4.80351699100004],[-75.758557291,4.80349518600002],[-75.7582835389999,4.80342744600007],[-75.7581811699999,4.80337211500006],[-75.757700945,4.80291122300001],[-75.757550604,4.80257086000007],[-75.757460136,4.80245833700008],[-75.757363929,4.80236533200002],[-75.757287161,4.80231021200006],[-75.757195289,4.80229170600007],[-75.757062322,4.80227242400002],[-75.756915834,4.80225612800007],[-75.756489472,4.80228483100008],[-75.7563756979999,4.80228359900002],[-75.756176388,4.80225031400004],[-75.7560277859999,4.80220584700003],[-75.755850591,4.80214564400006],[-75.755636419,4.80204805200002],[-75.756866235,4.80022048200005],[-75.757302211,4.80024331800006],[-75.7575028219999,4.80028608700007],[-75.757752699,4.80036400200003],[-75.7579581379999,4.80045491800007],[-75.758152484,4.80055881600003],[-75.758332675,4.80067444300005],[-75.758464096,4.80077463400005],[-75.758608441,4.80090080700006],[-75.758738244,4.80103674700007],[-75.758854876,4.80116848500005],[-75.758962213,4.80130951400002],[-75.759154037,4.80171694400001],[-75.7591707559999,4.80175245600003]]]},"properties":{"FID":140,"ID_BAR":250,"CODCOM":"13","COMUNA":"San Joaquin","CODBAR":"011311","NOMBRE":"Coralina","NOM_POPULA":"Coralina","NORMA":"Sin"}},{"type":"Feature","id":141,"geometry":{"type":"Polygon","coordinates":[[[-75.7607039439999,4.80000762200006],[-75.761127846,4.80007537200004],[-75.761064787,4.80013337100006],[-75.7611649529999,4.80013456400008],[-75.760678561,4.80187167300004],[-75.759390603,4.80190050900007],[-75.7591707559999,4.80175245600003],[-75.759120453,4.80142651200003],[-75.75901425,4.80073836600006],[-75.758989779,4.80057980700007],[-75.758775075,4.80010608300005],[-75.760851364,4.80013082700003],[-75.7607039439999,4.80000762200006]]]},"properties":{"FID":141,"ID_BAR":250,"CODCOM":"13","COMUNA":"San Joaquin","CODBAR":"011311","NOMBRE":"Bulevar del Bosque","NOM_POPULA":"Bulevar del Bosque","NORMA":"Sin"}},{"type":"Feature","id":142,"geometry":{"type":"Polygon","coordinates":[[[-75.7244069109999,4.80005179600006],[-75.724393847,4.80000000900002],[-75.7243223999999,4.79990463400002],[-75.724254861,4.79980279300003],[-75.724197217,4.79970425400006],[-75.724145595,4.79964847600007],[-75.7241030929999,4.79961663100005],[-75.724053055,4.79958353100005],[-75.723980621,4.79954296100004],[-75.723915583,4.79951309400006],[-75.723869242,4.79951143400006],[-75.723826986,4.79951606100008],[-75.7237937799999,4.79952393800004],[-75.723633806,4.79959107100005],[-75.723541336,4.79965930100008],[-75.72348848,4.79976806500002],[-75.723457034,4.79979330400004],[-75.723410765,4.79981668900008],[-75.7233510069999,4.79983694700007],[-75.723281215,4.79985339000006],[-75.723199274,4.79986347500004],[-75.7231600109999,4.79986451700006],[-75.723110783,4.79985976600004],[-75.723050674,4.79984441700003],[-75.723005496,4.79982514700004],[-75.7228214359999,4.79971258400007],[-75.722757278,4.79965458000004],[-75.7226991059999,4.79958967100003],[-75.722660161,4.79953716200003],[-75.722568888,4.79945796300005],[-75.722538958,4.79941769300006],[-75.722499308,4.79935218400004],[-75.7224706439999,4.79929078900006],[-75.722217958,4.79890984700006],[-75.7221867229999,4.79887265000002],[-75.7221383409999,4.79883054200008],[-75.722173555,4.79875030300007],[-75.722231622,4.79868419400004],[-75.7224959339999,4.79827042100003],[-75.722529986,4.79817629900002],[-75.7225759039999,4.79806949500003],[-75.722625309,4.79797175300006],[-75.7228621199999,4.79763867800004],[-75.7229321949999,4.79748498100001],[-75.725113009,4.79919870900005],[-75.725029553,4.79928703800005],[-75.7248583109999,4.79952796900005],[-75.724602169,4.79989832800003],[-75.7244069109999,4.80005179600006]]]},"properties":{"FID":142,"ID_BAR":314,"CODCOM":"10","COMUNA":"Consota","CODBAR":"011014","NOMBRE":"Naranjito","NOM_POPULA":"Naranjito","NORMA":"Sin"}},{"type":"Feature","id":143,"geometry":{"type":"Polygon","coordinates":[[[-75.73428045,4.79931294500005],[-75.73370912,4.79980952700003],[-75.733716831,4.79968444200005],[-75.733689467,4.79932358400003],[-75.733693269,4.79922575300003],[-75.733654358,4.79916050900005],[-75.733574529,4.79913378600002],[-75.733484101,4.79909860400005],[-75.73341628,4.79906117900002],[-75.733365432,4.79899994300006],[-75.7332928549999,4.79885905200007],[-75.7332067579999,4.79870915300005],[-75.7331208379999,4.79860934500005],[-75.732932692,4.79844835500007],[-75.7336350149999,4.79809236400006],[-75.733650967,4.79812708800006],[-75.733849044,4.79850474200003],[-75.733967607,4.79845797000007],[-75.734423121,4.79822381700006],[-75.734485695,4.79818704300004],[-75.7347300439999,4.79868492200005],[-75.734112796,4.79899142300007],[-75.7342675959999,4.79928834100003],[-75.73428045,4.79931294500005]]]},"properties":{"FID":143,"ID_BAR":315,"CODCOM":"14","COMUNA":"Perla Del Otun","CODBAR":"011412","NOMBRE":"La Francia","NOM_POPULA":"La Francia","NORMA":"95"}},{"type":"Feature","id":144,"geometry":{"type":"Polygon","coordinates":[[[-75.7606292,4.80006987800005],[-75.760492326,4.79984751200004],[-75.7601201799999,4.79912975500003],[-75.760077203,4.79865601500007],[-75.760285164,4.79830101200001],[-75.7605207519999,4.79783768700002],[-75.760750936,4.79730837200003],[-75.760924839,4.79704006100008],[-75.761407924,4.79697624700003],[-75.762066256,4.79743557000006],[-75.7618659609999,4.79798111300004],[-75.761708454,4.79848044200003],[-75.761236491,4.79997664200004],[-75.761113537,4.80008972900003],[-75.760689634,4.80002197900005],[-75.760686404,4.80001927900002],[-75.7606292,4.80006987800005]]]},"properties":{"FID":144,"ID_BAR":250,"CODCOM":"13","COMUNA":"San Joaquin","CODBAR":"011311","NOMBRE":"Bulevar de las Villas","NOM_POPULA":"Bulevar de las Villas","NORMA":"Sin"}},{"type":"Feature","id":145,"geometry":{"type":"Polygon","coordinates":[[[-75.7300490919999,4.79960384100002],[-75.729935634,4.79956434900003],[-75.7298784829999,4.79954917700006],[-75.7290590709999,4.79938714600008],[-75.729473066,4.79753484800004],[-75.7294898979999,4.79753585500004],[-75.7295113069999,4.79753256900006],[-75.729565254,4.79752803000001],[-75.7296126859999,4.79752838300003],[-75.7296517729999,4.79754145300006],[-75.729694556,4.79758624400006],[-75.729744806,4.79766277500005],[-75.729888054,4.79799687400002],[-75.729942036,4.79809394500004],[-75.729971792,4.79819847100003],[-75.729981088,4.79825633200006],[-75.729979223,4.79846163900003],[-75.7299829559999,4.79852137300002],[-75.729999718,4.79858296100003],[-75.73003877,4.79863149700003],[-75.730090885,4.79864456700007],[-75.730150431,4.79864082200003],[-75.730196947,4.79861842600007],[-75.73023797,4.79854608100003],[-75.73029829,4.79844936200004],[-75.730351355,4.79837205400002],[-75.7303885749999,4.79833846000001],[-75.7304350919999,4.79833098900002],[-75.7304797419999,4.79834405900005],[-75.73051323,4.79837578000006],[-75.7305319989999,4.79839923500004],[-75.730553162,4.79842892600004],[-75.730574643,4.79846350800006],[-75.730604644,4.79849846200005],[-75.7304713289999,4.79877719100006],[-75.7300490919999,4.79960384100002]]]},"properties":{"FID":145,"ID_BAR":316,"CODCOM":"15","COMUNA":"El Oso","CODBAR":"011541","NOMBRE":"Villa Del Bosque","NOM_POPULA":"Villa Del Bosque","NORMA":"Sin"}},{"type":"Feature","id":146,"geometry":{"type":"Polygon","coordinates":[[[-75.759476122,4.79828282000006],[-75.760005614,4.79828276900003],[-75.760285164,4.79830101200001],[-75.759476122,4.79828282000006]]]},"properties":{"FID":146,"ID_BAR":250,"CODCOM":"13","COMUNA":"San Joaquin","CODBAR":"011311","NOMBRE":"Bulevar de las Villas","NOM_POPULA":"Bulevar de las Villas","NORMA":"Sin"}},{"type":"Feature","id":147,"geometry":{"type":"Polygon","coordinates":[[[-75.725113009,4.79919870900005],[-75.7254834519999,4.79862832400004],[-75.725677407,4.79853928900008],[-75.7262398669999,4.79882783800003],[-75.726183561,4.79891454200003],[-75.725722197,4.79959644800006],[-75.725113009,4.79919870900005]]]},"properties":{"FID":147,"ID_BAR":317,"CODCOM":"15","COMUNA":"El Oso","CODBAR":"011521","NOMBRE":"Mirador de Panorama I","NOM_POPULA":"Mirador de Panorama I","NORMA":"Sin"}},{"type":"Feature","id":148,"geometry":{"type":"Polygon","coordinates":[[[-75.757963188,4.79891670500007],[-75.758402879,4.79882844600006],[-75.7589323669999,4.79878532800006],[-75.759476122,4.79828282000006],[-75.760005614,4.79828276900003],[-75.760102261,4.79828907600006],[-75.760095157,4.79829674000005],[-75.760285164,4.79830101200001],[-75.760077203,4.79865601500007],[-75.7601201799999,4.79912975500003],[-75.760492326,4.79984751200004],[-75.7606292,4.80006987800005],[-75.760564164,4.80012740500005],[-75.759891146,4.80011938500008],[-75.758775075,4.80010608300005],[-75.758374303,4.79931654800003],[-75.757963188,4.79891670500007]]]},"properties":{"FID":148,"ID_BAR":250,"CODCOM":"13","COMUNA":"San Joaquin","CODBAR":"011311","NOMBRE":"Bulevar del Cafe","NOM_POPULA":"Bulevar del Cafe","NORMA":"Sin"}},{"type":"Feature","id":149,"geometry":{"type":"Polygon","coordinates":[[[-75.748628665,4.79592153100003],[-75.7487336729999,4.79600789600005],[-75.748851955,4.79608876800005],[-75.74893594,4.79613723100005],[-75.749083977,4.79618904700002],[-75.749209724,4.79622242500005],[-75.749297688,4.79626705400005],[-75.749383468,4.79629993900005],[-75.749457204,4.79629202300003],[-75.7494244599999,4.79641756800002],[-75.749433618,4.79650941200003],[-75.749361125,4.79682954300006],[-75.749363208,4.79700918600002],[-75.74934173,4.79704975700002],[-75.749395538,4.79712739900002],[-75.749667144,4.79733050600004],[-75.749795252,4.79745111700003],[-75.750016793,4.79789605900003],[-75.750051763,4.79797800900007],[-75.750089061,4.79818177900004],[-75.750080859,4.79829262700002],[-75.750117804,4.79845967500006],[-75.750235252,4.79880878400006],[-75.7502607489999,4.79892281100006],[-75.7502697309999,4.79897689300002],[-75.750270862,4.79911852700007],[-75.750302104,4.79933284000004],[-75.7503234819999,4.79942636100002],[-75.7503596139999,4.79951518300004],[-75.750291758,4.79953067500002],[-75.750201471,4.79953686000004],[-75.7500389269999,4.79953926800004],[-75.749925717,4.79953641000003],[-75.7497214789999,4.79949485800006],[-75.749634924,4.79946199200004],[-75.749520021,4.79940595300008],[-75.749453748,4.79936642700006],[-75.749239721,4.79928944400006],[-75.749132528,4.79919000900003],[-75.749009348,4.79905450700005],[-75.748768979,4.79891493000003],[-75.748539351,4.79885386200004],[-75.7485048409999,4.79882173500006],[-75.748459451,4.79879165800002],[-75.748409096,4.79876986400006],[-75.748316942,4.79875158600003],[-75.7482040829999,4.79871978000005],[-75.7481013999999,4.79868117400002],[-75.747988471,4.79865940000008],[-75.7477954999999,4.79858790900004],[-75.748628665,4.79592153100003]]]},"properties":{"FID":149,"ID_BAR":318,"CODCOM":"13","COMUNA":"San Joaquin","CODBAR":"011303","NOMBRE":"Bello Horizonte","NOM_POPULA":"Bello Horizonte","NORMA":"Sin"}},{"type":"Feature","id":150,"geometry":{"type":"Polygon","coordinates":[[[-75.757608099,4.79666761900006],[-75.756828426,4.79569901100006],[-75.757214791,4.79548363700006],[-75.758574342,4.79601467800006],[-75.759862303,4.79614375800003],[-75.760792522,4.79648820800002],[-75.760924839,4.79704006100008],[-75.7605207519999,4.79783768700002],[-75.760102261,4.79828907600006],[-75.760005614,4.79828276900003],[-75.759476122,4.79828282000006],[-75.7589323669999,4.79878532800006],[-75.758402879,4.79882844600006],[-75.757963188,4.79891670500007],[-75.75790201,4.79885720500005],[-75.7578161009999,4.79836911300003],[-75.758159522,4.79801018400001],[-75.758087899,4.79726368500007],[-75.757687155,4.79674691100006],[-75.757608099,4.79666761900006]]]},"properties":{"FID":150,"ID_BAR":250,"CODCOM":"13","COMUNA":"San Joaquin","CODBAR":"011311","NOMBRE":"Quintas de Corazal","NOM_POPULA":"Quintas de Corazal","NORMA":"Sin"}},{"type":"Feature","id":151,"geometry":{"type":"Polygon","coordinates":[[[-75.65759812,4.79793911300004],[-75.6576106049999,4.79809811100005],[-75.657652818,4.79816231700005],[-75.657833249,4.79817943200003],[-75.6579093079999,4.79819862100004],[-75.658037161,4.79825400600004],[-75.658148751,4.79825389300003],[-75.658307566,4.79821642900004],[-75.6583509129999,4.79822565400003],[-75.6584036209999,4.79828562300002],[-75.6584436749999,4.79847742100003],[-75.658454378,4.79849227600003],[-75.658752185,4.79875747000006],[-75.658338327,4.79943516600002],[-75.657741818,4.79906193700003],[-75.657486229,4.79952706500006],[-75.6573212289999,4.79942905800004],[-75.657091194,4.79930071800004],[-75.6568351399999,4.79914521000005],[-75.656984558,4.79870928500004],[-75.6573728559999,4.79799020500008],[-75.65759812,4.79793911300004]]]},"properties":{"FID":151,"ID_BAR":319,"CODCOM":"05","COMUNA":"Oriente","CODBAR":"010503","NOMBRE":"Altos Del Otun *2, *3","NOM_POPULA":"Altos Del Otun *2, *3","NORMA":"Sin"}},{"type":"Feature","id":152,"geometry":{"type":"Polygon","coordinates":[[[-75.752304587,4.80201981400007],[-75.7524354659999,4.80199455400003],[-75.752530858,4.80184141600006],[-75.7524412069999,4.80173651200005],[-75.7525548039999,4.80150095200001],[-75.7528632309999,4.80249286900004],[-75.752900741,4.80261350300002],[-75.7531900379999,4.80287050200007],[-75.753202735,4.80312952000003],[-75.7531852279999,4.80312958500001],[-75.753187189,4.80302397500003],[-75.7528422519999,4.80306537800003],[-75.752221028,4.80313994300008],[-75.7522448619999,4.80293656600004],[-75.751302744,4.80297253600003],[-75.751183478,4.80285291400001],[-75.751183436,4.80235045800003],[-75.75175587,4.80242218900003],[-75.752197101,4.80224270300005],[-75.752304587,4.80201981400007]]]},"properties":{"FID":152,"ID_BAR":259,"CODCOM":"11","COMUNA":"Olimpica","CODBAR":"011107","NOMBRE":"Alegrias de la Villa","NOM_POPULA":"Alegrias de la Villa","NORMA":"Sin"}},{"type":"Feature","id":153,"geometry":{"type":"Polygon","coordinates":[[[-75.754662791,4.80303612900002],[-75.754747369,4.80281238700007],[-75.755021626,4.80246542900004],[-75.7552521699999,4.80225512100003],[-75.7558087049999,4.80236965200003],[-75.7566000799999,4.80263227500005],[-75.7567031519999,4.80269257800007],[-75.756512379,4.80308738200005],[-75.7559888059999,4.80304803800004],[-75.755558326,4.80301568900006],[-75.7548785709999,4.80305164000004],[-75.754720401,4.80296571200007],[-75.7546797839999,4.80303606600006],[-75.754662791,4.80303612900002]]]},"properties":{"FID":153,"ID_BAR":259,"CODCOM":"11","COMUNA":"Olimpica","CODBAR":"011107","NOMBRE":"Rivera Campestre","NOM_POPULA":"Rivera Campestre","NORMA":"Sin"}},{"type":"Feature","id":154,"geometry":{"type":"Polygon","coordinates":[[[-75.754913766,4.79936549900004],[-75.754699509,4.79799048200004],[-75.754726341,4.79799087000003],[-75.75542423,4.79799228800005],[-75.75538693,4.79778795500004],[-75.7552018009999,4.79744549100007],[-75.755328493,4.79731082900002],[-75.75548259,4.79742391400004],[-75.755624961,4.79754556600006],[-75.7562876269999,4.79814633800003],[-75.7569204329999,4.79872261200006],[-75.756777088,4.79890130900002],[-75.756607543,4.79905026200004],[-75.756571943,4.79908286800003],[-75.756358489,4.79925317700002],[-75.756079395,4.79941199000007],[-75.755989603,4.79943882400005],[-75.7557997339999,4.79947097700006],[-75.755609654,4.79948031100002],[-75.755390946,4.79948893800002],[-75.755249846,4.79948777900005],[-75.754932047,4.79948275900006],[-75.754913766,4.79936549900004]]]},"properties":{"FID":154,"ID_BAR":320,"CODCOM":"13","COMUNA":"San Joaquin","CODBAR":"011339","NOMBRE":"Santa Clara de Las Villas *4","NOM_POPULA":"Santa Clara de Las Villas *4","NORMA":"Sin"}},{"type":"Feature","id":155,"geometry":{"type":"Polygon","coordinates":[[[-75.7356871489999,4.79943831300005],[-75.7356310169999,4.79936699300003],[-75.735475056,4.79915250500005],[-75.735445053,4.79908432900005],[-75.7354079369999,4.79897771900004],[-75.7353853289999,4.79888827800005],[-75.735362792,4.79886192600002],[-75.73533029,4.79881651700004],[-75.7353068369999,4.79877598200006],[-75.7352670459999,4.79869740300006],[-75.735219226,4.79863931200003],[-75.73520919,4.79862279800005],[-75.735200984,4.79857975500004],[-75.735208026,4.79855947900005],[-75.735242641,4.79852404800004],[-75.735261655,4.79848814000007],[-75.7352703179999,4.79846498500005],[-75.735287079,4.79844808200005],[-75.735314826,4.79838974300003],[-75.735320953,4.79837266400006],[-75.7353437689999,4.79824895600006],[-75.735365424,4.79818067400004],[-75.7353925369999,4.79801517700001],[-75.7353943319999,4.79798750100002],[-75.735388381,4.79796164400006],[-75.735348378,4.79785512300004],[-75.735298867,4.79777101600007],[-75.735242349,4.79771179400007],[-75.735206924,4.79765200800006],[-75.735189458,4.79762947200004],[-75.735724064,4.79767946600003],[-75.736265843,4.79693335200004],[-75.736304752,4.79685996400002],[-75.7364160239999,4.79672497000006],[-75.736464725,4.79682283600003],[-75.736473282,4.79684040900004],[-75.7364860289999,4.79686123300006],[-75.736500221,4.79687972600003],[-75.7365706479999,4.79695477200006],[-75.736600192,4.79697919800003],[-75.736632976,4.79700940000003],[-75.736665548,4.79704320500001],[-75.736697487,4.79707829900002],[-75.7367284749999,4.79712026500004],[-75.736771401,4.79716212400006],[-75.73683306,4.79724669000006],[-75.7368649639999,4.79731287000004],[-75.73687993,4.79739489300005],[-75.7368958119999,4.79741306800002],[-75.736895813,4.79745665800005],[-75.736902186,4.79748868000006],[-75.736936027,4.79756596900006],[-75.736981277,4.79760406700006],[-75.736736798,4.79801895700007],[-75.736436155,4.79844741400005],[-75.7364403449999,4.79849156900001],[-75.7363252009999,4.79867223800004],[-75.736276044,4.79869989800005],[-75.736059487,4.79895263100001],[-75.736034556,4.79899887000004],[-75.7356871489999,4.79943831300005]]]},"properties":{"FID":155,"ID_BAR":321,"CODCOM":"15","COMUNA":"El Oso","CODBAR":"011516","NOMBRE":"Libertador","NOM_POPULA":"Libertador","NORMA":"Sin"}},{"type":"Feature","id":156,"geometry":{"type":"Polygon","coordinates":[[[-75.709361208,4.79079970000003],[-75.709152869,4.79068783600007],[-75.709998613,4.78894934300006],[-75.7100350599999,4.78899469700001],[-75.710698136,4.78955978100003],[-75.710641027,4.78968682500005],[-75.710788398,4.78974751300006],[-75.710562049,4.79015121200007],[-75.710037356,4.79114417400006],[-75.70973922,4.79106043800004],[-75.709361208,4.79079970000003]]]},"properties":{"FID":156,"ID_BAR":0,"CODCOM":" ","COMUNA":" ","CODBAR":" ","NOMBRE":"Multifamiliares  Villa Verde","NOM_POPULA":"Multifamiliares  Villa Verde","NORMA":" "}},{"type":"Feature","id":157,"geometry":{"type":"Polygon","coordinates":[[[-75.752181171,4.79719392200008],[-75.752275131,4.79878542000007],[-75.752196872,4.79914100400004],[-75.7508517059999,4.79951437100004],[-75.750407923,4.79764814300006],[-75.749924689,4.79771107700003],[-75.749849706,4.796370516],[-75.750779876,4.79616945700008],[-75.7520822019999,4.79694456500004],[-75.752181171,4.79719392200008]]]},"properties":{"FID":157,"ID_BAR":322,"CODCOM":"13","COMUNA":"San Joaquin","CODBAR":"011340","NOMBRE":"EL Nogal Club Residencial","NOM_POPULA":"EL Nogal Club Residencial","NORMA":"Sin"}},{"type":"Feature","id":158,"geometry":{"type":"Polygon","coordinates":[[[-75.71671613,4.80434637200004],[-75.7172562279999,4.80415398600008],[-75.717676006,4.80404869500006],[-75.7179431339999,4.80389555600004],[-75.7178985529999,4.80406328900006],[-75.717925843,4.80405602400002],[-75.718076447,4.80444447100007],[-75.71796425,4.80452974100006],[-75.7176187859999,4.80469949700006],[-75.717447858,4.80493033500005],[-75.7173707439999,4.80503447600005],[-75.7172853979999,4.80549118100002],[-75.7172808069999,4.80549386800003],[-75.716826951,4.80549388300004],[-75.716596937,4.80541432600006],[-75.71655026,4.80499622200006],[-75.716483151,4.80469026400004],[-75.7165502449999,4.80452726300006],[-75.71671613,4.80434637200004]]]},"properties":{"FID":158,"ID_BAR":205,"CODCOM":"08","COMUNA":"El Jardin","CODBAR":"010802","NOMBRE":"Jardines de Tanambi","NOM_POPULA":"Jardines de Tanambi","NORMA":"Sin"}},{"type":"Feature","id":159,"geometry":{"type":"Polygon","coordinates":[[[-75.73428045,4.79931294500005],[-75.7342675959999,4.79928834100003],[-75.7344060889999,4.79920216600004],[-75.734794558,4.79894270200003],[-75.7348293479999,4.79887788200006],[-75.7349047009999,4.79866462600006],[-75.734949421,4.79849425500005],[-75.735059389,4.79834175800006],[-75.7351040729999,4.79822871900007],[-75.735112735,4.79812456400003],[-75.735078788,4.79798298400005],[-75.735023255,4.79789651000004],[-75.7349483209999,4.79781360400005],[-75.734837258,4.79771559700004],[-75.7341410539999,4.79728379800001],[-75.733971396,4.79714893000004],[-75.733808604,4.79697121300006],[-75.733650742,4.79683643500004],[-75.7335012619999,4.79673408300004],[-75.733196456,4.79654686500004],[-75.7330244739999,4.79643730700007],[-75.732803722,4.79625697800003],[-75.732726886,4.79618590600006],[-75.732515324,4.79589054100006],[-75.732393451,4.79577391800006],[-75.732237386,4.79565701200004],[-75.731906206,4.79548975300003],[-75.731529356,4.79545008600008],[-75.731247793,4.79542698600005],[-75.7311226099999,4.79536126500005],[-75.731047712,4.79532172000007],[-75.7309290429999,4.79523386800003],[-75.730853934,4.79516926],[-75.730796255,4.79511003900007],[-75.73072942,4.79501438000006],[-75.73079333,4.79470919300008],[-75.730859177,4.79454438600003],[-75.730924708,4.79441765900003],[-75.730978125,4.79429176200004],[-75.730984603,4.79424878900005],[-75.730949778,4.79417564900006],[-75.730916959,4.79413718100005],[-75.730758253,4.79395102200003],[-75.7305305299999,4.79370996800003],[-75.730317914,4.79349169900006],[-75.730193471,4.79335460500005],[-75.730072126,4.79325447800005],[-75.7299507819999,4.79316517800003],[-75.7298644749999,4.79308668700002],[-75.729699854,4.79281115600003],[-75.729609919,4.79263654700001],[-75.729484208,4.79241825900005],[-75.729323073,4.79207464000006],[-75.729266345,4.79204542700007],[-75.7292157799999,4.79205927400006],[-75.728999608,4.79226986200007],[-75.7286093449999,4.79262703000006],[-75.728514482,4.79263381300007],[-75.728340319,4.79262877900003],[-75.72823549,4.79265288900007],[-75.728175558,4.79268547600003],[-75.727953366,4.79287377300004],[-75.727925125,4.79282658000005],[-75.727780294,4.79293409100005],[-75.727168365,4.79347459300003],[-75.7269754339999,4.79368680500005],[-75.7268887399999,4.79379081800005],[-75.7263130429999,4.79436118700004],[-75.7253036659999,4.79325709800002],[-75.725324338,4.79240743600006],[-75.7252190519999,4.79201135900008],[-75.725156796,4.79173967700006],[-75.725139755,4.79136723200003],[-75.723700047,4.79091758000003],[-75.7246452379999,4.78780236200003],[-75.7248763379999,4.78812771900005],[-75.7254068509999,4.78832787000004],[-75.727297348,4.78897219200006],[-75.728023186,4.78923203900007],[-75.728628493,4.78942494500005],[-75.729135522,4.78962519900005],[-75.729531348,4.78974138000007],[-75.730071723,4.78990501900006],[-75.730603577,4.79000648500005],[-75.7307522099999,4.79005491500004],[-75.730771577,4.79011175200003],[-75.730750556,4.79018460900005],[-75.730616501,4.79032226900005],[-75.730341526,4.79051708700007],[-75.73018969,4.79066769400003],[-75.729281907,4.79158170300001],[-75.7293348329999,4.79164714200003],[-75.72937163,4.79169936900006],[-75.7294104699999,4.79174682800002],[-75.729507799,4.79189948300006],[-75.729542695,4.79198018200003],[-75.729578929,4.79207979600005],[-75.729621045,4.79217466100005],[-75.729633827,4.79219599600002],[-75.729648335,4.79221346400003],[-75.729729114,4.79229114300006],[-75.729753622,4.79232784500005],[-75.72975672,4.79233923700001],[-75.729825034,4.79240679500004],[-75.729856303,4.79252426700002],[-75.7298783109999,4.79255328500007],[-75.729894122,4.79258219900003],[-75.729996205,4.79276860600004],[-75.730225724,4.79303565900004],[-75.730246359,4.79307010100005],[-75.730366717,4.79320466800005],[-75.730426015,4.79326623900005],[-75.730437565,4.79327159100005],[-75.7305648609999,4.79342883800005],[-75.730596482,4.79346384400003],[-75.7306364139999,4.79350414900005],[-75.7306774369999,4.79354256400006],[-75.7307221579999,4.79358129800004],[-75.7307489199999,4.79360129100006],[-75.730842868,4.79369723200005],[-75.730907062,4.79377411500009],[-75.7310091809999,4.79394376200001],[-75.731047774,4.79398004000006],[-75.7311916519999,4.79372739700005],[-75.731615758,4.79395484900005],[-75.731377723,4.79457356000006],[-75.731528752,4.79466457400004],[-75.731692986,4.79475023400005],[-75.731922329,4.79483847400006],[-75.731987895,4.79473000900002],[-75.732366224,4.79491397600003],[-75.732475315,4.79496703300003],[-75.732687545,4.79509951600004],[-75.732923538,4.79470734000005],[-75.733022558,4.79476445900002],[-75.733681417,4.79366766000004],[-75.733714446,4.79368772500004],[-75.733888328,4.79373410400006],[-75.733907449,4.79374334100001],[-75.734052316,4.79385826800006],[-75.7340925999999,4.79389670100005],[-75.7341769709999,4.79399536200002],[-75.734228453,4.79406805900003],[-75.7342977879999,4.79413815900005],[-75.734342404,4.79417567400003],[-75.7343797299999,4.79420965600001],[-75.734420929,4.79425125000004],[-75.734443185,4.79427578300004],[-75.734511604,4.79434070800004],[-75.734521851,4.79434865600006],[-75.73334751,4.79556173200007],[-75.733550483,4.79605028700007],[-75.733944477,4.79564984400002],[-75.73395226,4.79568802900007],[-75.733963951,4.79571259700004],[-75.734011736,4.79577635800006],[-75.73402649,4.79579656300006],[-75.7341080799999,4.79588807000003],[-75.7341649849999,4.79594266500003],[-75.7342956259999,4.79604787700003],[-75.734428169,4.79613277800008],[-75.734451198,4.79614526500006],[-75.734323447,4.79631752700003],[-75.7340433319999,4.79669518500002],[-75.734082805,4.79672854800002],[-75.7340987219999,4.79674947900002],[-75.734123196,4.79677669500007],[-75.734149324,4.79680080400003],[-75.734195384,4.79686292200006],[-75.7342555279999,4.79692477500002],[-75.734291199,4.79695227400002],[-75.734335885,4.79698383600003],[-75.734379479,4.79701186600005],[-75.73449512,4.79712536200002],[-75.734542764,4.79716699200003],[-75.734631537,4.79724454600006],[-75.73476584,4.79733117800002],[-75.734791194,4.79734288800006],[-75.7348140829999,4.79735636400005],[-75.734834436,4.79737105900006],[-75.734874931,4.79738598300003],[-75.73492497,4.79740682400007],[-75.734971733,4.79742883100004],[-75.7350170879999,4.79746355400005],[-75.735047934,4.79748091600003],[-75.7350690269999,4.79749575100005],[-75.73508343,4.79750749700004],[-75.735148786,4.79758853100003],[-75.735189458,4.79762947200004],[-75.735206924,4.79765200800006],[-75.735242349,4.79771179400007],[-75.735298867,4.79777101600007],[-75.735348378,4.79785512300004],[-75.735388381,4.79796164400006],[-75.7353943319999,4.79798750100002],[-75.7353925369999,4.79801517700001],[-75.735365424,4.79818067400004],[-75.7353437689999,4.79824895600006],[-75.735320953,4.79837266400006],[-75.735314826,4.79838974300003],[-75.735287079,4.79844808200005],[-75.7352703179999,4.79846498500005],[-75.735261655,4.79848814000007],[-75.735242641,4.79852404800004],[-75.735208026,4.79855947900005],[-75.735200984,4.79857975500004],[-75.73520919,4.79862279800005],[-75.735219226,4.79863931200003],[-75.7352670459999,4.79869740300006],[-75.7353068369999,4.79877598200006],[-75.734874072,4.79908537700004],[-75.734692619,4.79917863700007],[-75.7344700369999,4.79931147700005],[-75.734405668,4.79933431500007],[-75.73428045,4.79931294500005]]]},"properties":{"FID":159,"ID_BAR":323,"CODCOM":"15","COMUNA":"El Oso","CODBAR":"011508","NOMBRE":"Hacienda Cuba","NOM_POPULA":"Hacienda Cuba","NORMA":"Sin"}},{"type":"Feature","id":160,"geometry":{"type":"Polygon","coordinates":[[[-75.7201745419999,4.80570543200002],[-75.7200424229999,4.80570543700003],[-75.719856374,4.80545421600004],[-75.719707942,4.80526893300004],[-75.7195343669999,4.80505226400004],[-75.719302069,4.80480371600002],[-75.7187830239999,4.80424836200006],[-75.718625597,4.80400431800006],[-75.718623865,4.80396149900003],[-75.718747235,4.80391817800006],[-75.718860327,4.80382275100003],[-75.718861718,4.80382486100007],[-75.719104799,4.80361646500006],[-75.719872664,4.80345213600001],[-75.7209454709999,4.80401662000002],[-75.721129979,4.80415495900007],[-75.72120132,4.80420356600007],[-75.7219742839999,4.80476836000002],[-75.722239098,4.80506651300004],[-75.7227185249999,4.80548281300003],[-75.722704157,4.80554253600006],[-75.722803388,4.80559095800004],[-75.722282056,4.80568381400008],[-75.721831267,4.80569818800006],[-75.721244527,4.80571974600002],[-75.7209654649999,4.80565515500006],[-75.7203572559999,4.80561211200006],[-75.7201745419999,4.80570543200002]]]},"properties":{"FID":160,"ID_BAR":205,"CODCOM":"08","COMUNA":"El Jardin","CODBAR":"010802","NOMBRE":"Andalucia","NOM_POPULA":"Andalucia","NORMA":"Sin"}},{"type":"Feature","id":161,"geometry":{"type":"Polygon","coordinates":[[[-75.7342675959999,4.79928834100003],[-75.734112796,4.79899142300007],[-75.7347300439999,4.79868492200005],[-75.734485695,4.79818704300004],[-75.734615173,4.79811088100006],[-75.734714297,4.79804936300007],[-75.734949421,4.79849425500005],[-75.7349047009999,4.79866462600006],[-75.7348293479999,4.79887788200006],[-75.734794558,4.79894270200003],[-75.7344060889999,4.79920216600004],[-75.7342675959999,4.79928834100003]]]},"properties":{"FID":161,"ID_BAR":324,"CODCOM":"14","COMUNA":"Perla Del Otun","CODBAR":"011407","NOMBRE":"Gaviria Trujillo","NOM_POPULA":"Gaviria Trujillo","NORMA":"82"}},{"type":"Feature","id":162,"geometry":{"type":"Polygon","coordinates":[[[-75.718860327,4.80382275100003],[-75.718747235,4.80391817800006],[-75.718623865,4.80396149900003],[-75.71860911,4.80359670800005],[-75.718606634,4.80359781900005],[-75.718486893,4.80345278100004],[-75.71852695,4.80363357600003],[-75.7179431339999,4.80389555600004],[-75.717676006,4.80404869500006],[-75.7172562279999,4.80415398600008],[-75.71671613,4.80434637200004],[-75.7165979389999,4.80426885500003],[-75.716321264,4.80424972300004],[-75.715968253,4.80381905800004],[-75.7165813719999,4.80340521200004],[-75.717418381,4.80312035700006],[-75.718572777,4.80309160500001],[-75.718754056,4.80337871600005],[-75.7186664809999,4.80352859300007],[-75.718860327,4.80382275100003]]]},"properties":{"FID":162,"ID_BAR":205,"CODCOM":"08","COMUNA":"El Jardin","CODBAR":"010802","NOMBRE":"Arco Iris de la Colina","NOM_POPULA":"Arco Iris de la Colina","NORMA":"Sin"}},{"type":"Feature","id":163,"geometry":{"type":"Polygon","coordinates":[[[-75.720336506,4.80621540700002],[-75.7203286549999,4.80615045800005],[-75.720257088,4.80578438600003],[-75.7202482019999,4.80569825100002],[-75.7201745419999,4.80569825400004],[-75.7203572559999,4.80560493400002],[-75.7209654649999,4.80564797800001],[-75.721244527,4.80571256800004],[-75.721831267,4.80569101000002],[-75.7222820549999,4.80567663600004],[-75.722803388,4.80558378000005],[-75.722976129,4.80571249600007],[-75.722933218,4.80622931000006],[-75.722915281,4.80624583000002],[-75.722718566,4.80645183500008],[-75.722496757,4.80663847100003],[-75.722282095,4.80663130200003],[-75.7214019799999,4.80658109200004],[-75.721115757,4.80638012100007],[-75.72056479,4.80632989800004],[-75.720336506,4.80621540700002]]]},"properties":{"FID":163,"ID_BAR":205,"CODCOM":"08","COMUNA":"El Jardin","CODBAR":"010802","NOMBRE":"La Castellana","NOM_POPULA":"La Castellana","NORMA":"Sin"}},{"type":"Feature","id":164,"geometry":{"type":"Polygon","coordinates":[[[-75.7229321949999,4.79748498100001],[-75.722893073,4.79744395200004],[-75.723045864,4.79729915800003],[-75.7233665859999,4.79699519100006],[-75.723640334,4.79669092400007],[-75.724804335,4.79752697300005],[-75.7251505839999,4.79781200800004],[-75.724669466,4.79843765800006],[-75.724686579,4.79855954500005],[-75.7249116259999,4.79874568800005],[-75.725021209,4.79887937500006],[-75.725113009,4.79919870900005],[-75.7229321949999,4.79748498100001]]]},"properties":{"FID":164,"ID_BAR":325,"CODCOM":"15","COMUNA":"El Oso","CODBAR":"011528","NOMBRE":"Pueblito Paisa","NOM_POPULA":"Pueblito Paisa","NORMA":"Sin"}},{"type":"Feature","id":165,"geometry":{"type":"Polygon","coordinates":[[[-75.742272676,4.79891717500005],[-75.742753496,4.79823510000006],[-75.742805295,4.79827747100007],[-75.742874807,4.79830853700003],[-75.742932871,4.79821985300003],[-75.743057032,4.79822689800005],[-75.7431584139999,4.79831628300007],[-75.743290395,4.79840127200003],[-75.7434589969999,4.79851621400008],[-75.7435527009999,4.79855939500004],[-75.7434215709999,4.79872455900005],[-75.743379493,4.79878321600006],[-75.743314035,4.79888988100004],[-75.743259843,4.79897603900002],[-75.743209595,4.79903577300006],[-75.743093887,4.79910868700006],[-75.74291694,4.79910869000003],[-75.74268154,4.79911685600008],[-75.7425079399999,4.79914923500007],[-75.742370711,4.79899529300008],[-75.742272676,4.79891717500005]]]},"properties":{"FID":165,"ID_BAR":326,"CODCOM":"13","COMUNA":"San Joaquin","CODBAR":"011331","NOMBRE":"Portal de Corales","NOM_POPULA":"Portal de Corales","NORMA":"Sin"}},{"type":"Feature","id":166,"geometry":{"type":"Polygon","coordinates":[[[-75.7218437019999,4.80715060900008],[-75.721251739,4.80714097800006],[-75.720800949,4.80714099600004],[-75.720407398,4.80701898600005],[-75.720149802,4.80697592800004],[-75.7202928999999,4.80670316100002],[-75.720357286,4.80638732900007],[-75.720336506,4.80621540700002],[-75.72056479,4.80632989800004],[-75.721115757,4.80638012100007],[-75.7214019799999,4.80658109200004],[-75.722282095,4.80663130200003],[-75.722496757,4.80663847100003],[-75.722718566,4.80645183500008],[-75.722915281,4.80624583000002],[-75.723106145,4.80652444500002],[-75.72322661,4.80672457500003],[-75.723405505,4.80696144000006],[-75.723126453,4.80716243400003],[-75.7218437019999,4.80715060900008]]]},"properties":{"FID":166,"ID_BAR":205,"CODCOM":"08","COMUNA":"El Jardin","CODBAR":"010802","NOMBRE":"Paseo de la Castellana","NOM_POPULA":"Paseo de la Castellana","NORMA":"Sin"}},{"type":"Feature","id":167,"geometry":{"type":"Polygon","coordinates":[[[-75.749219264,4.80089043200008],[-75.749244557,4.80085236500001],[-75.74917034,4.80067135400004],[-75.749020119,4.80030497200004],[-75.748824696,4.79982834600004],[-75.749177689,4.79979960600003],[-75.749607094,4.80086190600001],[-75.749394679,4.80097040800005],[-75.749219264,4.80089043200008]]]},"properties":{"FID":167,"ID_BAR":232,"CODCOM":"11","COMUNA":"Olimpica","CODBAR":"011121","NOMBRE":"Coral Plaza","NOM_POPULA":"Coral Plaza","NORMA":"3"}},{"type":"Feature","id":168,"geometry":{"type":"Polygon","coordinates":[[[-75.740032556,4.79901219300006],[-75.739983856,4.79900848500005],[-75.739983918,4.79858872300002],[-75.7396892479999,4.79823272700002],[-75.739463563,4.79800983400002],[-75.739335947,4.79784711300004],[-75.738933542,4.79843470900005],[-75.738722904,4.79884435500004],[-75.7384918019999,4.79899390500002],[-75.738432186,4.79897546600006],[-75.738389119,4.79888743900005],[-75.738340593,4.79874797800005],[-75.738318899,4.79864735700005],[-75.7382525209999,4.79855431300007],[-75.738140895,4.79850173400007],[-75.7382594549999,4.79830584000007],[-75.737874077,4.79801747400006],[-75.737906156,4.79801515900003],[-75.73796063,4.79799726600003],[-75.738038204,4.79793871500004],[-75.738330923,4.79750404100002],[-75.7388000189999,4.79675790700002],[-75.739246969,4.79620137800004],[-75.739249575,4.79622410900004],[-75.739257005,4.79624145400004],[-75.73926764,4.79626128800005],[-75.739287853,4.79628642200003],[-75.739315179,4.79630784600005],[-75.73933342,4.79631725900003],[-75.73935335,4.79632420000007],[-75.739435997,4.79644077000005],[-75.7394835709999,4.79648465900004],[-75.739589704,4.79656291900004],[-75.7397743289999,4.79671903300005],[-75.739932369,4.79692500700003],[-75.739982445,4.79701918200004],[-75.740035899,4.79708887600002],[-75.740103861,4.79716104300006],[-75.740154429,4.79725675300006],[-75.740214646,4.79734456900006],[-75.74026803,4.79740771100006],[-75.740305076,4.79750488800004],[-75.740349728,4.79759155600004],[-75.740391915,4.79765690600003],[-75.7404041349999,4.79771224100005],[-75.740431673,4.79777487200004],[-75.7405071749999,4.79803014300006],[-75.740517317,4.79809323200004],[-75.740551582,4.79818325600007],[-75.740393371,4.79830535900004],[-75.740371753,4.79842277800002],[-75.740205523,4.79902469400002],[-75.740167,4.79902241600007],[-75.740032556,4.79901219300006]]]},"properties":{"FID":168,"ID_BAR":327,"CODCOM":"13","COMUNA":"San Joaquin","CODBAR":"011323","NOMBRE":"Leningrado III","NOM_POPULA":"Leningrado III","NORMA":"Sin"}},{"type":"Feature","id":169,"geometry":{"type":"Polygon","coordinates":[[[-75.7521586619999,4.80044414300003],[-75.752130131,4.80151605000003],[-75.7519393549999,4.80189889000007],[-75.7517199389999,4.80207117900005],[-75.7514432149999,4.80145868500005],[-75.7508230299999,4.80078879600006],[-75.750947044,4.80064522700007],[-75.751748435,4.80057816600005],[-75.7521586619999,4.80044414300003]]]},"properties":{"FID":169,"ID_BAR":259,"CODCOM":"11","COMUNA":"Olimpica","CODBAR":"011107","NOMBRE":"San Sebastian","NOM_POPULA":"San Sebastian","NORMA":"Sin"}},{"type":"Feature","id":170,"geometry":{"type":"Polygon","coordinates":[[[-75.739877688,4.79900018500008],[-75.739834516,4.79896699900006],[-75.7397982459999,4.79893785600006],[-75.739305612,4.79887359300005],[-75.7392662789999,4.79888883600006],[-75.7390015829999,4.79894981100006],[-75.738722904,4.79884435500004],[-75.738933542,4.79843470900005],[-75.739335947,4.79784711300004],[-75.739463563,4.79800983400002],[-75.7396892479999,4.79823272700002],[-75.739983918,4.79858872300002],[-75.739983856,4.79900848500005],[-75.739877688,4.79900018500008]]]},"properties":{"FID":170,"ID_BAR":328,"CODCOM":"13","COMUNA":"San Joaquin","CODBAR":"011318","NOMBRE":"Jose Maria Cordoba","NOM_POPULA":"Jose Maria Cordoba","NORMA":"Sin"}},{"type":"Feature","id":171,"geometry":{"type":"Polygon","coordinates":[[[-75.7651863959999,4.80867738000006],[-75.7652488639999,4.80869764700002],[-75.765413365,4.80876263400005],[-75.7651863959999,4.80867738000006]]]},"properties":{"FID":171,"ID_BAR":134,"CODCOM":"11","COMUNA":"Olimpica","CODBAR":"011110","NOMBRE":"El Palmar","NOM_POPULA":"El Palmar","NORMA":"Sin"}},{"type":"Feature","id":172,"geometry":{"type":"Polygon","coordinates":[[[-75.666236936,4.79898926900005],[-75.6659805149999,4.79897511600006],[-75.66500909,4.79897139000008],[-75.665024622,4.79892637100003],[-75.665037454,4.79877191500003],[-75.665036136,4.79855565800005],[-75.66502825,4.79853055900002],[-75.665603703,4.79853121200005],[-75.665585199,4.79832668000004],[-75.66558596,4.79808205800002],[-75.6656095069999,4.79781304500006],[-75.665711839,4.79738064700006],[-75.6661056249999,4.79741893900007],[-75.6665027019999,4.79765407600007],[-75.666577419,4.79771439900003],[-75.666567559,4.79772510200006],[-75.666557416,4.79774276400001],[-75.666535546,4.79777130400003],[-75.666503112,4.79780441800005],[-75.666442928,4.79784980400006],[-75.666396901,4.79788788000005],[-75.666296363,4.79793900400006],[-75.666249667,4.79797813900006],[-75.66617367,4.79806761000003],[-75.666135455,4.79815611200006],[-75.666241784,4.79832359600004],[-75.666265123,4.79840673400001],[-75.666277792,4.79849214900002],[-75.666336448,4.79860335700005],[-75.666332247,4.79871224400006],[-75.666237114,4.79896251100006],[-75.666236936,4.79898926900005]]]},"properties":{"FID":172,"ID_BAR":329,"CODCOM":"01","COMUNA":"Villa Santana","CODBAR":"010105","NOMBRE":"El Otono","NOM_POPULA":"El Otono","NORMA":"Sin"}},{"type":"Feature","id":173,"geometry":{"type":"Polygon","coordinates":[[[-75.746400555,4.79233678700006],[-75.745785141,4.79150419300003],[-75.745842238,4.78958050000005],[-75.748761701,4.79131733400003],[-75.747946112,4.79266685200002],[-75.746400555,4.79233678700006]]]},"properties":{"FID":173,"ID_BAR":330,"CODCOM":"13","COMUNA":" ","CODBAR":" ","NOMBRE":"Ciudadela Salamanca","NOM_POPULA":"Ciudadela Salamanca","NORMA":"Sin"}},{"type":"Feature","id":174,"geometry":{"type":"Polygon","coordinates":[[[-75.764003836,4.80881262300006],[-75.7643615599999,4.80836755400003],[-75.7647622809999,4.80853978300008],[-75.7651863959999,4.80867738000006],[-75.765413365,4.80876263400005],[-75.765334777,4.80915702500004],[-75.765191358,4.80934889500002],[-75.764905458,4.80921449400005],[-75.7644618049999,4.80904226900003],[-75.764003836,4.80881262300006]]]},"properties":{"FID":174,"ID_BAR":134,"CODCOM":"11","COMUNA":"Olimpica","CODBAR":"011110","NOMBRE":"Olivar de los Vientos II","NOM_POPULA":"Olivar de los Vientos II","NORMA":"Sin"}},{"type":"Feature","id":175,"geometry":{"type":"Polygon","coordinates":[[[-75.7229321949999,4.79748498100001],[-75.7228621199999,4.79763867800004],[-75.722625309,4.79797175300006],[-75.7225759039999,4.79806949500003],[-75.722529986,4.79817629900002],[-75.7224959339999,4.79827042100003],[-75.722231622,4.79868419400004],[-75.722173555,4.79875030300007],[-75.7221383409999,4.79883054200008],[-75.722115241,4.79880754600002],[-75.722083303,4.79878497400005],[-75.722039251,4.79876572100005],[-75.7218344519999,4.79869468200008],[-75.7217915269999,4.79866983100003],[-75.721701383,4.79859271700007],[-75.721634654,4.79852070700001],[-75.721582081,4.79845141800006],[-75.721572328,4.79843695200005],[-75.7215663759999,4.79841922000004],[-75.721560602,4.79839097700005],[-75.7215604959999,4.79836914700005],[-75.72155585,4.79808626700004],[-75.721522927,4.79794689400006],[-75.721501342,4.79788025400006],[-75.721472397,4.79780983400001],[-75.7214348959999,4.79773653600005],[-75.721326934,4.79759869800006],[-75.7212976709999,4.79753631400007],[-75.721289785,4.79741965500005],[-75.7212919349999,4.79720329200007],[-75.7212913019999,4.79707052500004],[-75.7212946129999,4.79693812800001],[-75.721309333,4.79680318800007],[-75.721326377,4.79668020600008],[-75.721254791,4.79642187700006],[-75.721259758,4.79621072400004],[-75.721375645,4.79605264700007],[-75.721484876,4.79613894600004],[-75.72165939,4.79629515300006],[-75.721754183,4.79641787100006],[-75.721946515,4.79666691100005],[-75.722062858,4.79678978800006],[-75.722422734,4.79707385300003],[-75.72268243,4.79723006000007],[-75.7227447559999,4.79728838100004],[-75.722893073,4.79744395200004],[-75.7229321949999,4.79748498100001]]]},"properties":{"FID":175,"ID_BAR":331,"CODCOM":"10","COMUNA":"Consota","CODBAR":"011001","NOMBRE":"Aguas Claras","NOM_POPULA":"Aguas Claras","NORMA":"Sin"}},{"type":"Feature","id":176,"geometry":{"type":"Polygon","coordinates":[[[-75.757697959,4.80775123400003],[-75.758141009,4.80706178400005],[-75.758303186,4.80693735100004],[-75.7585646599999,4.80696398500003],[-75.758564765,4.80696704400003],[-75.758577841,4.80696532800004],[-75.7587936959999,4.80688366500004],[-75.7588744019999,4.80681544900006],[-75.758932995,4.80674552200002],[-75.758998946,4.80668255300002],[-75.7590476459999,4.80665074100005],[-75.759071553,4.80660510100007],[-75.759085003,4.80655532800007],[-75.7591076429999,4.80652464700005],[-75.759166764,4.80646847900004],[-75.759414711,4.80664342900007],[-75.75913711,4.80712774200003],[-75.759030668,4.80731344800006],[-75.758798418,4.80771052500006],[-75.758553101,4.80806090300007],[-75.7581843729999,4.80792737600005],[-75.757697959,4.80775123400003]]]},"properties":{"FID":176,"ID_BAR":167,"CODCOM":"11","COMUNA":"Olimpica","CODBAR":"011139","NOMBRE":"Villas de La Madrid","NOM_POPULA":"Villas de La Madrid","NORMA":"Sin"}},{"type":"Feature","id":177,"geometry":{"type":"Polygon","coordinates":[[[-75.756109532,4.80773696600006],[-75.756070748,4.80740651700006],[-75.756223941,4.80751695000002],[-75.7573681269999,4.80598038000005],[-75.75836041,4.80673636300003],[-75.7584528849999,4.80678936100004],[-75.758560772,4.80685119100002],[-75.7585646599999,4.80696398500003],[-75.758303186,4.80693735100004],[-75.758141009,4.80706178400005],[-75.757697959,4.80775123400003],[-75.7575571949999,4.80797814100002],[-75.757356321,4.80830194500004],[-75.75621264,4.80769098400003],[-75.756109532,4.80773696600006]]]},"properties":{"FID":177,"ID_BAR":167,"CODCOM":"11","COMUNA":"Olimpica","CODBAR":"011139","NOMBRE":"Villasol Parque Residencial","NOM_POPULA":"Villasol Parque Residencial","NORMA":"Sin"}},{"type":"Feature","id":178,"geometry":{"type":"Polygon","coordinates":[[[-75.7435527009999,4.79855939500004],[-75.7434589969999,4.79851621400008],[-75.743290395,4.79840127200003],[-75.7431584139999,4.79831628300007],[-75.743057032,4.79822689800005],[-75.743211684,4.79800272400008],[-75.743702315,4.79829044900004],[-75.743830944,4.79808526300007],[-75.743884924,4.79803340400002],[-75.744253435,4.79822467800006],[-75.744196885,4.79831523400002],[-75.744309146,4.79838579100004],[-75.744062911,4.79880829800004],[-75.7439288519999,4.79872599500004],[-75.743819408,4.79866564600006],[-75.7437979979999,4.79865520700002],[-75.743723662,4.79861900100001],[-75.743660736,4.79859704900003],[-75.7435527009999,4.79855939500004]]]},"properties":{"FID":178,"ID_BAR":332,"CODCOM":"13","COMUNA":"San Joaquin","CODBAR":"011307","NOMBRE":"Codelmar I","NOM_POPULA":"Codelmar I","NORMA":"Sin"}},{"type":"Feature","id":179,"geometry":{"type":"Polygon","coordinates":[[[-75.703397853,4.79870775800003],[-75.703382327,4.79863214500004],[-75.7033472909999,4.79857267500006],[-75.703313839,4.79855255600005],[-75.703113343,4.79834477000002],[-75.702941119,4.79822792800006],[-75.702781117,4.79805529200007],[-75.702689955,4.79792140800002],[-75.702616789,4.79770228700004],[-75.702581191,4.79764181000007],[-75.702535697,4.79760314500003],[-75.7022230059999,4.79656768200002],[-75.7023792569999,4.79627209200002],[-75.7019473,4.79525184900007],[-75.70160441,4.79487541800006],[-75.701302089,4.79438734500007],[-75.701204241,4.79417341600003],[-75.70111474,4.79388551700004],[-75.700822637,4.79325513900005],[-75.70080655,4.79313180200005],[-75.700627513,4.79257243100006],[-75.700195956,4.79137136000003],[-75.700122783,4.79140892400004],[-75.700056687,4.79142873900001],[-75.699999255,4.79143670300005],[-75.699975065,4.79139097400002],[-75.699980137,4.79133959500006],[-75.699999895,4.79127018200006],[-75.7000160279999,4.79111615100003],[-75.700016843,4.79099648800006],[-75.7000745999999,4.79079932600006],[-75.700444284,4.79027401200005],[-75.700698889,4.78981685000003],[-75.70072379,4.78965248600002],[-75.7006996419999,4.78945514400004],[-75.700642567,4.78933171800002],[-75.7004873929999,4.78911766200002],[-75.700026225,4.78880500400003],[-75.699784505,4.78842566200005],[-75.699075271,4.78706272200003],[-75.699067676,4.78679142900006],[-75.698955968,4.78538552300005],[-75.698726155,4.78491903500001],[-75.6985221739999,4.78397091400006],[-75.698595239,4.78397967700005],[-75.698734399,4.78395349000005],[-75.6987810219999,4.783937684],[-75.698972722,4.78383544500001],[-75.699100196,4.78372592700002],[-75.6991186129999,4.78367949300003],[-75.6992377669999,4.78379958400006],[-75.6993125929999,4.78381816700005],[-75.6993998839999,4.78383104700003],[-75.699437097,4.78399197000005],[-75.6997324229999,4.78402742900004],[-75.6997815719999,4.78419082500006],[-75.699471165,4.78442683400004],[-75.699515092,4.78488686800005],[-75.6991939069999,4.78518874000001],[-75.699266387,4.78577253400002],[-75.699338261,4.78652579900006],[-75.6993375059999,4.78689571800004],[-75.6993616179999,4.78710127200003],[-75.6994604879999,4.78727030500006],[-75.699555273,4.78745996600004],[-75.699638931,4.78766084300003],[-75.699671606,4.78770201500003],[-75.6997052689999,4.78770318200002],[-75.699736961,4.78769989800002],[-75.699760343,4.78769444100004],[-75.699979755,4.78762104600002],[-75.7000772869999,4.78778665100003],[-75.7001261679999,4.78854669700007],[-75.700493004,4.78882093600003],[-75.700819143,4.78880920300001],[-75.701010102,4.78882485900004],[-75.70119841,4.78905860900004],[-75.7011991109999,4.78913282600007],[-75.701174102,4.78935471600004],[-75.701017387,4.78986405500006],[-75.700787114,4.79030745900007],[-75.7007785499999,4.79048828600002],[-75.700892302,4.79102774900001],[-75.7008567679999,4.79115262000005],[-75.700819471,4.7913146],[-75.700801403,4.79141393200007],[-75.700809142,4.79162766300005],[-75.701077249,4.79266399100004],[-75.7012481529999,4.79318224500003],[-75.7014669719999,4.79396652900005],[-75.701599891,4.79423756200002],[-75.701744821,4.79440668400001],[-75.702148872,4.79492083000001],[-75.702264047,4.79509374800006],[-75.702378588,4.79527968300004],[-75.702528199,4.79554792600004],[-75.7027112279999,4.79577086600005],[-75.7029016119999,4.79614729100007],[-75.703232353,4.79657061500006],[-75.703476173,4.79645511200004],[-75.703878177,4.79715467600004],[-75.703893173,4.79730049700003],[-75.703732565,4.79731550300004],[-75.70399879,4.79797604700002],[-75.7042248819999,4.79833629400002],[-75.7039120049999,4.79856511700006],[-75.703782742,4.79841461200005],[-75.703397853,4.79870775800003]]]},"properties":{"FID":179,"ID_BAR":333,"CODCOM":"17","COMUNA":"El Rocio","CODBAR":"011702","NOMBRE":"Rocio Alto *3","NOM_POPULA":"Rocio Alto *3","NORMA":"115"}},{"type":"Feature","id":180,"geometry":{"type":"Polygon","coordinates":[[[-75.753409814,4.80862738400003],[-75.7537447999999,4.80800893900004],[-75.7541101739999,4.80734823900002],[-75.754192013,4.80720129800007],[-75.754360375,4.80688308400004],[-75.754602187,4.80642604400003],[-75.755117403,4.80674182700005],[-75.75511742,4.80693323900005],[-75.75493618,4.80726822600008],[-75.754735839,4.80738309100007],[-75.754602301,4.80770850200001],[-75.754316123,4.80814877500006],[-75.75399179,4.80866561500005],[-75.7538806009999,4.80882179900003],[-75.753631033,4.80871873800003],[-75.753409814,4.80862738400003]]]},"properties":{"FID":180,"ID_BAR":167,"CODCOM":"11","COMUNA":"Olimpica","CODBAR":"011139","NOMBRE":"Serrezuela","NOM_POPULA":"Serrezuela","NORMA":"Sin"}},{"type":"Feature","id":181,"geometry":{"type":"Polygon","coordinates":[[[-75.7643615599999,4.80836755400003],[-75.7654205969999,4.80872634000002],[-75.765413365,4.80876263400005],[-75.7652488639999,4.80869764700002],[-75.7647622809999,4.80853978300008],[-75.7643615599999,4.80836755400003]]]},"properties":{"FID":181,"ID_BAR":134,"CODCOM":"11","COMUNA":"Olimpica","CODBAR":"011110","NOMBRE":"Olivar de los Vientos","NOM_POPULA":"Olivar de los Vientos","NORMA":"Sin"}},{"type":"Feature","id":182,"geometry":{"type":"Polygon","coordinates":[[[-75.7477954999999,4.79858790900004],[-75.7477540899999,4.79858753900003],[-75.747711588,4.79859183300005],[-75.7476715499999,4.79860033000005],[-75.7476454919999,4.79858533500004],[-75.747609504,4.79857170100007],[-75.747562846,4.79856401800002],[-75.747523125,4.79856561000003],[-75.7472602249999,4.79859885800004],[-75.747239485,4.79860761900006],[-75.747223886,4.79862220900003],[-75.747217548,4.79863257600005],[-75.7472134289999,4.79864365100001],[-75.747173849,4.79863120000005],[-75.747111732,4.79861569500003],[-75.7470564119999,4.79860587600006],[-75.7470136279999,4.79860079100007],[-75.746916931,4.79853920500005],[-75.7468962949999,4.79851573300003],[-75.746875589,4.79848053200003],[-75.74686689,4.79845743000003],[-75.7468611149999,4.79843250900007],[-75.746825935,4.79837403000004],[-75.746788325,4.79832132700006],[-75.7467487449999,4.79827376300004],[-75.746717862,4.79824108900005],[-75.7466634189999,4.79814267600005],[-75.7466251069999,4.79810449100005],[-75.746397626,4.79798246900003],[-75.746274167,4.79791277800008],[-75.746253743,4.79790481300006],[-75.74622434,4.79789532900002],[-75.746190746,4.79788722300003],[-75.7461586319999,4.79788203100002],[-75.746143243,4.79788040600005],[-75.74609493,4.79785239600006],[-75.746098205,4.79783167700003],[-75.746097218,4.79781000600001],[-75.74609264,4.79779139000005],[-75.746083942,4.79777243900002],[-75.7460444669999,4.79775652600005],[-75.746011578,4.79774020700005],[-75.745973724,4.79771763500002],[-75.745936996,4.79769117900004],[-75.745914036,4.79769949800002],[-75.745895691,4.79770225400007],[-75.745878647,4.79770200700005],[-75.7458618859999,4.79769907600007],[-75.745841462,4.79769157000004],[-75.746126835,4.79666586000007],[-75.746375836,4.79573732800003],[-75.7466596209999,4.79464985400004],[-75.7466876509999,4.79466228700006],[-75.74679301,4.79472682200002],[-75.7469079479999,4.79483574200004],[-75.746982073,4.79488273900005],[-75.747086058,4.79491149000006],[-75.747230924,4.79489590800005],[-75.747658831,4.79487463000004],[-75.74772489,4.79484121100007],[-75.747762425,4.79480429500006],[-75.7478103139999,4.79478246400004],[-75.74787993,4.79477294100006],[-75.747926622,4.79478064000006],[-75.747973279,4.79477293800006],[-75.748016452,4.79478553000007],[-75.7480556089999,4.79480760600006],[-75.74808878,4.79483802000003],[-75.748117233,4.79484897000002],[-75.748147339,4.79484437700007],[-75.748164735,4.79483485600002],[-75.748209065,4.79475707000005],[-75.748243889,4.79471339100007],[-75.7483103339999,4.79466024200001],[-75.748376886,4.79462684100002],[-75.7484200219999,4.79460875300003],[-75.748466185,4.79460122700004],[-75.74851154,4.79460520000002],[-75.7485365059999,4.79459518500005],[-75.7485806079999,4.79509681000007],[-75.748579102,4.79534175100002],[-75.7485791399999,4.79544424500005],[-75.748571431,4.79552538600006],[-75.748554461,4.79561719500003],[-75.7485481589999,4.79564349400004],[-75.748550064,4.79576508100007],[-75.748561756,4.79582087600004],[-75.748628665,4.79592153100003],[-75.7477954999999,4.79858790900004]]]},"properties":{"FID":182,"ID_BAR":334,"CODCOM":"13","COMUNA":"San Joaquin","CODBAR":"011329","NOMBRE":"Perla Del Sur","NOM_POPULA":"Perla Del Sur","NORMA":"Sin"}},{"type":"Feature","id":183,"geometry":{"type":"Polygon","coordinates":[[[-75.696905132,4.79729607500009],[-75.697217495,4.79677167800002],[-75.6973641599999,4.79670900000001],[-75.697996438,4.79689321000007],[-75.698737202,4.79722336600003],[-75.698398673,4.79786458200003],[-75.698325666,4.79810443300004],[-75.697789422,4.79853411600003],[-75.697766046,4.79839795700003],[-75.697750272,4.79836369100002],[-75.697703405,4.79832568000006],[-75.697631572,4.79827834200006],[-75.6975494549999,4.79825362900005],[-75.6974426899999,4.79824746000003],[-75.696953653,4.79815388200006],[-75.6967774359999,4.79758620800004],[-75.696858716,4.79740036900006],[-75.696905132,4.79729607500009]]]},"properties":{"FID":183,"ID_BAR":335,"CODCOM":"07","COMUNA":"Boston","CODBAR":"010720","NOMBRE":"Las Gaviotas","NOM_POPULA":"Las Gaviotas","NORMA":"97"}},{"type":"Feature","id":184,"geometry":{"type":"Polygon","coordinates":[[[-75.7643615599999,4.80836755400003],[-75.764544255,4.80811310100007],[-75.764620308,4.80809712000008],[-75.764674311,4.80795740800005],[-75.764712376,4.80781161100003],[-75.764893145,4.80788755800005],[-75.765749699,4.80828127400002],[-75.7654205969999,4.80872634000002],[-75.7643615599999,4.80836755400003]]]},"properties":{"FID":184,"ID_BAR":134,"CODCOM":"11","COMUNA":"Olimpica","CODBAR":"011110","NOMBRE":"Olivar de los Vientos","NOM_POPULA":"Olivar de los Vientos","NORMA":"Sin"}},{"type":"Feature","id":185,"geometry":{"type":"Polygon","coordinates":[[[-75.7651232709999,4.80648145900005],[-75.76495328,4.80652186600003],[-75.763975407,4.80680908400006],[-75.763841251,4.80681750900005],[-75.763796515,4.80673732300005],[-75.7634268029999,4.80656987600003],[-75.763581787,4.80607936800003],[-75.763808377,4.80611523400006],[-75.764082645,4.80589986800004],[-75.7641541639999,4.80556489000002],[-75.764559611,4.80532558400006],[-75.764619297,4.80588784900006],[-75.765000317,4.80622656600002],[-75.765144073,4.80635436100005],[-75.7651232709999,4.80648145900005]]]},"properties":{"FID":185,"ID_BAR":134,"CODCOM":"11","COMUNA":"Olimpica","CODBAR":"011110","NOMBRE":"La Italia","NOM_POPULA":"La Italia","NORMA":"Sin"}},{"type":"Feature","id":186,"geometry":{"type":"Polygon","coordinates":[[[-75.734485695,4.79818704300004],[-75.734423121,4.79822381700006],[-75.733967607,4.79845797000007],[-75.733849044,4.79850474200003],[-75.733650967,4.79812708800006],[-75.7336350149999,4.79809236400006],[-75.733505357,4.79781028100006],[-75.733476165,4.79774678600006],[-75.733326577,4.79750426600003],[-75.73316456,4.79733903700002],[-75.733053426,4.79722688300006],[-75.732950815,4.79713707000007],[-75.732820455,4.79702299100006],[-75.733196456,4.79654686500004],[-75.7335012619999,4.79673408300004],[-75.733650742,4.79683643500004],[-75.733808604,4.79697121300006],[-75.733971396,4.79714893000004],[-75.7341410539999,4.79728379800001],[-75.734837258,4.79771559700004],[-75.7349483209999,4.79781360400005],[-75.735023255,4.79789651000004],[-75.735078788,4.79798298400005],[-75.735112735,4.79812456400003],[-75.7351040729999,4.79822871900007],[-75.735059389,4.79834175800006],[-75.734949421,4.79849425500005],[-75.734714297,4.79804936300007],[-75.734615173,4.79811088100006],[-75.734485695,4.79818704300004]]]},"properties":{"FID":186,"ID_BAR":336,"CODCOM":"14","COMUNA":"Perla Del Otun","CODBAR":"011411","NOMBRE":"La Albania","NOM_POPULA":"La Albania","NORMA":"Sin"}},{"type":"Feature","id":187,"geometry":{"type":"Polygon","coordinates":[[[-75.738140895,4.79850173400007],[-75.738063742,4.79846538600003],[-75.738005852,4.79846455700005],[-75.737880246,4.79843052400003],[-75.7378445039999,4.79840784600003],[-75.737597342,4.79831093700005],[-75.737766537,4.79805509600004],[-75.737797699,4.79800592400006],[-75.7378347439999,4.79801480700008],[-75.737874077,4.79801747400006],[-75.7382594549999,4.79830584000007],[-75.738140895,4.79850173400007]]]},"properties":{"FID":187,"ID_BAR":337,"CODCOM":"13","COMUNA":"San Joaquin","CODBAR":"011327","NOMBRE":"Los Geranios","NOM_POPULA":"Los Geranios","NORMA":"62"}},{"type":"Feature","id":188,"geometry":{"type":"Polygon","coordinates":[[[-75.745234833,4.80796118000008],[-75.7452641399999,4.80771995500004],[-75.7452129319999,4.80741806600002],[-75.7457226029999,4.80734303900005],[-75.746455254,4.80723400700003],[-75.7467180519999,4.80719630800007],[-75.7469393329999,4.80716458000006],[-75.747033549,4.80780513500001],[-75.7458376989999,4.80799433200001],[-75.745654835,4.80800421100001],[-75.7455097909999,4.80800421400004],[-75.745485926,4.80815134800002],[-75.745234833,4.80796118000008]]]},"properties":{"FID":188,"ID_BAR":168,"CODCOM":"11","COMUNA":"Olimpica","CODBAR":"011115","NOMBRE":"Gamma IV","NOM_POPULA":"Gamma IV","NORMA":"Sin"}},{"type":"Feature","id":189,"geometry":{"type":"Polygon","coordinates":[[[-75.7444532119999,4.80794731700006],[-75.745234833,4.80796118000008],[-75.745485926,4.80815134800002],[-75.745454997,4.80834202900007],[-75.745271267,4.80862691600003],[-75.744918287,4.80878402400004],[-75.743141465,4.80901214100004],[-75.743165254,4.80815078600005],[-75.742938636,4.80772012600005],[-75.742681922,4.80729472300004],[-75.743034016,4.80737318600006],[-75.743821106,4.80732527600001],[-75.744095424,4.80770807900004],[-75.7444532119999,4.80794731700006]]]},"properties":{"FID":189,"ID_BAR":168,"CODCOM":"11","COMUNA":"Olimpica","CODBAR":"011115","NOMBRE":"Rincon de Unicentro","NOM_POPULA":"Rincon de Unicentro","NORMA":"Sin"}},{"type":"Feature","id":190,"geometry":{"type":"Polygon","coordinates":[[[-75.694638442,4.79849923300002],[-75.694217899,4.79834588700004],[-75.694264663,4.79757503600007],[-75.6942391809999,4.79732802800004],[-75.6941707459999,4.79692258700004],[-75.694062139,4.79638577100007],[-75.6940278439999,4.79632259100003],[-75.6938247639999,4.79572877500003],[-75.6938155409999,4.79568121100004],[-75.6935821119999,4.79499895800005],[-75.6935235229999,4.79487275800006],[-75.693622444,4.79471360800005],[-75.693566458,4.79467185200002],[-75.693466735,4.79465331900008],[-75.693496179,4.79453547700006],[-75.6936600229999,4.79456538800002],[-75.693753971,4.79458893600002],[-75.693821261,4.79461877100005],[-75.6939105229999,4.79467843900005],[-75.6939934809999,4.79474909100003],[-75.694038905,4.79478362400005],[-75.69410623,4.79481817500005],[-75.694173521,4.79484486500006],[-75.69425222,4.79488448600006],[-75.694355919,4.79495817800004],[-75.694402222,4.79500664500006],[-75.6944294039999,4.79504702200006],[-75.694620839,4.79543039200007],[-75.6947649529999,4.79571092900005],[-75.694835443,4.79584520100001],[-75.694882833,4.79599561500003],[-75.694777221,4.79617993400006],[-75.694686285,4.79650546300005],[-75.6946783509999,4.79674005300005],[-75.694693205,4.79688082200003],[-75.694713093,4.79702314700005],[-75.694748891,4.79731745500002],[-75.6947910919999,4.79774615600006],[-75.694775552,4.79798113400005],[-75.694638442,4.79849923300002]]]},"properties":{"FID":190,"ID_BAR":338,"CODCOM":"07","COMUNA":"Boston","CODBAR":"010706","NOMBRE":"Central","NOM_POPULA":"Central","NORMA":"Sin"}},{"type":"Feature","id":191,"geometry":{"type":"Polygon","coordinates":[[[-75.7336350149999,4.79809236400006],[-75.732932692,4.79844835500007],[-75.732572213,4.79820576600004],[-75.732487841,4.79812837100007],[-75.732421323,4.79804708900002],[-75.7323374439999,4.79791792500003],[-75.732208386,4.79765758400003],[-75.7321592279999,4.79756323300007],[-75.731932527,4.79764377500003],[-75.731649061,4.79774010700003],[-75.731285874,4.79787766300004],[-75.7311285069999,4.79786923900002],[-75.7310284659999,4.79782580900008],[-75.7307738389999,4.79769754600006],[-75.7311020929999,4.79726711400001],[-75.731098677,4.79720501400004],[-75.731533978,4.79664024200003],[-75.731977982,4.79699332500008],[-75.732296445,4.79661116400006],[-75.732576744,4.79681823400006],[-75.732820455,4.79702299100006],[-75.732950815,4.79713707000007],[-75.732424698,4.79741855900006],[-75.73269021,4.79792502300006],[-75.73281395,4.79817568500005],[-75.73309745,4.79803088700003],[-75.733505357,4.79781028100006],[-75.7336350149999,4.79809236400006]]]},"properties":{"FID":191,"ID_BAR":339,"CODCOM":"14","COMUNA":"Perla Del Otun","CODBAR":"011409","NOMBRE":"Heroes II","NOM_POPULA":"Heroes II","NORMA":"Sin"}},{"type":"Feature","id":192,"geometry":{"type":"Polygon","coordinates":[[[-75.743797199,4.80655963100001],[-75.7447870569999,4.80695434400006],[-75.744885562,4.80702679800005],[-75.743797199,4.80655963100001]]]},"properties":{"FID":192,"ID_BAR":179,"CODCOM":"11","COMUNA":"Olimpica","CODBAR":"011116","NOMBRE":"Gamma V","NOM_POPULA":"Gamma V","NORMA":"Sin"}},{"type":"Feature","id":193,"geometry":{"type":"Polygon","coordinates":[[[-75.741258908,4.79817131900006],[-75.741215315,4.79821319800004],[-75.74099675,4.79838412000004],[-75.7407756049999,4.79806837600005],[-75.740614964,4.79813424200005],[-75.740551582,4.79818325600007],[-75.740517317,4.79809323200004],[-75.7405071749999,4.79803014300006],[-75.740431673,4.79777487200004],[-75.7404041349999,4.79771224100005],[-75.740391915,4.79765690600003],[-75.740349728,4.79759155600004],[-75.740305076,4.79750488800004],[-75.74026803,4.79740771100006],[-75.740214646,4.79734456900006],[-75.740154429,4.79725675300006],[-75.740103861,4.79716104300006],[-75.740035899,4.79708887600002],[-75.739982445,4.79701918200004],[-75.739932369,4.79692500700003],[-75.7397743289999,4.79671903300005],[-75.739589704,4.79656291900004],[-75.7394835709999,4.79648465900004],[-75.73997725,4.79605711600003],[-75.740184413,4.79630618600003],[-75.740337487,4.79648487200007],[-75.740496548,4.79664312300003],[-75.740589407,4.796743938],[-75.740673322,4.79686324500004],[-75.7407434679999,4.79698380600006],[-75.740782592,4.79706860200001],[-75.740891582,4.79735116100005],[-75.7410459649999,4.79774128200006],[-75.7411451299999,4.79798547900002],[-75.741258908,4.79817131900006]]]},"properties":{"FID":193,"ID_BAR":340,"CODCOM":"13","COMUNA":"San Joaquin","CODBAR":"011326","NOMBRE":"Los Conquistadores","NOM_POPULA":"Los Conquistadores","NORMA":"76"}},{"type":"Feature","id":194,"geometry":{"type":"Polygon","coordinates":[[[-75.744917759,4.80704061800003],[-75.7449714589999,4.80706488400006],[-75.745025578,4.80707602200005],[-75.74520154,4.80707990300005],[-75.745309891,4.80706882600002],[-75.745818374,4.80698579900007],[-75.746603846,4.80688994100005],[-75.746674272,4.80687962400003],[-75.7467180519999,4.80719630800007],[-75.746455254,4.80723400700003],[-75.7457226029999,4.80734303900005],[-75.7452596899999,4.80741118300006],[-75.745259038,4.80741021800002],[-75.745212481,4.80749897000003],[-75.744917759,4.80704061800003]]]},"properties":{"FID":194,"ID_BAR":179,"CODCOM":"11","COMUNA":"Olimpica","CODBAR":"011116","NOMBRE":"Gamma V","NOM_POPULA":"Gamma V","NORMA":"Sin"}},{"type":"Feature","id":195,"geometry":{"type":"Polygon","coordinates":[[[-75.737597342,4.79831093700005],[-75.737584066,4.79827543600003],[-75.7375287099999,4.79825081600005],[-75.737450993,4.79810165900006],[-75.737374226,4.79801552100003],[-75.737287038,4.79796431900008],[-75.737205624,4.79790439300006],[-75.73713076,4.79783635800004],[-75.7370754039999,4.79776299000002],[-75.737061177,4.79771288200004],[-75.737038006,4.79766623700005],[-75.7370283929999,4.79764371700002],[-75.736981277,4.79760406700006],[-75.736936027,4.79756596900006],[-75.736902186,4.79748868000006],[-75.736895813,4.79745665800005],[-75.7368958119999,4.79741306800002],[-75.73687993,4.79739489300005],[-75.7368649639999,4.79731287000004],[-75.73683306,4.79724669000006],[-75.736771401,4.79716212400006],[-75.7367284749999,4.79712026500004],[-75.736697487,4.79707829900002],[-75.736665548,4.79704320500001],[-75.736632976,4.79700940000003],[-75.736600192,4.79697919800003],[-75.7365706479999,4.79695477200006],[-75.736500221,4.79687972600003],[-75.7364860289999,4.79686123300006],[-75.736473282,4.79684040900004],[-75.736464725,4.79682283600003],[-75.7364160239999,4.79672497000006],[-75.7363342579999,4.79664831600008],[-75.736319292,4.79661232100005],[-75.736257387,4.79654647700005],[-75.736202665,4.79650525400007],[-75.736185974,4.79649810000006],[-75.736157627,4.79647701200001],[-75.7371054399999,4.79535413700006],[-75.7381848379999,4.79616107400005],[-75.738385412,4.79620061600002],[-75.738594542,4.79616795500004],[-75.738763703,4.79607026200005],[-75.739045789,4.79576118400006],[-75.7391544609999,4.79598588200002],[-75.739188794,4.79601075000005],[-75.739220944,4.79604300100004],[-75.739244361,4.79607537600002],[-75.739246969,4.79620137800004],[-75.7388000189999,4.79675790700002],[-75.738330923,4.79750404100002],[-75.738038204,4.79793871500004],[-75.73796063,4.79799726600003],[-75.737906156,4.79801515900003],[-75.737874077,4.79801747400006],[-75.7378347439999,4.79801480700008],[-75.737797699,4.79800592400006],[-75.737766537,4.79805509600004],[-75.737597342,4.79831093700005]]]},"properties":{"FID":195,"ID_BAR":341,"CODCOM":"13","COMUNA":"San Joaquin","CODBAR":"011305","NOMBRE":"Ciudadela Comfamiliar I","NOM_POPULA":"Ciudadela Comfamiliar I","NORMA":"Sin"}},{"type":"Feature","id":196,"geometry":{"type":"Polygon","coordinates":[[[-75.743821106,4.80732527600001],[-75.742681922,4.80729472300004],[-75.743797199,4.80655963100001],[-75.744885562,4.80702679800005],[-75.744921827,4.80705347200006],[-75.744917759,4.80704061800003],[-75.745212481,4.80749897000003],[-75.745234833,4.80796118000008],[-75.7444532119999,4.80794731700006],[-75.744095424,4.80770807900004],[-75.7440476989999,4.80739703900001],[-75.743821106,4.80732527600001]]]},"properties":{"FID":196,"ID_BAR":179,"CODCOM":"11","COMUNA":"Olimpica","CODBAR":"011116","NOMBRE":"Senderos de Unicentro","NOM_POPULA":"Senderos de Unicentro","NORMA":"Sin"}},{"type":"Feature","id":197,"geometry":{"type":"Polygon","coordinates":[[[-75.719954214,4.79824805800006],[-75.719736701,4.79830771800003],[-75.71969825,4.79822894400008],[-75.7197032499999,4.79817888900005],[-75.7196963489999,4.79811889100004],[-75.719675116,4.79806095700007],[-75.71960036,4.79792810200005],[-75.719467644,4.79771295600005],[-75.7193375689999,4.79752303100002],[-75.719319857,4.79748966700003],[-75.719739685,4.79579955000002],[-75.720551695,4.79615518700007],[-75.720824812,4.79563123800006],[-75.72085189,4.79564665800005],[-75.7209445349999,4.79570416700004],[-75.721375645,4.79605264700007],[-75.721259758,4.79621072400004],[-75.721254791,4.79642187700006],[-75.721326377,4.79668020600008],[-75.721309333,4.79680318800007],[-75.7212946129999,4.79693812800001],[-75.7212913019999,4.79707052500004],[-75.7212919349999,4.79720329200007],[-75.721289785,4.79741965500005],[-75.720990367,4.79747507700004],[-75.7208524009999,4.79763875200007],[-75.719954214,4.79824805800006]]]},"properties":{"FID":197,"ID_BAR":342,"CODCOM":"10","COMUNA":"Consota","CODBAR":"011004","NOMBRE":"Bella Sardi","NOM_POPULA":"Bella Sardi","NORMA":"50"}},{"type":"Feature","id":198,"geometry":{"type":"Polygon","coordinates":[[[-75.7368834609999,4.80946709800002],[-75.736069603,4.81014912100004],[-75.73674933,4.80953895400006],[-75.7368834609999,4.80946709800002]]]},"properties":{"FID":198,"ID_BAR":120,"CODCOM":"11","COMUNA":"Olimpica","CODBAR":"011106","NOMBRE":"Canaveral II","NOM_POPULA":"Canaveral II","NORMA":"Sin"}},{"type":"Feature","id":199,"geometry":{"type":"Polygon","coordinates":[[[-75.744253435,4.79822467800006],[-75.743884924,4.79803340400002],[-75.743830944,4.79808526300007],[-75.743702315,4.79829044900004],[-75.743211684,4.79800272400008],[-75.743347918,4.79779939300005],[-75.7436011029999,4.79792387100003],[-75.743616386,4.79790172100006],[-75.743633921,4.79787125300004],[-75.743649907,4.79783601700006],[-75.743659519,4.79780856900003],[-75.743667406,4.79777857900007],[-75.7436749399999,4.79768655800005],[-75.743659021,4.79761424900004],[-75.743622116,4.79750605000004],[-75.743649261,4.79735507200008],[-75.743674368,4.79734541100005],[-75.743713348,4.79732721800001],[-75.7437597589999,4.79729984000004],[-75.743789971,4.79727811500003],[-75.743981171,4.79698440400005],[-75.7441563579999,4.79710951900006],[-75.744362429,4.79723307900001],[-75.74450265,4.79730762700007],[-75.744626459,4.79734634100004],[-75.74479006,4.79736124300006],[-75.7448431619999,4.79737828600003],[-75.744860135,4.79739744900007],[-75.744845276,4.79742514400005],[-75.74450295,4.79801152200002],[-75.7443644909999,4.79802855300005],[-75.744253435,4.79822467800006]]]},"properties":{"FID":199,"ID_BAR":343,"CODCOM":"13","COMUNA":"San Joaquin","CODBAR":"011308","NOMBRE":"Codelmar II","NOM_POPULA":"Codelmar II","NORMA":"Sin"}},{"type":"Feature","id":200,"geometry":{"type":"Polygon","coordinates":[[[-75.736069603,4.81014912100004],[-75.7368834609999,4.80946709800002],[-75.737045401,4.80938034400004],[-75.7376778719999,4.80929461600005],[-75.73826294,4.80872808800006],[-75.73852571,4.80904500900004],[-75.738502414,4.80963454800006],[-75.738407055,4.81035234800003],[-75.738681379,4.81085478600004],[-75.738798161,4.81118420100004],[-75.7387648489999,4.81120286500005],[-75.738656395,4.81099367800004],[-75.738430954,4.81109406600005],[-75.737548487,4.81165639500005],[-75.737429219,4.81150088100002],[-75.737548465,4.81132142500007],[-75.7369044,4.810101216],[-75.7362723589999,4.81046015300007],[-75.736069603,4.81014912100004]]]},"properties":{"FID":200,"ID_BAR":120,"CODCOM":"11","COMUNA":"Olimpica","CODBAR":"011106","NOMBRE":"Canaveral","NOM_POPULA":"Canaveral","NORMA":"Sin"}},{"type":"Feature","id":201,"geometry":{"type":"Polygon","coordinates":[[[-75.732950815,4.79713707000007],[-75.733053426,4.79722688300006],[-75.73316456,4.79733903700002],[-75.733326577,4.79750426600003],[-75.733476165,4.79774678600006],[-75.733505357,4.79781028100006],[-75.73309745,4.79803088700003],[-75.73281395,4.79817568500005],[-75.73269021,4.79792502300006],[-75.732424698,4.79741855900006],[-75.732950815,4.79713707000007]]]},"properties":{"FID":201,"ID_BAR":344,"CODCOM":"14","COMUNA":"Perla Del Otun","CODBAR":"011415","NOMBRE":"Metropolitano","NOM_POPULA":"Metropolitano","NORMA":"31"}},{"type":"Feature","id":202,"geometry":{"type":"Polygon","coordinates":[[[-75.736103865,4.82276152500002],[-75.735772246,4.82299764700001],[-75.735521821,4.82332066900005],[-75.735414518,4.82382313100004],[-75.7354012549999,4.82404286800005],[-75.735292395,4.82403157800007],[-75.735290182,4.82409698100003],[-75.7352434539999,4.82419834500007],[-75.7351419999999,4.82415337800006],[-75.734562333,4.82401404700004],[-75.7344900969999,4.82402178500007],[-75.7345200709999,4.82381122200007],[-75.73505669,4.82299769100007],[-75.7352832569999,4.82257896400005],[-75.735486134,4.82232115100004],[-75.736103865,4.82276152500002]]]},"properties":{"FID":202,"ID_BAR":8,"CODCOM":"18","COMUNA":"Del Cafe","CODBAR":"011808","NOMBRE":"Comfamiliar Boquia","NOM_POPULA":"Comfamiliar Boquia","NORMA":"10"}},{"type":"Feature","id":203,"geometry":{"type":"Polygon","coordinates":[[[-75.73619386,4.82253770700004],[-75.736320812,4.82257890000005],[-75.736750168,4.82293777000005],[-75.737000625,4.82312916600007],[-75.736841849,4.82310263100003],[-75.7367382739999,4.82345218900001],[-75.7365713569999,4.82418195700006],[-75.735658965,4.82407258300002],[-75.7354741609999,4.82405042900006],[-75.7354012549999,4.82404286800005],[-75.735414518,4.82382313100004],[-75.735521821,4.82332066900005],[-75.735772246,4.82299764700001],[-75.736103865,4.82276152500002],[-75.73619386,4.82253770700004]]]},"properties":{"FID":203,"ID_BAR":8,"CODCOM":"18","COMUNA":"Del Cafe","CODBAR":"011808","NOMBRE":"Alameda del Cafe","NOM_POPULA":"Alameda del Cafe","NORMA":"10"}},{"type":"Feature","id":204,"geometry":{"type":"Polygon","coordinates":[[[-75.7067447439999,4.79805398900002],[-75.7067036179999,4.79795522000006],[-75.706677386,4.79787035200007],[-75.706665804,4.79779058800004],[-75.706668658,4.79771497700005],[-75.706680703,4.79766545200005],[-75.7066948239999,4.79761213000006],[-75.706683593,4.79755410900003],[-75.70670145,4.79743971100003],[-75.7067376859999,4.79735657500004],[-75.7068118129999,4.79724376800004],[-75.706828082,4.79720240400006],[-75.7068821399999,4.79702491700005],[-75.706921655,4.79684361400007],[-75.706946309,4.79665968100004],[-75.706920112,4.79659178600003],[-75.7068949009999,4.79655397000004],[-75.706848527,4.79652258300007],[-75.706756727,4.79648720300003],[-75.7066616169999,4.79646208400004],[-75.706614432,4.79643597800002],[-75.706597883,4.79642121200003],[-75.7065308749999,4.79631944000005],[-75.706443831,4.79622930600005],[-75.706356577,4.79610231200007],[-75.7063163289999,4.79606276400006],[-75.706253475,4.79601904900005],[-75.706104844,4.79594521600006],[-75.706053927,4.79590706400006],[-75.706009877,4.79586112200006],[-75.7060042809999,4.79572381600002],[-75.7059847409999,4.79562012000003],[-75.7059372429999,4.79548586700002],[-75.7059250619999,4.795430902],[-75.705925838,4.79537459400007],[-75.705888903,4.79526660600004],[-75.705885348,4.79520265000002],[-75.705851545,4.79513977200003],[-75.705829469,4.79507184300007],[-75.705733059,4.79497372500004],[-75.705668727,4.79492444600002],[-75.7055230879999,4.79483846100003],[-75.705415761,4.79475072900004],[-75.705365339,4.79465485600003],[-75.7053348489999,4.79453657100004],[-75.705576321,4.79398604500004],[-75.7056702049999,4.79378831900004],[-75.7057702509999,4.79358769600002],[-75.705826527,4.79341215100003],[-75.705861394,4.79320168900006],[-75.7058550249999,4.79303211300003],[-75.705835172,4.79280525800004],[-75.7057981679999,4.79266357000006],[-75.705889022,4.79250166300006],[-75.706090871,4.79222841500007],[-75.7061581299999,4.79214072400001],[-75.706247961,4.79203249300001],[-75.70635973,4.79189033200004],[-75.706452414,4.79177823200007],[-75.706534216,4.79167162400006],[-75.706635105,4.79153767700006],[-75.706703245,4.79144198500007],[-75.706741417,4.79139004100005],[-75.7068218109999,4.79128468800007],[-75.7069541019999,4.79138822800006],[-75.7070467819999,4.79142000500001],[-75.707168193,4.79148640100004],[-75.7074608089999,4.79159030000005],[-75.7075791939999,4.79160771700005],[-75.7076271179999,4.79162622900003],[-75.707725113,4.79168598300003],[-75.7078675819999,4.79179355000002],[-75.707993043,4.79187755600003],[-75.70802255,4.79192093500007],[-75.708030858,4.79197277400004],[-75.7080164549999,4.79202325300004],[-75.70798582,4.79205928300007],[-75.707832147,4.79219414800002],[-75.7078138,4.79222793500001],[-75.70780644,4.79226568000007],[-75.707812142,4.79233738900007],[-75.707883795,4.79250641900006],[-75.707905554,4.79260709500005],[-75.707901149,4.79273988000005],[-75.7078776929999,4.79287065100005],[-75.707863959,4.79294232300002],[-75.707873042,4.79301475700005],[-75.7079457889999,4.79310625000004],[-75.708027445,4.79318988300003],[-75.708086812,4.79327254400004],[-75.7081393839999,4.79330873500004],[-75.708201217,4.79332429800008],[-75.7082646009999,4.79331725200006],[-75.7083879159999,4.79329736800003],[-75.7084551739999,4.79326434100005],[-75.7085162339999,4.793220806],[-75.708582119,4.79317177600007],[-75.708655011,4.79313392800002],[-75.708703182,4.79312029500004],[-75.7087532199999,4.79312001300002],[-75.708876253,4.79316201700003],[-75.708990306,4.79322452700007],[-75.709084074,4.79334671700002],[-75.709136717,4.79338172500007],[-75.7091965079999,4.79339382600006],[-75.709381481,4.79338973300003],[-75.7095241979999,4.79341970900002],[-75.709572792,4.79343862700006],[-75.7096773379999,4.79350097700006],[-75.7096988869999,4.79352379800001],[-75.70971188,4.79355239300002],[-75.7097260689999,4.79361530700004],[-75.709726173,4.79367982600006],[-75.709712227,4.79374281000004],[-75.709684866,4.79380118300003],[-75.709581654,4.79391891800003],[-75.7095115769999,4.79403068300007],[-75.709506929,4.79405069400001],[-75.709149673,4.79482611200006],[-75.707905421,4.79742838800007],[-75.7078354879999,4.79746540600005],[-75.7074196889999,4.79755322900008],[-75.7073205619999,4.79758484200006],[-75.707222739,4.79762609800001],[-75.707128331,4.79767728100007],[-75.707047621,4.79773137900001],[-75.706993956,4.79777355400006],[-75.7069462759999,4.79781698500005],[-75.7067447439999,4.79805398900002]]]},"properties":{"FID":204,"ID_BAR":345,"CODCOM":"19","COMUNA":"El Poblado","CODBAR":"011909","NOMBRE":"Samaria II","NOM_POPULA":"Samaria II","NORMA":"Sin"}},{"type":"Feature","id":205,"geometry":{"type":"Polygon","coordinates":[[[-75.737000625,4.82312916600007],[-75.736750168,4.82293777000005],[-75.736320812,4.82257890000005],[-75.73619386,4.82253770700004],[-75.736225398,4.82245927400004],[-75.735903384,4.82223199200007],[-75.7367262069999,4.82119114000005],[-75.7370601539999,4.82153805300004],[-75.7373582819999,4.82123895300003],[-75.7380738539999,4.82151406100007],[-75.738419725,4.82181311900007],[-75.738479371,4.82206434300002],[-75.738312416,4.82218398600001],[-75.738392619,4.82237168000005],[-75.738706039,4.82322476100007],[-75.7374061149999,4.82327269900001],[-75.737000625,4.82312916600007]]]},"properties":{"FID":205,"ID_BAR":8,"CODCOM":"18","COMUNA":"Del Cafe","CODBAR":"011808","NOMBRE":"Luis Alberto Duque","NOM_POPULA":"Luis Alberto Duque","NORMA":"10"}},{"type":"Feature","id":206,"geometry":{"type":"Polygon","coordinates":[[[-75.6967774359999,4.79758620800004],[-75.696677632,4.79781431200008],[-75.6966689,4.79778970800004],[-75.696642422,4.79775863900005],[-75.696617174,4.79774102800008],[-75.696596646,4.79773255000003],[-75.696533685,4.79772548200001],[-75.696448752,4.79771021900008],[-75.6963900169999,4.79769663300005],[-75.696335754,4.79768094700007],[-75.696283745,4.79766328200002],[-75.696160253,4.79764948200005],[-75.6960289089999,4.79762443100003],[-75.695833549,4.79758759700007],[-75.695791609,4.79758830100006],[-75.6957465369999,4.79758464300004],[-75.6957015,4.79757630500007],[-75.695671464,4.79756801900003],[-75.695578993,4.79757467400003],[-75.695551773,4.79758307900005],[-75.695522511,4.79759501800004],[-75.695492825,4.79761050600008],[-75.695469549,4.79762543000003],[-75.695432505,4.79762389200004],[-75.69533789,4.79756438300006],[-75.695224647,4.79749936400002],[-75.695114045,4.79744190300005],[-75.6950644679999,4.79739801000004],[-75.695025383,4.79734452700006],[-75.694958204,4.79718549200004],[-75.694875246,4.79710680200003],[-75.694713093,4.79702314700005],[-75.694693205,4.79688082200003],[-75.6946783509999,4.79674005300005],[-75.694686285,4.79650546300005],[-75.694777221,4.79617993400006],[-75.694882833,4.79599561500003],[-75.69508424,4.79622942000003],[-75.695201427,4.79629806200007],[-75.6953161129999,4.79634460700005],[-75.6956819019999,4.79646714700004],[-75.695770248,4.79651768200006],[-75.6961167709999,4.79671588700007],[-75.696231527,4.79679743800005],[-75.6964316729999,4.79692991500001],[-75.696608296,4.79704306700006],[-75.696689882,4.79710261100006],[-75.696789355,4.79720018100005],[-75.696905132,4.79729607500009],[-75.696858716,4.79740036900006],[-75.6967774359999,4.79758620800004]]]},"properties":{"FID":206,"ID_BAR":346,"CODCOM":"07","COMUNA":"Boston","CODBAR":"010732","NOMBRE":"Tulcan I","NOM_POPULA":"Tulcan I","NORMA":"Sin"}},{"type":"Feature","id":207,"geometry":{"type":"Polygon","coordinates":[[[-75.666577419,4.79771439900003],[-75.6665027019999,4.79765407600007],[-75.6661056249999,4.79741893900007],[-75.666276997,4.79712116700005],[-75.66645195,4.79697018800004],[-75.666660888,4.79675769400004],[-75.6667539119999,4.79684975800007],[-75.666731935,4.79690445600005],[-75.6667223869999,4.79695998500004],[-75.666723685,4.79701772300007],[-75.666728081,4.79708226200006],[-75.666733112,4.79713396000004],[-75.666747957,4.79730565700003],[-75.666742846,4.79735991400002],[-75.6667346359999,4.79741759900002],[-75.666715016,4.79748858200002],[-75.6666983549999,4.79754591200003],[-75.6665921049999,4.79769458300006],[-75.666577419,4.79771439900003]]]},"properties":{"FID":207,"ID_BAR":347,"CODCOM":"01","COMUNA":"Villa Santana","CODBAR":"010107","NOMBRE":"La Isla","NOM_POPULA":"La Isla","NORMA":"Sin"}},{"type":"Feature","id":208,"geometry":{"type":"Polygon","coordinates":[[[-75.733549942,4.82399072800006],[-75.733756821,4.82399071600001],[-75.7343312419999,4.82406582700003],[-75.733589921,4.82507937900005],[-75.732933996,4.82512727000005],[-75.7328624049999,4.82450518600007],[-75.7332678719999,4.82424197200004],[-75.733553681,4.82411814900006],[-75.733560975,4.82406881100007],[-75.733549942,4.82399072800006]]]},"properties":{"FID":208,"ID_BAR":8,"CODCOM":"18","COMUNA":"Del Cafe","CODBAR":"011808","NOMBRE":"Portal de Llano Grande","NOM_POPULA":"Portal de Llano Grande","NORMA":"10"}},{"type":"Feature","id":209,"geometry":{"type":"Polygon","coordinates":[[[-75.723215689,4.78697882000005],[-75.7233921659999,4.78680560200007],[-75.72404041,4.78609984400003],[-75.725209126,4.78693422800007],[-75.724058272,4.78821287800003],[-75.7238403969999,4.78782399600004],[-75.723568818,4.78733925700005],[-75.723215689,4.78697882000005]]]},"properties":{"FID":209,"ID_BAR":422,"CODCOM":"15","COMUNA":"El Oso","CODBAR":"011524","NOMBRE":"Porto Alegre","NOM_POPULA":"Porto Alegre","NORMA":"Sin"}},{"type":"Feature","id":210,"geometry":{"type":"Polygon","coordinates":[[[-75.7307738389999,4.79769754600006],[-75.730118837,4.79720781000003],[-75.730113696,4.79718394900004],[-75.730306557,4.79694162100004],[-75.730398956,4.79676861900004],[-75.730444556,4.79673898000005],[-75.731098677,4.79720501400004],[-75.7311020929999,4.79726711400001],[-75.7307738389999,4.79769754600006]]]},"properties":{"FID":210,"ID_BAR":348,"CODCOM":"04","COMUNA":"Villavicencio","CODBAR":"010403","NOMBRE":"Los Andes","NOM_POPULA":"Los Andes","NORMA":"83"}},{"type":"Feature","id":211,"geometry":{"type":"Polygon","coordinates":[[[-75.745841462,4.79769157000004],[-75.7458024109999,4.79767814700003],[-75.7456643359999,4.79755213100003],[-75.7456527859999,4.79754858200004],[-75.7456360249999,4.79754499600006],[-75.7456108119999,4.79754291300002],[-75.745582184,4.79754522700005],[-75.745556337,4.79755178100004],[-75.745541266,4.79755195800005],[-75.745525491,4.79754646500003],[-75.745514398,4.79753765200006],[-75.745474677,4.79750171000007],[-75.7453829089999,4.79738528300004],[-75.74546382,4.79708867800002],[-75.745662684,4.79635962600003],[-75.745717997,4.79615679100003],[-75.745984075,4.79517119300004],[-75.7462354789999,4.79457005000006],[-75.7463046019999,4.79455706600003],[-75.746574757,4.79461227100005],[-75.7466596209999,4.79464985400004],[-75.746375836,4.79573732800003],[-75.746126835,4.79666586000007],[-75.745841462,4.79769157000004]]]},"properties":{"FID":211,"ID_BAR":349,"CODCOM":"13","COMUNA":"San Joaquin","CODBAR":"011302","NOMBRE":"Atenas","NOM_POPULA":"Atenas","NORMA":"110"}},{"type":"Feature","id":212,"geometry":{"type":"Polygon","coordinates":[[[-75.725461821,4.78591441800006],[-75.725209126,4.78693422800007],[-75.72404041,4.78609984400003],[-75.723215689,4.78697882000005],[-75.7231186079999,4.78687973100004],[-75.723025,4.78678418500004],[-75.7224239459999,4.78631525200006],[-75.722939061,4.78494663500003],[-75.725234784,4.78582732300003],[-75.725461821,4.78591441800006]]]},"properties":{"FID":212,"ID_BAR":422,"CODCOM":"15","COMUNA":"El Oso","CODBAR":"011524","NOMBRE":"Porto Alegre Etp 2","NOM_POPULA":"Porto Alegre Etp 2","NORMA":"Sin"}},{"type":"Feature","id":213,"geometry":{"type":"Polygon","coordinates":[[[-75.734542764,4.79716699200003],[-75.7347092479999,4.79693262900002],[-75.73507074,4.79642372200004],[-75.735552023,4.79574619000004],[-75.73558442,4.79576743700004],[-75.735601322,4.79577157000004],[-75.735622732,4.79577985400003],[-75.7356412189999,4.79579022100005],[-75.735688263,4.79582775300003],[-75.73571316,4.79586445500007],[-75.735751824,4.79590760400004],[-75.7357725649999,4.79594186700007],[-75.735850634,4.79604921800006],[-75.73586398,4.79607788400004],[-75.7358884889999,4.79610893400007],[-75.735907293,4.79613632800004],[-75.73592085,4.79615863500003],[-75.735945746,4.79618811300002],[-75.7359824389999,4.79624860600006],[-75.735996842,4.79629889000005],[-75.736008568,4.79631914900006],[-75.736025576,4.79633831200004],[-75.736039133,4.79635689300005],[-75.73604769,4.79637068600005],[-75.736064276,4.79637946500002],[-75.736094313,4.79642208300004],[-75.7361000879999,4.79643248700005],[-75.736157627,4.79647701200001],[-75.736185974,4.79649810000006],[-75.736202665,4.79650525400007],[-75.736257387,4.79654647700005],[-75.736319292,4.79661232100005],[-75.7363342579999,4.79664831600008],[-75.7364160239999,4.79672497000006],[-75.736304752,4.79685996400002],[-75.736265843,4.79693335200004],[-75.735724064,4.79767946600003],[-75.735189458,4.79762947200004],[-75.735148786,4.79758853100003],[-75.73508343,4.79750749700004],[-75.7350690269999,4.79749575100005],[-75.735047934,4.79748091600003],[-75.7350170879999,4.79746355400005],[-75.734971733,4.79742883100004],[-75.73492497,4.79740682400007],[-75.734874931,4.79738598300003],[-75.734834436,4.79737105900006],[-75.7348140829999,4.79735636400005],[-75.734791194,4.79734288800006],[-75.73476584,4.79733117800002],[-75.734631537,4.79724454600006],[-75.734542764,4.79716699200003]]]},"properties":{"FID":213,"ID_BAR":350,"CODCOM":"15","COMUNA":"El Oso","CODBAR":"011517","NOMBRE":"Libertador II","NOM_POPULA":"Libertador II","NORMA":"Sin"}},{"type":"Feature","id":214,"geometry":{"type":"Polygon","coordinates":[[[-75.726430793,4.78522402600003],[-75.7259789789999,4.78496356400007],[-75.725313257,4.78482474500004],[-75.724490397,4.78444195800005],[-75.7241564729999,4.78405915000007],[-75.724167205,4.78391910800002],[-75.7239407329999,4.78378855000005],[-75.72408383,4.78365455600004],[-75.724713451,4.78292716300006],[-75.724999624,4.78221892600002],[-75.72768052,4.78438175300005],[-75.7268505869999,4.78574081800002],[-75.726847356,4.78574348000007],[-75.726430793,4.78522402600003]]]},"properties":{"FID":214,"ID_BAR":422,"CODCOM":"15","COMUNA":"El Oso","CODBAR":"011524","NOMBRE":"Ciudadela Villa de Leyva","NOM_POPULA":"Ciudadela Villa de Leyva","NORMA":"Sin"}},{"type":"Feature","id":215,"geometry":{"type":"Polygon","coordinates":[[[-75.722933747,4.79737960400007],[-75.72278543,4.79722403400006],[-75.722723104,4.79716571200003],[-75.722463408,4.79700950500006],[-75.7221035309999,4.79672544000004],[-75.7219871889999,4.79660256400006],[-75.721719432,4.79623007400004],[-75.721926926,4.79599558600006],[-75.722394125,4.79642635600003],[-75.722313603,4.79651668400004],[-75.723086537,4.79723481000001],[-75.722933747,4.79737960400007]]]},"properties":{"FID":215,"ID_BAR":351,"CODCOM":"15","COMUNA":"El Oso","CODBAR":"011514","NOMBRE":"La Idalia","NOM_POPULA":"La Idalia","NORMA":"Sin"}},{"type":"Feature","id":216,"geometry":{"type":"Polygon","coordinates":[[[-75.730050481,4.78882531800002],[-75.7298060059999,4.78871766200006],[-75.729024884,4.78846049300005],[-75.728242273,4.78800706900006],[-75.728219875,4.78748552900003],[-75.7284583749999,4.787353922],[-75.728911554,4.78769485100002],[-75.729621121,4.78789818900003],[-75.730849468,4.78862190000006],[-75.7312966709999,4.78868169200007],[-75.731129739,4.78910639600001],[-75.730050481,4.78882531800002]]]},"properties":{"FID":216,"ID_BAR":422,"CODCOM":"15","COMUNA":"El Oso","CODBAR":"011524","NOMBRE":"Guadacanal","NOM_POPULA":"Guadacanal","NORMA":"Sin"}},{"type":"Feature","id":217,"geometry":{"type":"Polygon","coordinates":[[[-75.721411128,4.81284403700005],[-75.721411002,4.81285599400006],[-75.720939825,4.81343837500003],[-75.721411128,4.81284403700005]]]},"properties":{"FID":217,"ID_BAR":69,"CODCOM":"08","COMUNA":"El Jardin","CODBAR":"010818","NOMBRE":"Maraya","NOM_POPULA":"Maraya","NORMA":"Sin"}},{"type":"Feature","id":218,"geometry":{"type":"Polygon","coordinates":[[[-75.723684137,4.79662814500006],[-75.7234103879999,4.79693241300004],[-75.723089666,4.79723637900002],[-75.72231445,4.79652074300002],[-75.722399192,4.79643102900006],[-75.721926926,4.79599558600006],[-75.722022324,4.79587595000004],[-75.722183424,4.79595641300005],[-75.722289527,4.79585578300004],[-75.722737259,4.79620610100006],[-75.722963608,4.79619130100002],[-75.723121083,4.79601367200007],[-75.7234655,4.79635411400005],[-75.723396622,4.79642811900004],[-75.723684137,4.79662814500006]]]},"properties":{"FID":218,"ID_BAR":352,"CODCOM":"15","COMUNA":"El Oso","CODBAR":"011523","NOMBRE":"Mirador de Panorama III","NOM_POPULA":"Mirador de Panorama III","NORMA":"Sin"}},{"type":"Feature","id":219,"geometry":{"type":"Polygon","coordinates":[[[-75.719349931,4.81293761900003],[-75.718463685,4.81265908900002],[-75.718254918,4.81361491600005],[-75.718445402,4.81263081100007],[-75.719349931,4.81293761900003]]]},"properties":{"FID":219,"ID_BAR":69,"CODCOM":"08","COMUNA":"El Jardin","CODBAR":"010818","NOMBRE":"Maraya","NOM_POPULA":"Maraya","NORMA":"Sin"}},{"type":"Feature","id":220,"geometry":{"type":"Polygon","coordinates":[[[-75.696231527,4.79679743800005],[-75.696284351,4.79671720100003],[-75.696575899,4.79626776200007],[-75.696484528,4.79611927100007],[-75.6960375089999,4.79588089800007],[-75.6962368,4.79541697200005],[-75.697579568,4.79563648400006],[-75.6976327739999,4.79567133400007],[-75.6976574569999,4.79569897800008],[-75.6976748499999,4.79576153800002],[-75.697705299,4.79598556800004],[-75.697706705,4.79605441600005],[-75.697682018,4.79611552600005],[-75.6975848179999,4.79638172800003],[-75.697497305,4.79661605000006],[-75.6974772309999,4.79665337000006],[-75.697438426,4.79668048000002],[-75.697390218,4.79670170800005],[-75.6973641599999,4.79670900000001],[-75.697217495,4.79677167800002],[-75.696905132,4.79729607500009],[-75.696789355,4.79720018100005],[-75.696689882,4.79710261100006],[-75.696608296,4.79704306700006],[-75.6964316729999,4.79692991500001],[-75.696231527,4.79679743800005]]]},"properties":{"FID":220,"ID_BAR":353,"CODCOM":"07","COMUNA":"Boston","CODBAR":"010733","NOMBRE":"Tulcan II","NOM_POPULA":"Tulcan II","NORMA":"Sin"}},{"type":"Feature","id":221,"geometry":{"type":"Polygon","coordinates":[[[-75.719357047,4.81354376400002],[-75.719427386,4.81350497200004],[-75.7194102289999,4.81348683900006],[-75.718254918,4.81361491600005],[-75.718463685,4.81265908900002],[-75.719349931,4.81293761900003],[-75.719923184,4.81296915800006],[-75.720198491,4.81211454400006],[-75.721415327,4.81244609900005],[-75.721411128,4.81284403700005],[-75.720939825,4.81343837500003],[-75.7207729939999,4.81400701600006],[-75.7207774949999,4.81401542100003],[-75.7208110239999,4.81407802400002],[-75.720341675,4.81406454500006],[-75.719809154,4.81410514300005],[-75.719415865,4.81353996700006],[-75.719357047,4.81354376400002]]]},"properties":{"FID":221,"ID_BAR":69,"CODCOM":"08","COMUNA":"El Jardin","CODBAR":"010818","NOMBRE":"Conjunto Residencial Tisu","NOM_POPULA":"Conjunto Residencial Tisu","NORMA":"Sin"}},{"type":"Feature","id":222,"geometry":{"type":"Polygon","coordinates":[[[-75.731098677,4.79720501400004],[-75.730444556,4.79673898000005],[-75.730491812,4.79670821300003],[-75.73052537,4.79666866700006],[-75.730724745,4.79638502700005],[-75.730886759,4.79620734300006],[-75.730964156,4.79611164900006],[-75.7310954989999,4.79584533600006],[-75.73119987,4.79568619800006],[-75.73130653,4.79577085300001],[-75.732296445,4.79661116400006],[-75.731977982,4.79699332500008],[-75.731533978,4.79664024200003],[-75.731098677,4.79720501400004]]]},"properties":{"FID":222,"ID_BAR":354,"CODCOM":"14","COMUNA":"Perla Del Otun","CODBAR":"011418","NOMBRE":"Villa Kennedy","NOM_POPULA":"Villa Kennedy","NORMA":"35"}},{"type":"Feature","id":223,"geometry":{"type":"Polygon","coordinates":[[[-75.730444556,4.79673898000005],[-75.730398956,4.79676861900004],[-75.730306557,4.79694162100004],[-75.730113696,4.79718394900004],[-75.729672826,4.79682247400006],[-75.7296946229999,4.79679566200002],[-75.7294845769999,4.79662059500003],[-75.72935281,4.79677084800004],[-75.729210021,4.79667388300004],[-75.7291312129999,4.79655259600002],[-75.7287851039999,4.79638035400007],[-75.7286000239999,4.79627492900004],[-75.728423359,4.79610251000002],[-75.728524949,4.79599229700005],[-75.72834001,4.79579939100005],[-75.72864777,4.79549904200007],[-75.7292781209999,4.79617783700007],[-75.729639863,4.79571418300003],[-75.729662188,4.79574717600002],[-75.7303955,4.79599682900004],[-75.7303708869999,4.79609082800005],[-75.730886759,4.79620734300006],[-75.730724745,4.79638502700005],[-75.73052537,4.79666866700006],[-75.730491812,4.79670821300003],[-75.730444556,4.79673898000005]]]},"properties":{"FID":223,"ID_BAR":355,"CODCOM":"14","COMUNA":"Perla Del Otun","CODBAR":"011411","NOMBRE":"La Albania","NOM_POPULA":"La Albania","NORMA":"Sin"}},{"type":"Feature","id":224,"geometry":{"type":"Polygon","coordinates":[[[-75.750474263,4.81097994700003],[-75.750484475,4.81096818500002],[-75.750477529,4.81098123100003],[-75.750474263,4.81097994700003]]]},"properties":{"FID":224,"ID_BAR":107,"CODCOM":"12","COMUNA":"Ferrocarril","CODBAR":"011209","NOMBRE":"Portal de La Villa","NOM_POPULA":"Portal de La Villa","NORMA":"Sin"}},{"type":"Feature","id":225,"geometry":{"type":"Polygon","coordinates":[[[-75.750629061,4.81015500400001],[-75.7505402159999,4.81086929100007],[-75.7504941349999,4.81095584200006],[-75.7504839219999,4.81096760500002],[-75.7504469259999,4.81095306500004],[-75.750339979,4.81084607000002],[-75.750164684,4.81082500500003],[-75.7500746429999,4.81087066500004],[-75.749823044,4.81095471100002],[-75.749685784,4.81108416200004],[-75.749673601,4.81110830700004],[-75.749684378,4.81113755500006],[-75.749639622,4.81117528400004],[-75.7495862769999,4.81127500700005],[-75.749511349,4.81148838700005],[-75.74953565,4.81160677600006],[-75.749543155,4.81172887600008],[-75.7494945299999,4.81186254600004],[-75.749453366,4.81191820100002],[-75.7492481469999,4.81213428800004],[-75.749109091,4.81223858800007],[-75.74902926,4.81222908800004],[-75.748910692,4.81213625900004],[-75.7487845899999,4.81206967600002],[-75.748600631,4.81203547100005],[-75.74846981,4.81195807900002],[-75.7483293029999,4.81184908900001],[-75.74818017,4.81177026700004],[-75.74802646,4.81175679600006],[-75.7478648589999,4.81156366400005],[-75.748040152,4.81153517000007],[-75.74828918,4.81141654200006],[-75.749078125,4.81075123100002],[-75.749137919,4.81081145700005],[-75.7495679369999,4.81041496000005],[-75.7497774239999,4.81042927700003],[-75.749789573,4.81042224700007],[-75.749932332,4.81050905300003],[-75.749983675,4.81055979500006],[-75.750056957,4.81061171900005],[-75.750153261,4.81045298500002],[-75.75028993,4.81055384900002],[-75.7502985209999,4.81054222700003],[-75.7504638889999,4.81064547500005],[-75.750441987,4.810670521],[-75.7504722589999,4.81069510100003],[-75.750513197,4.81072834000002],[-75.750629061,4.81015500400001]]]},"properties":{"FID":225,"ID_BAR":107,"CODCOM":"12","COMUNA":"Ferrocarril","CODBAR":"011209","NOMBRE":"Portal de La Villa","NOM_POPULA":"Portal de La Villa","NORMA":"Sin"}},{"type":"Feature","id":226,"geometry":{"type":"Polygon","coordinates":[[[-75.74546382,4.79708867800002],[-75.745332015,4.79699657300007],[-75.745226057,4.79692575000007],[-75.74502006,4.79690804100004],[-75.7446345429999,4.79676050000005],[-75.744746083,4.79616005000002],[-75.745662684,4.79635962600003],[-75.74546382,4.79708867800002]]]},"properties":{"FID":226,"ID_BAR":356,"CODCOM":"13","COMUNA":"San Joaquin","CODBAR":"011309","NOMBRE":"Codelmar III","NOM_POPULA":"Codelmar III","NORMA":"Sin"}},{"type":"Feature","id":227,"geometry":{"type":"Polygon","coordinates":[[[-75.732296445,4.79661116400006],[-75.73130653,4.79577085300001],[-75.73119987,4.79568619800006],[-75.7309308059999,4.79551798400005],[-75.73017714,4.79525570300006],[-75.730052346,4.79520444700005],[-75.7300402669999,4.79519194300001],[-75.7299628339999,4.79511172100006],[-75.7302200629999,4.79486308800006],[-75.730431058,4.79465656100007],[-75.73072942,4.79501438000006],[-75.730796255,4.79511003900007],[-75.730853934,4.79516926],[-75.7309290429999,4.79523386800003],[-75.731047712,4.79532172000007],[-75.7311226099999,4.79536126500005],[-75.731247793,4.79542698600005],[-75.731529356,4.79545008600008],[-75.731906206,4.79548975300003],[-75.732237386,4.79565701200004],[-75.732393451,4.79577391800006],[-75.732515324,4.79589054100006],[-75.732726886,4.79618590600006],[-75.732803722,4.79625697800003],[-75.7330244739999,4.79643730700007],[-75.733196456,4.79654686500004],[-75.732820455,4.79702299100006],[-75.732576744,4.79681823400006],[-75.732296445,4.79661116400006]]]},"properties":{"FID":227,"ID_BAR":357,"CODCOM":"14","COMUNA":"Perla Del Otun","CODBAR":"011408","NOMBRE":"Heroes I","NOM_POPULA":"Heroes I","NORMA":"Sin"}},{"type":"Feature","id":228,"geometry":{"type":"Polygon","coordinates":[[[-75.760772711,4.80989661000006],[-75.761039121,4.80930469400005],[-75.7622614809999,4.80792216300005],[-75.762422369,4.80798860100002],[-75.762875559,4.80813211400005],[-75.76286365,4.80829960100005],[-75.7638415979999,4.80873017700003],[-75.763688958,4.80906908900005],[-75.762315089,4.80850303100004],[-75.762100484,4.80907728700003],[-75.761647424,4.81024972800003],[-75.760772711,4.80989661000006]]]},"properties":{"FID":228,"ID_BAR":129,"CODCOM":"11","COMUNA":"Olimpica","CODBAR":"011105","NOMBRE":"Belmonte B","NOM_POPULA":"Belmonte B","NORMA":"Sin"}},{"type":"Feature","id":229,"geometry":{"type":"Polygon","coordinates":[[[-75.6871526479999,4.78502773600007],[-75.685779527,4.78508761200004],[-75.6845257809999,4.78700410800007],[-75.68219742,4.78808210900006],[-75.679033262,4.78790237500004],[-75.678145037,4.78721729100004],[-75.677966188,4.78587142200007],[-75.678950032,4.78554245500003],[-75.6793972129999,4.78632007500003],[-75.68127544,4.78670891800003],[-75.682348718,4.78667902900002],[-75.683720133,4.78632015400005],[-75.685121376,4.78467522700004],[-75.685568581,4.78401725500004],[-75.687357364,4.78461543600002],[-75.6871526479999,4.78502773600007]]]},"properties":{"FID":229,"ID_BAR":0,"CODCOM":" ","COMUNA":" ","CODBAR":" ","NOMBRE":"Vrd Mundo Nuevo-La Bella","NOM_POPULA":"Vrd Mundo Nuevo-La Bella","NORMA":" "}},{"type":"Feature","id":230,"geometry":{"type":"Polygon","coordinates":[[[-75.692659137,4.78502520800004],[-75.692092687,4.78493548200003],[-75.6917945559999,4.78466630800005],[-75.69063185,4.78320080600001],[-75.690751104,4.78293163400002],[-75.689916347,4.78125677600003],[-75.690452981,4.78125677800006],[-75.690929985,4.78215402400002],[-75.692062882,4.78209421200007],[-75.692748582,4.78206430500007],[-75.69322559,4.78308118200004],[-75.69313615,4.78361952800005],[-75.692659137,4.78502520800004]]]},"properties":{"FID":230,"ID_BAR":0,"CODCOM":" ","COMUNA":" ","CODBAR":" ","NOMBRE":"Altavista","NOM_POPULA":"Altavista","NORMA":" "}},{"type":"Feature","id":231,"geometry":{"type":"Polygon","coordinates":[[[-75.6954615609999,4.77787716900002],[-75.696147251,4.77596304800005],[-75.696206876,4.77596304800005],[-75.697488817,4.77407883100005],[-75.699545902,4.77509569400007],[-75.696355949,4.77853514500003],[-75.6954615609999,4.77787716900002]]]},"properties":{"FID":231,"ID_BAR":0,"CODCOM":" ","COMUNA":" ","CODBAR":" ","NOMBRE":"Jamaica","NOM_POPULA":"Jamaica","NORMA":" "}},{"type":"Feature","id":232,"geometry":{"type":"Polygon","coordinates":[[[-75.680929076,4.80233660500004],[-75.679803305,4.80218345300004],[-75.6793453879999,4.80099669000003],[-75.680032294,4.80128382200007],[-75.680223106,4.80111155600001],[-75.681043582,4.80122641900005],[-75.680929076,4.80233660500004]]]},"properties":{"FID":232,"ID_BAR":0,"CODCOM":" ","COMUNA":" ","CODBAR":" ","NOMBRE":"Tacaragua","NOM_POPULA":"Tacaragua","NORMA":" "}},{"type":"Feature","id":233,"geometry":{"type":"Polygon","coordinates":[[[-75.6855493209999,4.79328232800004],[-75.6859769449999,4.79331319200003],[-75.686271828,4.79374229600006],[-75.686138254,4.79456536500003],[-75.685890205,4.79458450300006],[-75.685623076,4.79450793600005],[-75.6855493209999,4.79328232800004]]]},"properties":{"FID":233,"ID_BAR":0,"CODCOM":" ","COMUNA":" ","CODBAR":" ","NOMBRE":"Rincon del Bosque","NOM_POPULA":"Rincon del Bosque","NORMA":" "}},{"type":"Feature","id":234,"geometry":{"type":"Polygon","coordinates":[[[-75.6841631939999,4.79963040600005],[-75.683272626,4.79948133200002],[-75.683352407,4.79877638800003],[-75.684096556,4.79898695200006],[-75.6841631939999,4.79963040600005]]]},"properties":{"FID":234,"ID_BAR":0,"CODCOM":" ","COMUNA":" ","CODBAR":" ","NOMBRE":"Pinares Alto","NOM_POPULA":"Pinares Alto","NORMA":" "}},{"type":"Feature","id":235,"geometry":{"type":"Polygon","coordinates":[[[-75.7347092479999,4.79693262900002],[-75.734455571,4.79670757900003],[-75.734358171,4.79658044700003],[-75.73452279,4.79643473200002],[-75.7346500479999,4.79628643800003],[-75.7347336779999,4.79617316800004],[-75.73507074,4.79642372200004],[-75.7347092479999,4.79693262900002]]]},"properties":{"FID":235,"ID_BAR":358,"CODCOM":"15","COMUNA":"El Oso","CODBAR":"011547","NOMBRE":"Vista Hermosa","NOM_POPULA":"Vista Hermosa","NORMA":"Sin"}},{"type":"Feature","id":236,"geometry":{"type":"Polygon","coordinates":[[[-75.692186078,4.79270143900003],[-75.691720988,4.79233536300007],[-75.6918855599999,4.79204106700006],[-75.691978579,4.79163910300001],[-75.692085909,4.79125149400006],[-75.6921359959999,4.79102897800003],[-75.691642287,4.79055523200003],[-75.6915134939999,4.79029682600003],[-75.691556426,4.79014608900006],[-75.691899877,4.78967952400006],[-75.692042982,4.78955749900006],[-75.692429363,4.78959339000004],[-75.69301609,4.78987333100002],[-75.69319497,4.79077057400002],[-75.692980312,4.79132327500002],[-75.6932307449999,4.79180419800002],[-75.692186078,4.79270143900003]]]},"properties":{"FID":236,"ID_BAR":0,"CODCOM":" ","COMUNA":" ","CODBAR":" ","NOMBRE":"Bosques de Canaan","NOM_POPULA":" ","NORMA":" "}},{"type":"Feature","id":237,"geometry":{"type":"Polygon","coordinates":[[[-75.6973641599999,4.79670900000001],[-75.697390218,4.79670170800005],[-75.697438426,4.79668048000002],[-75.6974772309999,4.79665337000006],[-75.697497305,4.79661605000006],[-75.6975848179999,4.79638172800003],[-75.697682018,4.79611552600005],[-75.697706705,4.79605441600005],[-75.697705299,4.79598556800004],[-75.6976748499999,4.79576153800002],[-75.6976574569999,4.79569897800008],[-75.6976327739999,4.79567133400007],[-75.697579568,4.79563648400006],[-75.697650699,4.79564811000006],[-75.697760532,4.79556704400004],[-75.698141354,4.79570788200003],[-75.69824396,4.79581080500002],[-75.698324976,4.79605726700003],[-75.698432996,4.79638768000007],[-75.6985196749999,4.79675408800005],[-75.6984575549999,4.79684887900002],[-75.6982522609999,4.79689761800006],[-75.697996438,4.79689321000007],[-75.6973641599999,4.79670900000001]]]},"properties":{"FID":237,"ID_BAR":359,"CODCOM":"07","COMUNA":"Boston","CODBAR":"010734","NOMBRE":"Tulcan III","NOM_POPULA":"Tulcan III","NORMA":"Sin"}},{"type":"Feature","id":238,"geometry":{"type":"Polygon","coordinates":[[[-75.745072143,4.79434688400005],[-75.745036268,4.79327663900006],[-75.7466947519999,4.79317674000002],[-75.746694827,4.79415772500004],[-75.745907738,4.79401422600005],[-75.745072143,4.79434688400005]]]},"properties":{"FID":238,"ID_BAR":0,"CODCOM":" ","COMUNA":" ","CODBAR":" ","NOMBRE":"Batara","NOM_POPULA":"Batara","NORMA":" "}},{"type":"Feature","id":239,"geometry":{"type":"Polygon","coordinates":[[[-75.7370027539999,4.81797339500002],[-75.736690288,4.81786544500004],[-75.735341583,4.81762619300002],[-75.735003068,4.81750966200002],[-75.7343975209999,4.81701501900006],[-75.734489076,4.81687642200006],[-75.734909782,4.81718762700006],[-75.735074762,4.81729075500003],[-75.735168538,4.81733792900007],[-75.735265447,4.81737904600004],[-75.735454935,4.81743913100007],[-75.7355764599999,4.81747067400005],[-75.7362150339999,4.81755622100006],[-75.737312521,4.81772758200003],[-75.7373023769999,4.81764494000004],[-75.73815382,4.81760059400006],[-75.738857748,4.81745527500004],[-75.7388521829999,4.81741555200006],[-75.739050226,4.81734221500004],[-75.739068538,4.81737587800007],[-75.7394319799999,4.81724801400003],[-75.7396018859999,4.81711222400003],[-75.739664319,4.81700455300006],[-75.7399085499999,4.81627437300005],[-75.739852347,4.81622912300002],[-75.7399771779999,4.81608618000007],[-75.7400336269999,4.81613167700004],[-75.740084582,4.81611475500004],[-75.7401184239999,4.81615454800004],[-75.740168005,4.81616122200006],[-75.7403149149999,4.81600800000006],[-75.740678566,4.81581681600006],[-75.7410102099999,4.81568955200003],[-75.741077398,4.81564841500006],[-75.741308116,4.81547055200002],[-75.74136731,4.81541865800005],[-75.741402804,4.81537176500006],[-75.741434743,4.81532312200006],[-75.741465729,4.81526780300003],[-75.741544183,4.81509774800003],[-75.741578761,4.81500563900005],[-75.741693232,4.81459193300002],[-75.7417682029999,4.81460576100004],[-75.74183328,4.81465120400003],[-75.741891384,4.81469392800004],[-75.741976639,4.81479241100005],[-75.742085171,4.81488469400005],[-75.7420511549999,4.81494465800006],[-75.7418537829999,4.81503087200002],[-75.741748671,4.81509179100004],[-75.741537925,4.81557205200005],[-75.741310729,4.81578610600009],[-75.7413092159999,4.81587501700004],[-75.741229985,4.81590889500005],[-75.741196144,4.81586912000006],[-75.7406419129999,4.81602699800004],[-75.74035728,4.81615049800007],[-75.740299777,4.81618343900004],[-75.740299777,4.81622185500003],[-75.740252611,4.81634855100004],[-75.7403532719999,4.81632797000004],[-75.740216372,4.81694007100002],[-75.7400070369999,4.81734012000005],[-75.739588333,4.81762017200003],[-75.739209499,4.81779021200003],[-75.7389203879999,4.81791024100005],[-75.7381527379999,4.81806030500007],[-75.737684165,4.81804033300006],[-75.7370027539999,4.81797339500002]]]},"properties":{"FID":239,"ID_BAR":50,"CODCOM":"12","COMUNA":"Ferrocarril","CODBAR":"011206","NOMBRE":"La Libertad","NOM_POPULA":"La Libertad","NORMA":"26"}},{"type":"Feature","id":240,"geometry":{"type":"Polygon","coordinates":[[[-75.695770248,4.79651768200006],[-75.6958438509999,4.79635051300005],[-75.695987642,4.79599873900003],[-75.6960375089999,4.79588089800007],[-75.696484528,4.79611927100007],[-75.696575899,4.79626776200007],[-75.696284351,4.79671720100003],[-75.696231527,4.79679743800005],[-75.6961167709999,4.79671588700007],[-75.695770248,4.79651768200006]]]},"properties":{"FID":240,"ID_BAR":360,"CODCOM":"07","COMUNA":"Boston","CODBAR":"010739","NOMBRE":"Villa Del Sol","NOM_POPULA":"Villa Del Sol","NORMA":"Sin"}},{"type":"Feature","id":241,"geometry":{"type":"Polygon","coordinates":[[[-75.694882833,4.79599561500003],[-75.6949929529999,4.79579850900006],[-75.695095185,4.79560719600004],[-75.695384552,4.79515304100005],[-75.695611199,4.79479048000007],[-75.6957770619999,4.79457529000007],[-75.6958260109999,4.79449840800003],[-75.695902804,4.79464585700003],[-75.6959747079999,4.79467978900003],[-75.696031431,4.79477080600002],[-75.6960342099999,4.79485597300004],[-75.6960380789999,4.79494200600003],[-75.695999548,4.79512567500005],[-75.695902843,4.79535397300004],[-75.6962368,4.79541697200005],[-75.6960375089999,4.79588089800007],[-75.695987642,4.79599873900003],[-75.6958438509999,4.79635051300005],[-75.695770248,4.79651768200006],[-75.6956819019999,4.79646714700004],[-75.6953161129999,4.79634460700005],[-75.695201427,4.79629806200007],[-75.69508424,4.79622942000003],[-75.694882833,4.79599561500003]]]},"properties":{"FID":241,"ID_BAR":361,"CODCOM":"07","COMUNA":"Boston","CODBAR":"010728","NOMBRE":"San Remo","NOM_POPULA":"San Remo","NORMA":"Sin"}},{"type":"Feature","id":242,"geometry":{"type":"Polygon","coordinates":[[[-75.739246969,4.79620137800004],[-75.739244361,4.79607537600002],[-75.739220944,4.79604300100004],[-75.739188794,4.79601075000005],[-75.7391544609999,4.79598588200002],[-75.739045789,4.79576118400006],[-75.738950325,4.79565480600007],[-75.738908878,4.79562262600007],[-75.738857466,4.79557308500005],[-75.738828837,4.79553940300001],[-75.738735769,4.79547974200005],[-75.7386374869999,4.79534542200003],[-75.738538783,4.79522618500004],[-75.738471278,4.79515209400004],[-75.7384309939999,4.79508510100004],[-75.738406202,4.79501365700003],[-75.738376693,4.79494484600003],[-75.738347958,4.79488825600003],[-75.738295771,4.79480791100003],[-75.73814798,4.79466306500006],[-75.7380606849999,4.79457431300004],[-75.738038359,4.79450133400007],[-75.738011949,4.79446841100002],[-75.7378633129999,4.79437369100003],[-75.737824367,4.79433621200007],[-75.7377804559999,4.79429967000005],[-75.7377298549999,4.79426386900007],[-75.737684958,4.79423688200007],[-75.7375678029999,4.79412110700001],[-75.737485615,4.79407725300006],[-75.737198839,4.79396674500003],[-75.737164999,4.79394346600003],[-75.737138167,4.79392093000007],[-75.737108623,4.79389074500004],[-75.7370904169999,4.79386852600004],[-75.737006187,4.79380782200008],[-75.737001785,4.79379113100002],[-75.736992806,4.79376903600006],[-75.7369769589999,4.79374347900006],[-75.736962099,4.79372657700003],[-75.7368918129999,4.79367535700003],[-75.7368077249999,4.79363688900003],[-75.7367365229999,4.79358759500008],[-75.736608205,4.79344098200005],[-75.73671254,4.79338695100005],[-75.7368851159999,4.79321857500003],[-75.736936632,4.79318180100005],[-75.737017268,4.79308204400007],[-75.737049875,4.79307098600003],[-75.736872964,4.79295683800007],[-75.737074201,4.79266261600002],[-75.737060116,4.79265763500006],[-75.736962116,4.79246916200003],[-75.7368910179999,4.79228007100005],[-75.736753752,4.79180345700007],[-75.736715439,4.79170896300008],[-75.736668605,4.79161980500004],[-75.736572014,4.79151263200004],[-75.736465846,4.79141425500006],[-75.7363371069999,4.79131603600006],[-75.7365602099999,4.79099721100005],[-75.736581127,4.79103006200006],[-75.7366073599999,4.79098811400007],[-75.7366826109999,4.79104698100003],[-75.7368172659999,4.79118926700005],[-75.736971185,4.79140820700007],[-75.7370429489999,4.79142307700004],[-75.73713764,4.79164828700005],[-75.737197184,4.79162709200007],[-75.737244019,4.79176196100003],[-75.7374212459999,4.79176347600003],[-75.737722328,4.79256398000007],[-75.737827685,4.79257584700003],[-75.737910509,4.79283279700007],[-75.737961534,4.79293567900003],[-75.7381279539999,4.79314654600006],[-75.738332261,4.79327878100003],[-75.7383515229999,4.79329038400003],[-75.7383863489999,4.79330239400003],[-75.73841135,4.79330521900004],[-75.738576076,4.79330521700007],[-75.7389319709999,4.79325232900004],[-75.739057154,4.79327216200005],[-75.739129658,4.79330520700006],[-75.739165822,4.79334450500005],[-75.7391996279999,4.79338754700007],[-75.7392285029999,4.79343081900003],[-75.739320762,4.79351676200002],[-75.739399851,4.79353659600001],[-75.739439395,4.79352998900004],[-75.739518974,4.79347867900004],[-75.7396338729999,4.79341300800008],[-75.739738842,4.79336095500003],[-75.739834797,4.79333827500005],[-75.739876981,4.79334410300004],[-75.739924308,4.79336098700003],[-75.739964733,4.79338622600005],[-75.7400245259999,4.79345710400003],[-75.7400723109999,4.79354334700001],[-75.74009418,4.79360520100004],[-75.740108759,4.79367781000007],[-75.740112282,4.79375174400008],[-75.740105734,4.79381983200005],[-75.740085241,4.79390019700003],[-75.740208283,4.79429114800007],[-75.740078528,4.79455486700005],[-75.7399056049999,4.79495352600003],[-75.7399574459999,4.79532697600007],[-75.739845997,4.79538215500001],[-75.739757122,4.79548723000004],[-75.739735539,4.79560484300003],[-75.739703321,4.79573780500004],[-75.73997725,4.79605711600003],[-75.7394835709999,4.79648465900004],[-75.739435997,4.79644077000005],[-75.73935335,4.79632420000007],[-75.73933342,4.79631725900003],[-75.739315179,4.79630784600005],[-75.739287853,4.79628642200003],[-75.73926764,4.79626128800005],[-75.739257005,4.79624145400004],[-75.739249575,4.79622410900004],[-75.739246969,4.79620137800004]]]},"properties":{"FID":242,"ID_BAR":362,"CODCOM":"13","COMUNA":"San Joaquin","CODBAR":"011337","NOMBRE":"San Joaquin","NOM_POPULA":"San Joaquin","NORMA":"Sin"}},{"type":"Feature","id":243,"geometry":{"type":"Polygon","coordinates":[[[-75.736157627,4.79647701200001],[-75.7361000879999,4.79643248700005],[-75.736094313,4.79642208300004],[-75.736064276,4.79637946500002],[-75.73604769,4.79637068600005],[-75.736039133,4.79635689300005],[-75.736025576,4.79633831200004],[-75.736008568,4.79631914900006],[-75.735996842,4.79629889000005],[-75.7359824389999,4.79624860600006],[-75.735945746,4.79618811300002],[-75.73592085,4.79615863500003],[-75.735907293,4.79613632800004],[-75.7358884889999,4.79610893400007],[-75.73586398,4.79607788400004],[-75.735850634,4.79604921800006],[-75.7357725649999,4.79594186700007],[-75.735751824,4.79590760400004],[-75.73571316,4.79586445500007],[-75.735688263,4.79582775300003],[-75.7356412189999,4.79579022100005],[-75.735622732,4.79577985400003],[-75.735601322,4.79577157000004],[-75.73558442,4.79576743700004],[-75.735552023,4.79574619000004],[-75.735509521,4.79571833700003],[-75.735495823,4.79570159300005],[-75.735486174,4.79567799600006],[-75.7354597629999,4.79558431700002],[-75.735455819,4.79555158800002],[-75.735448987,4.79551575100003],[-75.735438845,4.79547832500002],[-75.735424514,4.79544206500003],[-75.7354142309999,4.79539783900002],[-75.7354065179999,4.79538160700002],[-75.735396764,4.79535608500003],[-75.735389722,4.79533091700005],[-75.735385213,4.79527213700004],[-75.7353949659999,4.79511679700004],[-75.7353965499999,4.79509136300004],[-75.735396936,4.79507387800004],[-75.735395352,4.79505261200006],[-75.735389964,4.79502535900001],[-75.735383907,4.79500649600005],[-75.735374575,4.79498553000007],[-75.735364364,4.79496928200006],[-75.735303092,4.79489820900005],[-75.7352136499999,4.79481917100002],[-75.73515414,4.79478473100004],[-75.7351089969999,4.79475389300006],[-75.7350757899999,4.79473568300005],[-75.735959946,4.79422302400006],[-75.736001323,4.79435243500006],[-75.736217246,4.79420594100002],[-75.736413596,4.79437821600005],[-75.736483107,4.79435801000003],[-75.737297382,4.79506450700007],[-75.7372917129999,4.79511482800006],[-75.7371054399999,4.79535413700006],[-75.736157627,4.79647701200001]]]},"properties":{"FID":243,"ID_BAR":363,"CODCOM":"13","COMUNA":"San Joaquin","CODBAR":"011317","NOMBRE":"Guayacanes","NOM_POPULA":"Guayacanes","NORMA":"Sin"}},{"type":"Feature","id":244,"geometry":{"type":"Polygon","coordinates":[[[-75.73452279,4.79643473200002],[-75.734323447,4.79631752700003],[-75.734451198,4.79614526500006],[-75.734428169,4.79613277800008],[-75.734625078,4.79591598900003],[-75.7347156449999,4.79580536900004],[-75.7347077919999,4.79577257000005],[-75.734935476,4.79553720000006],[-75.735150208,4.79571941900001],[-75.7350506609999,4.79582903300006],[-75.7348325899999,4.79603923400003],[-75.7347336779999,4.79617316800004],[-75.7346500479999,4.79628643800003],[-75.73452279,4.79643473200002]]]},"properties":{"FID":244,"ID_BAR":364,"CODCOM":"15","COMUNA":"El Oso","CODBAR":"011511","NOMBRE":"La Bretana","NOM_POPULA":"La Bretana","NORMA":"SinS"}},{"type":"Feature","id":245,"geometry":{"type":"Polygon","coordinates":[[[-75.744746083,4.79616005000002],[-75.744888961,4.79554681200005],[-75.7448564549999,4.79537631900007],[-75.744966704,4.79527283200002],[-75.745076495,4.79514313500004],[-75.745141496,4.79507794200004],[-75.7452190349999,4.79506040100006],[-75.745361578,4.79510301700002],[-75.745584091,4.79515064500004],[-75.745894176,4.79515816000001],[-75.745984075,4.79517119300004],[-75.745717997,4.79615679100003],[-75.745662684,4.79635962600003],[-75.744746083,4.79616005000002]]]},"properties":{"FID":245,"ID_BAR":365,"CODCOM":"13","COMUNA":"San Joaquin","CODBAR":"011310","NOMBRE":"Codelmar IV","NOM_POPULA":"Codelmar IV","NORMA":"Sin"}},{"type":"Feature","id":246,"geometry":{"type":"Polygon","coordinates":[[[-75.7289315469999,4.79399568100007],[-75.729196525,4.79372528800007],[-75.7298132459999,4.79441100600007],[-75.7302200629999,4.79486308800006],[-75.729962835,4.79511172100006],[-75.7300402669999,4.79519194300001],[-75.7300523449999,4.79520444700005],[-75.73017714,4.79525570300006],[-75.7309308059999,4.79551798500007],[-75.731199868,4.79568619900004],[-75.7310954989999,4.79584533600006],[-75.730964155,4.79611164900006],[-75.730886759,4.79620734300006],[-75.7303708869999,4.79609082800005],[-75.7303955,4.79599683000004],[-75.729662188,4.79574717700005],[-75.7296398619999,4.79571418300003],[-75.729807968,4.79546934800003],[-75.730034801,4.79519725100005],[-75.729446891,4.79459137500004],[-75.72916494,4.79428910400004],[-75.7289315469999,4.79399568100007]]]},"properties":{"FID":246,"ID_BAR":366,"CODCOM":"14","COMUNA":"Perla Del Otun","CODBAR":"011404","NOMBRE":"Departamento","NOM_POPULA":"El Departamento","NORMA":"50"}},{"type":"Feature","id":247,"geometry":{"type":"Polygon","coordinates":[[[-75.7371054399999,4.79535413700006],[-75.7372917129999,4.79511482800006],[-75.737297382,4.79506450700007],[-75.736483107,4.79435801000003],[-75.736413596,4.79437821600005],[-75.736217246,4.79420594100002],[-75.736001323,4.79435243500006],[-75.735959946,4.79422302400006],[-75.736567329,4.79387775400005],[-75.7368918129999,4.79367535700003],[-75.736962099,4.79372657700003],[-75.7369769589999,4.79374347900006],[-75.736992806,4.79376903600006],[-75.737001785,4.79379113100002],[-75.737006187,4.79380782200008],[-75.7370904169999,4.79386852600004],[-75.737108623,4.79389074500004],[-75.737138167,4.79392093000007],[-75.737164999,4.79394346600003],[-75.737198839,4.79396674500003],[-75.737485615,4.79407725300006],[-75.7375678029999,4.79412110700001],[-75.737684958,4.79423688200007],[-75.7377298549999,4.79426386900007],[-75.7377804559999,4.79429967000005],[-75.737824367,4.79433621200007],[-75.7378633129999,4.79437369100003],[-75.738011949,4.79446841100002],[-75.738038359,4.79450133400007],[-75.7380606849999,4.79457431300004],[-75.73814798,4.79466306500006],[-75.738295771,4.79480791100003],[-75.738347958,4.79488825600003],[-75.738376693,4.79494484600003],[-75.738406202,4.79501365700003],[-75.7384309939999,4.79508510100004],[-75.738471278,4.79515209400004],[-75.738538783,4.79522618500004],[-75.7386374869999,4.79534542200003],[-75.738735769,4.79547974200005],[-75.738828837,4.79553940300001],[-75.738857466,4.79557308500005],[-75.738908878,4.79562262600007],[-75.738950325,4.79565480600007],[-75.739045789,4.79576118400006],[-75.738763703,4.79607026200005],[-75.738594542,4.79616795500004],[-75.738385412,4.79620061600002],[-75.7381848379999,4.79616107400005],[-75.7371054399999,4.79535413700006]]]},"properties":{"FID":247,"ID_BAR":367,"CODCOM":"13","COMUNA":"San Joaquin","CODBAR":"011306","NOMBRE":"Ciudadela Comfamiliar II","NOM_POPULA":"Ciudadela Comfamiliar II","NORMA":"Sin"}},{"type":"Feature","id":248,"geometry":{"type":"Polygon","coordinates":[[[-75.715625157,4.79502057600007],[-75.716423988,4.79484464000006],[-75.717609919,4.79599506800003],[-75.7164727639999,4.79688715000002],[-75.715975908,4.79634966300006],[-75.715498582,4.79726832000005],[-75.715186855,4.79775696900003],[-75.7148848579999,4.79785470700005],[-75.7144074449999,4.79594902800005],[-75.715625157,4.79502057600007]]]},"properties":{"FID":248,"ID_BAR":368,"CODCOM":"10","COMUNA":"Consota","CODBAR":"011013","NOMBRE":"El Paraiso","NOM_POPULA":"El Paraiso","NORMA":"Sin"}},{"type":"Feature","id":249,"geometry":{"type":"Polygon","coordinates":[[[-75.709809784,4.81161605900006],[-75.710176604,4.81166854300004],[-75.710377077,4.81167948100005],[-75.710472968,4.81153525300004],[-75.7106843239999,4.81141508400003],[-75.7108957149999,4.81132112500006],[-75.711047557,4.81130268900006],[-75.711018505,4.81133352700003],[-75.711005792,4.81136312900002],[-75.710986281,4.81146315000006],[-75.710946735,4.81153019500005],[-75.7108848629999,4.81159748700003],[-75.7108277089999,4.81167723100003],[-75.7107238949999,4.81178548000002],[-75.710633994,4.81184100800003],[-75.7105959959999,4.81188995000003],[-75.710557471,4.81197856100005],[-75.7104811949999,4.81207012000004],[-75.710384071,4.81224568100004],[-75.709751104,4.81213167300008],[-75.709809784,4.81161605900006]]]},"properties":{"FID":249,"ID_BAR":108,"CODCOM":"08","COMUNA":"El Jardin","CODBAR":"010820","NOMBRE":"Niza I","NOM_POPULA":"Niza I","NORMA":"Sin"}},{"type":"Feature","id":250,"geometry":{"type":"Polygon","coordinates":[[[-75.687633725,4.81223408700004],[-75.687738391,4.81142032100007],[-75.687938187,4.80968586000005],[-75.6880683039999,4.80839097500007],[-75.688873464,4.80840585700001],[-75.6893483219999,4.80839560300006],[-75.689865706,4.80858251600006],[-75.690621521,4.80880402400004],[-75.691587736,4.80907300100006],[-75.692225904,4.80925495500004],[-75.692488704,4.80927308900006],[-75.6927046709999,4.80923127600004],[-75.6928435469999,4.80938316100003],[-75.692814423,4.80942901100002],[-75.692422533,4.81004540500003],[-75.692184653,4.81028386900005],[-75.691958647,4.81036733000007],[-75.691732644,4.81036731700004],[-75.691542316,4.81033152400005],[-75.691025356,4.81005847300003],[-75.6905788939999,4.80983065900005],[-75.690451493,4.80977171400003],[-75.6902696539999,4.80968756100003],[-75.690043653,4.80965178300005],[-75.689734404,4.80969945400005],[-75.689341865,4.80991406500004],[-75.689044504,4.81021215200007],[-75.68768292,4.81220203200007],[-75.687633725,4.81223408700004]]]},"properties":{"FID":250,"ID_BAR":109,"CODCOM":"06","COMUNA":"Universidad","CODBAR":"010622","NOMBRE":"San Jose","NOM_POPULA":"San Jose","NORMA":"Sin"}},{"type":"Feature","id":251,"geometry":{"type":"Polygon","coordinates":[[[-75.687633725,4.81223408700004],[-75.684293923,4.81185828100007],[-75.684589736,4.80930650400004],[-75.684712512,4.80838904500006],[-75.685511075,4.80859168000005],[-75.685625413,4.80861358900006],[-75.68631713,4.80895128000002],[-75.686261003,4.80949255500007],[-75.687938187,4.80968586000005],[-75.687738391,4.81142032100007],[-75.687633725,4.81223408700004]]]},"properties":{"FID":251,"ID_BAR":110,"CODCOM":"04","COMUNA":"Villavicencio","CODBAR":"010402","NOMBRE":"Corocito","NOM_POPULA":"Corocito","NORMA":"Sin"}},{"type":"Feature","id":252,"geometry":{"type":"Polygon","coordinates":[[[-75.7343564399999,4.81201811300001],[-75.73431207,4.81193225800006],[-75.7342801299999,4.81189059300004],[-75.734139027,4.81177658400002],[-75.7340403919999,4.81170989300005],[-75.7339394699999,4.81168689800005],[-75.733852315,4.81168919500004],[-75.7338278769999,4.81169942100007],[-75.7338529829999,4.81161941100004],[-75.734287936,4.81088799300004],[-75.734517846,4.81077470500002],[-75.734735252,4.81042532400005],[-75.7349029759999,4.81050056500004],[-75.734985695,4.81060346300006],[-75.735027142,4.81068836500003],[-75.7350381639999,4.81072427300006],[-75.735051229,4.81076062200003],[-75.735057814,4.81079969000006],[-75.7350573579999,4.81081850100002],[-75.735050879,4.81085493800003],[-75.735039223,4.81088895600004],[-75.735004996,4.81095840400006],[-75.734884181,4.81121277800002],[-75.734830728,4.81132392800004],[-75.7347803379999,4.81145250900005],[-75.734808932,4.81147972700006],[-75.734737943,4.81164303300005],[-75.7347537529999,4.81165174100004],[-75.734720935,4.81171168600004],[-75.734617021,4.81188695000004],[-75.7345137729999,4.81180356800007],[-75.7344906379999,4.81178415700002],[-75.734471763,4.81180510500008],[-75.734445072,4.81183756900003],[-75.734424718,4.81183467200003],[-75.7344093999999,4.81189211100002],[-75.7343955979999,4.81199727200005],[-75.734392641,4.81207677000003],[-75.7343564399999,4.81201811300001]]]},"properties":{"FID":252,"ID_BAR":111,"CODCOM":"11","COMUNA":"Olimpica","CODBAR":"011137","NOMBRE":"Villa Alicia","NOM_POPULA":"Villa Alicia","NORMA":"Sin"}},{"type":"Feature","id":253,"geometry":{"type":"Polygon","coordinates":[[[-75.7307859319999,4.81206657500007],[-75.73079022,4.81081218100007],[-75.730848358,4.81083938100005],[-75.730848355,4.81043629200002],[-75.730993084,4.81035788900005],[-75.731053088,4.81041652700003],[-75.731154997,4.81047161500004],[-75.731217467,4.81052827500003],[-75.731361352,4.81072346000008],[-75.731501327,4.81073965500001],[-75.7315110869999,4.81166360500003],[-75.731117997,4.81190771800003],[-75.7308904809999,4.81207291500004],[-75.7307859319999,4.81206657500007]]]},"properties":{"FID":253,"ID_BAR":112,"CODCOM":"12","COMUNA":"Ferrocarril","CODBAR":"011205","NOMBRE":"La Hacienda","NOM_POPULA":"La Hacienda","NORMA":"Sin"}},{"type":"Feature","id":254,"geometry":{"type":"Polygon","coordinates":[[[-75.7067289139999,4.81195788300005],[-75.706700778,4.81195440200001],[-75.705606404,4.81189154400003],[-75.7053533929999,4.81188298800003],[-75.7051763379999,4.81186210600003],[-75.705125772,4.81185081700004],[-75.705481219,4.81074497600003],[-75.706210213,4.81081801300008],[-75.706110509,4.81127998600004],[-75.706887464,4.81136273800007],[-75.7067289139999,4.81195788300005]]]},"properties":{"FID":254,"ID_BAR":113,"CODCOM":"08","COMUNA":"El Jardin","CODBAR":"010805","NOMBRE":"Brasilia","NOM_POPULA":"Brasilia","NORMA":"Sin"}},{"type":"Feature","id":255,"geometry":{"type":"Polygon","coordinates":[[[-75.684293923,4.81185828100007],[-75.6809382439999,4.81146802600005],[-75.680609073,4.81135153900003],[-75.680417625,4.81121589800006],[-75.679996008,4.81072646500007],[-75.6796073899999,4.81020324600006],[-75.67952436,4.81013887900002],[-75.6794640419999,4.81009003800004],[-75.678527221,4.80950393800003],[-75.678371722,4.80943066400004],[-75.681162178,4.80975112600004],[-75.681248543,4.80889972200003],[-75.682093031,4.80901472400007],[-75.684589736,4.80930650400004],[-75.684293923,4.81185828100007]]]},"properties":{"FID":255,"ID_BAR":114,"CODCOM":"04","COMUNA":"Villavicencio","CODBAR":"010401","NOMBRE":"Berlin","NOM_POPULA":"Berlin","NORMA":"Sin"}},{"type":"Feature","id":256,"geometry":{"type":"Polygon","coordinates":[[[-75.733372351,4.81179766400004],[-75.733297205,4.81176968700003],[-75.7332628,4.81171219600002],[-75.7331435289999,4.81148684500004],[-75.73304426,4.81136617700002],[-75.732970839,4.81132249900003],[-75.732876818,4.81130409500002],[-75.732711665,4.81133859200002],[-75.732573593,4.81138228900006],[-75.732497883,4.81139838000008],[-75.732351076,4.81139838100006],[-75.732291424,4.81135929500005],[-75.73226621,4.81130639700006],[-75.732259308,4.81121902200004],[-75.7322914219999,4.81116612300001],[-75.732481821,4.81098905700002],[-75.7326724329999,4.81086171000003],[-75.733144682,4.81051930500006],[-75.733190002,4.81052108800002],[-75.733310503,4.81051117900006],[-75.733394453,4.81049929100004],[-75.7334734729999,4.81047156000004],[-75.733555908,4.81042871200003],[-75.733628025,4.81036927700006],[-75.7337277839999,4.81026727600004],[-75.7338375799999,4.81018096000002],[-75.7339354389999,4.81012641700004],[-75.734071434,4.81008607500006],[-75.7342361619999,4.81001885100004],[-75.734416632,4.80996863400001],[-75.7345661849999,4.80991276700006],[-75.734619604,4.80989178400004],[-75.734735252,4.81042532400005],[-75.734517846,4.81077470500002],[-75.734287936,4.81088799300004],[-75.7338529829999,4.81161941100004],[-75.7338278769999,4.81169942100007],[-75.733671105,4.81176509200003],[-75.733556414,4.81179729100007],[-75.733448589,4.81181108600003],[-75.733372351,4.81179766400004]]]},"properties":{"FID":256,"ID_BAR":115,"CODCOM":"11","COMUNA":"Olimpica","CODBAR":"011101","NOMBRE":"Alcazares","NOM_POPULA":"Alcazares","NORMA":"Sin"}},{"type":"Feature","id":257,"geometry":{"type":"Polygon","coordinates":[[[-75.7098159129999,4.81153474200005],[-75.7098317999999,4.81132251300004],[-75.709800817,4.81110491300006],[-75.709735714,4.81078162000007],[-75.7096985329999,4.81060445000003],[-75.709658216,4.81050084100002],[-75.709900352,4.81021984000006],[-75.71012379,4.80995023100007],[-75.710144601,4.80997866800004],[-75.7101945329999,4.81002462600002],[-75.710358804,4.81006929800002],[-75.710451838,4.81010898800001],[-75.710615122,4.81022709900003],[-75.710875066,4.81038641900006],[-75.711029476,4.81046978800005],[-75.7110541959999,4.81049163700003],[-75.7110611319999,4.81051742500006],[-75.711055215,4.81057300800006],[-75.711040635,4.81064374500004],[-75.7110707749999,4.81078712800006],[-75.711088027,4.81091014600003],[-75.7110759449999,4.81105181500003],[-75.711051856,4.81115498000003],[-75.711034635,4.81124913700007],[-75.711034634,4.81127764400004],[-75.711047557,4.81130268900006],[-75.7108957149999,4.81132112500006],[-75.7106843239999,4.81141508400003],[-75.710472968,4.81153525300004],[-75.710377077,4.81167948100005],[-75.710176604,4.81166854300004],[-75.709809784,4.81161605900006],[-75.7098159129999,4.81153474200005]]]},"properties":{"FID":257,"ID_BAR":116,"CODCOM":"08","COMUNA":"El Jardin","CODBAR":"010821","NOMBRE":"Niza II","NOM_POPULA":"Niza II","NORMA":"Sin"}},{"type":"Feature","id":258,"geometry":{"type":"Polygon","coordinates":[[[-75.708911098,4.81132724100007],[-75.708801313,4.81089113800004],[-75.708707795,4.81053437500004],[-75.7086235369999,4.81021293700008],[-75.7086171649999,4.81012377800004],[-75.7086553029999,4.81007919900002],[-75.708741013,4.81006009000003],[-75.7093919339999,4.81031165400002],[-75.7095728959999,4.81039444100002],[-75.709658216,4.81050084100002],[-75.7096985329999,4.81060445000003],[-75.709735714,4.81078162000007],[-75.709800817,4.81110491300006],[-75.7098317999999,4.81132251300004],[-75.7098159129999,4.81153474200005],[-75.7094351499999,4.81135846300004],[-75.708911098,4.81132724100007]]]},"properties":{"FID":258,"ID_BAR":117,"CODCOM":"08","COMUNA":"El Jardin","CODBAR":"010812","NOMBRE":"La Elvira","NOM_POPULA":"La Elvira","NORMA":"Sin"}},{"type":"Feature","id":259,"geometry":{"type":"Polygon","coordinates":[[[-75.760544195,4.81038604500001],[-75.7603856819999,4.81078887600005],[-75.760251252,4.81110892300005],[-75.7599459089999,4.81101435700003],[-75.759585067,4.81089842200002],[-75.759529958,4.81089416700007],[-75.759441959,4.81091224000004],[-75.759378682,4.81095034100002],[-75.759100786,4.81119990500002],[-75.75905392,4.81125806900008],[-75.759016983,4.81133041500004],[-75.758997021,4.81140318400002],[-75.758987976,4.81151781400007],[-75.75877657,4.81114061000004],[-75.758669228,4.81092942700008],[-75.7586618679999,4.81090242200003],[-75.75868229,4.81086884500006],[-75.758766131,4.81079775000006],[-75.7591430799999,4.81049208700005],[-75.759178924,4.81042505700004],[-75.759375639,4.80991499600003],[-75.7595722069999,4.81001009800001],[-75.759947769,4.81016651500005],[-75.7602543799999,4.81027547600006],[-75.760544195,4.81038604500001]]]},"properties":{"FID":259,"ID_BAR":118,"CODCOM":"11","COMUNA":"Olimpica","CODBAR":"011104","NOMBRE":"Altos de Belmonte","NOM_POPULA":"Altos de Belmonte","NORMA":"Sin"}},{"type":"Feature","id":260,"geometry":{"type":"Polygon","coordinates":[[[-75.703968134,4.81129853300006],[-75.703693156,4.81111107500005],[-75.703400218,4.81093375200004],[-75.7032127429999,4.81083769800006],[-75.703097806,4.81079348600001],[-75.703033648,4.81076879200003],[-75.702881033,4.81072657300008],[-75.7026915129999,4.81069314900003],[-75.702289515,4.81063467300003],[-75.701872129,4.81055927600005],[-75.701373398,4.81049447200007],[-75.7010245019999,4.81043177600003],[-75.700512814,4.81035008600003],[-75.7002151189999,4.81029161200007],[-75.7002120939999,4.81018265300001],[-75.700089765,4.80920975700009],[-75.700056775,4.80907767700007],[-75.700065261,4.80906692000001],[-75.7001442169999,4.80890550800007],[-75.70051935,4.80887184100004],[-75.7006471759999,4.80885925200004],[-75.7008285269999,4.80882624900006],[-75.700919308,4.80884541500005],[-75.70102442,4.80884782200007],[-75.701201898,4.80883286900006],[-75.701207429,4.80877227000003],[-75.701215388,4.80875119900002],[-75.701228946,4.80873673400002],[-75.701304444,4.80871748400005],[-75.701344273,4.80869260000004],[-75.701361704,4.80868092600001],[-75.701375755,4.80866575400006],[-75.701389277,4.80863823700003],[-75.7013928699999,4.80861458700003],[-75.701440272,4.80851103500003],[-75.701531442,4.80845073900002],[-75.701648247,4.80840238400003],[-75.701687265,4.80839500300003],[-75.7017652609999,4.80845498700005],[-75.701876393,4.80852359100003],[-75.701959742,4.80855810600002],[-75.702073024,4.80858497500002],[-75.7022277849999,4.80866622700004],[-75.702325851,4.80878253700007],[-75.702383808,4.80891590600005],[-75.702464374,4.80901096800005],[-75.7025061689999,4.80910152400002],[-75.70258818,4.80916560600001],[-75.702649908,4.80918620200002],[-75.702707517,4.80921676000003],[-75.702757132,4.80925441700004],[-75.702819317,4.80931097500007],[-75.702884425,4.80939063400006],[-75.702914955,4.80941341900005],[-75.70294647,4.80943131200007],[-75.702976683,4.80944411800005],[-75.703045101,4.80950293600006],[-75.703137993,4.80956890800008],[-75.70319363,4.80960225600006],[-75.703217116,4.80961301300005],[-75.703244689,4.80962204000002],[-75.703259197,4.80962536100003],[-75.7032808879999,4.80962862900003],[-75.703302368,4.80962991900004],[-75.703320503,4.80963622500006],[-75.703341525,4.80964654100005],[-75.703365189,4.80966296800004],[-75.703385119,4.80968223800004],[-75.7034006819999,4.80970272700004],[-75.703440192,4.80971835900006],[-75.7034605809999,4.80971595700002],[-75.703515516,4.80968022900004],[-75.703571471,4.80965693400003],[-75.703586613,4.80965379100006],[-75.703609537,4.80965128300006],[-75.7036375319999,4.80965177900003],[-75.7036653499999,4.80965621300004],[-75.703696726,4.80966624600006],[-75.703747186,4.80970044300004],[-75.70376937,4.80972660100002],[-75.703787292,4.80975245900005],[-75.703806518,4.80978751900004],[-75.703816448,4.80981071100007],[-75.7038313429999,4.80982206800007],[-75.703851978,4.80983155300004],[-75.703873106,4.80983570400003],[-75.7038977189999,4.80986670200003],[-75.703922967,4.80989146600007],[-75.70395346,4.80991481600005],[-75.703980469,4.80993092500005],[-75.7040003989999,4.80996119900005],[-75.7040003989999,4.80998461900003],[-75.7040189209999,4.81000802200002],[-75.704052971,4.81001863900001],[-75.704000244,4.81039537400004],[-75.7040397799999,4.81066539600005],[-75.703930535,4.81101325100002],[-75.703968134,4.81129853300006]]]},"properties":{"FID":260,"ID_BAR":119,"CODCOM":"16","COMUNA":"San Nicolas","CODBAR":"011604","NOMBRE":"Nuevo Mejico","NOM_POPULA":"Los Molinos","NORMA":"Sin"}},{"type":"Feature","id":261,"geometry":{"type":"Polygon","coordinates":[[[-75.7386889159999,4.80855539700002],[-75.738764623,4.80844027200004],[-75.7387042299999,4.80835899200003],[-75.7387976859999,4.80826857700002],[-75.7389009299999,4.80815325800005],[-75.7389865329999,4.80804498700007],[-75.739090726,4.80785749900003],[-75.73917911,4.80767674200008],[-75.7392331609999,4.80760994300004],[-75.7393257369999,4.80753116700003],[-75.739409157,4.80746502000004],[-75.739495042,4.80741816000004],[-75.7396031119999,4.80740530000003],[-75.739698682,4.80740051200007],[-75.739823126,4.80740428900003],[-75.739909858,4.80741689800004],[-75.740068884,4.80746850500002],[-75.739972759,4.80788418800007],[-75.739934166,4.80793890600005],[-75.739760745,4.80829584700005],[-75.739711696,4.80849831100005],[-75.739670958,4.80871400400003],[-75.739616241,4.80898573900004],[-75.7396473429999,4.80944937300006],[-75.739612558,4.80977692100004],[-75.739519631,4.80988362000004],[-75.739494844,4.81005653400008],[-75.7398111099999,4.81062871600005],[-75.739062261,4.81103623400003],[-75.738798161,4.81118420100004],[-75.738681379,4.81085478600004],[-75.738407055,4.81035234800003],[-75.738502414,4.80963454800006],[-75.73852571,4.80904500900004],[-75.7385466599999,4.80895175800003],[-75.73826294,4.80872808800006],[-75.738672903,4.80837776800007],[-75.7386207439999,4.80866942500005],[-75.7386889159999,4.80855539700002]]]},"properties":{"FID":261,"ID_BAR":120,"CODCOM":"11","COMUNA":"Olimpica","CODBAR":"011106","NOMBRE":"Canaveral II","NOM_POPULA":"Canaveral II","NORMA":"Sin"}},{"type":"Feature","id":262,"geometry":{"type":"Polygon","coordinates":[[[-75.7624496299999,4.81074576400005],[-75.762430616,4.81076793100006],[-75.762386355,4.81081231800004],[-75.761977117,4.81115848500002],[-75.7618901,4.81107584800002],[-75.761672642,4.81082768600003],[-75.7616402799999,4.81079819200004],[-75.761718973,4.81061414700004],[-75.761928187,4.81012162400002],[-75.762164231,4.80956597400005],[-75.7621831769999,4.80957236700005],[-75.762292906,4.80961485600005],[-75.76288958,4.80986783700006],[-75.762912296,4.80993608300002],[-75.76294804,4.80997195300005],[-75.7629985729999,4.81000188700005],[-75.762955791,4.81005975200003],[-75.762849278,4.81020502900003],[-75.76247118,4.81072064700003],[-75.7624496299999,4.81074576400005]]]},"properties":{"FID":262,"ID_BAR":121,"CODCOM":"11","COMUNA":"Olimpica","CODBAR":"011130","NOMBRE":"Rincon de La Palma","NOM_POPULA":"Rincon de La Palma","NORMA":"Sin"}},{"type":"Feature","id":263,"geometry":{"type":"Polygon","coordinates":[[[-75.763624421,4.81053590900007],[-75.7633245,4.81110530300003],[-75.7624496299999,4.81074576400005],[-75.76247118,4.81072064700003],[-75.762849278,4.81020502900003],[-75.7635288829999,4.81049313500005],[-75.763624421,4.81053590900007]]]},"properties":{"FID":263,"ID_BAR":122,"CODCOM":"11","COMUNA":"Olimpica","CODBAR":"011111","NOMBRE":"El Pizamo","NOM_POPULA":"El Pizamo","NORMA":"Sin"}},{"type":"Feature","id":264,"geometry":{"type":"Polygon","coordinates":[[[-75.73079022,4.81081218100007],[-75.730745639,4.81077574500007],[-75.730691761,4.81074822700003],[-75.7306331309999,4.81073305600007],[-75.7304068819999,4.81073711900007],[-75.730103621,4.81078191200004],[-75.72997752,4.81082089300003],[-75.7299500889999,4.81075201000005],[-75.729610486,4.81042384700003],[-75.729703802,4.81043147700005],[-75.729776343,4.81038961700004],[-75.7298532839999,4.81032018600007],[-75.7299800179999,4.81018851300007],[-75.7301131949999,4.81005567500006],[-75.7303015529999,4.80987679000003],[-75.7304093069999,4.80982586900007],[-75.730447232,4.80982027000004],[-75.730502482,4.80981617200008],[-75.730553965,4.80981661300006],[-75.73061742,4.80982731600004],[-75.730761339,4.80987205300006],[-75.730803877,4.80986276300005],[-75.730986249,4.80980643700001],[-75.731087066,4.80980797300003],[-75.7311886219999,4.80981955900006],[-75.7311986939999,4.80982710000007],[-75.731212146,4.80984444500006],[-75.7312181309999,4.80986057000008],[-75.731218624,4.80988667500002],[-75.731205561,4.80992525000006],[-75.7311085819999,4.81002121000007],[-75.731000864,4.81014850200006],[-75.73097537,4.81028614500002],[-75.730993084,4.81035788900005],[-75.730848355,4.81043629200002],[-75.730848358,4.81083938100005],[-75.73079022,4.81081218100007]]]},"properties":{"FID":264,"ID_BAR":123,"CODCOM":"12","COMUNA":"Ferrocarril","CODBAR":"011215","NOMBRE":"Nueva Esperanza","NOM_POPULA":"Nueva Esperanza","NORMA":"Sin"}},{"type":"Feature","id":265,"geometry":{"type":"Polygon","coordinates":[[[-75.759375639,4.80991499600003],[-75.759178924,4.81042505700004],[-75.7591430799999,4.81049208700005],[-75.758766131,4.81079775000006],[-75.758558217,4.81054462500003],[-75.758905587,4.81026266500003],[-75.759089205,4.80979561300006],[-75.759310563,4.80987866900005],[-75.759375639,4.80991499600003]]]},"properties":{"FID":265,"ID_BAR":124,"CODCOM":"11","COMUNA":"Olimpica","CODBAR":"011127","NOMBRE":"Pinar de Belmonte","NOM_POPULA":"Pinar de Belmonte","NORMA":"Sin"}},{"type":"Feature","id":266,"geometry":{"type":"Polygon","coordinates":[[[-75.708707795,4.81053437500004],[-75.70809676,4.81070195600005],[-75.708015733,4.81071589000005],[-75.707868237,4.81018043600003],[-75.7081204399999,4.81010486500002],[-75.708454198,4.81003934700004],[-75.70850554,4.81003934900002],[-75.708561564,4.81006976500004],[-75.7086171649999,4.81012377800004],[-75.7086235369999,4.81021293700008],[-75.708707795,4.81053437500004]]]},"properties":{"FID":266,"ID_BAR":125,"CODCOM":"08","COMUNA":"El Jardin","CODBAR":"010814","NOMBRE":"Los Andes","NOM_POPULA":"Los Andes","NORMA":"Sin"}},{"type":"Feature","id":267,"geometry":{"type":"Polygon","coordinates":[[[-75.762849278,4.81020502900003],[-75.762955791,4.81005975200003],[-75.7629985729999,4.81000188700005],[-75.763235298,4.80968144700006],[-75.764294692,4.81013061100002],[-75.76402819,4.81068654500006],[-75.763624421,4.81053590900007],[-75.7635288829999,4.81049313500005],[-75.762849278,4.81020502900003]]]},"properties":{"FID":267,"ID_BAR":126,"CODCOM":"11","COMUNA":"Olimpica","CODBAR":"011122","NOMBRE":"Los Nogales","NOM_POPULA":"Los Nogales","NORMA":"Sin"}},{"type":"Feature","id":268,"geometry":{"type":"Polygon","coordinates":[[[-75.7142474629999,4.80990095300005],[-75.7142129539999,4.80986479800004],[-75.714161648,4.80982881900006],[-75.714113547,4.80980799400003],[-75.7132833169999,4.80955579600004],[-75.7132041579999,4.80949289900002],[-75.713182327,4.80939920000003],[-75.713145637,4.80929732300007],[-75.71310053,4.809207386],[-75.713050316,4.80916547300006],[-75.713329076,4.80874916000005],[-75.713478993,4.80810265300006],[-75.7134920569999,4.80810576100003],[-75.713838417,4.80817993200003],[-75.714064206,4.80822801300007],[-75.7142884519999,4.80797804300004],[-75.71450368,4.80779091500006],[-75.714562418,4.80771664600007],[-75.714698733,4.80757729300007],[-75.7147172909999,4.80755133000002],[-75.7146684139999,4.80752268100002],[-75.714571227,4.80745828200002],[-75.7147300409999,4.80740293200005],[-75.714959101,4.80765359900006],[-75.715225209,4.80775157600004],[-75.7152738029999,4.80777531500006],[-75.715322961,4.80779931800004],[-75.715463216,4.80782526700005],[-75.715654812,4.80792336700006],[-75.715719994,4.80790932600007],[-75.715755031,4.80791534900004],[-75.715802746,4.80793025800006],[-75.7158405289999,4.80794823800005],[-75.7159231749999,4.80793266200004],[-75.716077271,4.80791821600006],[-75.7162397119999,4.80790645600006],[-75.716304575,4.80791712500007],[-75.7163677129999,4.80793653600006],[-75.716417118,4.80795870400004],[-75.716519975,4.80802654600006],[-75.716617199,4.80813476300006],[-75.716686357,4.80824397100002],[-75.716738154,4.80832862700003],[-75.716808686,4.80847020900006],[-75.716859674,4.80853435900001],[-75.7169213669999,4.80858944800001],[-75.716967286,4.80861995200007],[-75.7170729969999,4.80867306400006],[-75.7173550219999,4.80877580900006],[-75.7175435899999,4.80882811000003],[-75.7175922209999,4.80882759800005],[-75.717815333,4.80895971500007],[-75.7178511449999,4.80898092800005],[-75.717944356,4.80901245700005],[-75.71802672,4.80902404400006],[-75.718127501,4.80902982100002],[-75.7182180359999,4.80902722600006],[-75.718266948,4.80902274000005],[-75.718318289,4.80900952900003],[-75.718377625,4.80898838900003],[-75.7184258679999,4.80896442100004],[-75.718493162,4.80890401700002],[-75.7185118959999,4.80885339700007],[-75.7185181299999,4.80878815300002],[-75.718542886,4.80868943900003],[-75.718603983,4.80862806200003],[-75.7187222649999,4.80865830200002],[-75.718757021,4.80867020600002],[-75.7187720219999,4.80867487000008],[-75.718847309,4.80870461400002],[-75.7189172069999,4.80871284500005],[-75.719002178,4.80871159200008],[-75.719067324,4.80870223200003],[-75.719126623,4.80871267100003],[-75.7192004309999,4.80874986900005],[-75.719482314,4.80899318700004],[-75.719661445,4.80911958000007],[-75.719723808,4.80915743200005],[-75.719673797,4.80989654400003],[-75.719580621,4.80987542000003],[-75.7194964609999,4.80982117800005],[-75.7194122659999,4.80974279200006],[-75.7193457829999,4.80966601300003],[-75.7192977879999,4.80962491200006],[-75.71919352,4.80958381100003],[-75.7190131899999,4.80954036000002],[-75.7187420809999,4.80952140500005],[-75.718503155,4.80951670400004],[-75.718290006,4.80953665900006],[-75.718173413,4.80956845000002],[-75.718041079,4.80961778000005],[-75.7178812079999,4.80971022200002],[-75.7176330089999,4.81063330300003],[-75.717614134,4.81062858700005],[-75.7175619129999,4.81059894900004],[-75.7175164879999,4.81054163300007],[-75.717458984,4.81048099900006],[-75.7173970439999,4.81042684500006],[-75.717348344,4.81038964700003],[-75.7172695719999,4.81034487200002],[-75.7171852709999,4.81031648800006],[-75.7170902989999,4.81029631600006],[-75.716999729,4.81028796100003],[-75.716910603,4.81028974400004],[-75.7165289909999,4.81033126200004],[-75.716424441,4.81032940600005],[-75.716386938,4.81031831300004],[-75.716352007,4.81030231000006],[-75.716326758,4.81028669700004],[-75.716183722,4.81014938800007],[-75.716048573,4.81009163000004],[-75.715931347,4.81007080500006],[-75.7158123949999,4.81006760500001],[-75.7156480519999,4.81005591100008],[-75.715460117,4.81003206300004],[-75.7152501369999,4.81004682600007],[-75.715108684,4.81002381000006],[-75.715056638,4.81000369100003],[-75.714992479,4.80998747600005],[-75.714957864,4.80998233600007],[-75.714869759,4.80996250000004],[-75.7147889089999,4.80994866900005],[-75.7142474629999,4.80990095300005]]]},"properties":{"FID":268,"ID_BAR":127,"CODCOM":"08","COMUNA":"El Jardin","CODBAR":"010810","NOMBRE":"Jardin II","NOM_POPULA":"Jardin II","NORMA":"Sin"}},{"type":"Feature","id":269,"geometry":{"type":"Polygon","coordinates":[[[-75.757990029,4.80948553200005],[-75.758052789,4.80967649500008],[-75.758168048,4.80977477900007],[-75.75823686,4.80987824200002],[-75.7582695779999,4.80996966100002],[-75.758355014,4.81012600300005],[-75.758276913,4.81020207800002],[-75.758029408,4.81048537500003],[-75.75796504,4.81053320700005],[-75.7577864259999,4.81031462700003],[-75.757648978,4.81012089600004],[-75.7576210139999,4.81003980900006],[-75.757603406,4.80999989300005],[-75.757577382,4.80997606800003],[-75.7575363919999,4.80995745400002],[-75.757405177,4.80976819100004],[-75.757554516,4.80969522100002],[-75.7575976159999,4.80966733000003],[-75.757716882,4.80960515400006],[-75.757911927,4.80952407500007],[-75.757990029,4.80948553200005]]]},"properties":{"FID":269,"ID_BAR":128,"CODCOM":"11","COMUNA":"Olimpica","CODBAR":"011120","NOMBRE":"Los Arrevoles","NOM_POPULA":"Los Arrevoles","NORMA":"Sin"}},{"type":"Feature","id":270,"geometry":{"type":"Polygon","coordinates":[[[-75.7622614809999,4.80792216300005],[-75.761039121,4.80930469400005],[-75.760772711,4.80989661000006],[-75.760702868,4.81023434800005],[-75.760608522,4.81020046400004],[-75.760544195,4.81038604500001],[-75.7602543799999,4.81027547600006],[-75.759947769,4.81016651500005],[-75.7595722069999,4.81001009800001],[-75.759375639,4.80991499600003],[-75.759310563,4.80987866900005],[-75.759089205,4.80979561300006],[-75.7590420179999,4.80977793500005],[-75.758841155,4.80969196500007],[-75.7590422489999,4.80944864000003],[-75.759193346,4.80936390700004],[-75.7595296219999,4.80903618500001],[-75.759902795,4.80859957300003],[-75.759967758,4.80847531500006],[-75.760264169,4.80811246500003],[-75.760482762,4.80784321000004],[-75.760554771,4.80777884600008],[-75.760639774,4.80773020000002],[-75.760730343,4.80771142000003],[-75.7609989169999,4.80770670900006],[-75.761115966,4.80768835100002],[-75.7613728489999,4.80736661800007],[-75.762350795,4.80778523400005],[-75.7622614809999,4.80792216300005]]]},"properties":{"FID":270,"ID_BAR":129,"CODCOM":"11","COMUNA":"Olimpica","CODBAR":"011105","NOMBRE":"Belmonte","NOM_POPULA":"Belmonte","NORMA":"Sin"}},{"type":"Feature","id":271,"geometry":{"type":"Polygon","coordinates":[[[-75.7056248869999,4.80974490600005],[-75.705581363,4.80975004500005],[-75.7055640719999,4.80975822100003],[-75.705504665,4.80981915500006],[-75.7054603289999,4.80989125100007],[-75.705442299,4.80990221900003],[-75.7053823649999,4.80990594300005],[-75.705360497,4.80992037300005],[-75.705275555,4.81009852900007],[-75.705212979,4.81015133700003],[-75.7051304349999,4.81026380800006],[-75.705065003,4.81040252600008],[-75.7050540509999,4.81041881000003],[-75.705004645,4.81045759500006],[-75.7049370679999,4.81049226400006],[-75.70489372,4.81049282800006],[-75.7047743109999,4.81047682200005],[-75.704602854,4.81048805000005],[-75.7045789439999,4.81048363300004],[-75.704564049,4.81047231100007],[-75.70455574,4.81045851700003],[-75.7045526409999,4.81044461600004],[-75.704550709,4.81029701200001],[-75.704537294,4.81026147600005],[-75.704513068,4.81022516100005],[-75.7044866589999,4.81020009800005],[-75.704436796,4.81018716700004],[-75.7042715379999,4.81018286900007],[-75.70419273,4.81016541700007],[-75.7041849839999,4.81015397100002],[-75.704183612,4.81012092500004],[-75.7041410749999,4.81007205200007],[-75.704103995,4.81005207500005],[-75.704080684,4.81002729400005],[-75.704052971,4.81001863900001],[-75.7040189209999,4.81000802200002],[-75.7040003989999,4.80998461900003],[-75.7040003989999,4.80996119900005],[-75.703980469,4.80993092500005],[-75.70395346,4.80991481600005],[-75.703922967,4.80989146600007],[-75.7038977189999,4.80986670200003],[-75.703873106,4.80983570400003],[-75.703851978,4.80983155300004],[-75.7038313429999,4.80982206800007],[-75.703816448,4.80981071100007],[-75.703806518,4.80978751900004],[-75.703787292,4.80975245900005],[-75.70376937,4.80972660100002],[-75.703747186,4.80970044300004],[-75.703696726,4.80966624600006],[-75.7036653499999,4.80965621300004],[-75.7036375319999,4.80965177900003],[-75.703609537,4.80965128300006],[-75.703586613,4.80965379100006],[-75.703571471,4.80965693400003],[-75.703515516,4.80968022900004],[-75.7034605809999,4.80971595700002],[-75.703440192,4.80971835900006],[-75.7034006819999,4.80970272700004],[-75.703385119,4.80968223800004],[-75.703365189,4.80966296800004],[-75.703341525,4.80964654100005],[-75.703320503,4.80963622500006],[-75.703302368,4.80962991900004],[-75.7032808879999,4.80962862900003],[-75.703259197,4.80962536100003],[-75.703244689,4.80962204000002],[-75.703217116,4.80961301300005],[-75.70319363,4.80960225600006],[-75.703137993,4.80956890800008],[-75.703045101,4.80950293600006],[-75.702976683,4.80944411800005],[-75.70294647,4.80943131200007],[-75.702914955,4.80941341900005],[-75.702884425,4.80939063400006],[-75.702819317,4.80931097500007],[-75.702757132,4.80925441700004],[-75.702707517,4.80921676000003],[-75.702649908,4.80918620200002],[-75.70258818,4.80916560600001],[-75.7025061689999,4.80910152400002],[-75.702464374,4.80901096800005],[-75.702383808,4.80891590600005],[-75.702325851,4.80878253700007],[-75.7022277849999,4.80866622700004],[-75.702073024,4.80858497500002],[-75.701959742,4.80855810600002],[-75.701876393,4.80852359100003],[-75.7017652609999,4.80845498700005],[-75.701687265,4.80839500300003],[-75.701648247,4.80840238400003],[-75.701531442,4.80845073900002],[-75.701440272,4.80851103500003],[-75.7013928699999,4.80861458700003],[-75.701389277,4.80863823700003],[-75.701375755,4.80866575400006],[-75.701361704,4.80868092600001],[-75.701344273,4.80869260000004],[-75.701304444,4.80871748400005],[-75.701228946,4.80873673400002],[-75.701215388,4.80875119900002],[-75.701207429,4.80877227000003],[-75.701201898,4.80883286900006],[-75.70102442,4.80884782200007],[-75.700919308,4.80884541500005],[-75.7008285269999,4.80882624900006],[-75.7009647099999,4.80854844400005],[-75.701039016,4.80841006200006],[-75.701076133,4.80834095100004],[-75.7012588379999,4.80791602200002],[-75.701312061,4.80750564000006],[-75.701977948,4.80756380900004],[-75.701989853,4.80750700700001],[-75.702674055,4.80746111000007],[-75.7027687629999,4.80693544800004],[-75.702802187,4.80675430500004],[-75.702850148,4.80676644100003],[-75.7029255739999,4.80679473900004],[-75.702988992,4.80682125100003],[-75.703074311,4.80692472000003],[-75.7031385029999,4.80701035000003],[-75.7031728699999,4.80706268400007],[-75.703221287,4.80709529000006],[-75.703267522,4.80711915300001],[-75.703352948,4.80717173700003],[-75.703444782,4.80729894300002],[-75.7035134829999,4.80731141600006],[-75.703573945,4.80729368500005],[-75.703715471,4.80721553400003],[-75.703808507,4.80718268600003],[-75.7038434039999,4.80717650500003],[-75.703870624,4.80717511000005],[-75.703904429,4.80717848500007],[-75.7039842569999,4.80721360100006],[-75.704090529,4.80729077000005],[-75.7042453609999,4.80737735600006],[-75.704357022,4.80740890500005],[-75.704486044,4.80744843700006],[-75.7045868229999,4.80748169800006],[-75.704643694,4.80748399700007],[-75.704702572,4.80745259500004],[-75.70473342,4.80742159800008],[-75.704813816,4.80731278400004],[-75.704850016,4.80728917100003],[-75.704898823,4.80727650800004],[-75.704961679,4.80728113800005],[-75.705068339,4.80734454800006],[-75.705121334,4.80738190600004],[-75.705200809,4.80746469200005],[-75.70529898,4.80759687900008],[-75.7048783659999,4.80833993600003],[-75.7051520809999,4.80836091000004],[-75.705007548,4.80884753600003],[-75.705339188,4.80893704200003],[-75.7058205549999,4.80905659500007],[-75.7056924359999,4.80945072600001],[-75.7056248869999,4.80974490600005]]]},"properties":{"FID":271,"ID_BAR":130,"CODCOM":"16","COMUNA":"San Nicolas","CODBAR":"011606","NOMBRE":"San Nicolas","NOM_POPULA":"San Nicolas","NORMA":"Sin"}},{"type":"Feature","id":272,"geometry":{"type":"Polygon","coordinates":[[[-75.670222769,4.80862103300006],[-75.6702069689999,4.80763166100006],[-75.672007123,4.80765342600006],[-75.672219637,4.80766488900003],[-75.672393558,4.80765568300007],[-75.672473774,4.80766157100005],[-75.672549131,4.80766742300005],[-75.673477533,4.80773517900009],[-75.6739043859999,4.80781631700005],[-75.674145701,4.80787688200007],[-75.674332294,4.80793127900004],[-75.674664,4.80800954800003],[-75.6749868699999,4.80808066300006],[-75.675009335,4.80808447900005],[-75.674826201,4.80839212500007],[-75.673809423,4.80999721300002],[-75.673523173,4.81041541600008],[-75.673336261,4.81038560500001],[-75.672832392,4.81031731800005],[-75.672264403,4.81019282500005],[-75.6718622429999,4.80999647600004],[-75.671958159,4.80963378900004],[-75.671747838,4.80950690400005],[-75.6713154329999,4.80926602600003],[-75.670833585,4.80906131600006],[-75.670635765,4.80893042200007],[-75.670222769,4.80862103300006]]]},"properties":{"FID":272,"ID_BAR":131,"CODCOM":"05","COMUNA":"Oriente","CODBAR":"010512","NOMBRE":"Kennedy","NOM_POPULA":"Kennedy","NORMA":"Sin"}},{"type":"Feature","id":273,"geometry":{"type":"Polygon","coordinates":[[[-75.6984791199999,4.81017112100005],[-75.698187275,4.81000033100003],[-75.69799769,4.80985897200002],[-75.697606773,4.80924204700004],[-75.697389834,4.80895377200005],[-75.697157182,4.80883844500004],[-75.6968637849999,4.80876988500005],[-75.696590495,4.80867794000005],[-75.696761098,4.80722116300007],[-75.6967923129999,4.80688256100007],[-75.697069438,4.80701836000005],[-75.697709116,4.80731059300006],[-75.6983755919999,4.80760347900001],[-75.698467745,4.80676846300002],[-75.6992493069999,4.80685465100002],[-75.699677925,4.80691456100003],[-75.7001819,4.80696567900002],[-75.700777361,4.80699701700007],[-75.700794682,4.80708492200006],[-75.700801581,4.80719236200002],[-75.7007952389999,4.80728486000004],[-75.700778896,4.80737080300002],[-75.700735826,4.80748878700007],[-75.700485051,4.80795454900004],[-75.7002155439999,4.80840967800004],[-75.700205258,4.80849950800008],[-75.7004759449999,4.80851304800006],[-75.700613983,4.80851305300007],[-75.700735225,4.80848313700005],[-75.701039016,4.80841006200006],[-75.7009647099999,4.80854844400005],[-75.7008285269999,4.80882624900006],[-75.7006471759999,4.80885925200004],[-75.70051935,4.80887184100004],[-75.7001442169999,4.80890550800007],[-75.700065261,4.80906692000001],[-75.700056775,4.80907767700007],[-75.700089765,4.80920975700009],[-75.7002120939999,4.81018265300001],[-75.7002151189999,4.81029161200007],[-75.700022818,4.81025384300004],[-75.699641947,4.81023489400007],[-75.699290725,4.81021605100004],[-75.6988929509999,4.81019307500003],[-75.6986221929999,4.81018679300007],[-75.6984791199999,4.81017112100005]]]},"properties":{"FID":273,"ID_BAR":132,"CODCOM":"07","COMUNA":"Boston","CODBAR":"010705","NOMBRE":"Centenario","NOM_POPULA":"Centenario","NORMA":"Sin"}},{"type":"Feature","id":274,"geometry":{"type":"Polygon","coordinates":[[[-75.725025413,4.80754532300005],[-75.725211024,4.80760481000004],[-75.7251625339999,4.80766224800005],[-75.724912165,4.80776615400003],[-75.72489727,4.80777641600002],[-75.7250350589999,4.80814580500004],[-75.725027806,4.80825388100004],[-75.7251345019999,4.80840341000005],[-75.725208381,4.80846766500002],[-75.725266694,4.80852745200002],[-75.7253144089999,4.80856600900005],[-75.725370047,4.80858460700005],[-75.7254683629999,4.80860732200005],[-75.72555453,4.80862856900006],[-75.725620803,4.80863922000003],[-75.725645981,4.80864584300001],[-75.7257009849999,4.80864672600006],[-75.7257813419999,4.80865705900003],[-75.7258802919999,4.80867359100006],[-75.7259276899999,4.80870872200007],[-75.726014245,4.80875420200005],[-75.726338176,4.80882667000002],[-75.726654606,4.80886533300003],[-75.726483292,4.80896090400005],[-75.726426069,4.80907798700002],[-75.726410012,4.80920655000004],[-75.7263161669999,4.80929380300006],[-75.7262566209999,4.80936266800007],[-75.726171262,4.80944483300004],[-75.726170488,4.80946733400003],[-75.726135767,4.80956292200005],[-75.726134428,4.80960985100006],[-75.7261169619999,4.80964750700002],[-75.7260998839999,4.80989281900002],[-75.726086116,4.809961013],[-75.7260570989999,4.81002422600004],[-75.725983115,4.81010368900008],[-75.725790812,4.81026443200005],[-75.725498363,4.80998602200003],[-75.725351663,4.80973682400002],[-75.725219505,4.80957095800005],[-75.7250569239999,4.80938121100007],[-75.7249033579999,4.80921474300003],[-75.724800005,4.80912726200006],[-75.72466475,4.80903031300005],[-75.724570694,4.80897291100007],[-75.72440836,4.80880146200008],[-75.7243525809999,4.80866150700006],[-75.724305079,4.80851415000006],[-75.724269761,4.80837336300004],[-75.7243089899999,4.80813232600002],[-75.724335083,4.80795284300006],[-75.724576508,4.80799922500007],[-75.7246740149999,4.80772083200003],[-75.724812616,4.80761918500002],[-75.725025413,4.80754532300005]]]},"properties":{"FID":274,"ID_BAR":133,"CODCOM":"10","COMUNA":"Consota","CODBAR":"011008","NOMBRE":"El Rosal","NOM_POPULA":"El Rosal","NORMA":"Sin"}},{"type":"Feature","id":275,"geometry":{"type":"Polygon","coordinates":[[[-75.764003836,4.80881262300006],[-75.7644618049999,4.80904226900003],[-75.764905458,4.80921449400005],[-75.765191358,4.80934889500002],[-75.765120145,4.80944416500005],[-75.7648878839999,4.80958077900004],[-75.7649250589999,4.80959664500005],[-75.764825489,4.80985301900006],[-75.764294692,4.81013061100002],[-75.763235298,4.80968144700006],[-75.763482164,4.80935694200002],[-75.763688958,4.80906908900005],[-75.764003836,4.80881262300006]]]},"properties":{"FID":275,"ID_BAR":134,"CODCOM":"11","COMUNA":"Olimpica","CODBAR":"011110","NOMBRE":"El Palmar","NOM_POPULA":"El Palmar","NORMA":"Sin"}},{"type":"Feature","id":276,"geometry":{"type":"Polygon","coordinates":[[[-75.761928187,4.81012162400002],[-75.761640169,4.81001972700005],[-75.761710974,4.80982914800006],[-75.761924908,4.80935289100006],[-75.762223492,4.80947813600005],[-75.7621831769999,4.80957236700005],[-75.762164231,4.80956597400005],[-75.761928187,4.81012162400002]]]},"properties":{"FID":276,"ID_BAR":135,"CODCOM":"11","COMUNA":"Olimpica","CODBAR":"011123","NOMBRE":"Mirador de La Cien","NOM_POPULA":"Mirador de La Cien","NORMA":"Sin"}},{"type":"Feature","id":277,"geometry":{"type":"Polygon","coordinates":[[[-75.7077910209999,4.80990000900006],[-75.7077655959999,4.80992927500005],[-75.7077472139999,4.80994333300003],[-75.707725593,4.80995426600002],[-75.7077121409999,4.80995931700005],[-75.707686575,4.80996346700004],[-75.7076494249999,4.80996332500007],[-75.707614775,4.80995707100004],[-75.70759333,4.80995000600007],[-75.70755037,4.80992851000002],[-75.707458851,4.80984930900007],[-75.7072936659999,4.80977515800004],[-75.707227428,4.80977072300004],[-75.707141823,4.80978543400004],[-75.707075268,4.80982990500006],[-75.707042308,4.80983834600005],[-75.706971951,4.80986589800004],[-75.706925326,4.80989240700006],[-75.706708901,4.80996462200004],[-75.706683617,4.80998214300006],[-75.706620301,4.81000904000006],[-75.7065987509999,4.81000474800005],[-75.706528149,4.80995248300006],[-75.7063675049999,4.80988082300006],[-75.706503485,4.80922050400006],[-75.706203079,4.80915281300002],[-75.706298451,4.80873937700005],[-75.7062308869999,4.80834725500006],[-75.706336006,4.80815276100002],[-75.706347309,4.80813725400003],[-75.706359001,4.80814944100007],[-75.706429212,4.80831276600003],[-75.706526926,4.80842298200001],[-75.706588615,4.80860585900007],[-75.7066420319999,4.80870259700002],[-75.7066724909999,4.80873599700003],[-75.706708654,4.80874924500006],[-75.706798275,4.80870892400003],[-75.7069316279999,4.80870721500003],[-75.7070177969999,4.80869455400005],[-75.707074069,4.80867669900004],[-75.70714492,4.80863440000008],[-75.707237393,4.80854746900006],[-75.707293808,4.80846949100002],[-75.707350682,4.80833879200002],[-75.707375298,4.80830846700008],[-75.707455233,4.80830098000007],[-75.7074674519999,4.80829983200006],[-75.7075094959999,4.80832574400006],[-75.707554075,4.80837092500007],[-75.707580344,4.80840342500006],[-75.707608443,4.80844456100004],[-75.7076387599999,4.80850019800004],[-75.707655979,4.80855299200004],[-75.7076777729999,4.80866505900002],[-75.7076867499999,4.80874443300005],[-75.70770034,4.80884182400006],[-75.7077218869999,4.80896595500008],[-75.7077720289999,4.80905327900005],[-75.707809003,4.80907410400005],[-75.707844956,4.80907816700006],[-75.708139487,4.80898218000005],[-75.708206146,4.80896858300002],[-75.708302385,4.80898077200003],[-75.708361649,4.80900869800007],[-75.7084441869999,4.80907724700005],[-75.70851419,4.80915840800002],[-75.7085962349999,4.80928126800005],[-75.708642927,4.80932415300003],[-75.708680181,4.80939826500002],[-75.7087189489999,4.80948555300006],[-75.7087321189999,4.80950789600005],[-75.7086410909999,4.80952424900004],[-75.708538619,4.80950805100002],[-75.708470833,4.80951341800005],[-75.708419702,4.80952034000007],[-75.708368325,4.80953113100002],[-75.708303637,4.80954967500003],[-75.708210249,4.80959638800005],[-75.7081362639999,4.80964524100004],[-75.708085802,4.80966124100007],[-75.7080341779999,4.80968402400004],[-75.707993576,4.80970714200003],[-75.707863845,4.80981615100006],[-75.7077910209999,4.80990000900006]]]},"properties":{"FID":277,"ID_BAR":136,"CODCOM":"16","COMUNA":"San Nicolas","CODBAR":"011607","NOMBRE":"Villa Mery","NOM_POPULA":"Villa Mery","NORMA":"Sin"}},{"type":"Feature","id":278,"geometry":{"type":"Polygon","coordinates":[[[-75.7579838459999,4.80902253400006],[-75.757938987,4.80909415700005],[-75.7579125069999,4.80910502000007],[-75.757886555,4.80910954300001],[-75.757573002,4.80889137500003],[-75.7581843729999,4.80792737600005],[-75.758553101,4.80806090300007],[-75.75855289,4.80807983700004],[-75.758569688,4.80808658300003],[-75.7579838459999,4.80902253400006]]]},"properties":{"FID":278,"ID_BAR":152,"CODCOM":"11","COMUNA":"Olimpica","CODBAR":"011136","NOMBRE":"Toluca","NOM_POPULA":"Toluca","NORMA":"Sin"}},{"type":"Feature","id":279,"geometry":{"type":"Polygon","coordinates":[[[-75.7595296219999,4.80903618500001],[-75.7590665879999,4.80884602000003],[-75.759015147,4.80898140300008],[-75.7579838459999,4.80902253400006],[-75.758569688,4.80808658300003],[-75.758694241,4.80813673800003],[-75.759075964,4.80828732600002],[-75.759585902,4.80847922000003],[-75.759902795,4.80859957300003],[-75.7595296219999,4.80903618500001]]]},"properties":{"FID":279,"ID_BAR":153,"CODCOM":"11","COMUNA":"Olimpica","CODBAR":"011132","NOMBRE":"Samanes de Belmonte","NOM_POPULA":"Samanes de Belmonte","NORMA":"Sin"}},{"type":"Feature","id":280,"geometry":{"type":"Polygon","coordinates":[[[-75.716686357,4.80824397100002],[-75.717099073,4.80738288800006],[-75.7180199009999,4.80803050500004],[-75.718178713,4.80815401900003],[-75.717938867,4.80862854900005],[-75.717815333,4.80895971500007],[-75.7175922209999,4.80882759800005],[-75.7175435899999,4.80882811000003],[-75.7173550219999,4.80877580900006],[-75.7170729969999,4.80867306400006],[-75.716967286,4.80861995200007],[-75.7169213669999,4.80858944800001],[-75.716859674,4.80853435900001],[-75.716808686,4.80847020900006],[-75.716738154,4.80832862700003],[-75.716686357,4.80824397100002]]]},"properties":{"FID":280,"ID_BAR":154,"CODCOM":"08","COMUNA":"El Jardin","CODBAR":"010827","NOMBRE":"Villas Del Jardin III","NOM_POPULA":"Villas Del Jardin III","NORMA":"Sin"}},{"type":"Feature","id":281,"geometry":{"type":"Polygon","coordinates":[[[-75.757152222,4.80863094600003],[-75.757697959,4.80775123400003],[-75.7581843729999,4.80792737600005],[-75.757573002,4.80889137500003],[-75.757347452,4.80875934200004],[-75.757152222,4.80863094600003]]]},"properties":{"FID":281,"ID_BAR":155,"CODCOM":"11","COMUNA":"Olimpica","CODBAR":"011108","NOMBRE":"El Campin I-II","NOM_POPULA":"El Campin I-II","NORMA":"Sin"}},{"type":"Feature","id":282,"geometry":{"type":"Polygon","coordinates":[[[-75.706347309,4.80813725400003],[-75.706149379,4.80793120000003],[-75.7060565939999,4.80787149800007],[-75.706009513,4.80785883300005],[-75.7056955859999,4.80780117400008],[-75.70556808,4.80769291700005],[-75.705450888,4.80772687900002],[-75.705407259,4.80772572900002],[-75.7053814129999,4.80770787100005],[-75.70529898,4.80759687900008],[-75.705200809,4.80746469200005],[-75.705121334,4.80738190600004],[-75.705068339,4.80734454800006],[-75.704961679,4.80728113800005],[-75.704898823,4.80727650800004],[-75.704850016,4.80728917100003],[-75.704813816,4.80731278400004],[-75.70473342,4.80742159800008],[-75.704702572,4.80745259500004],[-75.704837861,4.80639256200003],[-75.7048809619999,4.80641453500003],[-75.7049785729999,4.80645540900002],[-75.7051831589999,4.80657883900006],[-75.7055673679999,4.80681969400004],[-75.7058796009999,4.80701234700007],[-75.706066265,4.80710965400004],[-75.7075395479999,4.80779727200007],[-75.707455233,4.80830098000007],[-75.707375298,4.80830846700008],[-75.707350682,4.80833879200002],[-75.707293808,4.80846949100002],[-75.707237393,4.80854746900006],[-75.70714492,4.80863440000008],[-75.707074069,4.80867669900004],[-75.7070177969999,4.80869455400005],[-75.7069316279999,4.80870721500003],[-75.706798275,4.80870892400003],[-75.706708654,4.80874924500006],[-75.7066724909999,4.80873599700003],[-75.7066420319999,4.80870259700002],[-75.706588615,4.80860585900007],[-75.706526926,4.80842298200001],[-75.706429212,4.80831276600003],[-75.706359001,4.80814944100007],[-75.706347309,4.80813725400003]]]},"properties":{"FID":282,"ID_BAR":156,"CODCOM":"16","COMUNA":"San Nicolas","CODBAR":"011601","NOMBRE":"Brisas de Las Americas","NOM_POPULA":"Brisas de Las Americas","NORMA":"Sin"}},{"type":"Feature","id":283,"geometry":{"type":"Polygon","coordinates":[[[-75.685511075,4.80859168000005],[-75.684712512,4.80838904500006],[-75.6834147179999,4.80828012900003],[-75.68285402,4.80813867100005],[-75.6822016209999,4.80806801500006],[-75.6821597219999,4.80799384800002],[-75.682103404,4.80762797000004],[-75.682038478,4.80750484200007],[-75.681871542,4.80679099200005],[-75.681840565,4.80661284800004],[-75.681857997,4.80659227300004],[-75.6820494629999,4.80644144900003],[-75.682231799,4.80643688700006],[-75.684911606,4.80671862900004],[-75.685024359,4.80673077000005],[-75.685163662,4.80677242600007],[-75.68531275,4.80686802400002],[-75.685451625,4.80698529100005],[-75.685606064,4.80712446200005],[-75.685511075,4.80859168000005]]]},"properties":{"FID":283,"ID_BAR":157,"CODCOM":"06","COMUNA":"Universidad","CODBAR":"010610","NOMBRE":"La Julia","NOM_POPULA":"La Julia","NORMA":"Sin"}},{"type":"Feature","id":284,"geometry":{"type":"Polygon","coordinates":[[[-75.734687542,4.80779544700006],[-75.7345917609999,4.80780917200003],[-75.734494678,4.80783375900005],[-75.734394072,4.80788187200004],[-75.7343321669999,4.80792687600006],[-75.734251705,4.80801223800006],[-75.7341924409999,4.80809807900003],[-75.734176948,4.80814619000006],[-75.734142935,4.80842864600003],[-75.734114448,4.80850784400007],[-75.7340895519999,4.80853778200003],[-75.7340228579999,4.80856574200004],[-75.733933309,4.80858469400004],[-75.733878552,4.80858171000005],[-75.733849501,4.80856973500005],[-75.733822808,4.80855875000003],[-75.733793968,4.80852381400006],[-75.733752169,4.80843001000005],[-75.733752624,4.80820056000005],[-75.733747057,4.80788060800004],[-75.733717053,4.80772044600007],[-75.733687577,4.80754317000002],[-75.733625847,4.80740904300006],[-75.7335118239999,4.80726001000004],[-75.73339523,4.80713026400001],[-75.7333346619999,4.80702937800003],[-75.7332513799999,4.80685337400007],[-75.733170669,4.80675446500004],[-75.733073304,4.80666838100006],[-75.732961852,4.80659902200004],[-75.732878079,4.80659863400007],[-75.7327499369999,4.80663205200004],[-75.732725956,4.80664570600002],[-75.7326493639999,4.80641698000003],[-75.7326043259999,4.80637558000006],[-75.732548336,4.80630457800004],[-75.732513157,4.80623938600008],[-75.732492239,4.80618267300001],[-75.732476182,4.80610679600006],[-75.732469139,4.80601767200006],[-75.7324838919999,4.80592309100006],[-75.732543649,4.80595986300005],[-75.73314112,4.80614536500001],[-75.733610692,4.80615631000005],[-75.7341185069999,4.80615752400007],[-75.734462121,4.80609965900004],[-75.7363994529999,4.80531929600005],[-75.736637671,4.80516605500004],[-75.736831518,4.80493716700003],[-75.736924619,4.80476771400002],[-75.737134801,4.80428092000006],[-75.738157556,4.80092692400006],[-75.738314115,4.80098543600006],[-75.738447433,4.80102429200002],[-75.738877883,4.80114977500004],[-75.738973206,4.80119357500007],[-75.739107546,4.80126111400005],[-75.739180931,4.80131772000004],[-75.739348482,4.80159323100003],[-75.73948071,4.80173343200005],[-75.739778127,4.80201459100004],[-75.739821652,4.80208128300007],[-75.739829188,4.80212657000003],[-75.739830598,4.80221184300006],[-75.7397769339999,4.80221857300004],[-75.739408503,4.80256530800005],[-75.738986267,4.80301162500005],[-75.7393682699999,4.80342382000003],[-75.7395625029999,4.80324005800004],[-75.7400771919999,4.80376928100002],[-75.7406355969999,4.80323532200004],[-75.7407640169999,4.80307226000002],[-75.7410406779999,4.80258007800006],[-75.7411493119999,4.80261921500006],[-75.741273581,4.80264824900006],[-75.741455105,4.80265068200003],[-75.741652969,4.80262526300002],[-75.7417000139999,4.80260470200004],[-75.741854987,4.80255849500002],[-75.7420045699999,4.80243994100005],[-75.742172287,4.80226211400002],[-75.742237783,4.80220603500003],[-75.742473076,4.80208627900004],[-75.742615723,4.80198432900005],[-75.742660336,4.80191779500005],[-75.742676038,4.80179804300007],[-75.7427117089999,4.80176699300005],[-75.7427438239999,4.80174510800003],[-75.742781008,4.80174482500007],[-75.7428932,4.80183433400003],[-75.743154455,4.80215903200003],[-75.7432036499999,4.80219216500006],[-75.7432311859999,4.80220456300002],[-75.7430189249999,4.80237384300005],[-75.743394135,4.80287890500005],[-75.743684183,4.80267567600003],[-75.74380997,4.80288392900007],[-75.7438502539999,4.80285421900004],[-75.7442344139999,4.80214072500007],[-75.74468733,4.80224133500008],[-75.74495784,4.80229329000001],[-75.745377023,4.80241596100007],[-75.745518864,4.80244709600003],[-75.745661866,4.80248881000005],[-75.745846245,4.80255175300004],[-75.746131653,4.80266957000003],[-75.746102216,4.80272474800007],[-75.746054618,4.80307661700005],[-75.746031379,4.80317964200003],[-75.7459973649999,4.80326965000006],[-75.745955217,4.80333920500003],[-75.74589673,4.80339238800002],[-75.7458186269999,4.80343771200006],[-75.7457185169999,4.80347968000006],[-75.745626011,4.80349059800004],[-75.7455447739999,4.80348487700007],[-75.745449169,4.80347150900007],[-75.7454056449999,4.80349060400006],[-75.745305888,4.80356042500004],[-75.745207891,4.80363828300006],[-75.745077182,4.80376437800004],[-75.7449218949999,4.80392097700008],[-75.7448631949999,4.80395900400003],[-75.744796749,4.80399053400004],[-75.744687552,4.80401148400006],[-75.7446290279999,4.80402921800005],[-75.744545468,4.80407936400006],[-75.7444630699999,4.80413424200004],[-75.744403244,4.80420242100007],[-75.744355637,4.80429652700007],[-75.7442478529999,4.80443207000008],[-75.744185245,4.80447843500001],[-75.744167321,4.80450572300003],[-75.744156969,4.80453025600001],[-75.7441498919999,4.80456164200008],[-75.744143112,4.80515825700007],[-75.744128288,4.80522463200002],[-75.7440705069999,4.80542269900008],[-75.743989766,4.80556938600006],[-75.7439630059999,4.80561804600006],[-75.743850891,4.80581198100003],[-75.7437155699999,4.80599874500006],[-75.743662364,4.80605879800003],[-75.7436035219999,4.80608237900003],[-75.743462316,4.80609418100004],[-75.743325794,4.80612949100003],[-75.743226493,4.80616856200005],[-75.743172441,4.80620007300007],[-75.74309955,4.80628197500004],[-75.743058071,4.80636389300001],[-75.7430452199999,4.80643890500005],[-75.7430418059999,4.80653447600002],[-75.74278827,4.80656714000003],[-75.742611744,4.80655912500002],[-75.7426522379999,4.80648791000005],[-75.7426479389999,4.80637888100004],[-75.742622161,4.80631943000002],[-75.7421556039999,4.80572162600002],[-75.741981048,4.80565161600002],[-75.741771919,4.80580930900003],[-75.740668934,4.80625463500006],[-75.7405256869999,4.80635806800006],[-75.74047931,4.80630518800006],[-75.7403385219999,4.80607768300008],[-75.740303415,4.80610016800006],[-75.7400044789999,4.80572246600001],[-75.73973044,4.80533467800007],[-75.739222192,4.80467713800005],[-75.739170674,4.80462588400007],[-75.738875731,4.80490996900006],[-75.738755619,4.80500601800004],[-75.736927677,4.80677104000005],[-75.736775135,4.80695458900004],[-75.736293282,4.80769316200003],[-75.73617553,4.80786035400007],[-75.7359899589999,4.80813445800003],[-75.735869953,4.80831924200004],[-75.735674831,4.80810892300001],[-75.735625426,4.80805189200003],[-75.735593873,4.80799853400003],[-75.7354891109999,4.80788023400003],[-75.735437593,4.80783277600003],[-75.7353519179999,4.80777247800005],[-75.735136127,4.80768109600007],[-75.734928084,4.80761705500003],[-75.73478649,4.80758586500002],[-75.734687542,4.80779544700006]]]},"properties":{"FID":284,"ID_BAR":158,"CODCOM":"09","COMUNA":"Cuba","CODBAR":"010904","NOMBRE":"Cuba","NOM_POPULA":"Cuba","NORMA":"32"}},{"type":"Feature","id":285,"geometry":{"type":"Polygon","coordinates":[[[-75.701039016,4.80841006200006],[-75.700735225,4.80848313700005],[-75.700613983,4.80851305300007],[-75.7004759449999,4.80851304800006],[-75.700205258,4.80849950800008],[-75.7002155439999,4.80840967800004],[-75.700485051,4.80795454900004],[-75.700735826,4.80748878700007],[-75.700778896,4.80737080300002],[-75.700949082,4.80741486000004],[-75.700994154,4.80743381400004],[-75.7010412,4.80744872200006],[-75.701092541,4.80746857700005],[-75.701312061,4.80750564000006],[-75.7012588379999,4.80791602200002],[-75.701076133,4.80834095100004],[-75.701039016,4.80841006200006]]]},"properties":{"FID":285,"ID_BAR":159,"CODCOM":"16","COMUNA":"San Nicolas","CODBAR":"011608","NOMBRE":"Villa Nohemy","NOM_POPULA":"Villa Nohemy","NORMA":"Sin"}},{"type":"Feature","id":286,"geometry":{"type":"Polygon","coordinates":[[[-75.721876429,4.80819067000005],[-75.7219049569999,4.80741513700001],[-75.722717829,4.80744437300006],[-75.723161908,4.80744771400002],[-75.7231511649999,4.80783935700004],[-75.723124297,4.80793807100001],[-75.723050981,4.80808217800007],[-75.722929951,4.80822034900006],[-75.722871531,4.80825385400004],[-75.7228466,4.80831524800003],[-75.722776207,4.80836597300004],[-75.7227284579999,4.80842279300004],[-75.722707751,4.80843593400005],[-75.722682926,4.80844656600004],[-75.722649754,4.80845379000004],[-75.722619964,4.80845423100004],[-75.7226032729999,4.80845204100006],[-75.7224502349999,4.80838275100007],[-75.722430585,4.80839004500007],[-75.72239178,4.80835622200004],[-75.7223154009999,4.80833522100005],[-75.722177013,4.80826985200002],[-75.722078203,4.80823970200002],[-75.721941081,4.80818710200003],[-75.721876429,4.80819067000005]]]},"properties":{"FID":286,"ID_BAR":160,"CODCOM":"08","COMUNA":"El Jardin","CODBAR":"010804","NOMBRE":"Bosques de Santa Elena I","NOM_POPULA":"Bosques de Santa Elena I","NORMA":"Sin"}},{"type":"Feature","id":287,"geometry":{"type":"Polygon","coordinates":[[[-75.6880683039999,4.80839097500007],[-75.6872817729999,4.80836892200006],[-75.6871969439999,4.80835190800003],[-75.687090285,4.80830085800005],[-75.686944857,4.80823279700006],[-75.6868042899999,4.80812342400003],[-75.6864109379999,4.80778571600007],[-75.6859959669999,4.80740937900004],[-75.685606064,4.80712446200005],[-75.685451625,4.80698529100005],[-75.68531275,4.80686802400002],[-75.68544471,4.80662785900005],[-75.6854128429999,4.80602135300005],[-75.685376221,4.80542584900007],[-75.68533662,4.80520965900006],[-75.6860514859999,4.80526159400006],[-75.686122546,4.80528037400006],[-75.686143815,4.80528196500006],[-75.686163288,4.80527327600004],[-75.686185719,4.80528369800005],[-75.686226426,4.80527933800004],[-75.6862736109999,4.80528663500008],[-75.686305832,4.80528388200002],[-75.6863342499999,4.80526850000008],[-75.686514684,4.80526640900006],[-75.686531938,4.80527663600004],[-75.686572751,4.80526531700002],[-75.6866445159999,4.80527097400007],[-75.686703746,4.80525898400003],[-75.686778751,4.80525706300006],[-75.686836923,4.80526695700006],[-75.686926539,4.80530474300002],[-75.6870197119999,4.80533272500003],[-75.687181588,4.80535800900003],[-75.687301347,4.80538562200008],[-75.6874173369999,4.80545557100003],[-75.687522162,4.80554150400008],[-75.68773329,4.80576317800007],[-75.6880329479999,4.80592017800005],[-75.6882217679999,4.80583922400006],[-75.688284132,4.80582599900005],[-75.688347833,4.80582782200003],[-75.6884093149999,4.80584460500006],[-75.6884651619999,4.80587541100003],[-75.688699539,4.80594776900006],[-75.689188924,4.80620245100005],[-75.6892497009999,4.80622500900006],[-75.689228923,4.80626308700004],[-75.689041824,4.80642486400006],[-75.688965689,4.80649119900004],[-75.688955156,4.80656204200005],[-75.688931101,4.80664042600005],[-75.688880003,4.80670824600003],[-75.6888198889999,4.80676402100005],[-75.688642479,4.80684087700007],[-75.688320092,4.80696052100005],[-75.687939354,4.80710545300008],[-75.688023501,4.80734209800004],[-75.6881319409999,4.80766565900006],[-75.6880683039999,4.80839097500007]]]},"properties":{"FID":287,"ID_BAR":161,"CODCOM":"06","COMUNA":"Universidad","CODBAR":"010615","NOMBRE":"Los Alpes","NOM_POPULA":"Los Alpes","NORMA":"Sin"}},{"type":"Feature","id":288,"geometry":{"type":"Polygon","coordinates":[[[-75.759075964,4.80828732600002],[-75.758694241,4.80813673800003],[-75.758569688,4.80808658300003],[-75.75855289,4.80807983700004],[-75.758553101,4.80806090300007],[-75.758798418,4.80771052500006],[-75.759030668,4.80731344800006],[-75.75913711,4.80712774200003],[-75.759558946,4.80738944100005],[-75.759075964,4.80828732600002]]]},"properties":{"FID":288,"ID_BAR":162,"CODCOM":"11","COMUNA":"Olimpica","CODBAR":"011138","NOMBRE":"Villa Ilusion","NOM_POPULA":"Villa Ilusion","NORMA":"Sin"}},{"type":"Feature","id":289,"geometry":{"type":"Polygon","coordinates":[[[-75.713478993,4.80810265300006],[-75.713114428,4.80801558800004],[-75.7127157749999,4.80792324200006],[-75.712244232,4.80781704700007],[-75.71191569,4.80774148000007],[-75.711819347,4.80769202400006],[-75.7117812119999,4.80760212200006],[-75.7117097679999,4.80743001900003],[-75.711783612,4.80738819600001],[-75.71288979,4.80678116600007],[-75.712979652,4.80693719800007],[-75.713437036,4.80721238400002],[-75.714131621,4.80735749300003],[-75.714169054,4.80734719700006],[-75.714218317,4.80733048900004],[-75.7142720539999,4.80731992800002],[-75.714375089,4.80733413100005],[-75.714418682,4.80735704000006],[-75.714485306,4.80739204800005],[-75.714571227,4.80745828200002],[-75.7146684139999,4.80752268100002],[-75.7147172909999,4.80755133000002],[-75.714698733,4.80757729300007],[-75.714562418,4.80771664600007],[-75.71450368,4.80779091500006],[-75.7142884519999,4.80797804300004],[-75.714064206,4.80822801300007],[-75.713838417,4.80817993200003],[-75.7134920569999,4.80810576100003],[-75.713478993,4.80810265300006]]]},"properties":{"FID":289,"ID_BAR":163,"CODCOM":"08","COMUNA":"El Jardin","CODBAR":"010811","NOMBRE":"Jardin III","NOM_POPULA":"Jardin III","NORMA":"Sin"}},{"type":"Feature","id":290,"geometry":{"type":"Polygon","coordinates":[[[-75.679743348,4.80817652600006],[-75.6797531289999,4.80726914400003],[-75.679775808,4.80725282600002],[-75.6799413159999,4.80718354800007],[-75.679976462,4.80716126000004],[-75.6800019929999,4.80712830400007],[-75.6800124549999,4.80708116400008],[-75.6800129869999,4.80703289300004],[-75.680057823,4.80688010000005],[-75.6800800939999,4.80666481600003],[-75.680009336,4.806337405],[-75.679705621,4.80631412300005],[-75.679714062,4.80595699200006],[-75.679832873,4.80594640300008],[-75.679874882,4.80594810200006],[-75.679907947,4.80595820700006],[-75.6799583709999,4.80598463300004],[-75.6799995709999,4.80599193000006],[-75.680044362,4.80599417600007],[-75.6800779909999,4.80599250100004],[-75.680157575,4.80596721400001],[-75.6803174139999,4.80590939800003],[-75.680368264,4.80587888200006],[-75.68041457,4.80587616400003],[-75.680453164,4.80588208400007],[-75.680491334,4.80590510100006],[-75.6805306639999,4.80595104300004],[-75.680553167,4.80592635200003],[-75.680630786,4.80580844500003],[-75.68068949,4.80576063700005],[-75.6807094219999,4.80575390900003],[-75.6807560459999,4.80573872300005],[-75.680896231,4.80572386000004],[-75.6811153,4.80564688500004],[-75.6813740539999,4.80556857000005],[-75.681692605,4.80597466400008],[-75.681718272,4.80602353800003],[-75.681727918,4.80605711400006],[-75.681747978,4.80623723600007],[-75.681840565,4.80661284800004],[-75.681419483,4.80710992500002],[-75.6810271319999,4.80765569900005],[-75.680840232,4.80797106400007],[-75.680703454,4.80809903600003],[-75.680484629,4.80820065000006],[-75.679743348,4.80817652600006]]]},"properties":{"FID":290,"ID_BAR":164,"CODCOM":"06","COMUNA":"Universidad","CODBAR":"010609","NOMBRE":"La Ensenanza","NOM_POPULA":"La Ensenanza","NORMA":"61"}},{"type":"Feature","id":291,"geometry":{"type":"Polygon","coordinates":[[[-75.747968216,4.80753485600006],[-75.748718463,4.80708234200007],[-75.748826876,4.80682111300008],[-75.7489695519999,4.80650138600003],[-75.7491199729999,4.80614636900002],[-75.749659885,4.80668031700004],[-75.7495141059999,4.80684279800005],[-75.749165152,4.80723787900007],[-75.7487448219999,4.80768776900004],[-75.748950583,4.80791157800008],[-75.749040239,4.80800126400004],[-75.748993089,4.80802894200001],[-75.748894315,4.80805157100002],[-75.7486903229999,4.80806397700007],[-75.7484460109999,4.80805718400007],[-75.748326108,4.80805718800003],[-75.748249202,4.80806625100007],[-75.748142893,4.80810255100004],[-75.748120248,4.80801183800002],[-75.7480749919999,4.80780091700007],[-75.748004559,4.80762774100003],[-75.747968216,4.80753485600006]]]},"properties":{"FID":291,"ID_BAR":165,"CODCOM":"11","COMUNA":"Olimpica","CODBAR":"011124","NOMBRE":"Multifamiliar La Villa","NOM_POPULA":"Multifamiliar La Villa","NORMA":"Sin"}},{"type":"Feature","id":292,"geometry":{"type":"Polygon","coordinates":[[[-75.672473774,4.80766157100005],[-75.6727735109999,4.80722335800005],[-75.672814223,4.80716594100006],[-75.672826974,4.80711491600005],[-75.672809161,4.80705876700006],[-75.6727709579999,4.80700263200003],[-75.6727235649999,4.80694268300005],[-75.6728622969999,4.80662775800005],[-75.6751677569999,4.807678966],[-75.6751196049999,4.80787185200006],[-75.675115271,4.80791357000004],[-75.6749868699999,4.80808066300006],[-75.674664,4.80800954800003],[-75.674332294,4.80793127900004],[-75.674145701,4.80787688200007],[-75.6739043859999,4.80781631700005],[-75.673477533,4.80773517900009],[-75.672549131,4.80766742300005],[-75.672473774,4.80766157100005]]]},"properties":{"FID":292,"ID_BAR":166,"CODCOM":"05","COMUNA":"Oriente","CODBAR":"010510","NOMBRE":"El Pizamo","NOM_POPULA":"El Pizamo","NORMA":"Sin"}},{"type":"Feature","id":293,"geometry":{"type":"Polygon","coordinates":[[[-75.753898915,4.80881663200006],[-75.754010104,4.80866044800007],[-75.754334437,4.80814360700004],[-75.754620614,4.80770333500003],[-75.754754153,4.80737792400003],[-75.7549544939999,4.80726305900004],[-75.755135734,4.80692807200006],[-75.755135717,4.80673666000007],[-75.75535517,4.80697590500006],[-75.755802757,4.80724524800008],[-75.756070748,4.80740651700006],[-75.756109532,4.80773696600006],[-75.7560135379999,4.80777977400003],[-75.755174116,4.80939727900005],[-75.7543050419999,4.80900109500004],[-75.753914713,4.80882315600006],[-75.753898915,4.80881663200006]]]},"properties":{"FID":293,"ID_BAR":167,"CODCOM":"11","COMUNA":"Olimpica","CODBAR":"011139","NOMBRE":"Obelisco de la VIlla","NOM_POPULA":"Obelisco de la VIlla","NORMA":"Sin"}},{"type":"Feature","id":294,"geometry":{"type":"Polygon","coordinates":[[[-75.743157046,4.80844797700006],[-75.7429863739999,4.80822257900007],[-75.7421873599999,4.80830637800006],[-75.74216352,4.80846190200004],[-75.741531467,4.80858157900008],[-75.741078311,4.80885676400005],[-75.740847141,4.80894452800006],[-75.740350786,4.80800742500003],[-75.740947056,4.80780400900004],[-75.741555272,4.80791163600003],[-75.742449661,4.80739715400006],[-75.742747825,4.80772014000008],[-75.742938636,4.80772012600005],[-75.743165254,4.80815078600005],[-75.743157046,4.80844797700006]]]},"properties":{"FID":294,"ID_BAR":168,"CODCOM":"11","COMUNA":"Olimpica","CODBAR":"011115","NOMBRE":"Bosques de Cantabria","NOM_POPULA":"Bosques de Cantabria","NORMA":"Sin"}},{"type":"Feature","id":295,"geometry":{"type":"Polygon","coordinates":[[[-75.7152738029999,4.80777531500006],[-75.7157951949999,4.80664756900007],[-75.716042392,4.80676022300003],[-75.716254411,4.80687109300003],[-75.7163846299999,4.80694094900003],[-75.7159231749999,4.80793266200004],[-75.7158405289999,4.80794823800005],[-75.715802746,4.80793025800006],[-75.715755031,4.80791534900004],[-75.715719994,4.80790932600007],[-75.715654812,4.80792336700006],[-75.715463216,4.80782526700005],[-75.715322961,4.80779931800004],[-75.7152738029999,4.80777531500006]]]},"properties":{"FID":295,"ID_BAR":169,"CODCOM":"08","COMUNA":"El Jardin","CODBAR":"010826","NOMBRE":"Villas Del Jardin II","NOM_POPULA":"Villas Del Jardin II","NORMA":"Sin"}},{"type":"Feature","id":296,"geometry":{"type":"Polygon","coordinates":[[[-75.692419171,4.80757575800004],[-75.6919933,4.80753205800005],[-75.692021606,4.80695079300005],[-75.692072455,4.80694411900003],[-75.6920864149999,4.80662928900004],[-75.692608384,4.80668101400004],[-75.692666758,4.80616686700006],[-75.692642076,4.80611414400004],[-75.692556697,4.80582958300004],[-75.692496594,4.80569815500008],[-75.693039056,4.80575397700005],[-75.693099961,4.80533155100005],[-75.6935753069999,4.80537585400001],[-75.693994522,4.80541102200005],[-75.695208642,4.80554856200008],[-75.6951304729999,4.80620886300005],[-75.695121104,4.80626872000005],[-75.695114974,4.80630764700003],[-75.6950465899999,4.80705188100006],[-75.6949394339999,4.80784696100006],[-75.692419171,4.80757575800004]]]},"properties":{"FID":296,"ID_BAR":170,"CODCOM":"07","COMUNA":"Boston","CODBAR":"010723","NOMBRE":"Mejia Robledo","NOM_POPULA":"Mejia Robledo","NORMA":"Sin"}},{"type":"Feature","id":297,"geometry":{"type":"Polygon","coordinates":[[[-75.747033549,4.80780513500001],[-75.7469393329999,4.80716458000006],[-75.7471841019999,4.80713270900003],[-75.747544794,4.80708575200004],[-75.747583114,4.80735381100003],[-75.7476444919999,4.80735637000004],[-75.747672069,4.80753142100001],[-75.747689329,4.80770138400004],[-75.747033549,4.80780513500001]]]},"properties":{"FID":297,"ID_BAR":171,"CODCOM":"11","COMUNA":"Olimpica","CODBAR":"011128","NOMBRE":"Pinar de Gamma","NOM_POPULA":"Pinar de Gamma","NORMA":"Sin"}},{"type":"Feature","id":298,"geometry":{"type":"Polygon","coordinates":[[[-75.7147300409999,4.80740293200005],[-75.7152026959999,4.80635729700003],[-75.715310202,4.80641804000004],[-75.715519193,4.80651220000004],[-75.7157951949999,4.80664756900007],[-75.7152738029999,4.80777531500006],[-75.715225209,4.80775157600004],[-75.714959101,4.80765359900006],[-75.7147300409999,4.80740293200005]]]},"properties":{"FID":298,"ID_BAR":172,"CODCOM":"08","COMUNA":"El Jardin","CODBAR":"010825","NOMBRE":"Villas Del Jardin I","NOM_POPULA":"Villas Del Jardin I","NORMA":"Sin"}},{"type":"Feature","id":299,"geometry":{"type":"Polygon","coordinates":[[[-75.698467745,4.80676846300002],[-75.6983755919999,4.80760347900001],[-75.697709116,4.80731059300006],[-75.697069438,4.80701836000005],[-75.6967923129999,4.80688256100007],[-75.696855049,4.80640066500006],[-75.696857268,4.80638252600004],[-75.6973141619999,4.80644436400007],[-75.697346039,4.80623598600003],[-75.697515697,4.80625904200001],[-75.6979936829999,4.80631955600006],[-75.698375431,4.80637273600007],[-75.698500544,4.80639575500003],[-75.6984961759999,4.80644777000004],[-75.69848596,4.80655639300004],[-75.6984716589999,4.80664041100003],[-75.698450913,4.80676660800003],[-75.698467745,4.80676846300002]]]},"properties":{"FID":299,"ID_BAR":173,"CODCOM":"07","COMUNA":"Boston","CODBAR":"010717","NOMBRE":"La Lorena IV","NOM_POPULA":"La Lorena IV","NORMA":"Sin"}},{"type":"Feature","id":300,"geometry":{"type":"Polygon","coordinates":[[[-75.700778896,4.80737080300002],[-75.7007952389999,4.80728486000004],[-75.700801581,4.80719236200002],[-75.700794682,4.80708492200006],[-75.700777361,4.80699701700007],[-75.7007558829999,4.80693802400003],[-75.700719651,4.80686108500003],[-75.700681059,4.80679746400005],[-75.700674474,4.80678706100001],[-75.7006211629999,4.80673885900007],[-75.701084039,4.80692381800003],[-75.701273274,4.80698935200007],[-75.701493464,4.80701006100003],[-75.701761828,4.80697557700005],[-75.701970543,4.80687651600004],[-75.702128581,4.80690686500004],[-75.7023151069999,4.80691580900003],[-75.7023806399999,4.80690060400003],[-75.70248646,4.80682471300002],[-75.702569355,4.80675155900008],[-75.702654256,4.80672966100001],[-75.702733204,4.80673879500006],[-75.702802187,4.80675430500004],[-75.7027687629999,4.80693544800004],[-75.702674055,4.80746111000007],[-75.701989853,4.80750700700001],[-75.701977948,4.80756380900004],[-75.701312061,4.80750564000006],[-75.701092541,4.80746857700005],[-75.7010412,4.80744872200006],[-75.700994154,4.80743381400004],[-75.700949082,4.80741486000004],[-75.700778896,4.80737080300002]]]},"properties":{"FID":300,"ID_BAR":174,"CODCOM":"16","COMUNA":"San Nicolas","CODBAR":"011605","NOMBRE":"San Martin de Loba","NOM_POPULA":"San Martin de Loba","NORMA":"15"}},{"type":"Feature","id":301,"geometry":{"type":"Polygon","coordinates":[[[-75.6694889199999,4.80518710600005],[-75.6696754399999,4.80527167000002],[-75.6698543219999,4.80529031900005],[-75.67011299,4.80543192100003],[-75.670031976,4.80612567200008],[-75.670102965,4.80613473800002],[-75.670027424,4.80667058800004],[-75.669936115,4.80666913200002],[-75.6699384309999,4.80676588700004],[-75.6696339069999,4.80672734000006],[-75.669622422,4.80679758100008],[-75.669609734,4.80733769300001],[-75.669589021,4.80743179600005],[-75.6695655629999,4.80749824000002],[-75.669531016,4.80753838300006],[-75.6694219679999,4.80743040400006],[-75.6694165929999,4.80728787000001],[-75.6694531109999,4.80683601800006],[-75.6694482779999,4.80652745700007],[-75.6694695429999,4.80573380400006],[-75.6694889199999,4.80518710600005]]]},"properties":{"FID":301,"ID_BAR":175,"CODCOM":"05","COMUNA":"Oriente","CODBAR":"010508","NOMBRE":"Cesar Nader Nader","NOM_POPULA":"Cesar Nader Nader","NORMA":"Sin"}},{"type":"Feature","id":302,"geometry":{"type":"Polygon","coordinates":[[[-75.747968216,4.80753485600006],[-75.747914053,4.80739642000003],[-75.747834675,4.80720519300008],[-75.7477894209999,4.80705324700004],[-75.747712717,4.80673146000004],[-75.747666191,4.80644162300007],[-75.747629032,4.80616588000004],[-75.747638326,4.80610439800007],[-75.7476754739999,4.80601124600002],[-75.747065824,4.80610695800004],[-75.747032611,4.80588061700006],[-75.747107722,4.80587406300003],[-75.747035764,4.80534087600006],[-75.7470799929999,4.80533382700003],[-75.7480224779999,4.80519861100004],[-75.7480723039999,4.80519082100005],[-75.748194597,4.80504370800002],[-75.7487418649999,4.80443404100003],[-75.7496264169999,4.80519986600006],[-75.749609138,4.80549793500006],[-75.75047971,4.80517134700005],[-75.7509761439999,4.80498511700006],[-75.750972672,4.80542494300004],[-75.7499730439999,4.80579929400004],[-75.7494917879999,4.80599961900002],[-75.7491199729999,4.80614636900002],[-75.7489695519999,4.80650138600003],[-75.748826876,4.80682111300008],[-75.748718463,4.80708234200007],[-75.747968216,4.80753485600006]]]},"properties":{"FID":302,"ID_BAR":176,"CODCOM":"11","COMUNA":"Olimpica","CODBAR":"011119","NOMBRE":"La Villa","NOM_POPULA":"La Villa","NORMA":"Sin"}},{"type":"Feature","id":303,"geometry":{"type":"Polygon","coordinates":[[[-75.7038434039999,4.80717650500003],[-75.7038150449999,4.80646656800007],[-75.703845787,4.80646529800002],[-75.704837861,4.80639256200003],[-75.704702572,4.80745259500004],[-75.704643694,4.80748399700007],[-75.7045868229999,4.80748169800006],[-75.704486044,4.80744843700006],[-75.704357022,4.80740890500005],[-75.7042453609999,4.80737735600006],[-75.704090529,4.80729077000005],[-75.7039842569999,4.80721360100006],[-75.703904429,4.80717848500007],[-75.703870624,4.80717511000005],[-75.7038434039999,4.80717650500003]]]},"properties":{"FID":303,"ID_BAR":177,"CODCOM":"08","COMUNA":"El Jardin","CODBAR":"010815","NOMBRE":"Los Arrayanes","NOM_POPULA":"Los Arrayanes","NORMA":"Sin"}},{"type":"Feature","id":304,"geometry":{"type":"Polygon","coordinates":[[[-75.714571227,4.80745828200002],[-75.714485306,4.80739204800005],[-75.714418682,4.80735704000006],[-75.713877821,4.80627998300002],[-75.714238729,4.80610011800007],[-75.714696698,4.80711039100004],[-75.7147300409999,4.80740293200005],[-75.714571227,4.80745828200002]]]},"properties":{"FID":304,"ID_BAR":178,"CODCOM":"08","COMUNA":"El Jardin","CODBAR":"010822","NOMBRE":"Portal de Los Cedros","NOM_POPULA":"Portal de Los Cedros","NORMA":"Sin"}},{"type":"Feature","id":305,"geometry":{"type":"Polygon","coordinates":[[[-75.714169054,4.80734719700006],[-75.714131621,4.80735749300003],[-75.713437036,4.80721238400002],[-75.712979652,4.80693719800007],[-75.71288979,4.80678116600007],[-75.713064592,4.80668524700007],[-75.7134871229999,4.80647468500005],[-75.7138313949999,4.80711426000005],[-75.714101974,4.80720974800004],[-75.714169054,4.80734719700006]]]},"properties":{"FID":305,"ID_BAR":180,"CODCOM":"08","COMUNA":"El Jardin","CODBAR":"010803","NOMBRE":"Balcones Condominio","NOM_POPULA":"Balcones Condominio","NORMA":"Sin"}},{"type":"Feature","id":306,"geometry":{"type":"Polygon","coordinates":[[[-75.714169054,4.80734719700006],[-75.714101974,4.80720974800004],[-75.7138313949999,4.80711426000005],[-75.7134871229999,4.80647468500005],[-75.713877821,4.80627998300002],[-75.714418682,4.80735704000006],[-75.714375089,4.80733413100005],[-75.7142720539999,4.80731992800002],[-75.714218317,4.80733048900004],[-75.714169054,4.80734719700006]]]},"properties":{"FID":306,"ID_BAR":181,"CODCOM":"08","COMUNA":"El Jardin","CODBAR":"010807","NOMBRE":"Cedritos","NOM_POPULA":"Cedritos","NORMA":"Sin"}},{"type":"Feature","id":307,"geometry":{"type":"Polygon","coordinates":[[[-75.7469393329999,4.80716458000006],[-75.7467180519999,4.80719630800007],[-75.746674272,4.80687962400003],[-75.7469985879999,4.80683212000004],[-75.7471390549999,4.80681078000003],[-75.7471841019999,4.80713270900003],[-75.7469393329999,4.80716458000006]]]},"properties":{"FID":307,"ID_BAR":182,"CODCOM":"11","COMUNA":"Olimpica","CODBAR":"011134","NOMBRE":"Santa Cruz de Gamma","NOM_POPULA":"Santa Cruz de Gamma","NORMA":"Sin"}},{"type":"Feature","id":308,"geometry":{"type":"Polygon","coordinates":[[[-75.745309891,4.80706882600002],[-75.745289599,4.806711977],[-75.745784384,4.80665200100004],[-75.745818374,4.80698579900007],[-75.745309891,4.80706882600002]]]},"properties":{"FID":308,"ID_BAR":183,"CODCOM":"11","COMUNA":"Olimpica","CODBAR":"011112","NOMBRE":"Fegove","NOM_POPULA":"Fegove","NORMA":"Sin"}},{"type":"Feature","id":309,"geometry":{"type":"Polygon","coordinates":[[[-75.698467745,4.80676846300002],[-75.698450913,4.80676660800003],[-75.6984716589999,4.80664041100003],[-75.69848596,4.80655639300004],[-75.6984961759999,4.80644777000004],[-75.698500544,4.80639575500003],[-75.698501671,4.80638194300007],[-75.698497554,4.80633806900005],[-75.698493435,4.80630286800004],[-75.698500845,4.80594681500002],[-75.69850208,4.80588706400004],[-75.698668488,4.80613842200006],[-75.698743947,4.80621983100003],[-75.698843317,4.80630765200004],[-75.698954096,4.80638579500004],[-75.69982929,4.80648897800006],[-75.700093425,4.80653215400001],[-75.700213643,4.80656319200005],[-75.7006211629999,4.80673885900007],[-75.700674474,4.80678706100001],[-75.700681059,4.80679746400005],[-75.700719651,4.80686108500003],[-75.7007558829999,4.80693802400003],[-75.700777361,4.80699701700007],[-75.7001819,4.80696567900002],[-75.699677925,4.80691456100003],[-75.6992493069999,4.80685465100002],[-75.698467745,4.80676846300002]]]},"properties":{"FID":309,"ID_BAR":184,"CODCOM":"07","COMUNA":"Boston","CODBAR":"010722","NOMBRE":"Los Profesionales","NOM_POPULA":"Los Profesionales","NORMA":"Sin"}},{"type":"Feature","id":310,"geometry":{"type":"Polygon","coordinates":[[[-75.745818374,4.80698579900007],[-75.745784384,4.80665200100004],[-75.745289599,4.806711977],[-75.745253823,4.80671632400002],[-75.745168112,4.80672627000007],[-75.7451338079999,4.80648456200004],[-75.7452492369999,4.80646896300004],[-75.745580413,4.80615845100004],[-75.746029232,4.80569604100003],[-75.746431222,4.80543685200007],[-75.74659352,4.80541139600007],[-75.747035764,4.80534087600006],[-75.747107722,4.80587406300003],[-75.747032611,4.80588061700006],[-75.747065824,4.80610695800004],[-75.747081603,4.80621448600005],[-75.746847751,4.80624921700007],[-75.7468800139999,4.80648910500002],[-75.746557248,4.80653533700007],[-75.746603846,4.80688994100005],[-75.745818374,4.80698579900007]]]},"properties":{"FID":310,"ID_BAR":185,"CODCOM":"11","COMUNA":"Olimpica","CODBAR":"011113","NOMBRE":"Gamma II","NOM_POPULA":"Gamma II","NORMA":"Sin"}},{"type":"Feature","id":311,"geometry":{"type":"Polygon","coordinates":[[[-75.732725956,4.80664570600002],[-75.732616724,4.80670784200003],[-75.732445023,4.80679135100007],[-75.732235433,4.80688415000002],[-75.7317562819999,4.80697278400003],[-75.731522323,4.80696766300003],[-75.731148882,4.80690139700005],[-75.730882702,4.80684789900003],[-75.7308937939999,4.80671645700005],[-75.731176981,4.80675022500003],[-75.731183637,4.80671020200003],[-75.731306075,4.80668082900007],[-75.731407207,4.80664880700004],[-75.7317016279999,4.80657130200005],[-75.731992879,4.80648671600004],[-75.731907484,4.80632749100005],[-75.7316634869999,4.80600681600003],[-75.7317564859999,4.80596158300004],[-75.731970056,4.80592743900008],[-75.7321928169999,4.80595419600007],[-75.7322251419999,4.80580712200003],[-75.732298457,4.80581704800006],[-75.732391843,4.80585277800003],[-75.7324838919999,4.80592309100006],[-75.732469139,4.80601767200006],[-75.732476182,4.80610679600006],[-75.732492239,4.80618267300001],[-75.732513157,4.80623938600008],[-75.732548336,4.80630457800004],[-75.7326043259999,4.80637558000006],[-75.7326493639999,4.80641698000003],[-75.732725956,4.80664570600002]]]},"properties":{"FID":311,"ID_BAR":186,"CODCOM":"09","COMUNA":"Cuba","CODBAR":"010903","NOMBRE":"Cortes","NOM_POPULA":"Cortes","NORMA":"Sin"}},{"type":"Feature","id":312,"geometry":{"type":"Polygon","coordinates":[[[-75.746603846,4.80688994100005],[-75.746557248,4.80653533700007],[-75.7468800139999,4.80648910500002],[-75.746847751,4.80624921700007],[-75.747081603,4.80621448600005],[-75.747065824,4.80610695800004],[-75.7476754739999,4.80601124600002],[-75.747638326,4.80610439800007],[-75.747629032,4.80616588000004],[-75.747666191,4.80644162300007],[-75.747712717,4.80673146000004],[-75.747391218,4.80677246400007],[-75.7471390549999,4.80681078000003],[-75.7469985879999,4.80683212000004],[-75.746674272,4.80687962400003],[-75.746603846,4.80688994100005]]]},"properties":{"FID":312,"ID_BAR":187,"CODCOM":"11","COMUNA":"Olimpica","CODBAR":"011103","NOMBRE":"Alhambra","NOM_POPULA":"Alhambra","NORMA":"Sin"}},{"type":"Feature","id":313,"geometry":{"type":"Polygon","coordinates":[[[-75.6967923129999,4.80688256100007],[-75.6964145849999,4.80667409300003],[-75.6961117559999,4.80651086300003],[-75.695718888,4.80629667200003],[-75.69581727,4.80560523300004],[-75.696938781,4.80572045900003],[-75.696932757,4.80576934800008],[-75.696857268,4.80638252600004],[-75.696855049,4.80640066500006],[-75.6967923129999,4.80688256100007]]]},"properties":{"FID":313,"ID_BAR":188,"CODCOM":"07","COMUNA":"Boston","CODBAR":"010716","NOMBRE":"La Lorena III","NOM_POPULA":"La Lorena III","NORMA":"Sin"}},{"type":"Feature","id":314,"geometry":{"type":"Polygon","coordinates":[[[-75.681840565,4.80661284800004],[-75.681747978,4.80623723600007],[-75.681727918,4.80605711400006],[-75.681718272,4.80602353800003],[-75.681692605,4.80597466400008],[-75.6813740539999,4.80556857000005],[-75.681455225,4.80551157900004],[-75.681522875,4.80543895600004],[-75.681574046,4.80535384500006],[-75.681592923,4.80531975800005],[-75.681733261,4.80514047700005],[-75.6817660139999,4.80505762600007],[-75.681809473,4.80496988300007],[-75.681825884,4.80495114400002],[-75.681847295,4.80493789900003],[-75.68187779,4.80493095900003],[-75.6819210319999,4.80493237500001],[-75.6820094879999,4.80494336700002],[-75.68209217,4.80493706700002],[-75.6822937279999,4.80498750600004],[-75.682812383,4.80505651100004],[-75.683161875,4.80509917000005],[-75.684416663,4.80525868700005],[-75.68458273,4.80527031800006],[-75.6846817859999,4.80525375800006],[-75.6850807289999,4.80510755600006],[-75.6851247829999,4.80508825400006],[-75.685328388,4.80506618900006],[-75.68533662,4.80520965900006],[-75.685376221,4.80542584900007],[-75.6854128429999,4.80602135300005],[-75.68544471,4.80662785900005],[-75.68531275,4.80686802400002],[-75.685163662,4.80677242600007],[-75.685024359,4.80673077000005],[-75.684911606,4.80671862900004],[-75.682231799,4.80643688700006],[-75.6820494629999,4.80644144900003],[-75.681857997,4.80659227300004],[-75.681840565,4.80661284800004]]]},"properties":{"FID":314,"ID_BAR":189,"CODCOM":"06","COMUNA":"Universidad","CODBAR":"010602","NOMBRE":"Cambulos","NOM_POPULA":"Cambulos","NORMA":"Sin"}},{"type":"Feature","id":315,"geometry":{"type":"Polygon","coordinates":[[[-75.7308937939999,4.80671645700005],[-75.7309153089999,4.80657920300006],[-75.730929676,4.80648767700005],[-75.7309879169999,4.80628899300005],[-75.7310222149999,4.80620682800003],[-75.7311519049999,4.80599286700003],[-75.7312752569999,4.80586527300005],[-75.7313277599999,4.80582415500004],[-75.731394806,4.80578422000003],[-75.731588237,4.80605268600004],[-75.7316634869999,4.80600681600003],[-75.731907484,4.80632749100005],[-75.731992879,4.80648671600004],[-75.7317016279999,4.80657130200005],[-75.731407207,4.80664880700004],[-75.731306075,4.80668082900007],[-75.731183637,4.80671020200003],[-75.731176981,4.80675022500003],[-75.7308937939999,4.80671645700005]]]},"properties":{"FID":315,"ID_BAR":190,"CODCOM":"09","COMUNA":"Cuba","CODBAR":"010907","NOMBRE":"La Union","NOM_POPULA":"La Union","NORMA":"65"}},{"type":"Feature","id":316,"geometry":{"type":"Polygon","coordinates":[[[-75.7309153089999,4.80657920300006],[-75.730774629,4.80637149500006],[-75.730842627,4.80631485200007],[-75.731032989,4.80609470800005],[-75.730915657,4.80599869600006],[-75.731208491,4.80566966400005],[-75.7310782,4.80556455700002],[-75.7318307469999,4.80537989200007],[-75.732418813,4.80534770700006],[-75.732809296,4.80543751600004],[-75.73287289,4.80520924900002],[-75.732934056,4.80524771600005],[-75.732978601,4.80528355300003],[-75.733093257,4.80539492900005],[-75.733130021,4.80542960000001],[-75.733876374,4.80566460700003],[-75.734025398,4.80570159100004],[-75.734096071,4.80571550800004],[-75.7341180439999,4.80566368600006],[-75.734482886,4.80517821600007],[-75.734715684,4.80524391800001],[-75.734948692,4.80529027900007],[-75.735118139,4.80530463600009],[-75.735273959,4.80530198400003],[-75.7353789649999,4.80527511900005],[-75.735453265,4.80523765600003],[-75.735556299,4.80515771500006],[-75.7356484169999,4.80509877600003],[-75.735743669,4.80504472800004],[-75.7358220529999,4.80500512800005],[-75.735877655,4.80496386700002],[-75.735953996,4.80481889400004],[-75.7359835729999,4.80466791800006],[-75.7359972689999,4.80453700400005],[-75.7359867389999,4.80443260300006],[-75.735906169,4.80429990700003],[-75.7359334229999,4.80424727300004],[-75.7359575789999,4.80417238500007],[-75.73593342,4.80403801000005],[-75.735441409,4.80323954000003],[-75.7359330209999,4.80312156700007],[-75.7362942029999,4.80302222900002],[-75.736369455,4.80301110100003],[-75.7364550579999,4.80300486500004],[-75.7365212939999,4.80300463500003],[-75.73660711,4.80300949100006],[-75.736697291,4.80302379600004],[-75.7367625059999,4.80304029100005],[-75.736802826,4.80305320200005],[-75.73690822,4.80310173600001],[-75.7369840009999,4.80314647400006],[-75.737054041,4.80319645700007],[-75.7370981609999,4.80302260700005],[-75.737162353,4.80292989600002],[-75.737558693,4.80157800100004],[-75.73767401,4.80113543500005],[-75.73755865,4.80104767300003],[-75.737356845,4.80114791000005],[-75.737325292,4.80112374800006],[-75.7373199039999,4.80108759400002],[-75.737428251,4.80082915800005],[-75.737473853,4.80082359300007],[-75.737534491,4.80083936500005],[-75.737674005,4.80081186200003],[-75.737792709,4.80079312100002],[-75.737829225,4.80079075300006],[-75.737863417,4.80080138500006],[-75.7379959959999,4.80086653900002],[-75.738157556,4.80092692400006],[-75.737134801,4.80428092000006],[-75.736924619,4.80476771400002],[-75.736831518,4.80493716700003],[-75.736637671,4.80516605500004],[-75.7363994529999,4.80531929600005],[-75.734462121,4.80609965900004],[-75.7341185069999,4.80615752400007],[-75.733610692,4.80615631000005],[-75.73314112,4.80614536500001],[-75.732543649,4.80595986300005],[-75.7324838919999,4.80592309100006],[-75.732391843,4.80585277800003],[-75.732298457,4.80581704800006],[-75.7322251419999,4.80580712200003],[-75.7321928169999,4.80595419600007],[-75.731970056,4.80592743900008],[-75.7317564859999,4.80596158300004],[-75.7316634869999,4.80600681600003],[-75.731588237,4.80605268600004],[-75.731394806,4.80578422000003],[-75.7313277599999,4.80582415500004],[-75.7312752569999,4.80586527300005],[-75.7311519049999,4.80599286700003],[-75.7310222149999,4.80620682800003],[-75.7309879169999,4.80628899300005],[-75.730929676,4.80648767700005],[-75.7309153089999,4.80657920300006]]]},"properties":{"FID":316,"ID_BAR":191,"CODCOM":"09","COMUNA":"Cuba","CODBAR":"010905","NOMBRE":"La Independencia *1","NOM_POPULA":"La Independencia *1","NORMA":"Sin"}},{"type":"Feature","id":317,"geometry":{"type":"Polygon","coordinates":[[[-75.68533662,4.80520965900006],[-75.685328388,4.80506618900006],[-75.6851247829999,4.80508825400006],[-75.6850807289999,4.80510755600006],[-75.6846817859999,4.80525375800006],[-75.68458273,4.80527031800006],[-75.684416663,4.80525868700005],[-75.683161875,4.80509917000005],[-75.6841406349999,4.80395332000006],[-75.684208848,4.80389148900001],[-75.684264101,4.80384143700007],[-75.684670599,4.80335753400004],[-75.684811253,4.80317060500004],[-75.6852538809999,4.80265512200003],[-75.685562548,4.80230279700003],[-75.6857338029999,4.80209997300006],[-75.686143564,4.80178031000001],[-75.686441623,4.80156440600006],[-75.686594702,4.80143495000003],[-75.6866780939999,4.80133472200004],[-75.686789343,4.80115757600004],[-75.686880618,4.80112093200006],[-75.686911466,4.80109534100006],[-75.686963406,4.80109004500002],[-75.687047004,4.80105963600005],[-75.687055315,4.80104693700002],[-75.6871267989999,4.80103138100003],[-75.687217899,4.80097454900004],[-75.687400031,4.80081627000002],[-75.6875462419999,4.80073158800007],[-75.68759607,4.80071327500001],[-75.6876402629999,4.80070967400008],[-75.6877646729999,4.80068015000005],[-75.687794922,4.80066556300006],[-75.687908062,4.80066509200003],[-75.687979409,4.80058612900006],[-75.6880559589999,4.80063507500005],[-75.688087052,4.80064166400007],[-75.688114448,4.80065777400005],[-75.688205717,4.80072132900006],[-75.688304311,4.80077267800003],[-75.6883419869999,4.80080291800003],[-75.688384522,4.80086032300006],[-75.688416909,4.80101757200003],[-75.688467645,4.80114845200007],[-75.688529613,4.80127338100003],[-75.6886471839999,4.80138854600005],[-75.688669191,4.80140626200004],[-75.688696552,4.80141313500008],[-75.688715143,4.80143328800005],[-75.68876775,4.80146418300007],[-75.6888646899999,4.80150057200006],[-75.688904376,4.80150522000001],[-75.688941808,4.80149126800006],[-75.688988186,4.80145697100005],[-75.68901245,4.80140820700007],[-75.689154652,4.80123300400004],[-75.689193599,4.80120603700003],[-75.689237581,4.80118857100007],[-75.6892843799999,4.80118150800006],[-75.6893333259999,4.80118659800007],[-75.6893785039999,4.80120610000007],[-75.689415863,4.80123823000001],[-75.689441954,4.80128005500006],[-75.689461073,4.80132723300004],[-75.689463324,4.80137811800005],[-75.689523599,4.80156134900005],[-75.689560607,4.80158475400003],[-75.689570145,4.80166910900004],[-75.6896094049999,4.80172863400002],[-75.689754975,4.80175704300006],[-75.689776561,4.80175183300002],[-75.689843187,4.80170851100007],[-75.6899656269999,4.80164993200002],[-75.690054683,4.80161756200004],[-75.6900808469999,4.80161514300005],[-75.6901327149999,4.80163966200007],[-75.6901539839999,4.80163706600006],[-75.690202225,4.80165589700004],[-75.690235324,4.80168090800004],[-75.690255212,4.80183194000006],[-75.690300914,4.80191907000005],[-75.6902916509999,4.80193816300004],[-75.690303129,4.80198018200001],[-75.6902793199999,4.80206266400005],[-75.6902663929999,4.80214754800005],[-75.690264557,4.80223340400004],[-75.6902708919999,4.80231129600002],[-75.6902877199999,4.80238759800006],[-75.6903147949999,4.80246089700006],[-75.6903729599999,4.80257660600005],[-75.690441022,4.80268673400008],[-75.690466198,4.80272257200004],[-75.690507818,4.80275037500007],[-75.690662824,4.80281727000004],[-75.690703389,4.80284609700005],[-75.690798883,4.80292441600006],[-75.691076605,4.80305723400004],[-75.6912773889999,4.80311667800002],[-75.6910910669999,4.80461946400004],[-75.6910930619999,4.80484031400004],[-75.6911034499999,4.80484600100005],[-75.690936603,4.80628543300003],[-75.6909051489999,4.80645944100008],[-75.6905322389999,4.80641689000003],[-75.690426139,4.80644851800001],[-75.690323489,4.80649010700006],[-75.690014947,4.80650764700005],[-75.689962162,4.80648952200005],[-75.6892497009999,4.80622500900006],[-75.689188924,4.80620245100005],[-75.688699539,4.80594776900006],[-75.6884651619999,4.80587541100003],[-75.6884093149999,4.80584460500006],[-75.688347833,4.80582782200003],[-75.688284132,4.80582599900005],[-75.6882217679999,4.80583922400006],[-75.6880329479999,4.80592017800005],[-75.68773329,4.80576317800007],[-75.687522162,4.80554150400008],[-75.6874173369999,4.80545557100003],[-75.687301347,4.80538562200008],[-75.687181588,4.80535800900003],[-75.6870197119999,4.80533272500003],[-75.686926539,4.80530474300002],[-75.686836923,4.80526695700006],[-75.686778751,4.80525706300006],[-75.686703746,4.80525898400003],[-75.6866445159999,4.80527097400007],[-75.686572751,4.80526531700002],[-75.686531938,4.80527663600004],[-75.686514684,4.80526640900006],[-75.6863342499999,4.80526850000008],[-75.686305832,4.80528388200002],[-75.6862736109999,4.80528663500008],[-75.686226426,4.80527933800004],[-75.686185719,4.80528369800005],[-75.686163288,4.80527327600004],[-75.686143815,4.80528196500006],[-75.686122546,4.80528037400006],[-75.6860514859999,4.80526159400006],[-75.68533662,4.80520965900006]]]},"properties":{"FID":317,"ID_BAR":192,"CODCOM":"06","COMUNA":"Universidad","CODBAR":"010618","NOMBRE":"Pinares de San Martin","NOM_POPULA":"Pinares de San Martin","NORMA":"Sin"}},{"type":"Feature","id":318,"geometry":{"type":"Polygon","coordinates":[[[-75.696857268,4.80638252600004],[-75.696932757,4.80576934800008],[-75.697096747,4.80579079700003],[-75.6973901439999,4.80582802500002],[-75.698500845,4.80594681500002],[-75.698493435,4.80630286800004],[-75.698497554,4.80633806900005],[-75.698501671,4.80638194300007],[-75.698500544,4.80639575500003],[-75.698375431,4.80637273600007],[-75.6979936829999,4.80631955600006],[-75.697515697,4.80625904200001],[-75.697346039,4.80623598600003],[-75.6973141619999,4.80644436400007],[-75.696857268,4.80638252600004]]]},"properties":{"FID":318,"ID_BAR":193,"CODCOM":"07","COMUNA":"Boston","CODBAR":"010715","NOMBRE":"La Lorena II","NOM_POPULA":"La Lorena II","NORMA":"Sin"}},{"type":"Feature","id":319,"geometry":{"type":"Polygon","coordinates":[[[-75.7494917879999,4.80599961900002],[-75.7499730439999,4.80579929400004],[-75.7502469789999,4.80603325700002],[-75.749947498,4.80635980800002],[-75.749890701,4.80642311100007],[-75.7494917879999,4.80599961900002]]]},"properties":{"FID":319,"ID_BAR":194,"CODCOM":"11","COMUNA":"Olimpica","CODBAR":"011131","NOMBRE":"Rincon de La Villa","NOM_POPULA":"Rincon de La Villa","NORMA":"Sin"}},{"type":"Feature","id":320,"geometry":{"type":"Polygon","coordinates":[[[-75.730774629,4.80637149500006],[-75.730693496,4.80625949900002],[-75.73060585,4.80637840200005],[-75.730394991,4.80626264500006],[-75.7302438899999,4.80625105900003],[-75.7302867779999,4.80604933800003],[-75.729861962,4.80595301000005],[-75.729917915,4.80575623400004],[-75.7299278799999,4.80572112100004],[-75.730025102,4.80505014800001],[-75.730539713,4.80513149800003],[-75.7305837649999,4.80517408200006],[-75.7308266679999,4.80522153900005],[-75.730820823,4.80536199000004],[-75.7310782,4.80556455700002],[-75.731208491,4.80566966400005],[-75.730915657,4.80599869600006],[-75.731032989,4.80609470800005],[-75.730842627,4.80631485200007],[-75.730774629,4.80637149500006]]]},"properties":{"FID":320,"ID_BAR":195,"CODCOM":"10","COMUNA":"Consota","CODBAR":"011011","NOMBRE":"Los Nogales","NOM_POPULA":"Los Nogales","NORMA":"Sin"}},{"type":"Feature","id":321,"geometry":{"type":"Polygon","coordinates":[[[-75.745580413,4.80615845100004],[-75.744614896,4.80629343500003],[-75.744078208,4.80636643000001],[-75.743989766,4.80556938600006],[-75.7440705069999,4.80542269900008],[-75.744128288,4.80522463200002],[-75.745349134,4.80501615000003],[-75.7454979459999,4.80499072900003],[-75.745603468,4.80580898500006],[-75.745530823,4.80582191600006],[-75.745580413,4.80615845100004]]]},"properties":{"FID":321,"ID_BAR":196,"CODCOM":"11","COMUNA":"Olimpica","CODBAR":"011102","NOMBRE":"Alfa","NOM_POPULA":"Alfa","NORMA":"32"}},{"type":"Feature","id":322,"geometry":{"type":"Polygon","coordinates":[[[-75.695121104,4.80626872000005],[-75.6951304729999,4.80620886300005],[-75.695208642,4.80554856200008],[-75.6956485979999,4.80558765200005],[-75.69581727,4.80560523300004],[-75.695718888,4.80629667200003],[-75.6956494469999,4.80627522700008],[-75.695532293,4.80624678600003],[-75.695384995,4.80623377900002],[-75.6952164269999,4.80625141600006],[-75.695121104,4.80626872000005]]]},"properties":{"FID":322,"ID_BAR":197,"CODCOM":"07","COMUNA":"Boston","CODBAR":"010701","NOMBRE":"Belalcazar","NOM_POPULA":"Belalcazar","NORMA":"Sin"}},{"type":"Feature","id":323,"geometry":{"type":"Polygon","coordinates":[[[-75.7302438899999,4.80625105900003],[-75.729791465,4.80615897000008],[-75.729760126,4.80628140500003],[-75.7293555219999,4.80612836300001],[-75.729326752,4.80620842600006],[-75.72908001,4.80611850900006],[-75.7290941309999,4.80606686400004],[-75.728977328,4.80602456300004],[-75.729016696,4.80590887500005],[-75.729070784,4.80592916900002],[-75.729107018,4.80577789200003],[-75.729166317,4.80554363600004],[-75.729314883,4.80556877000004],[-75.72935971,4.80557752900006],[-75.7297806879999,4.80573947400006],[-75.729917915,4.80575623400004],[-75.729861962,4.80595301000005],[-75.7302867779999,4.80604933800003],[-75.7302438899999,4.80625105900003]]]},"properties":{"FID":323,"ID_BAR":198,"CODCOM":"10","COMUNA":"Consota","CODBAR":"011007","NOMBRE":"El Futuro","NOM_POPULA":"El Futuro","NORMA":"102"}},{"type":"Feature","id":324,"geometry":{"type":"Polygon","coordinates":[[[-75.745580413,4.80615845100004],[-75.745530823,4.80582191600006],[-75.745603468,4.80580898500006],[-75.7454979459999,4.80499072900003],[-75.745718698,4.80495501100006],[-75.745685027,4.80467845500004],[-75.746852982,4.80451713000002],[-75.747269591,4.80446504900005],[-75.747395867,4.80446267900003],[-75.746431222,4.80543685200007],[-75.746029232,4.80569604100003],[-75.745580413,4.80615845100004]]]},"properties":{"FID":324,"ID_BAR":199,"CODCOM":"11","COMUNA":"Olimpica","CODBAR":"011114","NOMBRE":"Gamma III","NOM_POPULA":"Gamma III","NORMA":"Sin"}},{"type":"Feature","id":325,"geometry":{"type":"Polygon","coordinates":[[[-75.71124632,4.80434931700005],[-75.711175328,4.80442777100006],[-75.710877947,4.80458561200004],[-75.710717476,4.80469131700005],[-75.71043087,4.80484915800001],[-75.7103562519999,4.80486024900005],[-75.710050811,4.80484944900008],[-75.709939113,4.80487103000007],[-75.709861396,4.80491629600003],[-75.7097897349999,4.80496815100002],[-75.709769557,4.80500322800004],[-75.70976554,4.80507742700008],[-75.709823429,4.80518347300005],[-75.709946497,4.80531498900007],[-75.7100454439999,4.80542902000008],[-75.710062944,4.80547352900004],[-75.710064281,4.80552750500003],[-75.7100467779999,4.80560845100006],[-75.7099928979999,4.80572353700006],[-75.709790589,4.80604129400006],[-75.709708505,4.80610199700002],[-75.7095914189999,4.80613168500002],[-75.70948377,4.80612762000005],[-75.709412465,4.80609255800005],[-75.709311299,4.80595945200003],[-75.709114852,4.80562084400001],[-75.7090173839999,4.80550946300002],[-75.708893576,4.80539613800004],[-75.708425313,4.80515735000007],[-75.708238191,4.80504469500005],[-75.708057513,4.80494284900003],[-75.7080759529999,4.80409371700006],[-75.707786923,4.80401553600006],[-75.707650826,4.80393711100005],[-75.707190279,4.80356433600002],[-75.707088971,4.80350737200006],[-75.706408795,4.80332965200005],[-75.7060058179999,4.80315833300004],[-75.705372488,4.80253121400005],[-75.704871269,4.80228924200003],[-75.7048244009999,4.80223996300003],[-75.704778628,4.80213850900003],[-75.70504196,4.80193577300002],[-75.705083722,4.80194080700006],[-75.70512869,4.80193861900006],[-75.705168024,4.80193007100007],[-75.705207146,4.80191474100007],[-75.705715531,4.80160044000007],[-75.705775924,4.80152733700004],[-75.705796526,4.80144328300002],[-75.705791634,4.80135232200008],[-75.705752484,4.80110084600006],[-75.7057569679999,4.80073421100008],[-75.706521412,4.80077911400003],[-75.706516874,4.80064053600007],[-75.7064297209999,4.80062820500007],[-75.7063446619999,4.80006883800008],[-75.707541596,4.80007136300002],[-75.708871662,4.80043185200002],[-75.7087440989999,4.80118198300005],[-75.7087057379999,4.80168975500004],[-75.708883425,4.80169013100005],[-75.709550904,4.80264608400006],[-75.710473495,4.80265396600004],[-75.711265656,4.80266074900005],[-75.7112685879999,4.80376822800002],[-75.711260376,4.80409365500002],[-75.71124632,4.80434931700005]]]},"properties":{"FID":325,"ID_BAR":200,"CODCOM":"19","COMUNA":"El Poblado","CODBAR":"011906","NOMBRE":"Poblado II","NOM_POPULA":"Poblado II","NORMA":"Sin"}},{"type":"Feature","id":326,"geometry":{"type":"Polygon","coordinates":[[[-75.666849752,4.80422417800004],[-75.6666576689999,4.80415524200003],[-75.666734563,4.80388065400006],[-75.666791468,4.80388290200005],[-75.666809112,4.80386794400005],[-75.6668272479999,4.80385706500003],[-75.6668441159999,4.80385005500004],[-75.6668678139999,4.80384433400008],[-75.666911483,4.80380087100002],[-75.666951733,4.80378882900004],[-75.667185091,4.80380294400004],[-75.667482677,4.80383822400006],[-75.667560533,4.80384261100006],[-75.667715508,4.80384446100003],[-75.667902806,4.80387404400005],[-75.6679935509999,4.80387244400003],[-75.6681357109999,4.80382383300003],[-75.6681780059999,4.80379555900003],[-75.6679372579999,4.80453191400004],[-75.6675853559999,4.80551189300007],[-75.667528804,4.80550000100003],[-75.667458535,4.80570304100007],[-75.667415647,4.80568839600004],[-75.66728332,4.80602995500004],[-75.66716402,4.80598974600001],[-75.6670475019999,4.80593907900005],[-75.666939296,4.80588159700005],[-75.666834541,4.80581844500005],[-75.666788485,4.80577963700005],[-75.666689299,4.80566948600005],[-75.667114092,4.80431624000004],[-75.666849752,4.80422417800004]]]},"properties":{"FID":326,"ID_BAR":201,"CODCOM":"05","COMUNA":"Oriente","CODBAR":"010509","NOMBRE":"Chico Restrepo","NOM_POPULA":"Chico Restrepo","NORMA":"Sin"}},{"type":"Feature","id":327,"geometry":{"type":"Polygon","coordinates":[[[-75.703385972,4.80426775800004],[-75.703608769,4.80423484300006],[-75.703671979,4.80419337400002],[-75.703747724,4.80415663900005],[-75.7038260039999,4.80413097900004],[-75.7042086989999,4.80429254800004],[-75.704264053,4.80433909000004],[-75.7043279279999,4.80442427700007],[-75.704436308,4.80462734400005],[-75.7046013469999,4.80483738900005],[-75.7046429659999,4.80491381600006],[-75.7046942,4.80501081800003],[-75.704764906,4.80505004900003],[-75.704721763,4.80528794100008],[-75.7046721789999,4.80537307100007],[-75.704626823,4.80541438200004],[-75.704560972,4.80546450500002],[-75.704494558,4.80550535600003],[-75.704253029,4.80548811000005],[-75.70423778,4.80552256800005],[-75.704069848,4.80548280500005],[-75.703942825,4.80570147700007],[-75.703896476,4.80595440000008],[-75.703582336,4.80593508400005],[-75.7035052159999,4.80601217800006],[-75.7034485579999,4.80601562000004],[-75.70351568,4.80585546100002],[-75.7035184279999,4.80582596400007],[-75.703166258,4.80579539600006],[-75.703146159,4.80557288700004],[-75.7031598949999,4.80548673000005],[-75.703222193,4.80533423600001],[-75.70327678,4.80517255800004],[-75.703282169,4.80510499900004],[-75.703272593,4.80505217200004],[-75.70327337,4.80499839000005],[-75.703289746,4.80495826100003],[-75.703347815,4.80488473600008],[-75.70335426,4.80486428300002],[-75.703351654,4.80483881400005],[-75.7033640509999,4.80481871400002],[-75.7033649699999,4.80471335900005],[-75.703378599,4.80466388700006],[-75.703386348,4.80461680000007],[-75.703389095,4.80457900300006],[-75.703389132,4.80454918900005],[-75.703382829,4.80453848600006],[-75.703379836,4.80451974600003],[-75.703381845,4.80450870700001],[-75.703341738,4.80446894700004],[-75.703339237,4.80445750300002],[-75.703351423,4.80440479900005],[-75.7033742079999,4.80436044900004],[-75.703385618,4.80433042400005],[-75.703385972,4.80426775800004]]]},"properties":{"FID":327,"ID_BAR":202,"CODCOM":"16","COMUNA":"San Nicolas","CODBAR":"011602","NOMBRE":"La Dulcera","NOM_POPULA":"La Dulcera","NORMA":"Sin"}},{"type":"Feature","id":328,"geometry":{"type":"Polygon","coordinates":[[[-75.679714062,4.80595699200006],[-75.679502075,4.80597755400002],[-75.6794077019999,4.80598440100004],[-75.679310583,4.80598303400007],[-75.679190048,4.80596928400008],[-75.679056274,4.80593308500005],[-75.67889972,4.80586307800007],[-75.6787703859999,4.80578920600005],[-75.6786989409999,4.80572830100003],[-75.678649084,4.80566683200005],[-75.678600565,4.80558510600002],[-75.67855423,4.80549650800002],[-75.6785299379999,4.80542977800007],[-75.678485754,4.80529042000005],[-75.6784338959999,4.80513126100005],[-75.6784011189999,4.80503491100006],[-75.678468061,4.80501492200007],[-75.679284998,4.80474978000008],[-75.6795893519999,4.80571836700007],[-75.679684451,4.80589100400004],[-75.679714062,4.80595699200006]]]},"properties":{"FID":328,"ID_BAR":203,"CODCOM":"06","COMUNA":"Universidad","CODBAR":"010621","NOMBRE":"Quintanar Del Cerro *1, *3","NOM_POPULA":"Quintanar Del Cerro *1, *3","NORMA":"Sin"}},{"type":"Feature","id":329,"geometry":{"type":"Polygon","coordinates":[[[-75.69850208,4.80588706400004],[-75.698500845,4.80594681500002],[-75.6973901439999,4.80582802500002],[-75.697096747,4.80579079700003],[-75.696932757,4.80576934800008],[-75.696938781,4.80572045900003],[-75.696993769,4.80526622300005],[-75.696990958,4.80514022000005],[-75.6970262889999,4.80486649100005],[-75.6978565749999,4.80516908200001],[-75.6981802179999,4.80528676200003],[-75.698156833,4.80535555600006],[-75.69850208,4.80588706400004]]]},"properties":{"FID":329,"ID_BAR":204,"CODCOM":"07","COMUNA":"Boston","CODBAR":"010714","NOMBRE":"La Lorena I","NOM_POPULA":"La Lorena I","NORMA":"Sin"}},{"type":"Feature","id":330,"geometry":{"type":"Polygon","coordinates":[[[-75.716483151,4.80469026400004],[-75.71655026,4.80499622200006],[-75.716596937,4.80541432600006],[-75.716445751,4.80536203400004],[-75.716454869,4.80540776000003],[-75.716582877,4.80547196000004],[-75.7166175529999,4.80559899000001],[-75.7162668989999,4.80545148600004],[-75.716087311,4.80540663900007],[-75.715945682,4.80539187100004],[-75.7158061659999,4.80538727700001],[-75.715657741,4.80539917900006],[-75.715552664,4.80541613300006],[-75.715438782,4.80544562700003],[-75.7153842719999,4.80546452500004],[-75.715247959,4.80551438300004],[-75.71496403,4.80564462000007],[-75.714529914,4.80586978900004],[-75.7144533969999,4.80578575100003],[-75.71413187,4.80530971000006],[-75.714829314,4.80505049400005],[-75.715196594,4.80488567500003],[-75.715528765,4.80468122200005],[-75.7158059699999,4.80445998900006],[-75.7160147179999,4.80427257800004],[-75.716035846,4.80429001100002],[-75.716049685,4.80427761200003],[-75.7161068359999,4.80430311800007],[-75.716168072,4.80430735700003],[-75.7162415609999,4.80439916700004],[-75.716350298,4.80458156700006],[-75.7164105809999,4.80473166200004],[-75.7164322639999,4.80481389100003],[-75.716483151,4.80469026400004]]]},"properties":{"FID":330,"ID_BAR":205,"CODCOM":"08","COMUNA":"El Jardin","CODBAR":"010802","NOMBRE":"Altos de Tananbi","NOM_POPULA":"Altos de Tananbi","NORMA":"Sin"}},{"type":"Feature","id":331,"geometry":{"type":"Polygon","coordinates":[[[-75.703166258,4.80579539600006],[-75.702825887,4.80572012600003],[-75.702569887,4.80565512000004],[-75.702424035,4.80557390300004],[-75.702286036,4.80551513600004],[-75.702145359,4.80546963300004],[-75.7020092239999,4.80544460000003],[-75.701631349,4.80541263500004],[-75.701168433,4.80537621600006],[-75.701077654,4.80533527200001],[-75.701016421,4.80527384000003],[-75.7009732869999,4.80519421600008],[-75.700957409,4.80510549800003],[-75.700964243,4.80504406900007],[-75.701234702,4.80449849200006],[-75.701348063,4.80429290700004],[-75.701455149,4.80423529700003],[-75.701559456,4.80409119300003],[-75.701617208,4.80403609000007],[-75.701676404,4.80399511500002],[-75.701729964,4.80396968300004],[-75.701804652,4.80395838200008],[-75.701880749,4.80396827500004],[-75.701946984,4.80399371100003],[-75.702027304,4.80403751700003],[-75.7021132579999,4.80411521700007],[-75.7022697049999,4.80426499900003],[-75.702339954,4.80433660400006],[-75.7024001679999,4.80436431900005],[-75.7024603469999,4.80437322300003],[-75.702545212,4.80437025800007],[-75.7026582129999,4.80435244100004],[-75.7029390069999,4.80429003200004],[-75.703123209,4.80427327700006],[-75.703385972,4.80426775800004],[-75.703385618,4.80433042400005],[-75.7033742079999,4.80436044900004],[-75.703351423,4.80440479900005],[-75.703339237,4.80445750300002],[-75.703341738,4.80446894700004],[-75.703381845,4.80450870700001],[-75.703379836,4.80451974600003],[-75.703382829,4.80453848600006],[-75.703389132,4.80454918900005],[-75.703389095,4.80457900300006],[-75.703386348,4.80461680000007],[-75.703378599,4.80466388700006],[-75.7033649699999,4.80471335900005],[-75.7033640509999,4.80481871400002],[-75.703351654,4.80483881400005],[-75.70335426,4.80486428300002],[-75.703347815,4.80488473600008],[-75.703289746,4.80495826100003],[-75.70327337,4.80499839000005],[-75.703272593,4.80505217200004],[-75.703282169,4.80510499900004],[-75.70327678,4.80517255800004],[-75.703222193,4.80533423600001],[-75.7031598949999,4.80548673000005],[-75.703146159,4.80557288700004],[-75.703166258,4.80579539600006]]]},"properties":{"FID":331,"ID_BAR":206,"CODCOM":"07","COMUNA":"Boston","CODBAR":"010718","NOMBRE":"La Platanera","NOM_POPULA":"La Platanera","NORMA":"Sin"}},{"type":"Feature","id":332,"geometry":{"type":"Polygon","coordinates":[[[-75.700007423,4.80408267400002],[-75.6998913959999,4.80496790300002],[-75.6999378419999,4.80497308100007],[-75.70003725,4.80498756700007],[-75.7001069,4.80501994500003],[-75.700164684,4.80505573100003],[-75.700239686,4.80514295100004],[-75.700358631,4.80530057400006],[-75.700423949,4.80537857200005],[-75.700486627,4.80542693400002],[-75.700534868,4.80545351700005],[-75.700432392,4.80560825300006],[-75.7003660789999,4.80573397000005],[-75.700310617,4.80577022900009],[-75.7002055029999,4.80578384300002],[-75.700116308,4.80578021900004],[-75.6999812999999,4.80575845300007],[-75.699766324,4.80570249100003],[-75.699547368,4.80564834700004],[-75.699369366,4.80558433200001],[-75.699214147,4.80553545400006],[-75.699010474,4.80547583500003],[-75.6986748579999,4.80537943900005],[-75.6986127769999,4.80535534400003],[-75.69879915,4.80395579300005],[-75.6996540229999,4.80403696700006],[-75.6997923759999,4.80405687800003],[-75.699962492,4.80407744500008],[-75.700007423,4.80408267400002]]]},"properties":{"FID":332,"ID_BAR":207,"CODCOM":"07","COMUNA":"Boston","CODBAR":"010709","NOMBRE":"El Vergel","NOM_POPULA":"El Vergel","NORMA":"Sin"}},{"type":"Feature","id":333,"geometry":{"type":"Polygon","coordinates":[[[-75.729314883,4.80556877000004],[-75.7293942869999,4.80499329600002],[-75.729428973,4.80499836500007],[-75.7294375989999,4.80492573700007],[-75.729566235,4.80494062700006],[-75.729598384,4.80498031300003],[-75.730025102,4.80505014800001],[-75.7299278799999,4.80572112100004],[-75.729917915,4.80575623400004],[-75.7297806879999,4.80573947400006],[-75.72935971,4.80557752900006],[-75.729314883,4.80556877000004]]]},"properties":{"FID":333,"ID_BAR":208,"CODCOM":"10","COMUNA":"Consota","CODBAR":"011028","NOMBRE":"Villa Elena","NOM_POPULA":"Villa Elena","NORMA":"88"}},{"type":"Feature","id":334,"geometry":{"type":"Polygon","coordinates":[[[-75.692496594,4.80569815500008],[-75.6923540289999,4.80539525700003],[-75.6922491029999,4.80520838400001],[-75.6921631559999,4.80503696800002],[-75.692152874,4.80501644400004],[-75.692112666,4.80489621400006],[-75.6921096459999,4.80473222000006],[-75.692138176,4.80458027300006],[-75.692283873,4.80423201500002],[-75.6923980119999,4.80397862000006],[-75.692447527,4.80388232800006],[-75.6924790469999,4.80379057400005],[-75.692491026,4.80368073200002],[-75.69247152,4.80362143900004],[-75.692452437,4.80356154500003],[-75.692436172,4.80351650500007],[-75.692412158,4.80347690600007],[-75.692379621,4.80345129400007],[-75.69234543,4.80343560800002],[-75.6922695819999,4.80342396400004],[-75.692020624,4.80339184200004],[-75.6919404779999,4.80337788500003],[-75.691909105,4.80336112200006],[-75.691888928,4.80333944900001],[-75.6918714989999,4.80331500300002],[-75.69185615,4.80325071200001],[-75.6918547779999,4.80321067200004],[-75.691856152,4.80318062800007],[-75.69186524,4.80312333100005],[-75.691885457,4.80306232700002],[-75.6919273629999,4.80300694100004],[-75.692013146,4.80294606300003],[-75.6920868839999,4.80292587900003],[-75.692173614,4.80293559800004],[-75.692577294,4.80306497600003],[-75.6928056149999,4.80312339700004],[-75.692876359,4.80312389500006],[-75.6932975519999,4.80300739800003],[-75.693498268,4.80302332200006],[-75.693815119,4.80297990500003],[-75.6936656,4.80451838900006],[-75.6936558739999,4.80465733800003],[-75.6935753069999,4.80537585400001],[-75.693099961,4.80533155100005],[-75.693039056,4.80575397700005],[-75.692496594,4.80569815500008]]]},"properties":{"FID":334,"ID_BAR":209,"CODCOM":"07","COMUNA":"Boston","CODBAR":"010731","NOMBRE":"Travesuras - La Churria","NOM_POPULA":"Travesuras - La Churria","NORMA":"Sin"}},{"type":"Feature","id":335,"geometry":{"type":"Polygon","coordinates":[[[-75.696938781,4.80572045900003],[-75.69581727,4.80560523300004],[-75.6956485979999,4.80558765200005],[-75.695709366,4.80504483900006],[-75.696990958,4.80514022000005],[-75.696993769,4.80526622300005],[-75.696938781,4.80572045900003]]]},"properties":{"FID":335,"ID_BAR":210,"CODCOM":"07","COMUNA":"Boston","CODBAR":"010721","NOMBRE":"Los Almendros","NOM_POPULA":"Los Almendros","NORMA":"Sin"}},{"type":"Feature","id":336,"geometry":{"type":"Polygon","coordinates":[[[-75.734482886,4.80517821600007],[-75.7341180439999,4.80566368600006],[-75.734096071,4.80571550800004],[-75.734025398,4.80570159100004],[-75.7337080149999,4.80533250500001],[-75.73325784,4.80477046100002],[-75.733059269,4.80463225500006],[-75.733315792,4.80380101300004],[-75.7336179929999,4.80372681000005],[-75.733725675,4.80368099300005],[-75.734050623,4.80359893100007],[-75.734145065,4.80358365200004],[-75.734184646,4.80365808000004],[-75.7342565169999,4.80373162600004],[-75.7343293389999,4.80377258400005],[-75.7348531769999,4.80395960300006],[-75.734867298,4.80396387700006],[-75.734794726,4.80421568900004],[-75.734773422,4.80427093700007],[-75.734586481,4.80486345600002],[-75.7343397389999,4.80478703500005],[-75.7342412149999,4.80510564500002],[-75.734482886,4.80517821600007]]]},"properties":{"FID":336,"ID_BAR":211,"CODCOM":"10","COMUNA":"Consota","CODBAR":"011002","NOMBRE":"Antonio Jose de Sucre","NOM_POPULA":"Las Mercedes","NORMA":"Sin"}},{"type":"Feature","id":337,"geometry":{"type":"Polygon","coordinates":[[[-75.734025398,4.80570159100004],[-75.733876374,4.80566460700003],[-75.733130021,4.80542960000001],[-75.733093257,4.80539492900005],[-75.732978601,4.80528355300003],[-75.732934056,4.80524771600005],[-75.73287289,4.80520924900002],[-75.733059269,4.80463225500006],[-75.73325784,4.80477046100002],[-75.7337080149999,4.80533250500001],[-75.734025398,4.80570159100004]]]},"properties":{"FID":337,"ID_BAR":212,"CODCOM":"10","COMUNA":"Consota","CODBAR":"011018","NOMBRE":"Porvenir","NOM_POPULA":"Las Mercedes","NORMA":"92"}},{"type":"Feature","id":338,"geometry":{"type":"Polygon","coordinates":[[[-75.666689299,4.80566948600005],[-75.666620603,4.80559194300003],[-75.6664649089999,4.80536800700003],[-75.666692552,4.80470984200001],[-75.666725485,4.80461883100003],[-75.666849752,4.80422417800004],[-75.667114092,4.80431624000004],[-75.666689299,4.80566948600005]]]},"properties":{"FID":338,"ID_BAR":213,"CODCOM":"05","COMUNA":"Oriente","CODBAR":"010505","NOMBRE":"Arboleda Del Rio","NOM_POPULA":"Arboleda Del Rio","NORMA":"Sin"}},{"type":"Feature","id":339,"geometry":{"type":"Polygon","coordinates":[[[-75.695208642,4.80554856200008],[-75.693994522,4.80541102200005],[-75.6935753069999,4.80537585400001],[-75.6936558739999,4.80465733800003],[-75.694269296,4.80459781100006],[-75.694431241,4.80464298100002],[-75.69445538,4.80499165300005],[-75.6955706269999,4.80499257000003],[-75.695709366,4.80504483900006],[-75.6956485979999,4.80558765200005],[-75.695208642,4.80554856200008]]]},"properties":{"FID":339,"ID_BAR":214,"CODCOM":"07","COMUNA":"Boston","CODBAR":"010725","NOMBRE":"Pereira","NOM_POPULA":"Pereira","NORMA":"Sin"}},{"type":"Feature","id":340,"geometry":{"type":"Polygon","coordinates":[[[-75.7310782,4.80556455700002],[-75.730820823,4.80536199000004],[-75.7308266679999,4.80522153900005],[-75.7308222299999,4.80515168400006],[-75.7308348019999,4.80508999000006],[-75.730875367,4.80505775600005],[-75.730913152,4.80503672000002],[-75.730949492,4.80501849300002],[-75.730989388,4.80500899000002],[-75.7310251649999,4.80499855200002],[-75.731123622,4.80498843000004],[-75.731152884,4.80498541000002],[-75.731228981,4.80498592100004],[-75.731323177,4.80498111700006],[-75.73140283,4.80497232000004],[-75.731662705,4.80491366200003],[-75.7317112649999,4.80491664700002],[-75.7318425399999,4.80495523700004],[-75.7319276869999,4.80499896900005],[-75.732175415,4.80509079300003],[-75.7323402499999,4.80512080000004],[-75.732511,4.80513823200004],[-75.732637768,4.80514243400005],[-75.732715274,4.80515394900004],[-75.732806828,4.80518046000003],[-75.73287289,4.80520924900002],[-75.732809296,4.80543751600004],[-75.732418813,4.80534770700006],[-75.7318307469999,4.80537989200007],[-75.7310782,4.80556455700002]]]},"properties":{"FID":340,"ID_BAR":215,"CODCOM":"10","COMUNA":"Consota","CODBAR":"011021","NOMBRE":"Restrepo","NOM_POPULA":"Restrepo","NORMA":"19"}},{"type":"Feature","id":341,"geometry":{"type":"Polygon","coordinates":[[[-75.708057513,4.80494284900003],[-75.707961557,4.80491743000005],[-75.7077921439999,4.80497904900005],[-75.707674244,4.80514395800003],[-75.707510355,4.80533938700006],[-75.7073818219999,4.80545643100003],[-75.707262623,4.80550277300006],[-75.707040849,4.80548902600002],[-75.706794566,4.80546196000005],[-75.7063255269999,4.80527928300005],[-75.7061561519999,4.80522129300004],[-75.70601544,4.80516842500003],[-75.705897089,4.80512370100006],[-75.705794161,4.80506866200006],[-75.70528766,4.80477418100003],[-75.704973352,4.80451755500007],[-75.704631437,4.80427913900005],[-75.7044718179999,4.80417778700006],[-75.704228004,4.80404774900006],[-75.704362773,4.80382028200007],[-75.704279679,4.80354100200003],[-75.704195248,4.80322027000005],[-75.7041206759999,4.80289238500007],[-75.704070756,4.80250865200003],[-75.7040043169999,4.80226837300005],[-75.704118948,4.80189752100006],[-75.704244911,4.80175997100003],[-75.704425734,4.80168871000006],[-75.704608806,4.80174180900002],[-75.704725606,4.80185953100006],[-75.704743843,4.80191478000006],[-75.704778628,4.80213850900003],[-75.7048244009999,4.80223996300003],[-75.704871269,4.80228924200003],[-75.705372488,4.80253121400005],[-75.7060058179999,4.80315833300004],[-75.706408795,4.80332965200005],[-75.707088971,4.80350737200006],[-75.707190279,4.80356433600002],[-75.707650826,4.80393711100005],[-75.707786923,4.80401553600006],[-75.7080759529999,4.80409371700006],[-75.708057513,4.80494284900003]]]},"properties":{"FID":341,"ID_BAR":216,"CODCOM":"19","COMUNA":"El Poblado","CODBAR":"011905","NOMBRE":"Poblado I","NOM_POPULA":"Poblado I","NORMA":"Sin"}},{"type":"Feature","id":342,"geometry":{"type":"Polygon","coordinates":[[[-75.75047971,4.80517134700005],[-75.749609138,4.80549793500006],[-75.7496264169999,4.80519986600006],[-75.750400613,4.80495338100008],[-75.75047971,4.80517134700005]]]},"properties":{"FID":342,"ID_BAR":217,"CODCOM":"11","COMUNA":"Olimpica","CODBAR":"011117","NOMBRE":"Jardines de La Villa","NOM_POPULA":"Jardines de La Villa","NORMA":"Sin"}},{"type":"Feature","id":343,"geometry":{"type":"Polygon","coordinates":[[[-75.670263393,4.80320507300007],[-75.6702937109999,4.80322088300005],[-75.67038311,4.80331948200005],[-75.6704659649999,4.80335363000006],[-75.670525785,4.80342848700008],[-75.670554342,4.80345304000003],[-75.6706431149999,4.80344331600002],[-75.670754704,4.80348580200006],[-75.6707972029999,4.80351638000008],[-75.670815476,4.80354955100006],[-75.670840572,4.80369996500002],[-75.67085159,4.80374233800007],[-75.670872328,4.80378086100006],[-75.670879437,4.80382415200006],[-75.670892008,4.80383127100004],[-75.6709179909999,4.80389284300003],[-75.670982074,4.80395961200002],[-75.6710128839999,4.80397132500003],[-75.671045738,4.80396919000003],[-75.671097399,4.80393775600004],[-75.6711764239999,4.80386813700005],[-75.671207096,4.80384913500007],[-75.671242416,4.80384198500007],[-75.6712622049999,4.80384440600003],[-75.671277523,4.80385721200003],[-75.671281676,4.80387683600003],[-75.6712726919999,4.80393084600008],[-75.671298782,4.80398003800001],[-75.67133783,4.80401988700003],[-75.671378883,4.80408676000007],[-75.6712989179999,4.80446128200004],[-75.670867189,4.80547845300003],[-75.6707719769999,4.80540897900005],[-75.670595674,4.80527445000006],[-75.670509443,4.80518411700007],[-75.6704174769999,4.80505342600002],[-75.670310441,4.80488834600003],[-75.670243966,4.80478976700003],[-75.670162069,4.80467212900004],[-75.6701046049999,4.80461832500003],[-75.6700471039999,4.80458949500008],[-75.669984003,4.80457119200001],[-75.669926113,4.80455675700005],[-75.669852378,4.80454147300003],[-75.669780719,4.80452988100006],[-75.6697562109999,4.80452258500002],[-75.669713288,4.80450423000002],[-75.6696629699999,4.80447359900006],[-75.6695518459999,4.80436212300004],[-75.6693947059999,4.80414878400006],[-75.669329461,4.80407390900007],[-75.6692484069999,4.80398327600007],[-75.6691499949999,4.80387658800005],[-75.669056898,4.80377890800003],[-75.668577009,4.80337625500004],[-75.668622015,4.80333673000006],[-75.668652862,4.80333673400002],[-75.6686837069999,4.80336178100005],[-75.668743953,4.80341336000003],[-75.668814518,4.80345019200007],[-75.668968821,4.80346198600007],[-75.669096681,4.80347377700002],[-75.669154008,4.80347821500004],[-75.669202495,4.80349736600003],[-75.669259785,4.80351799900007],[-75.669336866,4.80353282500005],[-75.669398595,4.80353283000006],[-75.6695279369999,4.80350189700004],[-75.6697602449999,4.80344107000006],[-75.669847892,4.80342952600006],[-75.670180463,4.80324773800004],[-75.670263393,4.80320507300007]]]},"properties":{"FID":343,"ID_BAR":218,"CODCOM":"01","COMUNA":"Villa Santana","CODBAR":"010101","NOMBRE":"Bellavista","NOM_POPULA":"Bellavista","NORMA":"77"}},{"type":"Feature","id":344,"geometry":{"type":"Polygon","coordinates":[[[-75.746431222,4.80543685200007],[-75.747395867,4.80446267900003],[-75.747491151,4.80435696700005],[-75.747581758,4.80442959100002],[-75.7479744,4.80481304600005],[-75.748194597,4.80504370800002],[-75.7480723039999,4.80519082100005],[-75.7480224779999,4.80519861100004],[-75.7470799929999,4.80533382700003],[-75.747035764,4.80534087600006],[-75.74659352,4.80541139600007],[-75.746431222,4.80543685200007]]]},"properties":{"FID":344,"ID_BAR":219,"CODCOM":"11","COMUNA":"Olimpica","CODBAR":"011125","NOMBRE":"Olimpico I","NOM_POPULA":"Olimpico I","NORMA":"Sin"}},{"type":"Feature","id":345,"geometry":{"type":"Polygon","coordinates":[[[-75.6986127769999,4.80535534400003],[-75.698269274,4.80523542100002],[-75.6981802179999,4.80528676200003],[-75.6978565749999,4.80516908200001],[-75.6970262889999,4.80486649100005],[-75.696838111,4.80479790000002],[-75.6965896199999,4.80454618400006],[-75.696092682,4.80388583900002],[-75.6960382459999,4.80378920700002],[-75.6959833889999,4.80367305700002],[-75.695943638,4.80357059600005],[-75.695916119,4.80316529900004],[-75.695904851,4.80238126900002],[-75.6958610889999,4.80219902700002],[-75.695844858,4.80215395200002],[-75.695837217,4.80213491200003],[-75.695962434,4.80218124600003],[-75.6962150159999,4.80225653500002],[-75.696437455,4.80233212100007],[-75.6967901149999,4.80238111500005],[-75.696899769,4.80239154000003],[-75.6969513559999,4.80158276800006],[-75.696880725,4.80142346900004],[-75.696891609,4.80134995900004],[-75.697061934,4.80139733700003],[-75.697122184,4.80138759000005],[-75.697134123,4.80136980400004],[-75.6971536309999,4.80135405000003],[-75.697167013,4.80134804500005],[-75.697228599,4.80137687400002],[-75.697292548,4.80135774800004],[-75.697342163,4.80136891300004],[-75.6973881499999,4.80140213700002],[-75.6974357569999,4.80142693700002],[-75.6974873789999,4.80144507800002],[-75.6975218159999,4.80149739600006],[-75.697566852,4.80154522800007],[-75.697605057,4.80157499000006],[-75.697622839,4.80158860800004],[-75.697645974,4.80160010800006],[-75.697671609,4.80160678400005],[-75.6977829529999,4.80161155900003],[-75.697862043,4.80158678100003],[-75.6979430689999,4.80157004100005],[-75.698041104,4.80156077300006],[-75.698154772,4.80157775100002],[-75.698226501,4.80160020200001],[-75.6982664669999,4.80161643600008],[-75.698489642,4.80178307100004],[-75.6985597139999,4.80183259900002],[-75.698744195,4.80188379200007],[-75.698681886,4.80230701400006],[-75.698743862,4.80228818800003],[-75.6988085839999,4.80227798100003],[-75.698865912,4.80227650100004],[-75.6989083439999,4.80227991100002],[-75.698953135,4.80228777200005],[-75.69893604,4.80268950000004],[-75.698851319,4.80350659000005],[-75.699273735,4.80360758200004],[-75.699264753,4.80367227900007],[-75.6998222839999,4.80374913200006],[-75.6997923759999,4.80405687800003],[-75.6996540229999,4.80403696700006],[-75.69879915,4.80395579300005],[-75.6986127769999,4.80535534400003]]]},"properties":{"FID":345,"ID_BAR":220,"CODCOM":"07","COMUNA":"Boston","CODBAR":"010726","NOMBRE":"Providencia","NOM_POPULA":"Providencia","NORMA":"Sin"}},{"type":"Feature","id":346,"geometry":{"type":"Polygon","coordinates":[[[-75.735906169,4.80429990700003],[-75.7359867389999,4.80443260300006],[-75.7359972689999,4.80453700400005],[-75.7359835729999,4.80466791800006],[-75.735953996,4.80481889400004],[-75.735877655,4.80496386700002],[-75.7358220529999,4.80500512800005],[-75.735743669,4.80504472800004],[-75.7356484169999,4.80509877600003],[-75.735556299,4.80515771500006],[-75.735453265,4.80523765600003],[-75.7353789649999,4.80527511900005],[-75.735273959,4.80530198400003],[-75.735118139,4.80530463600009],[-75.734948692,4.80529027900007],[-75.734715684,4.80524391800001],[-75.734482886,4.80517821600007],[-75.7342412149999,4.80510564500002],[-75.7343397389999,4.80478703500005],[-75.734586481,4.80486345600002],[-75.734773422,4.80427093700007],[-75.734794726,4.80421568900004],[-75.734867298,4.80396387700006],[-75.735830811,4.80425645900003],[-75.735906169,4.80429990700003]]]},"properties":{"FID":346,"ID_BAR":221,"CODCOM":"10","COMUNA":"Consota","CODBAR":"011017","NOMBRE":"Plan Camilo","NOM_POPULA":"Las Mercedes","NORMA":"Sin"}},{"type":"Feature","id":347,"geometry":{"type":"Polygon","coordinates":[[[-75.728385241,4.80347181700005],[-75.728254847,4.80400394700005],[-75.727990818,4.80526452300005],[-75.727847077,4.80519823600002],[-75.727705589,4.80510068700005],[-75.727596708,4.80499478500008],[-75.7275519879999,4.80492733200004],[-75.727515682,4.80485394600002],[-75.727357432,4.80429018400004],[-75.727316655,4.80419775600006],[-75.727286512,4.80415757400004],[-75.7272402419999,4.80410974500006],[-75.727186154,4.80406804500008],[-75.72711548,4.80402970000006],[-75.7273265489999,4.80295046300005],[-75.7273979619999,4.80299953000002],[-75.7274987069999,4.80307342900005],[-75.727536914,4.80310571500006],[-75.727588009,4.80316015000006],[-75.727621496,4.80320580700003],[-75.727663718,4.80324667800004],[-75.727718193,4.80328917200007],[-75.72776971,4.80332112400004],[-75.728016662,4.80342098600006],[-75.728185933,4.80343532700004],[-75.728256254,4.80345689300005],[-75.7282785789999,4.80344945700005],[-75.7283043199999,4.80344564200004],[-75.728327139,4.80344617200007],[-75.728349182,4.80345021700004],[-75.728385241,4.80347181700005]]]},"properties":{"FID":347,"ID_BAR":222,"CODCOM":"10","COMUNA":"Consota","CODBAR":"011009","NOMBRE":"La Divisa","NOM_POPULA":"La Divisa","NORMA":"64"}},{"type":"Feature","id":348,"geometry":{"type":"Polygon","coordinates":[[[-75.7308266679999,4.80522153900005],[-75.7305837649999,4.80517408200006],[-75.730539713,4.80513149800003],[-75.730025102,4.80505014800001],[-75.729598384,4.80498031300003],[-75.729566235,4.80494062700006],[-75.7294375989999,4.80492573700007],[-75.729428973,4.80499836500007],[-75.7293942869999,4.80499329600002],[-75.7288002,4.80490518200003],[-75.728682022,4.80451595700002],[-75.728793154,4.80376520400006],[-75.72885196,4.80381395200003],[-75.7289115419999,4.80385206700002],[-75.728966087,4.80387902000007],[-75.729032254,4.80388951100002],[-75.72908532,4.80388919300002],[-75.729162649,4.80388182700005],[-75.7292269129999,4.80386933900008],[-75.7292847689999,4.80387633400004],[-75.7293703029999,4.80388011300005],[-75.729427102,4.80387832900005],[-75.729487916,4.80386907300004],[-75.729570526,4.80384992800004],[-75.729635601,4.80382928000006],[-75.7296921879999,4.80382839700007],[-75.729723282,4.80384166100003],[-75.7297532489999,4.80386241400003],[-75.7297813489999,4.80389318200002],[-75.729800364,4.80392739300002],[-75.72982107,4.80397898500007],[-75.729874877,4.80416622300004],[-75.7299763629999,4.80430374100006],[-75.730024852,4.80435273500006],[-75.730123802,4.80439890400004],[-75.7301395069999,4.80442719900002],[-75.730159967,4.80445134400001],[-75.730183736,4.80447040100004],[-75.730202892,4.80448126300006],[-75.7302253229999,4.80448389400005],[-75.7302449369999,4.80447944300006],[-75.730261945,4.80446921700007],[-75.730287827,4.80448368200007],[-75.7303049399999,4.80449784700005],[-75.730321562,4.80451697600005],[-75.7303324069999,4.80453437300002],[-75.730913152,4.80503672000002],[-75.730875367,4.80505775600005],[-75.7308348019999,4.80508999000006],[-75.7308222299999,4.80515168400006],[-75.7308266679999,4.80522153900005]]]},"properties":{"FID":348,"ID_BAR":223,"CODCOM":"10","COMUNA":"Consota","CODBAR":"011027","NOMBRE":"Villa de La Paz","NOM_POPULA":"Villa de La Paz","NORMA":"85"}},{"type":"Feature","id":349,"geometry":{"type":"Polygon","coordinates":[[[-75.73287289,4.80520924900002],[-75.732806828,4.80518046000003],[-75.732715274,4.80515394900004],[-75.732637768,4.80514243400005],[-75.732511,4.80513823200004],[-75.7323402499999,4.80512080000004],[-75.732175415,4.80509079300003],[-75.7319276869999,4.80499896900005],[-75.7318425399999,4.80495523700004],[-75.7317112649999,4.80491664700002],[-75.731662705,4.80491366200003],[-75.73140283,4.80497232000004],[-75.731323177,4.80498111700006],[-75.731228981,4.80498592100004],[-75.731152884,4.80498541000002],[-75.731123622,4.80498843000004],[-75.731196229,4.80450075600004],[-75.731293063,4.80397546200004],[-75.731340776,4.80378449700003],[-75.7317612959999,4.803979715],[-75.731857534,4.80400071400003],[-75.7320519479999,4.80404315600003],[-75.732328867,4.80404371800006],[-75.732581663,4.80399558700003],[-75.7327202279999,4.80394724400003],[-75.733315792,4.80380101300004],[-75.733059269,4.80463225500006],[-75.73287289,4.80520924900002]]]},"properties":{"FID":349,"ID_BAR":224,"CODCOM":"10","COMUNA":"Consota","CODBAR":"011023","NOMBRE":"Vendedores Ambulantes","NOM_POPULA":"Las Mercedes","NORMA":"142"}},{"type":"Feature","id":350,"geometry":{"type":"Polygon","coordinates":[[[-75.696990958,4.80514022000005],[-75.695709366,4.80504483900006],[-75.6955706269999,4.80499257000003],[-75.69445538,4.80499165300005],[-75.694431241,4.80464298100002],[-75.694745096,4.80469294400006],[-75.6950022249999,4.80469295600006],[-75.6953361559999,4.80464274000007],[-75.695553248,4.80464275000004],[-75.695794034,4.80473653000006],[-75.696231487,4.80481357500001],[-75.696415163,4.80475665800003],[-75.696524364,4.80466409500001],[-75.696660461,4.80474262800004],[-75.696838111,4.80479790000002],[-75.6970262889999,4.80486649100005],[-75.696990958,4.80514022000005]]]},"properties":{"FID":350,"ID_BAR":225,"CODCOM":"07","COMUNA":"Boston","CODBAR":"010737","NOMBRE":"Verona","NOM_POPULA":"Verona","NORMA":"Sin"}},{"type":"Feature","id":351,"geometry":{"type":"Polygon","coordinates":[[[-75.6911034499999,4.80484600100005],[-75.6910930619999,4.80484031400004],[-75.6910910669999,4.80461946400004],[-75.6912773889999,4.80311667800002],[-75.691076605,4.80305723400004],[-75.690798883,4.80292441600006],[-75.690703389,4.80284609700005],[-75.690662824,4.80281727000004],[-75.690507818,4.80275037500007],[-75.690466198,4.80272257200004],[-75.690441022,4.80268673400008],[-75.6903729599999,4.80257660600005],[-75.6903147949999,4.80246089700006],[-75.6902877199999,4.80238759800006],[-75.6902708919999,4.80231129600002],[-75.690264557,4.80223340400004],[-75.6902663929999,4.80214754800005],[-75.6902793199999,4.80206266400005],[-75.690303129,4.80198018200001],[-75.6902916509999,4.80193816300004],[-75.690300914,4.80191907000005],[-75.690255212,4.80183194000006],[-75.690235324,4.80168090800004],[-75.690202225,4.80165589700004],[-75.6901539839999,4.80163706600006],[-75.6901327149999,4.80163966200007],[-75.6900808469999,4.80161514300005],[-75.6900819749999,4.80158156800006],[-75.690040502,4.80143878400003],[-75.690018642,4.80130255300003],[-75.6900162919999,4.80112084300003],[-75.69003165,4.80102080500006],[-75.68999877,4.80086163100003],[-75.690004655,4.80076289800007],[-75.690032301,4.80069943900003],[-75.6901037909999,4.80058153000003],[-75.690119855,4.80044563700004],[-75.690145564,4.80038987900002],[-75.690180111,4.80033915400003],[-75.690183846,4.80029280900005],[-75.690191876,4.80027633000002],[-75.690260227,4.80022816900004],[-75.690349571,4.80006795900004],[-75.6904441949999,4.79994793100007],[-75.690538681,4.79979318000005],[-75.6905740409999,4.79968288000004],[-75.69057387,4.79959637000007],[-75.690556336,4.79954894600006],[-75.690525428,4.79937557200004],[-75.690503071,4.79930704000003],[-75.690383743,4.79911720000006],[-75.689828613,4.79901151400003],[-75.689863515,4.798909781],[-75.689901834,4.79877256500003],[-75.6899569189999,4.79855569200003],[-75.690004362,4.79836174600007],[-75.6900353889999,4.79827027500004],[-75.690146924,4.79798773700001],[-75.690285859,4.79764514900006],[-75.690355197,4.79758112600007],[-75.6904336539999,4.79753904200002],[-75.690512637,4.79753122100003],[-75.691088298,4.79759741500004],[-75.691190982,4.79687792900006],[-75.691202359,4.79679352100003],[-75.692004615,4.79688235100002],[-75.6937454,4.79708762100005],[-75.693672911,4.79748316400001],[-75.69344719,4.79831453500003],[-75.6934852649999,4.79885722800004],[-75.693555669,4.79930875000001],[-75.693636688,4.79944289900003],[-75.693819431,4.79973140400003],[-75.693839565,4.79989877200007],[-75.693839208,4.79999487300006],[-75.693843182,4.80011077400008],[-75.6938498329999,4.80020267100001],[-75.6938777499999,4.80034416500006],[-75.693887043,4.80041341900004],[-75.693868444,4.80054263500006],[-75.693784777,4.80054994400007],[-75.693621879,4.80057079500004],[-75.693366265,4.80060616000003],[-75.693073394,4.80063915700004],[-75.693007543,4.80067391300001],[-75.6929520799999,4.80071735900004],[-75.692922604,4.80077295800003],[-75.692907002,4.80083726600003],[-75.692905272,4.80092066700008],[-75.692931043,4.80102042500004],[-75.6929726239999,4.80114033700005],[-75.6930041319999,4.80130018200002],[-75.693013316,4.80144109200006],[-75.693010245,4.80159118600006],[-75.693000277,4.80163186200002],[-75.692835556,4.80150495000004],[-75.6927940749999,4.80149401500007],[-75.692753721,4.80148415800004],[-75.6927024509999,4.80148634500006],[-75.692646778,4.80149948300004],[-75.692606422,4.80152353700002],[-75.692548774,4.80159144600002],[-75.692460523,4.80170884200003],[-75.6923075459999,4.80192044600004],[-75.692187038,4.80210079000005],[-75.692175027,4.80215059700002],[-75.6923359889999,4.80211621700005],[-75.692320175,4.80219029200004],[-75.692306963,4.80231995000003],[-75.692297977,4.80245372300003],[-75.692312868,4.80252852400003],[-75.692361353,4.80260147200005],[-75.692430368,4.80268374600007],[-75.69252361,4.80274920700003],[-75.692614986,4.80278473100003],[-75.6926988989999,4.80281092800003],[-75.6928416529999,4.80281485600006],[-75.693266891,4.80280364400006],[-75.693494405,4.80280180000005],[-75.6935839179999,4.80278310100005],[-75.693695829,4.80273260900004],[-75.693813233,4.80265885800004],[-75.6939267979999,4.80263537300004],[-75.693815119,4.80297990500003],[-75.693498268,4.80302332200006],[-75.6932975519999,4.80300739800003],[-75.692876359,4.80312389500006],[-75.6928056149999,4.80312339700004],[-75.692577294,4.80306497600003],[-75.692173614,4.80293559800004],[-75.6920868839999,4.80292587900003],[-75.692013146,4.80294606300003],[-75.6919273629999,4.80300694100004],[-75.691885457,4.80306232700002],[-75.69186524,4.80312333100005],[-75.691856152,4.80318062800007],[-75.6918547779999,4.80321067200004],[-75.69185615,4.80325071200001],[-75.6918714989999,4.80331500300002],[-75.691888928,4.80333944900001],[-75.691909105,4.80336112200006],[-75.6919404779999,4.80337788500003],[-75.692020624,4.80339184200004],[-75.6922695819999,4.80342396400004],[-75.69234543,4.80343560800002],[-75.692379621,4.80345129400007],[-75.692412158,4.80347690600007],[-75.692436172,4.80351650500007],[-75.692452437,4.80356154500003],[-75.69247152,4.80362143900004],[-75.692491026,4.80368073200002],[-75.6924790469999,4.80379057400005],[-75.692447527,4.80388232800006],[-75.6923980119999,4.80397862000006],[-75.692283873,4.80423201500002],[-75.692138176,4.80458027300006],[-75.6921096459999,4.80473222000006],[-75.692112666,4.80489621400006],[-75.692152874,4.80501644400004],[-75.6921631559999,4.80503696800002],[-75.691831129,4.80500086700004],[-75.691678797,4.80496671800005],[-75.691234863,4.80491808800001],[-75.6911034499999,4.80484600100005]]]},"properties":{"FID":351,"ID_BAR":226,"CODCOM":"06","COMUNA":"Universidad","CODBAR":"010616","NOMBRE":"Los Angeles","NOM_POPULA":"Los Angeles","NORMA":"Sin"}},{"type":"Feature","id":352,"geometry":{"type":"Polygon","coordinates":[[[-75.670222769,4.80862103300006],[-75.670635765,4.80893042200007],[-75.670833585,4.80906131600006],[-75.6713154329999,4.80926602600003],[-75.671747838,4.80950690400005],[-75.671958159,4.80963378900004],[-75.6718622429999,4.80999647600004],[-75.67121585,4.80968090400005],[-75.671038838,4.80957852000006],[-75.670737667,4.80943334600004],[-75.6705402279999,4.80939238800005],[-75.6704584989999,4.80935825900002],[-75.670007451,4.80887800100003],[-75.669867805,4.80873520800002],[-75.6700112139999,4.80850727000005],[-75.670138927,4.80859691700005],[-75.670222769,4.80862103300006]]]},"properties":{"FID":352,"ID_BAR":137,"CODCOM":"05","COMUNA":"Oriente","CODBAR":"010516","NOMBRE":"Paz Del Rio","NOM_POPULA":"Paz Del Rio","NORMA":"Sin"}},{"type":"Feature","id":353,"geometry":{"type":"Polygon","coordinates":[[[-75.7063675049999,4.80988082300006],[-75.706337856,4.80986965900006],[-75.706284684,4.80985415000004],[-75.706232039,4.80984411600002],[-75.706188374,4.80985374000005],[-75.706085935,4.80992643500002],[-75.7060244859999,4.80994220600008],[-75.706004486,4.80993683600001],[-75.705968146,4.80990414200005],[-75.705802609,4.80979440100004],[-75.7057529579999,4.80977663100002],[-75.7057237659999,4.80976617400005],[-75.705662777,4.80975108900003],[-75.7056248869999,4.80974490600005],[-75.7056924359999,4.80945072600001],[-75.7058205549999,4.80905659500007],[-75.705339188,4.80893704200003],[-75.705007548,4.80884753600003],[-75.7051520809999,4.80836091000004],[-75.7048783659999,4.80833993600003],[-75.70529898,4.80759687900008],[-75.7053814129999,4.80770787100005],[-75.705407259,4.80772572900002],[-75.705450888,4.80772687900002],[-75.70556808,4.80769291700005],[-75.7056955859999,4.80780117400008],[-75.706009513,4.80785883300005],[-75.7060565939999,4.80787149800007],[-75.706149379,4.80793120000003],[-75.706347309,4.80813725400003],[-75.706336006,4.80815276100002],[-75.7062308869999,4.80834725500006],[-75.706298451,4.80873937700005],[-75.706203079,4.80915281300002],[-75.706503485,4.80922050400006],[-75.7063675049999,4.80988082300006]]]},"properties":{"FID":353,"ID_BAR":138,"CODCOM":"16","COMUNA":"San Nicolas","CODBAR":"011603","NOMBRE":"Las Antillas","NOM_POPULA":"Las Antillas","NORMA":"Sin"}},{"type":"Feature","id":354,"geometry":{"type":"Polygon","coordinates":[[[-75.731123622,4.80498843000004],[-75.7310251649999,4.80499855200002],[-75.730989388,4.80500899000002],[-75.730949492,4.80501849300002],[-75.730913152,4.80503672000002],[-75.7303324069999,4.80453437300002],[-75.730321562,4.80451697600005],[-75.7303049399999,4.80449784700005],[-75.730287827,4.80448368200007],[-75.730261945,4.80446921700007],[-75.7302449369999,4.80447944300006],[-75.7302253229999,4.80448389400005],[-75.730202892,4.80448126300006],[-75.730183736,4.80447040100004],[-75.730159967,4.80445134400001],[-75.7301395069999,4.80442719900002],[-75.730123802,4.80439890400004],[-75.730024852,4.80435273500006],[-75.7299763629999,4.80430374100006],[-75.729874877,4.80416622300004],[-75.72982107,4.80397898500007],[-75.729800364,4.80392739300002],[-75.7297813489999,4.80389318200002],[-75.7297532489999,4.80386241400003],[-75.729723282,4.80384166100003],[-75.7296921879999,4.80382839700007],[-75.72979751,4.80338118700006],[-75.729818813,4.80324486900003],[-75.7298036,4.80290810300005],[-75.7298244099999,4.80269144000004],[-75.729914309,4.80251951500003],[-75.7300812189999,4.80229734000004],[-75.7300945649999,4.80230790200005],[-75.7303462359999,4.80259809200002],[-75.73116594,4.80366169200004],[-75.731340776,4.80378449700003],[-75.731293063,4.80397546200004],[-75.731196229,4.80450075600004],[-75.731123622,4.80498843000004]]]},"properties":{"FID":354,"ID_BAR":227,"CODCOM":"10","COMUNA":"Consota","CODBAR":"011025","NOMBRE":"Villa Cecilia","NOM_POPULA":"Villa Cecilia","NORMA":"Sin"}},{"type":"Feature","id":355,"geometry":{"type":"Polygon","coordinates":[[[-75.745349134,4.80501615000003],[-75.7453277489999,4.80461636500006],[-75.74533021,4.80448103600001],[-75.7454088379999,4.80432562400005],[-75.7462052019999,4.80351273000003],[-75.746325841,4.80342432700006],[-75.746399859,4.80340113400006],[-75.7464669399999,4.80340113300003],[-75.746552545,4.80341967500004],[-75.7466658989999,4.80350782400006],[-75.746804679,4.80365162600003],[-75.747491151,4.80435696700005],[-75.747395867,4.80446267900003],[-75.747269591,4.80446504900005],[-75.746852982,4.80451713000002],[-75.745685027,4.80467845500004],[-75.745718698,4.80495501100006],[-75.7454979459999,4.80499072900003],[-75.745349134,4.80501615000003]]]},"properties":{"FID":355,"ID_BAR":228,"CODCOM":"11","COMUNA":"Olimpica","CODBAR":"011126","NOMBRE":"Olimpico II","NOM_POPULA":"Olimpico II","NORMA":"57"}},{"type":"Feature","id":356,"geometry":{"type":"Polygon","coordinates":[[[-75.76288958,4.80986783700006],[-75.762292906,4.80961485600005],[-75.7621831769999,4.80957236700005],[-75.762223492,4.80947813600005],[-75.7624542889999,4.80892937500005],[-75.762658146,4.80901566200002],[-75.76288958,4.80986783700006]]]},"properties":{"FID":356,"ID_BAR":139,"CODCOM":"11","COMUNA":"Olimpica","CODBAR":"011133","NOMBRE":"San Felipe","NOM_POPULA":"San Felipe","NORMA":"Sin"}},{"type":"Feature","id":357,"geometry":{"type":"Polygon","coordinates":[[[-75.678371722,4.80943066400004],[-75.678380541,4.80920668900007],[-75.678300259,4.80814261900002],[-75.679743348,4.80817652600006],[-75.680484629,4.80820065000006],[-75.680703454,4.80809903600003],[-75.680840232,4.80797106400007],[-75.6810271319999,4.80765569900005],[-75.681419483,4.80710992500002],[-75.681840565,4.80661284800004],[-75.681871542,4.80679099200005],[-75.682038478,4.80750484200007],[-75.682103404,4.80762797000004],[-75.6821597219999,4.80799384800002],[-75.6822016209999,4.80806801500006],[-75.682093031,4.80901472400007],[-75.681248543,4.80889972200003],[-75.681162178,4.80975112600004],[-75.678371722,4.80943066400004]]]},"properties":{"FID":357,"ID_BAR":140,"CODCOM":"06","COMUNA":"Universidad","CODBAR":"010619","NOMBRE":"Popular Modelo","NOM_POPULA":"Popular Modelo","NORMA":"Sin"}},{"type":"Feature","id":358,"geometry":{"type":"Polygon","coordinates":[[[-75.6666576689999,4.80415524200003],[-75.666618159,4.80416073200006],[-75.6664145239999,4.80411064100002],[-75.6663274429999,4.80408613600003],[-75.6663049369999,4.80414758100006],[-75.6662214579999,4.80440129300005],[-75.6660618289999,4.80487137800002],[-75.666000985,4.80481347500006],[-75.6659255279999,4.80475770900005],[-75.665830351,4.80469959100002],[-75.665863002,4.80460939300001],[-75.665930493,4.80436553600003],[-75.665967021,4.80422593700008],[-75.6659928779999,4.80410689500008],[-75.666009652,4.80396471500007],[-75.6659666639999,4.80388079800002],[-75.6659465,4.80372771700006],[-75.665884642,4.80360435800002],[-75.6657699239999,4.80351861500003],[-75.665699118,4.80342462700003],[-75.66561867,4.80326074900005],[-75.665485153,4.80311850400005],[-75.6654216329999,4.80306476900006],[-75.665335683,4.80300338500006],[-75.6652028289999,4.80292935000007],[-75.6650661359999,4.80287497400006],[-75.665030396,4.80285596500005],[-75.665057056,4.80281145900005],[-75.6650663889999,4.80280460700004],[-75.6650822,4.80279605900006],[-75.6651035049999,4.80278926200003],[-75.6651244919999,4.80278700300005],[-75.665369184,4.80284926700006],[-75.665698839,4.80299121200004],[-75.665837712,4.80308857900007],[-75.6659775699999,4.80319467200006],[-75.666133026,4.80332300200008],[-75.666355255,4.80336656000002],[-75.6665704339999,4.80348108300007],[-75.666825301,4.80356357100004],[-75.666734563,4.80388065400006],[-75.6666576689999,4.80415524200003]]]},"properties":{"FID":358,"ID_BAR":229,"CODCOM":"05","COMUNA":"Oriente","CODBAR":"010521","NOMBRE":"Simon Bolivar","NOM_POPULA":"Simon Bolivar","NORMA":"Sin"}},{"type":"Feature","id":359,"geometry":{"type":"Polygon","coordinates":[[[-75.687938187,4.80968586000005],[-75.686261003,4.80949255500007],[-75.68631713,4.80895128000002],[-75.685625413,4.80861358900006],[-75.685511075,4.80859168000005],[-75.685606064,4.80712446200005],[-75.6859959669999,4.80740937900004],[-75.6864109379999,4.80778571600007],[-75.6868042899999,4.80812342400003],[-75.686944857,4.80823279700006],[-75.687090285,4.80830085800005],[-75.6871969439999,4.80835190800003],[-75.6872817729999,4.80836892200006],[-75.6880683039999,4.80839097500007],[-75.687938187,4.80968586000005]]]},"properties":{"FID":359,"ID_BAR":141,"CODCOM":"06","COMUNA":"Universidad","CODBAR":"010617","NOMBRE":"Los Rosales","NOM_POPULA":"Los Rosales","NORMA":"Sin"}},{"type":"Feature","id":360,"geometry":{"type":"Polygon","coordinates":[[[-75.696524364,4.80466409500001],[-75.696415163,4.80475665800003],[-75.696231487,4.80481357500001],[-75.695794034,4.80473653000006],[-75.695553248,4.80464275000004],[-75.6953361559999,4.80464274000007],[-75.6950022249999,4.80469295600006],[-75.694745096,4.80469294400006],[-75.694431241,4.80464298100002],[-75.694269296,4.80459781100006],[-75.6936558739999,4.80465733800003],[-75.6936656,4.80451838900006],[-75.693839566,4.80429198500003],[-75.6940366599999,4.80419552300005],[-75.694307139,4.80409397800001],[-75.694985926,4.80382331700002],[-75.695263196,4.80384606100007],[-75.695406761,4.80385728400005],[-75.695509336,4.80387786500006],[-75.695637969,4.80392460600008],[-75.69572748,4.80397696000005],[-75.695815087,4.80404240400002],[-75.695934421,4.80414151200005],[-75.6961402709999,4.80432563300007],[-75.696524364,4.80466409500001]]]},"properties":{"FID":360,"ID_BAR":230,"CODCOM":"07","COMUNA":"Boston","CODBAR":"010735","NOMBRE":"Vasconia","NOM_POPULA":"Vasconia","NORMA":"Sin"}},{"type":"Feature","id":361,"geometry":{"type":"Polygon","coordinates":[[[-75.738692305,4.80835899300008],[-75.738672903,4.80837776800007],[-75.738523775,4.80850755300002],[-75.738396796,4.80859828600005],[-75.738251014,4.80872808800006],[-75.737965117,4.80891277000005],[-75.7379072959999,4.80896570500004],[-75.7378482089999,4.80905392900005],[-75.737665947,4.80929461600005],[-75.737595133,4.80935687700002],[-75.737518474,4.80939720100003],[-75.737450582,4.80941988000007],[-75.737293458,4.80943249400001],[-75.7371715479999,4.80942871600007],[-75.736963787,4.80938979100005],[-75.73675356,4.80935809000004],[-75.7363764569999,4.80936816300004],[-75.736147709,4.80937572600003],[-75.7359717109999,4.80939211900005],[-75.735839378,4.80941744900003],[-75.735723279,4.80944759900007],[-75.735555275,4.80946159100006],[-75.735368818,4.80946775700005],[-75.735284586,4.80944760600005],[-75.735212679,4.80939774600006],[-75.7351632039999,4.80935129500006],[-75.7353141259999,4.80911974000002],[-75.735452408,4.80893419600004],[-75.735595373,4.80871661200006],[-75.7358580269999,4.80831924300003],[-75.735978033,4.80813445800003],[-75.736163604,4.80786035500005],[-75.736281357,4.80769316300007],[-75.7367632089999,4.80695458900004],[-75.736915752,4.80677104100005],[-75.7387436929999,4.80500601900007],[-75.7388638049999,4.80490997000004],[-75.739158748,4.80462588500006],[-75.739210266,4.80467713900002],[-75.7397185149999,4.80533467900005],[-75.739992554,4.80572246600001],[-75.740291489,4.80610016900004],[-75.740326597,4.80607768400005],[-75.7404673839999,4.80630518900005],[-75.740513762,4.80635806900004],[-75.740657009,4.80625463600005],[-75.741759993,4.80580931000004],[-75.7419691229999,4.80565161700001],[-75.7421436779999,4.80572162700002],[-75.742610235,4.80631943100002],[-75.742636014,4.80637888100004],[-75.7426403119999,4.80648791100004],[-75.742599818,4.80655912600001],[-75.7427763439999,4.80656714100006],[-75.743029881,4.80653447700007],[-75.743029388,4.80654823600003],[-75.7430320679999,4.80667581100005],[-75.743004392,4.80676025500001],[-75.742922698,4.80686483500005],[-75.742717442,4.80699513500001],[-75.7425640869999,4.80704028300005],[-75.742393126,4.80707831300002],[-75.742265689,4.80709099800002],[-75.7418005869999,4.80707463500005],[-75.74150342,4.80712768200005],[-75.7412909779999,4.80719194200004],[-75.74111625,4.80726882900006],[-75.741010082,4.80732974900007],[-75.7407951439999,4.80758052300007],[-75.740739753,4.80761756100004],[-75.740685771,4.80764605200006],[-75.740636508,4.80765038000004],[-75.740587314,4.80764405800005],[-75.740496814,4.80761127900008],[-75.740056958,4.80746850600001],[-75.739897932,4.80741689900003],[-75.739811201,4.80740429000002],[-75.739686756,4.80740051200007],[-75.739591186,4.80740530100007],[-75.739483116,4.80741816100005],[-75.7393972309999,4.80746502100003],[-75.739313811,4.807531168],[-75.739221235,4.80760994300004],[-75.7391671839999,4.80767674300006],[-75.7390788009999,4.80785750000005],[-75.738974608,4.80804498700007],[-75.738889004,4.80815325900004],[-75.738785761,4.80826857800003],[-75.738692305,4.80835899300008]]]},"properties":{"FID":361,"ID_BAR":142,"CODCOM":"09","COMUNA":"Cuba","CODBAR":"010910","NOMBRE":"San Fernando","NOM_POPULA":"San Fernando","NORMA":"Sin"}},{"type":"Feature","id":362,"geometry":{"type":"Polygon","coordinates":[[[-75.665830351,4.80469959100002],[-75.665614749,4.80458063400004],[-75.665464113,4.80449822600002],[-75.665260199,4.80441275800007],[-75.665073961,4.80435120500003],[-75.664713315,4.80423366600007],[-75.664480491,4.80415933900002],[-75.6645039489999,4.80409310800007],[-75.66458277,4.80393715700007],[-75.6646679999999,4.80379191000004],[-75.664721608,4.80365165900002],[-75.6647573559999,4.80358412100002],[-75.664819365,4.80360512700002],[-75.6650661359999,4.80287497400006],[-75.6652028289999,4.80292935000007],[-75.665335683,4.80300338500006],[-75.6654216329999,4.80306476900006],[-75.665485153,4.80311850400005],[-75.66561867,4.80326074900005],[-75.665699118,4.80342462700003],[-75.6657699239999,4.80351861500003],[-75.665884642,4.80360435800002],[-75.6659465,4.80372771700006],[-75.6659666639999,4.80388079800002],[-75.666009652,4.80396471500007],[-75.6659928779999,4.80410689500008],[-75.665967021,4.80422593700008],[-75.665930493,4.80436553600003],[-75.665863002,4.80460939300001],[-75.665830351,4.80469959100002]]]},"properties":{"FID":362,"ID_BAR":231,"CODCOM":"05","COMUNA":"Oriente","CODBAR":"010519","NOMBRE":"San Gregorio","NOM_POPULA":"San Gregorio","NORMA":"Sin"}},{"type":"Feature","id":363,"geometry":{"type":"Polygon","coordinates":[[[-75.677304571,4.80893141600007],[-75.677258302,4.80891532200007],[-75.6773359649999,4.80721805200006],[-75.677496176,4.80735667700003],[-75.67787322,4.80768527700007],[-75.67813118,4.80790882800004],[-75.678246809,4.80808111500005],[-75.678300259,4.80814261900002],[-75.678380541,4.80920668900007],[-75.678371722,4.80943066400004],[-75.678056466,4.80926726500007],[-75.677455634,4.80898393700004],[-75.677304571,4.80893141600007]]]},"properties":{"FID":363,"ID_BAR":143,"CODCOM":"06","COMUNA":"Universidad","CODBAR":"010608","NOMBRE":"La Aurora","NOM_POPULA":"La Aurora","NORMA":"Sin"}},{"type":"Feature","id":364,"geometry":{"type":"Polygon","coordinates":[[[-75.749219264,4.80089043200008],[-75.749394679,4.80097040800005],[-75.74924899,4.80104482600006],[-75.74991751,4.80153320300007],[-75.750538793,4.80199187000004],[-75.750392871,4.80202246600005],[-75.750246351,4.80209151300005],[-75.7501247279999,4.80221930400007],[-75.750004587,4.80241760300003],[-75.749956067,4.80253585300005],[-75.7499560689999,4.80260196400008],[-75.749988327,4.80268861300005],[-75.750036678,4.80276793300004],[-75.750089429,4.80282376200006],[-75.7501802469999,4.80288985100003],[-75.750369277,4.80302646200003],[-75.75046918,4.80310523300004],[-75.7505164039999,4.80318133700008],[-75.7505483099999,4.80325066100006],[-75.7505805339999,4.80336523500006],[-75.750580538,4.80347246300004],[-75.750551245,4.80361053000007],[-75.750457829,4.80375684700004],[-75.750242437,4.80400230700007],[-75.75013018,4.80411303600004],[-75.750074761,4.80432449100004],[-75.750041629,4.80441677700003],[-75.7499532799999,4.80447766200007],[-75.749840986,4.80452196300006],[-75.749782073,4.80451827400004],[-75.749682664,4.80446290500003],[-75.749653224,4.804420465],[-75.749632974,4.80433372500005],[-75.749621915,4.80427837200006],[-75.74957589,4.80425438800005],[-75.749491236,4.80422300500004],[-75.749382636,4.80416396400004],[-75.74902085,4.80408774600005],[-75.748553317,4.80396412500004],[-75.748242203,4.80385341000005],[-75.747981973,4.80375343200007],[-75.747521766,4.80366485200006],[-75.747370838,4.80357073400005],[-75.747193111,4.80339657200006],[-75.747003514,4.80312713900001],[-75.746854061,4.80288624800006],[-75.746778596,4.80278290800004],[-75.746649712,4.80267218700004],[-75.746526392,4.80257992300005],[-75.746403073,4.80251902700008],[-75.7463188419999,4.80249894700007],[-75.746301515,4.80243488700006],[-75.746261441,4.80236869000003],[-75.7462166829999,4.80232453500003],[-75.746162453,4.80228465600003],[-75.745985117,4.80221284500005],[-75.7457776729999,4.80212074300005],[-75.745543786,4.80212943900006],[-75.7453421179999,4.80207513300006],[-75.745166685,4.80206971500009],[-75.745097384,4.80205994900006],[-75.7448836729999,4.80197173200003],[-75.744645382,4.80187853500006],[-75.744444701,4.80187984700006],[-75.74426821,4.80183207500005],[-75.744224898,4.80182882600007],[-75.744197819,4.80183642200007],[-75.744157571,4.80187008700005],[-75.7438665439999,4.80230442700002],[-75.743837669,4.80233802200006],[-75.743804675,4.80236381000003],[-75.743760342,4.80238608400004],[-75.74374425,4.80238633100003],[-75.743706184,4.80238687900003],[-75.743608748,4.80237602000004],[-75.7435784639999,4.80236840800006],[-75.743379471,4.80227142900003],[-75.7432311859999,4.80220456300002],[-75.7432036499999,4.80219216500006],[-75.743154455,4.80215903200003],[-75.7428932,4.80183433400003],[-75.742781008,4.80174482500007],[-75.7427438239999,4.80174510800003],[-75.742542294,4.80157495500002],[-75.7423227,4.80143450900003],[-75.741934398,4.80120741600006],[-75.742468743,4.80049865200005],[-75.742627866,4.80025422000005],[-75.7427007209999,4.80014234500004],[-75.742987523,4.79975866000006],[-75.7431021749999,4.79965916700007],[-75.743182143,4.79960718500007],[-75.7433673629999,4.79952708200005],[-75.74356526,4.79949742200006],[-75.743677802,4.79950098700005],[-75.745828908,4.79956907100006],[-75.746152659,4.79960322100003],[-75.746689385,4.79981672500001],[-75.748393382,4.80074765200004],[-75.7487042499999,4.80090476500003],[-75.748993917,4.80097309100006],[-75.7491495359999,4.80099537100006],[-75.749219264,4.80089043200008]]]},"properties":{"FID":364,"ID_BAR":232,"CODCOM":"11","COMUNA":"Olimpica","CODBAR":"011121","NOMBRE":"Los Corales","NOM_POPULA":"Los Corales","NORMA":"3"}},{"type":"Feature","id":365,"geometry":{"type":"Polygon","coordinates":[[[-75.757573002,4.80889137500003],[-75.757285258,4.80939628100003],[-75.7567923989999,4.80920952600008],[-75.757152222,4.80863094600003],[-75.757347452,4.80875934200004],[-75.757573002,4.80889137500003]]]},"properties":{"FID":365,"ID_BAR":144,"CODCOM":"11","COMUNA":"Olimpica","CODBAR":"011109","NOMBRE":"El Campin III","NOM_POPULA":"El Campin III","NORMA":"Sin"}},{"type":"Feature","id":366,"geometry":{"type":"Polygon","coordinates":[[[-75.701234702,4.80449849200006],[-75.701126001,4.80445429700005],[-75.7010373699999,4.80440561600007],[-75.7009888109999,4.80439713600004],[-75.700724285,4.80444562700006],[-75.700665196,4.80445198300003],[-75.700468921,4.80434616000002],[-75.700340147,4.80428689900002],[-75.7003971619999,4.80417048800007],[-75.700388856,4.80407165000002],[-75.700368048,4.80397768600004],[-75.700340304,4.80387734500004],[-75.7002021339999,4.80368240100006],[-75.699740683,4.80314115800007],[-75.6997174799999,4.80309129600004],[-75.6997242419999,4.80305604300002],[-75.699791642,4.80303022300005],[-75.700077434,4.80301723500003],[-75.700437397,4.80272195300006],[-75.7004672209999,4.80276503200002],[-75.700575182,4.80285774600002],[-75.700674727,4.80292949400006],[-75.70079121,4.80301574300006],[-75.7008910019999,4.80308487800003],[-75.700931144,4.80310955300006],[-75.7010626639999,4.80317771700002],[-75.7011489,4.80321728300004],[-75.70119443,4.80325132000007],[-75.7012594669999,4.80330994400002],[-75.70130915,4.80337222300003],[-75.701342848,4.80341952400004],[-75.701361122,4.80346933200001],[-75.701366965,4.80352283200005],[-75.701365344,4.80357498800003],[-75.701346115,4.80362839900004],[-75.701319457,4.80367437300003],[-75.7012854389999,4.80370997900006],[-75.701218602,4.80376540000004],[-75.701115037,4.80383956000003],[-75.70099816,4.80391965400002],[-75.700912342,4.80397897900002],[-75.700881282,4.80402940300007],[-75.70094132,4.80407059300006],[-75.701124708,4.80417924100003],[-75.7012597139999,4.80425445200006],[-75.701348063,4.80429290700004],[-75.701234702,4.80449849200006]]]},"properties":{"FID":366,"ID_BAR":233,"CODCOM":"07","COMUNA":"Boston","CODBAR":"010736","NOMBRE":"Venecia","NOM_POPULA":"Venecia","NORMA":"Sin"}},{"type":"Feature","id":367,"geometry":{"type":"Polygon","coordinates":[[[-75.735120439,4.80912790200006],[-75.734964761,4.80917327800005],[-75.734373208,4.80938843000007],[-75.73421168,4.80919405700007],[-75.733997648,4.80888225000007],[-75.733921514,4.80869750400007],[-75.733860066,4.80864117900005],[-75.733809252,4.80860712700006],[-75.733849501,4.80856973500005],[-75.733878552,4.80858171000005],[-75.733933309,4.80858469400004],[-75.7340228579999,4.80856574200004],[-75.7340895519999,4.80853778200003],[-75.734114448,4.80850784400007],[-75.734142935,4.80842864600003],[-75.734176948,4.80814619000006],[-75.7341924409999,4.80809807900003],[-75.734251705,4.80801223800006],[-75.7343321669999,4.80792687600006],[-75.734394072,4.80788187200004],[-75.734494678,4.80783375900005],[-75.7345917609999,4.80780917200003],[-75.734687542,4.80779544700006],[-75.734728143,4.80778963500005],[-75.734858399,4.80782552400007],[-75.735064047,4.80786785700007],[-75.735136869,4.80789733500006],[-75.735242934,4.807991757],[-75.735325546,4.80807249000004],[-75.7354110809999,4.80816800600007],[-75.735453268,4.80822768700005],[-75.735476017,4.80829824700004],[-75.735481511,4.80837037900003],[-75.735507465,4.80846372500003],[-75.7355085569999,4.80851582800006],[-75.735489085,4.80856358700004],[-75.735432709,4.80865405400004],[-75.735168469,4.80895391000008],[-75.735120439,4.80912790200006]]]},"properties":{"FID":367,"ID_BAR":145,"CODCOM":"09","COMUNA":"Cuba","CODBAR":"010902","NOMBRE":"Brisas Del Consota","NOM_POPULA":"Brisas Del Consota","NORMA":"69"}},{"type":"Feature","id":368,"geometry":{"type":"Polygon","coordinates":[[[-75.703385972,4.80426775800004],[-75.703123209,4.80427327700006],[-75.7029390069999,4.80429003200004],[-75.7026582129999,4.80435244100004],[-75.702545212,4.80437025800007],[-75.7024603469999,4.80437322300003],[-75.7024001679999,4.80436431900005],[-75.702339954,4.80433660400006],[-75.7022697049999,4.80426499900003],[-75.7021132579999,4.80411521700007],[-75.702027304,4.80403751700003],[-75.702149995,4.80386506700007],[-75.7022761649999,4.80385572800003],[-75.702338774,4.80384718200002],[-75.7024009959999,4.80385799300006],[-75.7024570899999,4.80388717400008],[-75.702501774,4.80393196700002],[-75.7025630429999,4.80399099600004],[-75.702614559,4.80403278700005],[-75.702653786,4.80405492000005],[-75.7027150929999,4.80405246700007],[-75.702860315,4.80401158300004],[-75.702908382,4.80398193000003],[-75.703287632,4.80395278300007],[-75.703308019,4.80397789900006],[-75.70331573,4.80400653000003],[-75.703336646,4.80402368100005],[-75.703345273,4.80404934400002],[-75.703379394,4.80407251900004],[-75.703399254,4.80407342000006],[-75.703456548,4.80405074400005],[-75.703601347,4.80397623100003],[-75.703722414,4.80390339600006],[-75.703848689,4.80391553500004],[-75.703905735,4.80391207500003],[-75.7039386229999,4.80392595900003],[-75.703973203,4.80393115200007],[-75.7039904929999,4.80392942200006],[-75.704012149,4.80392306500005],[-75.703976232,4.80390391700007],[-75.7039377099999,4.80387422500007],[-75.7039214429999,4.80381779400006],[-75.70389627,4.80367674200005],[-75.703890362,4.80346142100006],[-75.703873957,4.80330797000005],[-75.703846249,4.80317128100006],[-75.703795266,4.80299234300003],[-75.703744423,4.80285335700005],[-75.703663577,4.80271435100001],[-75.7036160759999,4.80265152500003],[-75.703542977,4.80256045500004],[-75.703471532,4.80247740500004],[-75.703360649,4.80236390300006],[-75.7032474059999,4.80226891200004],[-75.703131486,4.80218725500002],[-75.7030444759999,4.80213656100006],[-75.702927111,4.80206454800003],[-75.702745872,4.80196837100004],[-75.702634847,4.80189803500001],[-75.702495444,4.80170455800004],[-75.702244004,4.80118089700006],[-75.702119011,4.80081143300003],[-75.702172154,4.80063306400007],[-75.702322345,4.80045005200001],[-75.702345483,4.80035275100005],[-75.702350101,4.80023317800005],[-75.702266902,4.79993899100003],[-75.702269233,4.79973976100008],[-75.702252866,4.79952811300007],[-75.702234383,4.79944471100003],[-75.702208996,4.79939375500003],[-75.702132726,4.79931962300003],[-75.7019848699999,4.79922000300008],[-75.7018970509999,4.79915977100007],[-75.7017953559999,4.79911785500002],[-75.701682781,4.79906903200003],[-75.7015610509999,4.79901330300004],[-75.701477879,4.79898549900001],[-75.701198286,4.79898548900007],[-75.701138213,4.79896694100004],[-75.7010987749999,4.79893733800002],[-75.7010388799999,4.79888590300004],[-75.7009879989999,4.79883491000004],[-75.700840151,4.79850594400007],[-75.7008027589999,4.79838481500002],[-75.700728437,4.79804811600008],[-75.7006968539999,4.79795312600003],[-75.7009525399999,4.79786311200007],[-75.7010665869999,4.79811125400004],[-75.701097924,4.79816611400002],[-75.701156621,4.79825524000005],[-75.701231445,4.79835008900005],[-75.701374476,4.79847611500003],[-75.701589449,4.79859712800003],[-75.7016613859999,4.79867758200004],[-75.70172674,4.79874240500005],[-75.7017665289999,4.79877852500005],[-75.701787585,4.79881644700002],[-75.70182357,4.79890285300006],[-75.701982976,4.79901421900007],[-75.70210379,4.79908902400006],[-75.7021351989999,4.79910709300004],[-75.702147875,4.79911440600006],[-75.702203652,4.79916054200005],[-75.7022346379999,4.79919256500005],[-75.7022628779999,4.79922727200005],[-75.702360272,4.79937956000003],[-75.7023767859999,4.79942048400006],[-75.702397102,4.79947649200005],[-75.702412453,4.79953098100003],[-75.7024261829999,4.79960083500003],[-75.7024318859999,4.79966842900006],[-75.702428534,4.79983049800007],[-75.702428815,4.79985990600004],[-75.7024374059999,4.79989196300003],[-75.7024524759999,4.79991840400004],[-75.702691364,4.79987452200003],[-75.702697174,4.79990721500007],[-75.702668192,4.79992517600004],[-75.702699664,4.80020841000003],[-75.702763857,4.80019246300003],[-75.702763644,4.80028255900004],[-75.702836878,4.80052405800007],[-75.702895579,4.80054131600002],[-75.7029260319999,4.80073279400006],[-75.702887436,4.80078420700006],[-75.702852116,4.80080020800006],[-75.702811932,4.80098430100003],[-75.7026902699999,4.80097126100002],[-75.702682626,4.80104155700007],[-75.702640187,4.80123278600006],[-75.702636911,4.80127084700006],[-75.70263705,4.80131334300006],[-75.702640817,4.80135320700003],[-75.702645816,4.80138213800007],[-75.7027485949999,4.80164815300003],[-75.702777257,4.80170294300006],[-75.7028083829999,4.80175077300003],[-75.702840637,4.80179194500005],[-75.702896836,4.80184495100002],[-75.7031033929999,4.80198581600006],[-75.7031316009999,4.80192940300003],[-75.703218154,4.80195840800008],[-75.7034577059999,4.80209996100007],[-75.703517249,4.80216900600005],[-75.703443192,4.80225425900005],[-75.7036145009999,4.80239095300005],[-75.703659678,4.80243680600007],[-75.7037287649999,4.80247850900001],[-75.703839054,4.80248086200003],[-75.703974132,4.80249326500005],[-75.704070756,4.80250865200003],[-75.7041206759999,4.80289238500007],[-75.704195248,4.80322027000005],[-75.704279679,4.80354100200003],[-75.704362773,4.80382028200007],[-75.704228004,4.80404774900006],[-75.7041570119999,4.80409232700003],[-75.7040935209999,4.80410518300004],[-75.7038260039999,4.80413097900004],[-75.703747724,4.80415663900005],[-75.703671979,4.80419337400002],[-75.703608769,4.80423484300006],[-75.703385972,4.80426775800004]]]},"properties":{"FID":368,"ID_BAR":234,"CODCOM":"19","COMUNA":"El Poblado","CODBAR":"011907","NOMBRE":"Rocio Bajo","NOM_POPULA":"Rocio Bajo","NORMA":"Sin"}},{"type":"Feature","id":369,"geometry":{"type":"Polygon","coordinates":[[[-75.692225904,4.80925495500004],[-75.692419171,4.80757575800004],[-75.6949394339999,4.80784696100006],[-75.6950465899999,4.80705188100006],[-75.695114974,4.80630764700003],[-75.695121104,4.80626872000005],[-75.6952164269999,4.80625141600006],[-75.695384995,4.80623377900002],[-75.695532293,4.80624678600003],[-75.6956494469999,4.80627522700008],[-75.695718888,4.80629667200003],[-75.6961117559999,4.80651086300003],[-75.6964145849999,4.80667409300003],[-75.6967923129999,4.80688256100007],[-75.696761098,4.80722116300007],[-75.696590495,4.80867794000005],[-75.696167862,4.80864639500003],[-75.694775835,4.80850858200006],[-75.694038431,4.80840499300007],[-75.6936980569999,4.80837608100006],[-75.693483673,4.80841800100007],[-75.693308552,4.80850446800003],[-75.6932299869999,4.80856698800005],[-75.693195393,4.80885664800006],[-75.6928435469999,4.80938316100003],[-75.6927046709999,4.80923127600004],[-75.692488704,4.80927308900006],[-75.692225904,4.80925495500004]]]},"properties":{"FID":369,"ID_BAR":146,"CODCOM":"07","COMUNA":"Boston","CODBAR":"010724","NOMBRE":"Olaya Herrera","NOM_POPULA":"Olaya Herrera","NORMA":"Sin"}},{"type":"Feature","id":370,"geometry":{"type":"Polygon","coordinates":[[[-75.735175129,4.80935129400005],[-75.7351396329999,4.80928854000007],[-75.735123997,4.80921082600002],[-75.735120439,4.80912790200006],[-75.735168469,4.80895391000008],[-75.735432709,4.80865405400004],[-75.735489085,4.80856358700004],[-75.7355085569999,4.80851582800006],[-75.735507465,4.80846372500003],[-75.735481511,4.80837037900003],[-75.735476017,4.80829824700004],[-75.735453268,4.80822768700005],[-75.7354110809999,4.80816800600007],[-75.735325546,4.80807249000004],[-75.735242934,4.807991757],[-75.735136869,4.80789733500006],[-75.735064047,4.80786785700007],[-75.734858399,4.80782552400007],[-75.734728143,4.80778963500005],[-75.734687542,4.80779544700006],[-75.73478649,4.80758586500002],[-75.734928084,4.80761705500003],[-75.735136127,4.80768109600007],[-75.7353519179999,4.80777247800005],[-75.735437593,4.80783277600003],[-75.7354891109999,4.80788023400003],[-75.735593873,4.80799853400003],[-75.735625426,4.80805189200003],[-75.735674831,4.80810892300001],[-75.735869953,4.80831924200004],[-75.735607299,4.80871661200006],[-75.735464334,4.80893419600004],[-75.7353260519999,4.80911973900004],[-75.735175129,4.80935129400005]]]},"properties":{"FID":370,"ID_BAR":147,"CODCOM":"09","COMUNA":"Cuba","CODBAR":"010906","NOMBRE":"La Playita","NOM_POPULA":"La Playita","NORMA":"36"}},{"type":"Feature","id":371,"geometry":{"type":"Polygon","coordinates":[[[-75.682093031,4.80901472400007],[-75.6822016209999,4.80806801500006],[-75.68285402,4.80813867100005],[-75.6834147179999,4.80828012900003],[-75.684712512,4.80838904500006],[-75.684589736,4.80930650400004],[-75.682093031,4.80901472400007]]]},"properties":{"FID":371,"ID_BAR":148,"CODCOM":"04","COMUNA":"Villavicencio","CODBAR":"010403","NOMBRE":"Los Andes","NOM_POPULA":"Los Andes","NORMA":"83"}},{"type":"Feature","id":372,"geometry":{"type":"Polygon","coordinates":[[[-75.7205582129999,4.80732737900006],[-75.7207902709999,4.80736902900003],[-75.720907778,4.80737925600005],[-75.7219049569999,4.80741513700001],[-75.721876429,4.80819067000005],[-75.7218049459999,4.80818597100004],[-75.721747336,4.80817544400003],[-75.7217296589999,4.80816678900005],[-75.721714235,4.80815221800003],[-75.721705995,4.80813849400004],[-75.721661556,4.80805030600003],[-75.7216444429999,4.80803953100002],[-75.721626483,4.80803177800004],[-75.7216074689999,4.80802677900004],[-75.721577853,4.80802478300006],[-75.721545281,4.80802693800008],[-75.721527252,4.80802990500007],[-75.7214972849999,4.80803780000001],[-75.721462704,4.80805193000003],[-75.7214336879999,4.80806865600004],[-75.7210938389999,4.80829840300004],[-75.721075317,4.80831673700003],[-75.720982846,4.80833832000006],[-75.7209643589999,4.80833554600002],[-75.720851462,4.80850275400008],[-75.7207790269999,4.80858822100004],[-75.720746912,4.80863718100006],[-75.7206583829999,4.80882625500005],[-75.720601336,4.80890524000005],[-75.720581405,4.80896538000008],[-75.7205526339999,4.80903330900002],[-75.7205359069999,4.80906651400004],[-75.72049122,4.80914127800003],[-75.7204522389999,4.80917934000008],[-75.720404735,4.80920590400005],[-75.720216552,4.80926809100003],[-75.7199703379999,4.80926240100007],[-75.719848816,4.80923329200003],[-75.719723808,4.80915743200005],[-75.719661445,4.80911958000007],[-75.719482314,4.80899318700004],[-75.7192004309999,4.80874986900005],[-75.719126623,4.80871267100003],[-75.719067324,4.80870223200003],[-75.719002178,4.80871159200008],[-75.7189172069999,4.80871284500005],[-75.718847309,4.80870461400002],[-75.7187720219999,4.80867487000008],[-75.718757021,4.80867020600002],[-75.7187222649999,4.80865830200002],[-75.7187914639999,4.80834847100004],[-75.718870134,4.80812271200006],[-75.719352537,4.80712561200007],[-75.719392047,4.80704724400004],[-75.7196064619999,4.80709565900004],[-75.720005725,4.80719286700002],[-75.7205582129999,4.80732737900006]]]},"properties":{"FID":372,"ID_BAR":149,"CODCOM":"08","COMUNA":"El Jardin","CODBAR":"010805","NOMBRE":"Brasilia","NOM_POPULA":"Brasilia","NORMA":"Sin"}},{"type":"Feature","id":373,"geometry":{"type":"Polygon","coordinates":[[[-75.6880683039999,4.80839097500007],[-75.6881319409999,4.80766565900006],[-75.688023501,4.80734209800004],[-75.687939354,4.80710545300008],[-75.688320092,4.80696052100005],[-75.688642479,4.80684087700007],[-75.6888198889999,4.80676402100005],[-75.688880003,4.80670824600003],[-75.688931101,4.80664042600005],[-75.688955156,4.80656204200005],[-75.688965689,4.80649119900004],[-75.689041824,4.80642486400006],[-75.689228923,4.80626308700004],[-75.6892497009999,4.80622500900006],[-75.689962162,4.80648952200005],[-75.690014947,4.80650764700005],[-75.690323489,4.80649010700006],[-75.690426139,4.80644851800001],[-75.6905322389999,4.80641689000003],[-75.6909051489999,4.80645944100008],[-75.690936603,4.80628543300003],[-75.6911034499999,4.80484600100005],[-75.691234863,4.80491808800001],[-75.691678797,4.80496671800005],[-75.691831129,4.80500086700004],[-75.6921631559999,4.80503696800002],[-75.6922491029999,4.80520838400001],[-75.6923540289999,4.80539525700003],[-75.692496594,4.80569815500008],[-75.692556697,4.80582958300004],[-75.692642076,4.80611414400004],[-75.692666758,4.80616686700006],[-75.692608384,4.80668101400004],[-75.6920864149999,4.80662928900004],[-75.692072455,4.80694411900003],[-75.692021606,4.80695079300005],[-75.6919933,4.80753205800005],[-75.692419171,4.80757575800004],[-75.692225904,4.80925495500004],[-75.691587736,4.80907300100006],[-75.690621521,4.80880402400004],[-75.689865706,4.80858251600006],[-75.6893483219999,4.80839560300006],[-75.688873464,4.80840585700001],[-75.6880683039999,4.80839097500007]]]},"properties":{"FID":373,"ID_BAR":150,"CODCOM":"06","COMUNA":"Universidad","CODBAR":"010623","NOMBRE":"San Jose Sur","NOM_POPULA":"San Jose Sur","NORMA":"Sin"}},{"type":"Feature","id":374,"geometry":{"type":"Polygon","coordinates":[[[-75.713050316,4.80916547300006],[-75.712960064,4.80909012400001],[-75.7117955579999,4.80860219600003],[-75.711696785,4.80852695200002],[-75.71099464,4.80782116900002],[-75.711408089,4.80759427200008],[-75.7117097679999,4.80743001900003],[-75.7117812119999,4.80760212200006],[-75.711819347,4.80769202400006],[-75.71191569,4.80774148000007],[-75.712244232,4.80781704700007],[-75.7127157749999,4.80792324200006],[-75.713114428,4.80801558800004],[-75.713478993,4.80810265300006],[-75.713329076,4.80874916000005],[-75.713050316,4.80916547300006]]]},"properties":{"FID":374,"ID_BAR":151,"CODCOM":"08","COMUNA":"El Jardin","CODBAR":"010816","NOMBRE":"Los Cedros","NOM_POPULA":"Los Cedros","NORMA":"Sin"}},{"type":"Feature","id":375,"geometry":{"type":"Polygon","coordinates":[[[-75.728187284,4.82567749000003],[-75.728216125,4.82563598300004],[-75.728260531,4.82560048200001],[-75.72830726,4.82550053100004],[-75.728320853,4.82537133200002],[-75.728346876,4.82523819300008],[-75.728478367,4.82504758200002],[-75.728520905,4.82500178300005],[-75.728555451,4.82491794100001],[-75.7285979549999,4.82486564200002],[-75.7286028839999,4.82484704400002],[-75.7286097159999,4.82483413300002],[-75.728626724,4.82481587000006],[-75.7286539099999,4.82474389600003],[-75.728690251,4.82469965200004],[-75.728745467,4.82466914900004],[-75.7288026909999,4.82462810100002],[-75.728838609,4.82459616800003],[-75.728866887,4.82458569400006],[-75.7288949519999,4.82456866700005],[-75.7289179479999,4.82454770300006],[-75.728978234,4.82452020200002],[-75.729030528,4.82446942300004],[-75.729094865,4.82441615300007],[-75.729151983,4.82437590100005],[-75.729221319,4.82433312300003],[-75.72929608,4.82429684400005],[-75.729376685,4.82426754200004],[-75.729459123,4.82420667700007],[-75.7296250529999,4.82415061700004],[-75.7297345699999,4.82414116700005],[-75.729840354,4.82414212000003],[-75.729923954,4.82414990900002],[-75.729976846,4.82415808600006],[-75.730099287,4.82419685400003],[-75.7301531649999,4.82420317700008],[-75.7305170719999,4.82429367600001],[-75.7307830129999,4.82438816800004],[-75.7308085079999,4.82440148600004],[-75.7308440039999,4.82442891500004],[-75.730870908,4.82446045900001],[-75.730949014,4.82447054400006],[-75.7309365839999,4.82461982500006],[-75.7309139769999,4.82466505800005],[-75.730902004,4.82469799800002],[-75.730894362,4.82471522000003],[-75.730891792,4.8247261],[-75.730886298,4.82474116600002],[-75.7308701699999,4.82481670800006],[-75.730804989,4.82492171000005],[-75.730771325,4.82506205400008],[-75.730692128,4.82512597500005],[-75.730670225,4.82513969900004],[-75.730572434,4.82518618700003],[-75.7305300359999,4.82519966200004],[-75.730495456,4.82522776300003],[-75.7304636919999,4.82528096300006],[-75.7304456629999,4.82529685800006],[-75.730315897,4.82532649700004],[-75.7302782529999,4.82530413600005],[-75.730245256,4.82528454900006],[-75.730228424,4.82528068100004],[-75.730205746,4.82528064600006],[-75.7301806019999,4.82528767600007],[-75.7301656019999,4.82529618900003],[-75.730152044,4.82530652100005],[-75.730143627,4.82531918600005],[-75.730139648,4.82533232700006],[-75.730142184,4.82541168200004],[-75.730132888,4.82544700700002],[-75.730100984,4.82547548000003],[-75.730080806,4.82547839300002],[-75.730057035,4.82548660600003],[-75.730046718,4.82549248800007],[-75.7300290759999,4.82550467500004],[-75.730013229,4.82554397400001],[-75.730020977,4.82562516700007],[-75.7300166809999,4.82571164200004],[-75.7300334079999,4.82574793800006],[-75.7300563329999,4.82576385100003],[-75.730071475,4.82577266500003],[-75.730100668,4.82578638800003],[-75.730135531,4.82579786900003],[-75.730167576,4.82583172700004],[-75.730185535,4.82584663400007],[-75.7301941979999,4.82585382300006],[-75.730236632,4.82588291200006],[-75.730255085,4.82589269700002],[-75.7302890669999,4.82592378200007],[-75.7303158999999,4.82597274200003],[-75.730311217,4.82600997400004],[-75.7302926949999,4.82604602300006],[-75.7302626219999,4.82607223400004],[-75.730227372,4.82607785100003],[-75.730188389,4.82607449500006],[-75.73014828,4.82605962300005],[-75.730089225,4.82607163400007],[-75.730006823,4.82614832400002],[-75.72999478,4.82616422000006],[-75.729988582,4.82617902100003],[-75.7299824899999,4.82620238800005],[-75.729989111,4.82630357500006],[-75.730066549,4.82647309800006],[-75.730102609,4.82657393100004],[-75.730115287,4.82659389000002],[-75.730127894,4.82661376000004],[-75.730132366,4.82667745000004],[-75.7300934199999,4.82695598400006],[-75.7301188809999,4.82705196100005],[-75.729980241,4.82714899700005],[-75.729869139,4.82721867600003],[-75.7298398409999,4.82723640900001],[-75.729656232,4.82733192700005],[-75.7295867889999,4.82737965100005],[-75.7295065,4.82743486400006],[-75.7294436769999,4.82750175200005],[-75.7293365899999,4.82766609900006],[-75.729319511,4.82768190700005],[-75.7292791199999,4.82769114500007],[-75.729266829,4.82766968500004],[-75.7291885129999,4.82769768000003],[-75.729095335,4.82776790500002],[-75.7289905709999,4.82782536100006],[-75.728976169,4.82783963200007],[-75.7289641959999,4.82785150100005],[-75.728944687,4.82791143000004],[-75.728928805,4.82796031900005],[-75.72886799,4.82803573700005],[-75.728810449,4.82807653700007],[-75.728773861,4.82813425700006],[-75.728672901,4.82820771600007],[-75.72858328,4.82829475500005],[-75.7284687969999,4.82842278900006],[-75.728443161,4.82847125500007],[-75.728441576,4.82851032300004],[-75.7284157299999,4.82861741000004],[-75.728422033,4.82873519900004],[-75.727512718,4.82827234300004],[-75.727483912,4.82818989700006],[-75.727453522,4.82810801400007],[-75.727423484,4.82806016700004],[-75.7273888679999,4.82801551700005],[-75.727350026,4.82797454000008],[-75.727336221,4.82796141700004],[-75.7272512489999,4.82791198100006],[-75.727163916,4.82788216700005],[-75.727076266,4.82786063700007],[-75.726799832,4.82779177100003],[-75.726790675,4.82774850000003],[-75.7267870479999,4.82769173300004],[-75.726790218,4.82765072100007],[-75.726776273,4.82755038100004],[-75.72678659,4.82750226900004],[-75.726790006,4.82746198100005],[-75.726789443,4.82743063100002],[-75.726772786,4.82738488600006],[-75.726761623,4.82733352400003],[-75.7267579959999,4.82729205300006],[-75.726790922,4.82709693800006],[-75.726791239,4.82705015000004],[-75.726838849,4.82702060200005],[-75.7269012139999,4.82699545000002],[-75.726954705,4.82698388200004],[-75.727183811,4.82696553100003],[-75.7273373469999,4.82691874300002],[-75.727510603,4.82673899300004],[-75.727555677,4.82667571000007],[-75.727589871,4.82660836300005],[-75.7276117389999,4.82654456700004],[-75.7276355079999,4.82638836200004],[-75.727652904,4.82635049400005],[-75.727686464,4.82631674100004],[-75.727730588,4.82629480500003],[-75.7277950659999,4.82624068700005],[-75.727865284,4.82618863700004],[-75.727922049,4.82615119200005],[-75.7279453259999,4.82612035400007],[-75.727953038,4.82609539700008],[-75.727962194,4.82606577700005],[-75.727983604,4.82601921900003],[-75.7280087469999,4.82597829700006],[-75.728077415,4.82590309000004],[-75.728187284,4.82567749000003]]]},"properties":{"FID":375,"ID_BAR":1,"CODCOM":"18","COMUNA":"Del Cafe","CODBAR":"011810","NOMBRE":"Malaga *1","NOM_POPULA":"Malaga *1","NORMA":"Sin"}},{"type":"Feature","id":376,"geometry":{"type":"Polygon","coordinates":[[[-75.7325149919999,4.82487336300005],[-75.732933996,4.82512727000005],[-75.733589921,4.82507937900005],[-75.734246351,4.82419836500002],[-75.7343312419999,4.82406582700003],[-75.7344469,4.82402641300007],[-75.7352434539999,4.82419834500007],[-75.735593436,4.82430165000005],[-75.7358439239999,4.82500746400006],[-75.7355219569999,4.82555779300003],[-75.734794521,4.82637133600001],[-75.7345103709999,4.82643886300003],[-75.7345555319999,4.82663482900004],[-75.7345100699999,4.82669380300007],[-75.734494119,4.82671111300005],[-75.734460031,4.82673227200008],[-75.734421401,4.82674053900007],[-75.734393546,4.82673826100005],[-75.734336146,4.82672089900006],[-75.7341756719999,4.82663230800005],[-75.73415162,4.82662222200003],[-75.734113553,4.82661450400007],[-75.734072071,4.82661634200003],[-75.7340255519999,4.82663177900003],[-75.73397023,4.82666215900002],[-75.733920156,4.82670758600005],[-75.7338863849999,4.82675550500005],[-75.733871279,4.82680112600002],[-75.73385818,4.82686806700001],[-75.7338561019999,4.82695413500006],[-75.7334882489999,4.82674378100006],[-75.732145466,4.82500483600007],[-75.732227798,4.82499482100007],[-75.7323085799999,4.82499264800003],[-75.732370804,4.82499607400007],[-75.7324064759999,4.82497653900003],[-75.7325149919999,4.82487336300005]]]},"properties":{"FID":376,"ID_BAR":2,"CODCOM":"18","COMUNA":"Del Cafe","CODBAR":"011803","NOMBRE":"Altos de Llano Grande II *2","NOM_POPULA":"Altos de Llano Grande II *2","NORMA":"Sin"}},{"type":"Feature","id":377,"geometry":{"type":"Polygon","coordinates":[[[-75.7354547149999,4.82638753600002],[-75.735967508,4.82599271800006],[-75.7365160809999,4.82564575000003],[-75.737875763,4.82751192700004],[-75.7360631,4.82898351800002],[-75.735311731,4.82850503500003],[-75.7348346909999,4.82851702800002],[-75.734321831,4.82783515400006],[-75.734858472,4.82733266700007],[-75.734858443,4.82685413800004],[-75.7354547149999,4.82638753600002]]]},"properties":{"FID":377,"ID_BAR":3,"CODCOM":"18","COMUNA":"Del Cafe","CODBAR":"011802","NOMBRE":"Mirador de Llano Grande","NOM_POPULA":"Mirador de Llano Grande","NORMA":"Sin"}},{"type":"Feature","id":378,"geometry":{"type":"Polygon","coordinates":[[[-75.728187284,4.82567749000003],[-75.728077415,4.82590309000004],[-75.7280087469999,4.82597829700006],[-75.727983604,4.82601921900003],[-75.727962194,4.82606577700005],[-75.727953038,4.82609539700008],[-75.7265414619999,4.82585630400004],[-75.72630158,4.82567148600003],[-75.725840622,4.82531884100006],[-75.725627785,4.82515636500005],[-75.7252754639999,4.82490494200004],[-75.72486011,4.82459949000002],[-75.726443424,4.82486043400007],[-75.726356656,4.82536105400004],[-75.728187284,4.82567749000003]]]},"properties":{"FID":378,"ID_BAR":4,"CODCOM":"18","COMUNA":"Del Cafe","CODBAR":"011804","NOMBRE":"Altos de Los Angeles","NOM_POPULA":"Altos de Los Angeles","NORMA":"63"}},{"type":"Feature","id":379,"geometry":{"type":"Polygon","coordinates":[[[-75.728478367,4.82504758200002],[-75.728346876,4.82523819300008],[-75.728320853,4.82537133200002],[-75.72830726,4.82550053100004],[-75.728260531,4.82560048200001],[-75.728216125,4.82563598300004],[-75.728187284,4.82567749000003],[-75.726356656,4.82536105400004],[-75.726443424,4.82486043400007],[-75.72692477,4.82208309400004],[-75.726964949,4.82185124200003],[-75.728720105,4.82214416700002],[-75.728456002,4.82367082500002],[-75.728581119,4.82389163800002],[-75.7286543649999,4.82390228900005],[-75.728478367,4.82504758200002]]]},"properties":{"FID":379,"ID_BAR":5,"CODCOM":"18","COMUNA":"Del Cafe","CODBAR":"011811","NOMBRE":"Nuevo Horizonte","NOM_POPULA":"Nuevo Horizonte","NORMA":"78"}},{"type":"Feature","id":380,"geometry":{"type":"Polygon","coordinates":[[[-75.730949014,4.82447054400006],[-75.730870908,4.82446045900001],[-75.7308440039999,4.82442891500004],[-75.7308085079999,4.82440148600004],[-75.7307830129999,4.82438816800004],[-75.7305170719999,4.82429367600001],[-75.7301531649999,4.82420317700008],[-75.730099287,4.82419685400003],[-75.729976846,4.82415808600006],[-75.729923954,4.82414990900002],[-75.729840354,4.82414212000003],[-75.7297345699999,4.82414116700005],[-75.7296250529999,4.82415061700004],[-75.729459123,4.82420667700007],[-75.729376685,4.82426754200004],[-75.72929608,4.82429684400005],[-75.729221319,4.82433312300003],[-75.729151983,4.82437590100005],[-75.729094865,4.82441615300007],[-75.729030528,4.82446942300004],[-75.728978234,4.82452020200002],[-75.7289179479999,4.82454770300006],[-75.7288949519999,4.82456866700005],[-75.728866887,4.82458569400006],[-75.728838609,4.82459616800003],[-75.7288026909999,4.82462810100002],[-75.728745467,4.82466914900004],[-75.728690251,4.82469965200004],[-75.7286539099999,4.82474389600003],[-75.728626724,4.82481587000006],[-75.7286097159999,4.82483413300002],[-75.7286028839999,4.82484704400002],[-75.7285979549999,4.82486564200002],[-75.728555451,4.82491794100001],[-75.728520905,4.82500178300005],[-75.728478367,4.82504758200002],[-75.7286543649999,4.82390228900005],[-75.728581119,4.82389163800002],[-75.728456002,4.82367082500002],[-75.728720105,4.82214416700002],[-75.726964949,4.82185124200003],[-75.727063479,4.82127628200005],[-75.728203614,4.82147605800002],[-75.728817823,4.82157939800004],[-75.7302773179999,4.82183206900003],[-75.730976853,4.82195315700005],[-75.731695896,4.82207765300006],[-75.731762698,4.82209372600005],[-75.731839254,4.82211213000006],[-75.731991979,4.82218079900003],[-75.732483961,4.82235531600005],[-75.732951644,4.82252123100005],[-75.7324217459999,4.82334505800002],[-75.732988212,4.82409806600002],[-75.732979937,4.82410864600006],[-75.732966661,4.82411892500003],[-75.7329543709999,4.82412431200005],[-75.732940004,4.82412696100004],[-75.732876018,4.82409575300004],[-75.732857671,4.82409275100002],[-75.732840416,4.82409261000004],[-75.732822492,4.82409517100006],[-75.732802807,4.82410144100004],[-75.732787102,4.82410944200006],[-75.732775375,4.82411760200006],[-75.7327413239999,4.82421827700005],[-75.732803056,4.82427666800002],[-75.732807211,4.82428687700002],[-75.7328100989999,4.82429962900004],[-75.7328097109999,4.82432248400004],[-75.732804711,4.82433931600001],[-75.7326089539999,4.82435392500002],[-75.7325764509999,4.82432824400008],[-75.732546025,4.82431337300003],[-75.732510036,4.82430406500003],[-75.732475139,4.82430240500001],[-75.732438304,4.82430825100004],[-75.732425381,4.82431227900002],[-75.732371467,4.82434398300006],[-75.732365094,4.82436685600003],[-75.7323626639999,4.82439239600007],[-75.7323658339999,4.82442231600005],[-75.732373793,4.82444736000002],[-75.732364144,4.82447701500007],[-75.732244591,4.82442507100007],[-75.7321836689999,4.82441184300006],[-75.732121515,4.82439215000005],[-75.7320711579999,4.82437118600007],[-75.732008723,4.82436163100004],[-75.7319718539999,4.82434702400008],[-75.731905016,4.82432720800006],[-75.731843426,4.82431595800005],[-75.731753593,4.82427464600004],[-75.73172183,4.82425963300006],[-75.731648583,4.82422793000007],[-75.731618792,4.82420334400008],[-75.731573894,4.82419744600002],[-75.7315362849999,4.82419571500002],[-75.731488111,4.82419774700002],[-75.7314466289999,4.82420334600003],[-75.731424091,4.82420793800003],[-75.731387786,4.82426198500001],[-75.7313301739999,4.82431198700005],[-75.731282107,4.82433339400007],[-75.731200304,4.82432708900007],[-75.7311825199999,4.82433270600006],[-75.7311613209999,4.82434413400006],[-75.731147553,4.82435520800004],[-75.731136742,4.82436690000002],[-75.73112403,4.82436831300003],[-75.731105542,4.82436653000002],[-75.731088744,4.82436068300007],[-75.7310791309999,4.82435512000006],[-75.731054762,4.82436877300005],[-75.731011273,4.82443633100007],[-75.730949014,4.82447054400006]]]},"properties":{"FID":380,"ID_BAR":6,"CODCOM":"18","COMUNA":"Del Cafe","CODBAR":"011807","NOMBRE":"Ciudad Boquia *1","NOM_POPULA":"Ciudad Boquia *1","NORMA":"Sin"}},{"type":"Feature","id":381,"geometry":{"type":"Polygon","coordinates":[[[-75.726443424,4.82486043400007],[-75.72486011,4.82459949000002],[-75.7247968299999,4.82453959700005],[-75.7245595539999,4.82435567900007],[-75.7243374569999,4.82418995400008],[-75.724270093,4.82410376200005],[-75.724183958,4.82396366400008],[-75.7240328189999,4.82371402400002],[-75.723886257,4.82354243500004],[-75.7238002989999,4.82336309100003],[-75.7237199749999,4.82324856900004],[-75.723647821,4.82318434900004],[-75.723580316,4.82313766700003],[-75.723532706,4.82311320400004],[-75.723489709,4.82309342300004],[-75.723435126,4.82307826800006],[-75.7233793469999,4.82307012600005],[-75.72332575,4.82307364000007],[-75.7232645829999,4.82308040500004],[-75.723192851,4.82309838500003],[-75.723120133,4.82311800700006],[-75.7230606209999,4.82312943400006],[-75.722995403,4.82312943400006],[-75.722923672,4.82311636300005],[-75.722846024,4.82308674300003],[-75.7227767219999,4.82303115900004],[-75.72273598,4.82296579200003],[-75.722693266,4.82284763100007],[-75.722613929,4.82254383800006],[-75.7227806,4.82246907600008],[-75.72301298,4.82237334700005],[-75.723112601,4.82232839700003],[-75.723239021,4.82224646200006],[-75.7233447359999,4.82215031000002],[-75.723467388,4.82204322400002],[-75.725159156,4.82234212900005],[-75.7252471579999,4.82178947600005],[-75.72692477,4.82208309400004],[-75.726443424,4.82486043400007]]]},"properties":{"FID":381,"ID_BAR":7,"CODCOM":"18","COMUNA":"Del Cafe","CODBAR":"011814","NOMBRE":"Sector B","NOM_POPULA":"Sector B","NORMA":"Sin"}},{"type":"Feature","id":382,"geometry":{"type":"Polygon","coordinates":[[[-75.7331980119999,4.82328114800001],[-75.7332794,4.82323956900006],[-75.733315451,4.82322551100002],[-75.73336299,4.82321378200003],[-75.733441166,4.82317372400008],[-75.733494305,4.82313179300007],[-75.733576671,4.82309514300005],[-75.733735135,4.82301456600004],[-75.733841834,4.82295223500005],[-75.734146752,4.82268010900003],[-75.7342037989999,4.82264098600005],[-75.734251408,4.82259992100005],[-75.7342921159999,4.82255680700006],[-75.734313949,4.82253079000002],[-75.734329337,4.82249905000004],[-75.734400998,4.82237126500007],[-75.734471425,4.82232512800004],[-75.7344870949999,4.82228485800003],[-75.7344832209999,4.82222464700003],[-75.735169933,4.82216515200002],[-75.735446828,4.82229313000005],[-75.7353312939999,4.82251792000006],[-75.7352832569999,4.82257896400005],[-75.73505669,4.82299769100007],[-75.7345200709999,4.82381122200007],[-75.7344900969999,4.82402178500007],[-75.7344469,4.82402641300007],[-75.7343312419999,4.82406582700003],[-75.733756821,4.82399071600001],[-75.733549942,4.82399072800006],[-75.7335467469999,4.82396811900003],[-75.733498396,4.82381269200004],[-75.7331980119999,4.82328114800001]]]},"properties":{"FID":382,"ID_BAR":8,"CODCOM":"18","COMUNA":"Del Cafe","CODBAR":"011808","NOMBRE":"Ciudadela Comfamiliar Boquia","NOM_POPULA":"Ciudadela Comfamiliar Boquia","NORMA":"10"}},{"type":"Feature","id":383,"geometry":{"type":"Polygon","coordinates":[[[-75.707906545,4.82190872200004],[-75.7074955539999,4.82204087700006],[-75.707203517,4.82221740300002],[-75.706825797,4.82254863100007],[-75.7066690889999,4.82268404300004],[-75.706520693,4.82275839600003],[-75.7062778549999,4.82275164200006],[-75.70598107,4.82267049300004],[-75.705441488,4.82240006700004],[-75.705096284,4.82231812100002],[-75.70463086,4.82218290100007],[-75.7042733649999,4.82210851300004],[-75.703598873,4.82199358000001],[-75.703139154,4.82187971300004],[-75.702670381,4.82183729000007],[-75.702398526,4.82185015500005],[-75.701980104,4.82196766500004],[-75.7018508149999,4.82149238700004],[-75.7019107149999,4.82147386100006],[-75.701974771,4.82145496500004],[-75.702108164,4.82142416700002],[-75.702204792,4.82140882200002],[-75.7022786369999,4.82140091200005],[-75.702483725,4.82140976800001],[-75.702598031,4.82142045700003],[-75.7035803649999,4.82157616700004],[-75.704343561,4.82169202100004],[-75.7045288579999,4.82173017800004],[-75.7054685799999,4.82200455600002],[-75.705788114,4.82208613100006],[-75.705974009,4.82210401000002],[-75.706208784,4.82210859200007],[-75.706391654,4.82205965500004],[-75.70779084,4.82156260900005],[-75.707906545,4.82190872200004]]]},"properties":{"FID":383,"ID_BAR":9,"CODCOM":"02","COMUNA":"Rio Otun","CODBAR":"010225","NOMBRE":"Risaralda","NOM_POPULA":"Risaralda","NORMA":"Sin"}},{"type":"Feature","id":384,"geometry":{"type":"Polygon","coordinates":[[[-75.732483961,4.82235531600005],[-75.731991979,4.82218079900003],[-75.731839254,4.82211213000006],[-75.731762698,4.82209372600005],[-75.73185168,4.82158607600007],[-75.7325438189999,4.82164227200008],[-75.732483961,4.82235531600005]]]},"properties":{"FID":384,"ID_BAR":10,"CODCOM":"18","COMUNA":"Del Cafe","CODBAR":"011809","NOMBRE":"Horizontes","NOM_POPULA":"Horizontes","NORMA":"Sin"}},{"type":"Feature","id":385,"geometry":{"type":"Polygon","coordinates":[[[-75.723467388,4.82204322400002],[-75.723543416,4.82192458600002],[-75.7236990649999,4.82164713000004],[-75.723821154,4.82141510200005],[-75.7239845139999,4.82121850300007],[-75.724431102,4.82120796100002],[-75.724858922,4.82120796200007],[-75.725352344,4.82120038600003],[-75.7252471579999,4.82178947600005],[-75.725159156,4.82234212900005],[-75.723467388,4.82204322400002]]]},"properties":{"FID":385,"ID_BAR":11,"CODCOM":"18","COMUNA":"Del Cafe","CODBAR":"011806","NOMBRE":"Carlos Enrique Soto","NOM_POPULA":"Carlos Enrique Soto","NORMA":"Sin"}},{"type":"Feature","id":386,"geometry":{"type":"Polygon","coordinates":[[[-75.70779084,4.82156260900005],[-75.707992901,4.82150492900007],[-75.708159853,4.82150256700004],[-75.7083536009999,4.82154217100002],[-75.70884318,4.82175941200006],[-75.7089360049999,4.82178529000004],[-75.709005378,4.82178410800002],[-75.709079398,4.82177496100006],[-75.709148771,4.82175871400006],[-75.709287552,4.82168874000007],[-75.710029709,4.82112187000007],[-75.710160534,4.82099242600002],[-75.710521779,4.82026261100004],[-75.710557031,4.82017184600005],[-75.710948821,4.82033796800005],[-75.710709633,4.82086489900006],[-75.7105418679999,4.82106354300003],[-75.7102172889999,4.82141715200003],[-75.7094873149999,4.82202024700007],[-75.7092845829999,4.82214931900006],[-75.708945748,4.82222345600007],[-75.7087433729999,4.82215584000004],[-75.708608928,4.82199864100005],[-75.7083854259999,4.82187120300005],[-75.708041452,4.82186532900004],[-75.707906545,4.82190872200004],[-75.70779084,4.82156260900005]]]},"properties":{"FID":386,"ID_BAR":12,"CODCOM":"02","COMUNA":"Rio Otun","CODBAR":"010227","NOMBRE":"Jaime Salazar Robledo","NOM_POPULA":"Jaime Salazar Robledo","NORMA":"Sin"}},{"type":"Feature","id":387,"geometry":{"type":"Polygon","coordinates":[[[-75.70103352,4.82162485800007],[-75.701283049,4.82163514700005],[-75.7014537329999,4.82161240500005],[-75.7018508149999,4.82149238700004],[-75.701980104,4.82196766500004],[-75.701805405,4.82201670800003],[-75.701626091,4.82206053900006],[-75.701464175,4.82208080900005],[-75.7001533179999,4.82211442300008],[-75.6997891029999,4.82192510500004],[-75.699490709,4.82161951800004],[-75.6992883719999,4.82148430500006],[-75.6989848649999,4.82134234100005],[-75.6985801559999,4.82111923200007],[-75.698317107,4.82108541600006],[-75.6980945169999,4.82105836500005],[-75.697939364,4.82104484700006],[-75.697162119,4.82090980300005],[-75.696862203,4.82081217100005],[-75.696870672,4.82041588300005],[-75.696924554,4.82032554200005],[-75.6975397409999,4.82046156900002],[-75.6977915209999,4.82053256400007],[-75.698910368,4.82095413800004],[-75.699165491,4.82107033100005],[-75.699421705,4.82120053100005],[-75.6995506219999,4.82126307700002],[-75.699682955,4.82134077900001],[-75.6997569379999,4.82139094400002],[-75.700011322,4.82151119700005],[-75.7002316909999,4.82156940400006],[-75.70103352,4.82162485800007]]]},"properties":{"FID":387,"ID_BAR":13,"CODCOM":"02","COMUNA":"Rio Otun","CODBAR":"010233","NOMBRE":"San Juan de Dios","NOM_POPULA":"San Juan de Dios","NORMA":"Sin"}},{"type":"Feature","id":388,"geometry":{"type":"Polygon","coordinates":[[[-75.7035803649999,4.82157616700004],[-75.7036497939999,4.82090426100006],[-75.7037387399999,4.82004345700006],[-75.703772721,4.82004753900002],[-75.705190866,4.82021786700006],[-75.7054229619999,4.82024201800004],[-75.707117081,4.82041819700002],[-75.7089349789999,4.82063651700003],[-75.709149609,4.82065800000004],[-75.70924902,4.82062638800005],[-75.709969481,4.82018211100005],[-75.710344902,4.82008755700001],[-75.710557031,4.82017184600005],[-75.710521779,4.82026261100004],[-75.710160534,4.82099242600002],[-75.710029709,4.82112187000007],[-75.709287552,4.82168874000007],[-75.709148771,4.82175871400006],[-75.709079398,4.82177496100006],[-75.709005378,4.82178410800002],[-75.7089360049999,4.82178529000004],[-75.70884318,4.82175941200006],[-75.7083536009999,4.82154217100002],[-75.708159853,4.82150256700004],[-75.707992901,4.82150492900007],[-75.70779084,4.82156260900005],[-75.706391654,4.82205965500004],[-75.706208784,4.82210859200007],[-75.705974009,4.82210401000002],[-75.705788114,4.82208613100006],[-75.7054685799999,4.82200455600002],[-75.7045288579999,4.82173017800004],[-75.704343561,4.82169202100004],[-75.7035803649999,4.82157616700004]]]},"properties":{"FID":388,"ID_BAR":14,"CODCOM":"02","COMUNA":"Rio Otun","CODBAR":"010214","NOMBRE":"Jose Antonio Galan","NOM_POPULA":"Jose Antonio Galan","NORMA":"31"}},{"type":"Feature","id":389,"geometry":{"type":"Polygon","coordinates":[[[-75.726964949,4.82185124200003],[-75.72692477,4.82208309400004],[-75.7252471579999,4.82178947600005],[-75.725352344,4.82120038600003],[-75.726091388,4.82120296500005],[-75.7266533379999,4.82121582400003],[-75.727063479,4.82127628200005],[-75.726964949,4.82185124200003]]]},"properties":{"FID":389,"ID_BAR":15,"CODCOM":"18","COMUNA":"Del Cafe","CODBAR":"011805","NOMBRE":"Antonio Ricaurte","NOM_POPULA":"Sector B","NORMA":"74"}},{"type":"Feature","id":390,"geometry":{"type":"Polygon","coordinates":[[[-75.730976853,4.82195315700005],[-75.7302773179999,4.82183206900003],[-75.7300732479999,4.82117759400006],[-75.731080133,4.82132579200004],[-75.730976853,4.82195315700005]]]},"properties":{"FID":390,"ID_BAR":16,"CODCOM":"18","COMUNA":"Del Cafe","CODBAR":"011813","NOMBRE":"Rincon Del Cafe","NOM_POPULA":"Rincon Del Cafe","NORMA":"Sin"}},{"type":"Feature","id":391,"geometry":{"type":"Polygon","coordinates":[[[-75.70103352,4.82162485800007],[-75.701127501,4.82083950900005],[-75.701157195,4.82060449600004],[-75.7019999409999,4.82069843700002],[-75.7019107149999,4.82147386100006],[-75.7018508149999,4.82149238700004],[-75.7014537329999,4.82161240500005],[-75.701283049,4.82163514700005],[-75.70103352,4.82162485800007]]]},"properties":{"FID":391,"ID_BAR":17,"CODCOM":"02","COMUNA":"Rio Otun","CODBAR":"010222","NOMBRE":"Nuevo Penol","NOM_POPULA":"Nuevo Penol","NORMA":"73"}},{"type":"Feature","id":392,"geometry":{"type":"Polygon","coordinates":[[[-75.699421705,4.82120053100005],[-75.6994816009999,4.82039765900004],[-75.7003116339999,4.82050204000006],[-75.701157195,4.82060449600004],[-75.701127501,4.82083950900005],[-75.70103352,4.82162485800007],[-75.7002316909999,4.82156940400006],[-75.700011322,4.82151119700005],[-75.6997569379999,4.82139094400002],[-75.699682955,4.82134077900001],[-75.6995506219999,4.82126307700002],[-75.699421705,4.82120053100005]]]},"properties":{"FID":392,"ID_BAR":18,"CODCOM":"02","COMUNA":"Rio Otun","CODBAR":"010210","NOMBRE":"Enrique Millan Rubio","NOM_POPULA":"Enrique Millan Rubio","NORMA":"Sin"}},{"type":"Feature","id":393,"geometry":{"type":"Polygon","coordinates":[[[-75.7019107149999,4.82147386100006],[-75.7019999409999,4.82069843700002],[-75.702550338,4.82076437200004],[-75.7036497939999,4.82090426100006],[-75.7035803649999,4.82157616700004],[-75.702598031,4.82142045700003],[-75.702483725,4.82140976800001],[-75.7022786369999,4.82140091200005],[-75.702204792,4.82140882200002],[-75.702108164,4.82142416700002],[-75.701974771,4.82145496500004],[-75.7019107149999,4.82147386100006]]]},"properties":{"FID":393,"ID_BAR":19,"CODCOM":"02","COMUNA":"Rio Otun","CODBAR":"010218","NOMBRE":"La Sirena","NOM_POPULA":"La Sirena","NORMA":"Sin"}},{"type":"Feature","id":394,"geometry":{"type":"Polygon","coordinates":[[[-75.7333323,4.82122416300005],[-75.733494734,4.82031216900004],[-75.733782047,4.82036215100004],[-75.733911488,4.81963202700006],[-75.734108055,4.81973640800003],[-75.734348745,4.81980187900006],[-75.734871642,4.81989135000004],[-75.735645128,4.82024382700005],[-75.7355692469999,4.82063356400004],[-75.734448558,4.82113548600004],[-75.7333323,4.82122416300005]]]},"properties":{"FID":394,"ID_BAR":20,"CODCOM":"18","COMUNA":"Del Cafe","CODBAR":"011801","NOMBRE":"Alamos Del Cafe","NOM_POPULA":"Alamos Del Cafe","NORMA":"22"}},{"type":"Feature","id":395,"geometry":{"type":"Polygon","coordinates":[[[-75.7333323,4.82122416300005],[-75.73195848,4.82097700900003],[-75.73211736,4.82000295100005],[-75.7322305329999,4.81932443600003],[-75.732313532,4.81926221200006],[-75.732360156,4.81925972000004],[-75.733602622,4.81947803300005],[-75.733911488,4.81963202700006],[-75.733782047,4.82036215100004],[-75.733494734,4.82031216900004],[-75.7333323,4.82122416300005]]]},"properties":{"FID":395,"ID_BAR":21,"CODCOM":"18","COMUNA":"Del Cafe","CODBAR":"011815","NOMBRE":"Villa Del Cafe","NOM_POPULA":"Villa Del Cafe","NORMA":"71"}},{"type":"Feature","id":396,"geometry":{"type":"Polygon","coordinates":[[[-75.6994816009999,4.82039765900004],[-75.699421705,4.82120053100005],[-75.699165491,4.82107033100005],[-75.698910368,4.82095413800004],[-75.6977915209999,4.82053256400007],[-75.6975397409999,4.82046156900002],[-75.696924554,4.82032554200005],[-75.695286824,4.81995419000003],[-75.6954875169999,4.81825109600003],[-75.694640268,4.81815696900002],[-75.6947265809999,4.81733712600002],[-75.6964117109999,4.81752313400006],[-75.699755561,4.81789222200006],[-75.699727808,4.81801507900006],[-75.699656825,4.81867541600007],[-75.6995830509999,4.81955932200003],[-75.6994816009999,4.82039765900004]]]},"properties":{"FID":396,"ID_BAR":22,"CODCOM":"02","COMUNA":"Rio Otun","CODBAR":"010231","NOMBRE":"San Jorge","NOM_POPULA":"San Jorge","NORMA":"Sin"}},{"type":"Feature","id":397,"geometry":{"type":"Polygon","coordinates":[[[-75.73211736,4.82000295100005],[-75.73195848,4.82097700900003],[-75.727922425,4.82028016400004],[-75.72864414,4.81957690300004],[-75.72868763,4.81954426300006],[-75.7287549589999,4.81950383400004],[-75.728823028,4.81947331400005],[-75.7289136699999,4.81946570100007],[-75.729113018,4.81948691200006],[-75.73211736,4.82000295100005]]]},"properties":{"FID":397,"ID_BAR":23,"CODCOM":"18","COMUNA":"Del Cafe","CODBAR":"011812","NOMBRE":"Paz Verde","NOM_POPULA":"Paz Verde","NORMA":"56"}},{"type":"Feature","id":398,"geometry":{"type":"Polygon","coordinates":[[[-75.6935521879999,4.82030726500005],[-75.6935323399999,4.82075754600003],[-75.69324421,4.82087874800004],[-75.6929030859999,4.82094304000002],[-75.692556119,4.82095178300006],[-75.692308283,4.82090500100003],[-75.6921391829999,4.82092546200004],[-75.691908038,4.82089616700006],[-75.691736019,4.82082893600004],[-75.691584427,4.82070617500005],[-75.691476541,4.82050741500006],[-75.691400492,4.82024378400006],[-75.691295287,4.81994187800006],[-75.691087115,4.81965209900004],[-75.691029649,4.81958748700003],[-75.69110869,4.81921151400008],[-75.6919578759999,4.82000812700004],[-75.6921751049999,4.82015673100006],[-75.6924035339999,4.82026649600004],[-75.69256918,4.82030887700004],[-75.693095598,4.82032665300005],[-75.6935521879999,4.82030726500005]]]},"properties":{"FID":398,"ID_BAR":24,"CODCOM":"02","COMUNA":"Rio Otun","CODBAR":"010236","NOMBRE":"Zea","NOM_POPULA":"Zea","NORMA":"Sin"}},{"type":"Feature","id":399,"geometry":{"type":"Polygon","coordinates":[[[-75.7019999409999,4.82069843700002],[-75.702042003,4.82024148000004],[-75.702088781,4.81986086000006],[-75.702100297,4.81986220300007],[-75.702903143,4.81995101900004],[-75.7037387399999,4.82004345700006],[-75.7036497939999,4.82090426100006],[-75.702550338,4.82076437200004],[-75.7019999409999,4.82069843700002]]]},"properties":{"FID":399,"ID_BAR":25,"CODCOM":"02","COMUNA":"Rio Otun","CODBAR":"010208","NOMBRE":"El Progreso","NOM_POPULA":"El Progreso","NORMA":"122"}},{"type":"Feature","id":400,"geometry":{"type":"Polygon","coordinates":[[[-75.7276339489999,4.81976041700005],[-75.727634865,4.82001759700007],[-75.727293534,4.82041809000002],[-75.726955089,4.82066002800001],[-75.726583402,4.82074975100005],[-75.7249244559999,4.82075805100005],[-75.724795361,4.82078039300006],[-75.724789233,4.82074625200005],[-75.724772999,4.82071022100007],[-75.724741342,4.82067385500005],[-75.724683837,4.82061592200006],[-75.724631157,4.82057512200002],[-75.724581223,4.82054838100003],[-75.7245000899999,4.82051888500006],[-75.724397369,4.82050251100003],[-75.724316482,4.82050468400007],[-75.724987491,4.82028851700005],[-75.7258011169999,4.82029021400007],[-75.727277793,4.81996902600001],[-75.7272982869999,4.81994442200004],[-75.727298428,4.81987465700006],[-75.7276339489999,4.81976041700005]]]},"properties":{"FID":400,"ID_BAR":26,"CODCOM":"18","COMUNA":"Del Cafe","CODBAR":"011816","NOMBRE":"Villa Los Comunales","NOM_POPULA":"Villa Los Comunales","NORMA":"Sin"}},{"type":"Feature","id":401,"geometry":{"type":"Polygon","coordinates":[[[-75.7019999409999,4.82069843700002],[-75.701157195,4.82060449600004],[-75.7003116339999,4.82050204000006],[-75.700415372,4.81965875800006],[-75.701254594,4.81976379200007],[-75.702088781,4.81986086000006],[-75.702042003,4.82024148000004],[-75.7019999409999,4.82069843700002]]]},"properties":{"FID":401,"ID_BAR":27,"CODCOM":"02","COMUNA":"Rio Otun","CODBAR":"010232","NOMBRE":"San Juan","NOM_POPULA":"San Juan","NORMA":"Sin"}},{"type":"Feature","id":402,"geometry":{"type":"Polygon","coordinates":[[[-75.709969481,4.82018211100005],[-75.70924902,4.82062638800005],[-75.709149609,4.82065800000004],[-75.7089349789999,4.82063651700003],[-75.7090939449999,4.82029171800001],[-75.709334046,4.81988627000002],[-75.709403951,4.81971374600004],[-75.709994735,4.81990776400005],[-75.709969481,4.82018211100005]]]},"properties":{"FID":402,"ID_BAR":28,"CODCOM":"02","COMUNA":"Rio Otun","CODBAR":"010207","NOMBRE":"El Prado","NOM_POPULA":"El Prado","NORMA":"67"}},{"type":"Feature","id":403,"geometry":{"type":"Polygon","coordinates":[[[-75.712391695,4.80328501300005],[-75.712378526,4.80329032800005],[-75.7122730259999,4.80331298700002],[-75.7119441679999,4.80334191100007],[-75.711655944,4.80340234400007],[-75.711593756,4.80344577500005],[-75.711542907,4.80351755400004],[-75.711498636,4.80382298600006],[-75.7114636649999,4.80399431000005],[-75.711395032,4.80415485800006],[-75.711307558,4.80428167200005],[-75.71124632,4.80434931700005],[-75.711260376,4.80409365500002],[-75.7112685879999,4.80376822800002],[-75.711265656,4.80266074900005],[-75.710473495,4.80265396600004],[-75.7104727339999,4.80207563200001],[-75.70955792,4.80210406100002],[-75.709550904,4.80264608400006],[-75.708883425,4.80169013100005],[-75.7087057379999,4.80168975500004],[-75.7087440989999,4.80118198300005],[-75.708871662,4.80043185200002],[-75.707541596,4.80007136300002],[-75.7063446619999,4.80006883800008],[-75.7064297209999,4.80062820500007],[-75.706516874,4.80064053600007],[-75.706521412,4.80077911400003],[-75.7057569679999,4.80073421100008],[-75.705554197,4.80002827900005],[-75.7054588399999,4.79999646600004],[-75.705086361,4.79976228700001],[-75.7048299799999,4.79958182400003],[-75.704049789,4.79872463000002],[-75.704310516,4.79847275700006],[-75.7044875729999,4.79829695200005],[-75.704547613,4.79825482900002],[-75.704616631,4.79822021300003],[-75.704724701,4.79820216600007],[-75.7048552369999,4.79819764900002],[-75.704957284,4.79821420100006],[-75.705083346,4.79824129900004],[-75.7051778919999,4.79829095100006],[-75.7052727179999,4.79838069700002],[-75.705322297,4.79843040000004],[-75.705761396,4.79758534300004],[-75.7067447439999,4.79805398900002],[-75.706768441,4.79807688000005],[-75.7068168229999,4.79810798400006],[-75.7068694659999,4.79812564800005],[-75.706940351,4.79811470000003],[-75.707316674,4.79809556400006],[-75.7073746,4.79810812400006],[-75.707447138,4.79815002100001],[-75.707540029,4.79818137500007],[-75.7076301,4.79834019600001],[-75.707658023,4.79837619300001],[-75.7076931299999,4.79841070600002],[-75.707719362,4.79843112500003],[-75.707760562,4.79842974800004],[-75.707867682,4.79838153200008],[-75.7078924369999,4.79835949100003],[-75.7079761749999,4.79834020600003],[-75.708008923,4.79834359800002],[-75.708037023,4.79835046900006],[-75.708055827,4.79835730500001],[-75.7080807569999,4.79836947500006],[-75.708099771,4.79838153900004],[-75.708148998,4.79842136900004],[-75.708180935,4.79848956400001],[-75.7081947039999,4.79848232300003],[-75.7082108659999,4.79847658300002],[-75.708230269,4.79847301500007],[-75.7082441429999,4.79847255700002],[-75.708261891,4.79847441100003],[-75.708269602,4.79846464500002],[-75.708278864,4.79845657300006],[-75.708291048,4.79844956100003],[-75.7083033019999,4.79844546500004],[-75.7083160139999,4.79844380500003],[-75.708404082,4.79845814900007],[-75.708423696,4.79847189100006],[-75.7084400689999,4.79847955700006],[-75.708455774,4.79848430800006],[-75.708474719,4.79848713400003],[-75.708491727,4.79849683200008],[-75.708508065,4.79850866600003],[-75.7085232059999,4.79852246000006],[-75.7085389109999,4.79854065300002],[-75.708550883,4.79855859800006],[-75.708561517,4.79857970500007],[-75.708603313,4.79861838600003],[-75.708603947,4.79865786200003],[-75.70863539,4.79875687700007],[-75.708650777,4.79877549400002],[-75.708659932,4.79879003],[-75.708667678,4.79880592700004],[-75.7086746849999,4.79882611500005],[-75.7088203929999,4.79900618500005],[-75.708904022,4.79907468200003],[-75.709013042,4.79912002400005],[-75.709266118,4.79917421900007],[-75.709346226,4.79920405200005],[-75.709364502,4.79922017800002],[-75.709386158,4.79923649900006],[-75.709412954,4.79925317300007],[-75.709437603,4.79926560700005],[-75.709631872,4.79934609900005],[-75.709655324,4.79936063600006],[-75.709681416,4.79938022400005],[-75.7097116639999,4.79940860800002],[-75.7097306429999,4.79943052800008],[-75.709762089,4.79944879100003],[-75.7098796289999,4.79948201700006],[-75.7099203,4.79948519700003],[-75.709966113,4.79949247500002],[-75.7100154819999,4.79950492800004],[-75.7100550609999,4.79951854700005],[-75.710101401,4.79952186800006],[-75.710134501,4.79951854900003],[-75.7102487349999,4.79947702800005],[-75.710289195,4.79947625200002],[-75.7103267319999,4.79947234900004],[-75.710363635,4.79946546200006],[-75.7103894109999,4.79945878500007],[-75.7104082499999,4.79945769100004],[-75.7104297659999,4.79945997000004],[-75.7104463859999,4.79946447400005],[-75.7104606129999,4.79947040900003],[-75.710559912,4.79953682200005],[-75.710591638,4.79960521100002],[-75.710627061,4.79966975000002],[-75.7106677309999,4.79973331700005],[-75.710715513,4.79979750300003],[-75.710783121,4.79983551400004],[-75.7108514,4.79984259900004],[-75.71087964,4.79986748500004],[-75.710909289,4.79989917200002],[-75.7109386559999,4.79993838300003],[-75.710958445,4.79997146500005],[-75.711006546,4.80000520100004],[-75.710824734,4.80022541000006],[-75.710563357,4.80128277400005],[-75.710757207,4.80126676000003],[-75.711386363,4.80125268000005],[-75.711958231,4.80110904500004],[-75.7124140669999,4.80109405900003],[-75.712391695,4.80328501300005]]]},"properties":{"FID":403,"ID_BAR":235,"CODCOM":"19","COMUNA":"El Poblado","CODBAR":"011911","NOMBRE":"Villa Del Prado","NOM_POPULA":"Villa Del Prado","NORMA":"27"}},{"type":"Feature","id":404,"geometry":{"type":"Polygon","coordinates":[[[-75.707117081,4.82041819700002],[-75.7072015139999,4.81957369600001],[-75.706364333,4.81947149400003],[-75.706647706,4.81694434900002],[-75.710004236,4.81733945600006],[-75.711684861,4.81753111300002],[-75.711517064,4.81921662100007],[-75.711334333,4.81938587400003],[-75.711160976,4.81929925500004],[-75.7111325239999,4.81924028000003],[-75.7109987819999,4.81914030800006],[-75.7102704819999,4.81910705100007],[-75.710023034,4.81900834800007],[-75.70997546,4.81900545000002],[-75.7099124269999,4.81900608400002],[-75.709862492,4.81901021600004],[-75.709807805,4.81901846300001],[-75.709762589,4.81905461700006],[-75.709503931,4.81942654200002],[-75.709403951,4.81971374600004],[-75.709334046,4.81988627000002],[-75.7090939449999,4.82029171800001],[-75.7089349789999,4.82063651700003],[-75.707117081,4.82041819700002]]]},"properties":{"FID":404,"ID_BAR":29,"CODCOM":"02","COMUNA":"Rio Otun","CODBAR":"010224","NOMBRE":"Remigio Antonio Canarte","NOM_POPULA":"Remigio Antonio Canarte","NORMA":"80"}},{"type":"Feature","id":405,"geometry":{"type":"Polygon","coordinates":[[[-75.734867298,4.80396387700006],[-75.7348531769999,4.80395960300006],[-75.7343293389999,4.80377258400005],[-75.7342565169999,4.80373162600004],[-75.734184646,4.80365808000004],[-75.734145065,4.80358365200004],[-75.734392439,4.80353250000007],[-75.7346273479999,4.80347770800006],[-75.734898948,4.80340664900006],[-75.7351110019999,4.80331883100007],[-75.735441409,4.80323954000003],[-75.73593342,4.80403801000005],[-75.7359575789999,4.80417238500007],[-75.7359334229999,4.80424727300004],[-75.735906169,4.80429990700003],[-75.735830811,4.80425645900003],[-75.734867298,4.80396387700006]]]},"properties":{"FID":405,"ID_BAR":236,"CODCOM":"15","COMUNA":"El Oso","CODBAR":"011518","NOMBRE":"Los Cristales","NOM_POPULA":"Los Cristales","NORMA":"9"}},{"type":"Feature","id":406,"geometry":{"type":"Polygon","coordinates":[[[-75.6997923759999,4.80405687800003],[-75.6998222839999,4.80374913200006],[-75.699264753,4.80367227900007],[-75.699273735,4.80360758200004],[-75.698851319,4.80350659000005],[-75.69893604,4.80268950000004],[-75.698953135,4.80228777200005],[-75.6989083439999,4.80227991100002],[-75.698865912,4.80227650100004],[-75.6988085839999,4.80227798100003],[-75.698743862,4.80228818800003],[-75.698681886,4.80230701400006],[-75.698744195,4.80188379200007],[-75.699008928,4.80192091100001],[-75.699079194,4.80152033400002],[-75.6991756079999,4.80152561800002],[-75.6994138259999,4.80154858900005],[-75.6995757289999,4.80175964200004],[-75.699839331,4.80185538300003],[-75.700192723,4.80211388300006],[-75.700329841,4.80217362300004],[-75.7003162459999,4.80223874300003],[-75.7003077219999,4.80231039800003],[-75.700306627,4.80240869000004],[-75.700314581,4.80248749900004],[-75.700353664,4.80261134800002],[-75.7003783119999,4.80265116000004],[-75.70040884,4.80269107800006],[-75.700437397,4.80272195300006],[-75.700077434,4.80301723500003],[-75.699791642,4.80303022300005],[-75.6997242419999,4.80305604300002],[-75.6997174799999,4.80309129600004],[-75.699740683,4.80314115800007],[-75.7002021339999,4.80368240100006],[-75.700340304,4.80387734500004],[-75.700328188,4.80393995700007],[-75.7003088179999,4.80400168600005],[-75.7002798359999,4.80406580000005],[-75.700207963,4.80410606700002],[-75.700007423,4.80408267400002],[-75.699962492,4.80407744500008],[-75.6997923759999,4.80405687800003]]]},"properties":{"FID":406,"ID_BAR":237,"CODCOM":"07","COMUNA":"Boston","CODBAR":"010707","NOMBRE":"Ciudad Palermo","NOM_POPULA":"Ciudad Palermo","NORMA":"Sin"}},{"type":"Feature","id":407,"geometry":{"type":"Polygon","coordinates":[[[-75.686789343,4.80115757600004],[-75.6866780939999,4.80133472200004],[-75.686594702,4.80143495000003],[-75.686441623,4.80156440600006],[-75.686143564,4.80178031000001],[-75.6857338029999,4.80209997300006],[-75.685562548,4.80230279700003],[-75.6852538809999,4.80265512200003],[-75.684811253,4.80317060500004],[-75.684670599,4.80335753400004],[-75.684264101,4.80384143700007],[-75.684208848,4.80389148900001],[-75.6837796,4.80382715400004],[-75.6834105679999,4.80375701100006],[-75.6830725899999,4.80374141100003],[-75.682649148,4.80374138400005],[-75.682905,4.80112238300007],[-75.683272626,4.79948133200002],[-75.683315866,4.79950396100002],[-75.683373542,4.79954805000005],[-75.683435833,4.79957377000005],[-75.6836187279999,4.79960354200005],[-75.6837075,4.79962592600002],[-75.6837896499999,4.79966639600001],[-75.683943528,4.79972175900001],[-75.684128254,4.79975921400007],[-75.6841488219999,4.79969761000006],[-75.6841631939999,4.79963040600005],[-75.68416281,4.79958390100006],[-75.6841958809999,4.79948110900004],[-75.684247192,4.79938951500003],[-75.684312694,4.79930753100007],[-75.684390696,4.79923739800006],[-75.684439256,4.79921853900005],[-75.6846240899999,4.79921432900005],[-75.6846374,4.79921987500005],[-75.684967875,4.79923973100005],[-75.685082917,4.79924325200005],[-75.6851126019999,4.79923025500006],[-75.685072786,4.79906910200003],[-75.6850419909999,4.79878936400007],[-75.685042891,4.79846259400006],[-75.685059585,4.79841801500003],[-75.685092934,4.79838412400005],[-75.6852845339999,4.79829162000003],[-75.685311967,4.79827042700004],[-75.685441695,4.79821603500006],[-75.685553429,4.79818923100003],[-75.6858065769999,4.79817529300003],[-75.6864141139999,4.798092175],[-75.686540777,4.79866763800004],[-75.686640331,4.79916506700005],[-75.686733794,4.79963843900003],[-75.6868262359999,4.80011027500007],[-75.6868736549999,4.80035460000006],[-75.686892167,4.80052354100006],[-75.686896245,4.80064511100005],[-75.686892153,4.80077079500006],[-75.686877742,4.80090677600003],[-75.68683164,4.80106350900007],[-75.686789343,4.80115757600004]]]},"properties":{"FID":407,"ID_BAR":241,"CODCOM":"06","COMUNA":"Universidad","CODBAR":"010611","NOMBRE":"La Julita","NOM_POPULA":"La Julita","NORMA":"Sin"}},{"type":"Feature","id":408,"geometry":{"type":"Polygon","coordinates":[[[-75.728793154,4.80376520400006],[-75.7287562499999,4.80372717800002],[-75.728720402,4.80368277500002],[-75.728692478,4.80364096800002],[-75.7286193049999,4.80360834600004],[-75.728533138,4.80358100500008],[-75.7285177839999,4.80356684000002],[-75.728499544,4.80355309800006],[-75.7284778169999,4.80354011700005],[-75.728455668,4.80353004900008],[-75.728422919,4.80352010600008],[-75.728385241,4.80347181700005],[-75.728349182,4.80345021700004],[-75.728327139,4.80344617200007],[-75.7283043199999,4.80344564200004],[-75.7282785789999,4.80344945700005],[-75.728256254,4.80345689300005],[-75.728185933,4.80343532700004],[-75.728016662,4.80342098600006],[-75.72776971,4.80332112400004],[-75.727718193,4.80328917200007],[-75.727663718,4.80324667800004],[-75.727621496,4.80320580700003],[-75.727588009,4.80316015000006],[-75.727536914,4.80310571500006],[-75.7274987069999,4.80307342900005],[-75.7273979619999,4.80299953000002],[-75.7273265489999,4.80295046300005],[-75.727216718,4.80288866300003],[-75.7268188419999,4.80261979000006],[-75.72803606,4.80100990700003],[-75.728553273,4.80140091400005],[-75.728850369,4.80162550600005],[-75.72919782,4.80180869900005],[-75.7299950519999,4.80222907600006],[-75.7300812189999,4.80229734000004],[-75.729914309,4.80251951500003],[-75.7298244099999,4.80269144000004],[-75.7298036,4.80290810300005],[-75.729818813,4.80324486900003],[-75.72979751,4.80338118700006],[-75.7296921879999,4.80382839700007],[-75.729635601,4.80382928000006],[-75.729570526,4.80384992800004],[-75.729487916,4.80386907300004],[-75.729427102,4.80387832900005],[-75.7293703029999,4.80388011300005],[-75.7292847689999,4.80387633400004],[-75.7292269129999,4.80386933900008],[-75.729162649,4.80388182700005],[-75.72908532,4.80388919300002],[-75.729032254,4.80388951100002],[-75.728966087,4.80387902000007],[-75.7289115419999,4.80385206700002],[-75.72885196,4.80381395200003],[-75.728793154,4.80376520400006]]]},"properties":{"FID":408,"ID_BAR":242,"CODCOM":"10","COMUNA":"Consota","CODBAR":"011016","NOMBRE":"Panorama I","NOM_POPULA":"Panorama I","NORMA":"Sin"}},{"type":"Feature","id":409,"geometry":{"type":"Polygon","coordinates":[[[-75.69110869,4.81921151400008],[-75.690988121,4.81910731900005],[-75.69076332,4.81899126600005],[-75.6906384159999,4.81896013800003],[-75.690471115,4.81892667700003],[-75.690273917,4.81889899000003],[-75.690514258,4.81683878600005],[-75.693022297,4.81713549900007],[-75.6947265809999,4.81733712600002],[-75.694640268,4.81815696900002],[-75.693798831,4.81806188900003],[-75.6935521879999,4.82030726500005],[-75.693095598,4.82032665300005],[-75.69256918,4.82030887700004],[-75.6924035339999,4.82026649600004],[-75.6921751049999,4.82015673100006],[-75.6919578759999,4.82000812700004],[-75.69110869,4.81921151400008]]]},"properties":{"FID":409,"ID_BAR":33,"CODCOM":"02","COMUNA":"Rio Otun","CODBAR":"010235","NOMBRE":"Santa Teresita","NOM_POPULA":"Santa Teresita","NORMA":"Sin"}},{"type":"Feature","id":410,"geometry":{"type":"Polygon","coordinates":[[[-75.6681780059999,4.80379555900003],[-75.6681357109999,4.80382383300003],[-75.6679935509999,4.80387244400003],[-75.667902806,4.80387404400005],[-75.667715508,4.80384446100003],[-75.667560533,4.80384261100006],[-75.667482677,4.80383822400006],[-75.667185091,4.80380294400004],[-75.666951733,4.80378882900004],[-75.666911483,4.80380087100002],[-75.6668678139999,4.80384433400008],[-75.6668441159999,4.80385005500004],[-75.6668272479999,4.80385706500003],[-75.666809112,4.80386794400005],[-75.666791468,4.80388290200005],[-75.666734563,4.80388065400006],[-75.666825301,4.80356357100004],[-75.667007382,4.80284081100006],[-75.66711667,4.80260836700005],[-75.666947019,4.80252447400004],[-75.666910579,4.80245542900008],[-75.666907874,4.80239043200004],[-75.666931758,4.80227714800002],[-75.66692296,4.80221734200005],[-75.6666499299999,4.80205925900004],[-75.666725266,4.80188036300006],[-75.6670778869999,4.80113259100005],[-75.6671108099999,4.80114923200005],[-75.667287469,4.80122712000002],[-75.667391416,4.80125266900006],[-75.667474941,4.80127659100004],[-75.66754779,4.80134869500006],[-75.6675989509999,4.80140140300004],[-75.667595589,4.80158390700004],[-75.667606185,4.80162622700004],[-75.6676359369999,4.80165804000005],[-75.667686467,4.80168980100006],[-75.667725165,4.80169775300005],[-75.667759249,4.80171780200005],[-75.667787979,4.80177223900006],[-75.6679632949999,4.80190186000004],[-75.668069743,4.80192949300003],[-75.668169956,4.80197484100004],[-75.6683229929999,4.80197653300007],[-75.6683631029999,4.80196406700002],[-75.668397789,4.80194034900006],[-75.668438955,4.80193072600002],[-75.668464802,4.80192845000004],[-75.6684887449999,4.80193850200003],[-75.6684957849999,4.80198234000006],[-75.6685304869999,4.80219798200004],[-75.6685409779999,4.80221856000002],[-75.6685657309999,4.80223922700002],[-75.668581683,4.80224221300006],[-75.668489048,4.80252708000005],[-75.668444405,4.80284425600007],[-75.6683217,4.80309739900003],[-75.6682747179999,4.80319160500005],[-75.668306795,4.803209023],[-75.668290198,4.80334676900001],[-75.6682247799999,4.80366415500004],[-75.668217242,4.80369116100007],[-75.6681780059999,4.80379555900003]]]},"properties":{"FID":410,"ID_BAR":243,"CODCOM":"01","COMUNA":"Villa Santana","CODBAR":"010110","NOMBRE":"Monserrate","NOM_POPULA":"Monserrate","NORMA":"Sin"}},{"type":"Feature","id":411,"geometry":{"type":"Polygon","coordinates":[[[-75.695286824,4.81995419000003],[-75.695106669,4.81992412000005],[-75.6949970479999,4.81991784500002],[-75.694886404,4.81992621200003],[-75.694724593,4.81995550600003],[-75.694585318,4.82000297600007],[-75.694360049,4.82008491800003],[-75.69408974,4.82016687600002],[-75.693828517,4.82024078000007],[-75.693675016,4.82028593500006],[-75.6935521879999,4.82030726500005],[-75.693798831,4.81806188900003],[-75.694640268,4.81815696900002],[-75.6954875169999,4.81825109600003],[-75.695286824,4.81995419000003]]]},"properties":{"FID":411,"ID_BAR":34,"CODCOM":"02","COMUNA":"Rio Otun","CODBAR":"010226","NOMBRE":"Salazar Londono","NOM_POPULA":"Salazar Londono","NORMA":"Sin"}},{"type":"Feature","id":412,"geometry":{"type":"Polygon","coordinates":[[[-75.731340776,4.80378449700003],[-75.73116594,4.80366169200004],[-75.7303462359999,4.80259809200002],[-75.7300945649999,4.80230790200005],[-75.7300812189999,4.80229734000004],[-75.7306003319999,4.80188022500004],[-75.730891513,4.80224924100004],[-75.731174736,4.80245004200003],[-75.7312608669999,4.80237575300003],[-75.731812981,4.80280029800001],[-75.731769774,4.80288656100003],[-75.731756746,4.80300867800002],[-75.731554659,4.80336420400005],[-75.731340776,4.80378449700003]]]},"properties":{"FID":412,"ID_BAR":244,"CODCOM":"15","COMUNA":"El Oso","CODBAR":"011527","NOMBRE":"Portal de Las Mercedes","NOM_POPULA":"Portal de Las Mercedes","NORMA":"Sin"}},{"type":"Feature","id":413,"geometry":{"type":"Polygon","coordinates":[[[-75.71604561,4.81950439000003],[-75.715973596,4.81950244600006],[-75.715842106,4.81953496000005],[-75.715527111,4.81973604000006],[-75.71522071,4.81987947000005],[-75.714984349,4.82001700300002],[-75.7149162439999,4.82006855800007],[-75.7147488689999,4.82012295500004],[-75.714418348,4.82008916100006],[-75.7139596859999,4.81991337800001],[-75.7137303379999,4.81980521000003],[-75.7136696279999,4.81979169600004],[-75.713487534,4.81986605100008],[-75.713300649,4.82000222300008],[-75.7131927149999,4.82011040300006],[-75.713059954,4.82029924500005],[-75.713042109,4.81985027000007],[-75.712956151,4.81984553500006],[-75.7129709179999,4.81927327700003],[-75.712980074,4.81922786800003],[-75.712978887,4.81871234100003],[-75.713365611,4.81861755500004],[-75.713568798,4.81856596800003],[-75.713660806,4.81891137300005],[-75.713680094,4.81943147400004],[-75.713980223,4.81956225200002],[-75.714190979,4.81963693200003],[-75.7147550779999,4.81950410400003],[-75.715053908,4.81940709000002],[-75.715280373,4.81930082000002],[-75.715466938,4.81924216600003],[-75.715566525,4.81921968400006],[-75.7157547799999,4.81920091200005],[-75.715906025,4.81918039100005],[-75.7160573419999,4.81915492500002],[-75.71604561,4.81950439000003]]]},"properties":{"FID":413,"ID_BAR":35,"CODCOM":"02","COMUNA":"Rio Otun","CODBAR":"010213","NOMBRE":"Jorge Eliecer Gaitan","NOM_POPULA":"Jorge Eliecer Gaitan","NORMA":"23"}},{"type":"Feature","id":414,"geometry":{"type":"Polygon","coordinates":[[[-75.7054229619999,4.82024201800004],[-75.705190866,4.82021786700006],[-75.703772721,4.82004753900002],[-75.703865292,4.81921391700008],[-75.705535534,4.81938607300002],[-75.7054229619999,4.82024201800004]]]},"properties":{"FID":414,"ID_BAR":36,"CODCOM":"02","COMUNA":"Rio Otun","CODBAR":"010228","NOMBRE":"Salvador Allende","NOM_POPULA":"Salvador Allende","NORMA":"Sin"}},{"type":"Feature","id":415,"geometry":{"type":"Polygon","coordinates":[[[-75.709969481,4.82018211100005],[-75.709994735,4.81990776400005],[-75.709403951,4.81971374600004],[-75.709503931,4.81942654200002],[-75.709762589,4.81905461700006],[-75.709807805,4.81901846300001],[-75.709862492,4.81901021600004],[-75.7099124269999,4.81900608400002],[-75.70997546,4.81900545000002],[-75.710023034,4.81900834800007],[-75.7102704819999,4.81910705100007],[-75.7109987819999,4.81914030800006],[-75.7111325239999,4.81924028000003],[-75.711160976,4.81929925500004],[-75.711334333,4.81938587400003],[-75.711193403,4.81951210400006],[-75.711086455,4.81961961200004],[-75.71097264,4.81974725500004],[-75.710602212,4.82009333800004],[-75.710557031,4.82017184600005],[-75.710344902,4.82008755700001],[-75.709969481,4.82018211100005]]]},"properties":{"FID":415,"ID_BAR":37,"CODCOM":"02","COMUNA":"Rio Otun","CODBAR":"010203","NOMBRE":"Byron Gaviria","NOM_POPULA":"Byron Gaviria","NORMA":"Sin"}},{"type":"Feature","id":416,"geometry":{"type":"Polygon","coordinates":[[[-75.739830598,4.80221184300006],[-75.7398329609999,4.80235114500005],[-75.7398724719999,4.80248702100005],[-75.739925188,4.80257194000006],[-75.7399745229999,4.80261452300004],[-75.7400468869999,4.80265201900005],[-75.740437829,4.80276330000004],[-75.740526425,4.80277312000003],[-75.740590373,4.80275980100004],[-75.740639812,4.80273440100006],[-75.7407702049999,4.80260571100008],[-75.740870596,4.80251882800007],[-75.7410406779999,4.80258007800006],[-75.7407640169999,4.80307226000002],[-75.7406355969999,4.80323532200004],[-75.7400771919999,4.80376928100002],[-75.7395625029999,4.80324005800004],[-75.7393682699999,4.80342382000003],[-75.738986267,4.80301162500005],[-75.739408503,4.80256530800005],[-75.7397769339999,4.80221857300004],[-75.739830598,4.80221184300006]]]},"properties":{"FID":416,"ID_BAR":245,"CODCOM":"09","COMUNA":"Cuba","CODBAR":"010908","NOMBRE":"Rafael Uribe I","NOM_POPULA":"Rafael Uribe I","NORMA":"Sin"}},{"type":"Feature","id":417,"geometry":{"type":"Polygon","coordinates":[[[-75.703772721,4.82004753900002],[-75.7037387399999,4.82004345700006],[-75.702903143,4.81995101900004],[-75.703000328,4.81911167600003],[-75.703865292,4.81921391700008],[-75.703772721,4.82004753900002]]]},"properties":{"FID":417,"ID_BAR":38,"CODCOM":"02","COMUNA":"Rio Otun","CODBAR":"010215","NOMBRE":"Jose Marti","NOM_POPULA":"Jose Marti","NORMA":"Sin"}},{"type":"Feature","id":418,"geometry":{"type":"Polygon","coordinates":[[[-75.702100297,4.81986220300007],[-75.702202025,4.81901731300008],[-75.703000328,4.81911167600003],[-75.702903143,4.81995101900004],[-75.702100297,4.81986220300007]]]},"properties":{"FID":418,"ID_BAR":39,"CODCOM":"02","COMUNA":"Rio Otun","CODBAR":"010204","NOMBRE":"Campina del Otun","NOM_POPULA":"Campina del Otun","NORMA":"30"}},{"type":"Feature","id":419,"geometry":{"type":"Polygon","coordinates":[[[-75.702100297,4.81986220300007],[-75.702088781,4.81986086000006],[-75.701254594,4.81976379200007],[-75.701291796,4.81935846300007],[-75.700464266,4.81923631400002],[-75.700415372,4.81965875800006],[-75.6995830509999,4.81955932200003],[-75.699656825,4.81867541600007],[-75.699727808,4.81801507900006],[-75.699755561,4.81789222200006],[-75.699868984,4.81704996500003],[-75.70238865,4.81733219700004],[-75.704054308,4.81750976000006],[-75.703865292,4.81921391700008],[-75.703000328,4.81911167600003],[-75.702202025,4.81901731300008],[-75.702100297,4.81986220300007]]]},"properties":{"FID":419,"ID_BAR":40,"CODCOM":"02","COMUNA":"Rio Otun","CODBAR":"010223","NOMBRE":"Primero de Mayo","NOM_POPULA":"Primero de Mayo","NORMA":"Sin"}},{"type":"Feature","id":420,"geometry":{"type":"Polygon","coordinates":[[[-75.7160573419999,4.81915492500002],[-75.716110234,4.81912007700002],[-75.716645001,4.81882925800005],[-75.71684192,4.81878069000004],[-75.717475285,4.81865439600006],[-75.717184491,4.81824203100007],[-75.717227311,4.81823519600005],[-75.717556776,4.81816900200005],[-75.71740976,4.81793603500007],[-75.718422276,4.81770129900003],[-75.718498515,4.81767443500007],[-75.718781462,4.81760114000003],[-75.71882178,4.81779113400006],[-75.719110497,4.81812274600001],[-75.719102853,4.81832973100006],[-75.719211064,4.81853844700003],[-75.719215253,4.81869728400005],[-75.719432908,4.81902440900006],[-75.719411955,4.81913780100007],[-75.7192212689999,4.81918310300004],[-75.719056607,4.81924774400004],[-75.718576915,4.81955654600005],[-75.718369325,4.81967145500004],[-75.718233292,4.81971454900002],[-75.717989855,4.81977198300007],[-75.717732122,4.81980788800007],[-75.717431462,4.81980071300006],[-75.716586674,4.81969297800004],[-75.716350422,4.81961397200007],[-75.716114171,4.81950624500007],[-75.71604561,4.81950439000003],[-75.7160573419999,4.81915492500002]]]},"properties":{"FID":420,"ID_BAR":41,"CODCOM":"02","COMUNA":"Rio Otun","CODBAR":"010209","NOMBRE":"El Triunfo","NOM_POPULA":"El Triunfo","NORMA":"Sin"}},{"type":"Feature","id":421,"geometry":{"type":"Polygon","coordinates":[[[-75.701254594,4.81976379200007],[-75.700415372,4.81965875800006],[-75.700464266,4.81923631400002],[-75.701291796,4.81935846300007],[-75.701254594,4.81976379200007]]]},"properties":{"FID":421,"ID_BAR":42,"CODCOM":"02","COMUNA":"Rio Otun","CODBAR":"010221","NOMBRE":"Mirasol","NOM_POPULA":"Mirasol","NORMA":"Sin"}},{"type":"Feature","id":422,"geometry":{"type":"Polygon","coordinates":[[[-75.716110234,4.81912007700002],[-75.7160573419999,4.81915492500002],[-75.715906025,4.81918039100005],[-75.7157547799999,4.81920091200005],[-75.715566525,4.81921968400006],[-75.715466938,4.81924216600003],[-75.715280373,4.81930082000002],[-75.715053908,4.81940709000002],[-75.7147550779999,4.81950410400003],[-75.714190979,4.81963693200003],[-75.713980223,4.81956225200002],[-75.713680094,4.81943147400004],[-75.713660806,4.81891137300005],[-75.713568798,4.81856596800003],[-75.7140433119999,4.81843199100006],[-75.714265798,4.81830975400004],[-75.7144894799999,4.81819820300008],[-75.714715874,4.81809620800004],[-75.7153465979999,4.81790548300006],[-75.7154254389999,4.81813537700004],[-75.715565837,4.81820383800004],[-75.715549004,4.81825790200002],[-75.715468043,4.81839423600009],[-75.715606221,4.81857056000007],[-75.7156391469999,4.81854874800005],[-75.7157524639999,4.81869531100005],[-75.715859407,4.81882557300002],[-75.716022165,4.81901058700004],[-75.716110234,4.81912007700002]]]},"properties":{"FID":422,"ID_BAR":43,"CODCOM":"02","COMUNA":"Rio Otun","CODBAR":"010219","NOMBRE":"Las Palmas","NOM_POPULA":"Las Palmas","NORMA":"Sin"}},{"type":"Feature","id":423,"geometry":{"type":"Polygon","coordinates":[[[-75.691029649,4.81958748700003],[-75.69090947,4.81945236400002],[-75.690698401,4.81935681900007],[-75.6903239,4.81930220400005],[-75.690078773,4.81931584400006],[-75.6894830109999,4.81945799300006],[-75.6891766109999,4.81947844700003],[-75.6889655379999,4.81945114700004],[-75.688373143,4.81919177800006],[-75.688011902,4.81880604900005],[-75.687596921,4.81848197600005],[-75.687276902,4.81834546300006],[-75.687124638,4.81831108400007],[-75.687226629,4.81812683600003],[-75.6873790819999,4.81793565100002],[-75.687737001,4.81790287300004],[-75.68782451,4.81787624300006],[-75.687892497,4.81745851600004],[-75.687905567,4.81734222900007],[-75.687995902,4.81653969500006],[-75.6896204939999,4.81674097700004],[-75.689659053,4.81675404900005],[-75.690514258,4.81683878600005],[-75.690273917,4.81889899000003],[-75.690471115,4.81892667700003],[-75.6906384159999,4.81896013800003],[-75.69076332,4.81899126600005],[-75.690988121,4.81910731900005],[-75.69110869,4.81921151400008],[-75.691029649,4.81958748700003]]]},"properties":{"FID":423,"ID_BAR":44,"CODCOM":"02","COMUNA":"Rio Otun","CODBAR":"010201","NOMBRE":"America","NOM_POPULA":"America","NORMA":"Sin"}},{"type":"Feature","id":424,"geometry":{"type":"Polygon","coordinates":[[[-75.706364333,4.81947149400003],[-75.705535534,4.81938607300002],[-75.703865292,4.81921391700008],[-75.704054308,4.81750976000006],[-75.70414864,4.81667739300001],[-75.706647706,4.81694434900002],[-75.706364333,4.81947149400003]]]},"properties":{"FID":424,"ID_BAR":45,"CODCOM":"02","COMUNA":"Rio Otun","CODBAR":"010230","NOMBRE":"San Camilo","NOM_POPULA":"San Camilo","NORMA":"Sin"}},{"type":"Feature","id":425,"geometry":{"type":"Polygon","coordinates":[[[-75.712978887,4.81871234100003],[-75.711833468,4.81900515700004],[-75.711680426,4.81908661200002],[-75.711517064,4.81921662100007],[-75.711684861,4.81753111300002],[-75.712363823,4.81763941600002],[-75.712520597,4.81763419000003],[-75.7128028389999,4.81755574000005],[-75.712998278,4.81755309500005],[-75.7130837779999,4.81756553100006],[-75.7130609449999,4.81826440900004],[-75.713232052,4.81822184700008],[-75.713365611,4.81861755500004],[-75.712978887,4.81871234100003]]]},"properties":{"FID":425,"ID_BAR":46,"CODCOM":"02","COMUNA":"Rio Otun","CODBAR":"010211","NOMBRE":"Getsemani","NOM_POPULA":"Getsemani","NORMA":"45"}},{"type":"Feature","id":426,"geometry":{"type":"Polygon","coordinates":[[[-75.717184491,4.81824203100007],[-75.717475285,4.81865439600006],[-75.71684192,4.81878069000004],[-75.716645001,4.81882925800005],[-75.716110234,4.81912007700002],[-75.716022165,4.81901058700004],[-75.715859407,4.81882557300002],[-75.7157524639999,4.81869531100005],[-75.7156391469999,4.81854874800005],[-75.715606221,4.81857056000007],[-75.715468043,4.81839423600009],[-75.715549004,4.81825790200002],[-75.715565837,4.81820383800004],[-75.7154254389999,4.81813537700004],[-75.7153465979999,4.81790548300006],[-75.715434,4.81787701300004],[-75.7165732189999,4.81752099500005],[-75.716721541,4.81749853000002],[-75.716873913,4.81746631700002],[-75.717015826,4.81742765600006],[-75.7171204799999,4.81759585500003],[-75.716927787,4.81772238500002],[-75.7168792969999,4.81774660000004],[-75.717184491,4.81824203100007]]]},"properties":{"FID":426,"ID_BAR":47,"CODCOM":"02","COMUNA":"Rio Otun","CODBAR":"010205","NOMBRE":"Colinas Del Triunfo","NOM_POPULA":"Colinas Del Triunfo","NORMA":"Sin"}},{"type":"Feature","id":427,"geometry":{"type":"Polygon","coordinates":[[[-75.713568798,4.81856596800003],[-75.713365611,4.81861755500004],[-75.713232052,4.81822184700008],[-75.7130609449999,4.81826440900004],[-75.7130837779999,4.81756553100006],[-75.713762248,4.81762213500002],[-75.71400984,4.81749696600002],[-75.7147196829999,4.81773142900005],[-75.715434,4.81787701300004],[-75.7153465979999,4.81790548300006],[-75.714715874,4.81809620800004],[-75.7144894799999,4.81819820300008],[-75.714265798,4.81830975400004],[-75.7140433119999,4.81843199100006],[-75.713568798,4.81856596800003]]]},"properties":{"FID":427,"ID_BAR":48,"CODCOM":"02","COMUNA":"Rio Otun","CODBAR":"010206","NOMBRE":"Constructores","NOM_POPULA":"Constructores","NORMA":"Sin"}},{"type":"Feature","id":428,"geometry":{"type":"Polygon","coordinates":[[[-75.718781462,4.81760114000003],[-75.718498515,4.81767443500007],[-75.718422276,4.81770129900003],[-75.71740976,4.81793603500007],[-75.717556776,4.81816900200005],[-75.717227311,4.81823519600005],[-75.717184491,4.81824203100007],[-75.7168792969999,4.81774660000004],[-75.716927787,4.81772238500002],[-75.7171204799999,4.81759585500003],[-75.717015826,4.81742765600006],[-75.717185736,4.81736986800006],[-75.717316416,4.81730702700003],[-75.717430301,4.81717237100002],[-75.7174585079999,4.81710122800007],[-75.717463685,4.81704057500001],[-75.717458862,4.81696824900007],[-75.71744108,4.81689397900005],[-75.7174128739999,4.81682790400003],[-75.717385866,4.81677378600005],[-75.7173473069999,4.81671154300005],[-75.717292797,4.81664197100002],[-75.717222721,4.81657287500002],[-75.717203284,4.81650429200004],[-75.717241739,4.81644842700006],[-75.717322661,4.81649366200001],[-75.717737832,4.81663621900002],[-75.7179515449999,4.81676021100003],[-75.7181330029999,4.81679806300001],[-75.718225827,4.81689100400007],[-75.7182929419999,4.81706865200004],[-75.7183460799999,4.81712317500006],[-75.7185486659999,4.81717010700004],[-75.718608106,4.81731040000005],[-75.718770616,4.81755000700003],[-75.718781462,4.81760114000003]]]},"properties":{"FID":428,"ID_BAR":49,"CODCOM":"02","COMUNA":"Rio Otun","CODBAR":"010229","NOMBRE":"San Antonio","NOM_POPULA":"San Antonio","NORMA":"Sin"}},{"type":"Feature","id":429,"geometry":{"type":"Polygon","coordinates":[[[-75.7370027539999,4.81797339500002],[-75.737684165,4.81804033300006],[-75.7381527379999,4.81806030500007],[-75.7389203879999,4.81791024100005],[-75.739209499,4.81779021200003],[-75.739588333,4.81762017200003],[-75.7400070369999,4.81734012000005],[-75.740216372,4.81694007100002],[-75.7403532719999,4.81632797000004],[-75.740734743,4.81624997600004],[-75.741382766,4.81623993000006],[-75.7416619429999,4.81664994600004],[-75.741552307,4.81707999100007],[-75.741093754,4.81778008300005],[-75.740605274,4.81823015600003],[-75.739648212,4.81855024800006],[-75.7388506459999,4.81859030500004],[-75.738810811,4.81925036400002],[-75.7376642839999,4.81895041300004],[-75.7372256,4.81862041300007],[-75.737083774,4.81800138600004],[-75.7370027539999,4.81797339500002]]]},"properties":{"FID":429,"ID_BAR":50,"CODCOM":"12","COMUNA":"Ferrocarril","CODBAR":" ","NOMBRE":"Gilberto PelÃ¡ez","NOM_POPULA":"Gilberto PelÃ¡ez","NORMA":"26"}},{"type":"Feature","id":430,"geometry":{"type":"Polygon","coordinates":[[[-75.687905567,4.81734222900007],[-75.687892497,4.81745851600004],[-75.68782451,4.81787624300006],[-75.687737001,4.81790287300004],[-75.6873790819999,4.81793565100002],[-75.687427753,4.81784896700003],[-75.687259679,4.81780275300001],[-75.687121712,4.81776710200005],[-75.6869945189999,4.81775307100002],[-75.686829226,4.81771084900005],[-75.6863661309999,4.81759852500004],[-75.6862305229999,4.81758170200005],[-75.686024628,4.81752541800006],[-75.685842505,4.81745650700002],[-75.6857223229999,4.81739904400006],[-75.6856300649999,4.81733736200003],[-75.685540626,4.81726306900003],[-75.685446962,4.81716494900008],[-75.6851125279999,4.81668089300007],[-75.684979782,4.81650149000006],[-75.684763728,4.81618749400008],[-75.6855623769999,4.81627988100006],[-75.685975371,4.81681115300005],[-75.686144145,4.81693861300004],[-75.686317677,4.81699242300004],[-75.6878170409999,4.81732321900005],[-75.687905567,4.81734222900007]]]},"properties":{"FID":430,"ID_BAR":51,"CODCOM":"02","COMUNA":"Rio Otun","CODBAR":"010202","NOMBRE":"Bavaria","NOM_POPULA":"Bavaria","NORMA":"Sin"}},{"type":"Feature","id":431,"geometry":{"type":"Polygon","coordinates":[[[-75.6964117109999,4.81752313400006],[-75.696500133,4.81673289200006],[-75.69650697,4.81662343900007],[-75.696588945,4.81589452100008],[-75.696684693,4.81505376400002],[-75.696784879,4.81420847000003],[-75.6968760509999,4.81334070800005],[-75.6968965149999,4.81322668100005],[-75.696973981,4.81251395900005],[-75.696971697,4.81241132300003],[-75.6970628989999,4.81165976100004],[-75.697167626,4.81080835500006],[-75.6972027749999,4.81067188000004],[-75.6972894369999,4.80984094500007],[-75.69747892,4.80988618500004],[-75.697657556,4.80996399600001],[-75.6980426119999,4.81009964100001],[-75.6982994589999,4.81017627100003],[-75.6984791199999,4.81017112100005],[-75.6986221929999,4.81018679300007],[-75.6988929509999,4.81019307500003],[-75.699290725,4.81021605100004],[-75.699641947,4.81023489400007],[-75.700022818,4.81025384300004],[-75.7002151189999,4.81029161200007],[-75.700512814,4.81035008600003],[-75.7010245019999,4.81043177600003],[-75.701373398,4.81049447200007],[-75.701872129,4.81055927600005],[-75.702289515,4.81063467300003],[-75.7026915129999,4.81069314900003],[-75.702881033,4.81072657300008],[-75.703033648,4.81076879200003],[-75.703097806,4.81079348600001],[-75.7030860039999,4.81095299300005],[-75.703060777,4.81138128600003],[-75.702915413,4.81140602500004],[-75.7026116919999,4.81146225100002],[-75.702478935,4.81147109600005],[-75.702348679,4.81148539700007],[-75.702203562,4.81150801800003],[-75.702138593,4.81150439400005],[-75.7019449539999,4.81143409100002],[-75.7016919489999,4.81127063500002],[-75.701585216,4.81125925700006],[-75.7014938359999,4.81125830000002],[-75.701357382,4.81127196500007],[-75.701079346,4.81375894500008],[-75.702750699,4.81395237400005],[-75.70238865,4.81733219700004],[-75.699868984,4.81704996500003],[-75.699755561,4.81789222200006],[-75.6964117109999,4.81752313400006]]]},"properties":{"FID":431,"ID_BAR":52,"CODCOM":"03","COMUNA":"Centro","CODBAR":"010314","NOMBRE":"Sector Lago Uribe","NOM_POPULA":"El Lago","NORMA":"Sin"}},{"type":"Feature","id":432,"geometry":{"type":"Polygon","coordinates":[[[-75.711684861,4.81753111300002],[-75.711778373,4.81668830600006],[-75.7126211149999,4.81679523400004],[-75.7127115599999,4.81602955900007],[-75.7134837309999,4.81622898100005],[-75.7158763479999,4.81641237500002],[-75.7162379609999,4.81644885400004],[-75.7168142419999,4.81631035500004],[-75.7170827859999,4.81623089600002],[-75.717203284,4.81650429200004],[-75.717222721,4.81657287500002],[-75.717292797,4.81664197100002],[-75.7173473069999,4.81671154300005],[-75.717385866,4.81677378600005],[-75.7174128739999,4.81682790400003],[-75.71744108,4.81689397900005],[-75.717458862,4.81696824900007],[-75.717463685,4.81704057500001],[-75.7174585079999,4.81710122800007],[-75.717430301,4.81717237100002],[-75.717316416,4.81730702700003],[-75.717185736,4.81736986800006],[-75.717015826,4.81742765600006],[-75.716873913,4.81746631700002],[-75.716721541,4.81749853000002],[-75.7165732189999,4.81752099500005],[-75.715434,4.81787701300004],[-75.7147196829999,4.81773142900005],[-75.71400984,4.81749696600002],[-75.713762248,4.81762213500002],[-75.7130837779999,4.81756553100006],[-75.712998278,4.81755309500005],[-75.7128028389999,4.81755574000005],[-75.712520597,4.81763419000003],[-75.712363823,4.81763941600002],[-75.711684861,4.81753111300002]]]},"properties":{"FID":432,"ID_BAR":53,"CODCOM":"02","COMUNA":"Rio Otun","CODBAR":"010217","NOMBRE":"La Palmera","NOM_POPULA":"La Palmera","NORMA":"Sin"}},{"type":"Feature","id":433,"geometry":{"type":"Polygon","coordinates":[[[-75.728188884,4.81656085800006],[-75.728318507,4.81652973700005],[-75.728455772,4.81649584300004],[-75.7285818029999,4.81647777400001],[-75.7287101219999,4.81646498600002],[-75.729081704,4.81722940800006],[-75.728915176,4.81731561900005],[-75.728752558,4.81744563100006],[-75.728574727,4.81755630300006],[-75.728405559,4.81763687900007],[-75.728326398,4.81770844700003],[-75.7281259929999,4.81731671600005],[-75.728163987,4.81674239100004],[-75.728188884,4.81656085800006]]]},"properties":{"FID":433,"ID_BAR":54,"CODCOM":"12","COMUNA":"Ferrocarril","CODBAR":"011204","NOMBRE":"Jose Hilario Lopez II","NOM_POPULA":"Jose Hilario Lopez II","NORMA":"Sin"}},{"type":"Feature","id":434,"geometry":{"type":"Polygon","coordinates":[[[-75.711684861,4.81753111300002],[-75.710004236,4.81733945600006],[-75.710102503,4.81651194500006],[-75.710202672,4.81566848600004],[-75.711879174,4.81586814300004],[-75.7127115599999,4.81602955900007],[-75.7126211149999,4.81679523400004],[-75.711778373,4.81668830600006],[-75.711684861,4.81753111300002]]]},"properties":{"FID":434,"ID_BAR":55,"CODCOM":"03","COMUNA":"Centro","CODBAR":"010310","NOMBRE":"San Esteban","NOM_POPULA":"San Esteban","NORMA":"Sin"}},{"type":"Feature","id":435,"geometry":{"type":"Polygon","coordinates":[[[-75.6964117109999,4.81752313400006],[-75.6947265809999,4.81733712600002],[-75.693022297,4.81713549900007],[-75.6931311179999,4.81623647700007],[-75.693203097,4.81550195900007],[-75.693210989,4.81541260600005],[-75.693301068,4.81466369400004],[-75.693322272,4.81454610000003],[-75.6934008709999,4.81378879800007],[-75.693423449,4.81367385300006],[-75.693504758,4.81294119000006],[-75.693526702,4.81284074600007],[-75.69361048,4.81201705200004],[-75.69381029,4.81042212200003],[-75.693813889,4.81028126500006],[-75.6939056959999,4.80945414400003],[-75.692958413,4.80940757600007],[-75.692814423,4.80942901100002],[-75.6928435469999,4.80938316100003],[-75.693195393,4.80885664800006],[-75.6932299869999,4.80856698800005],[-75.693308552,4.80850446800003],[-75.693483673,4.80841800100007],[-75.6936980569999,4.80837608100006],[-75.694038431,4.80840499300007],[-75.694775835,4.80850858200006],[-75.696167862,4.80864639500003],[-75.696590495,4.80867794000005],[-75.6968637849999,4.80876988500005],[-75.697157182,4.80883844500004],[-75.697389834,4.80895377200005],[-75.697606773,4.80924204700004],[-75.69799769,4.80985897200002],[-75.698187275,4.81000033100003],[-75.6984791199999,4.81017112100005],[-75.6982994589999,4.81017627100003],[-75.6980426119999,4.81009964100001],[-75.697657556,4.80996399600001],[-75.69747892,4.80988618500004],[-75.6972894369999,4.80984094500007],[-75.6972027749999,4.81067188000004],[-75.697167626,4.81080835500006],[-75.6970628989999,4.81165976100004],[-75.696971697,4.81241132300003],[-75.696973981,4.81251395900005],[-75.6968965149999,4.81322668100005],[-75.6968760509999,4.81334070800005],[-75.696784879,4.81420847000003],[-75.696684693,4.81505376400002],[-75.696588945,4.81589452100008],[-75.69650697,4.81662343900007],[-75.696500133,4.81673289200006],[-75.6964117109999,4.81752313400006]]]},"properties":{"FID":435,"ID_BAR":56,"CODCOM":"03","COMUNA":"Centro","CODBAR":"010316","NOMBRE":"Sector Plaza de Bolivar","NOM_POPULA":"Centro","NORMA":"Sin"}},{"type":"Feature","id":436,"geometry":{"type":"Polygon","coordinates":[[[-75.70238865,4.81733219700004],[-75.702750699,4.81395237400005],[-75.704429906,4.81414957700001],[-75.704465485,4.81374101400007],[-75.706150222,4.81392247600006],[-75.706191469,4.81350465900005],[-75.7062743279999,4.81350685200004],[-75.7078772959999,4.81369521300007],[-75.709563019,4.81386661600003],[-75.7096350469999,4.81325820500007],[-75.710429429,4.81361429700006],[-75.7104264,4.81364467600003],[-75.710202672,4.81566848600004],[-75.708511557,4.81548155800004],[-75.708561398,4.81501193700006],[-75.70773373,4.81493716700003],[-75.707686143,4.81539032700004],[-75.707597521,4.81622364900005],[-75.710102503,4.81651194500006],[-75.710004236,4.81733945600006],[-75.706647706,4.81694434900002],[-75.70414864,4.81667739300001],[-75.704054308,4.81750976000006],[-75.70238865,4.81733219700004]]]},"properties":{"FID":436,"ID_BAR":57,"CODCOM":"03","COMUNA":"Centro","CODBAR":"010308","NOMBRE":"Primero de Febrero","NOM_POPULA":"Primero de Febrero","NORMA":"Sin"}},{"type":"Feature","id":437,"geometry":{"type":"Polygon","coordinates":[[[-75.73323714,4.81646107200004],[-75.733197004,4.81741121400007],[-75.7331205899999,4.81742285400002],[-75.733014877,4.81739314800007],[-75.7329711049999,4.81735460900005],[-75.73291339,4.81732066200003],[-75.7328593349999,4.81730139300004],[-75.7326830529999,4.81730397400002],[-75.732723504,4.81611463100006],[-75.73306582,4.81616978700004],[-75.733050117,4.81645324900005],[-75.73323714,4.81646107200004]]]},"properties":{"FID":437,"ID_BAR":58,"CODCOM":"12","COMUNA":"Ferrocarril","CODBAR":"011202","NOMBRE":"Gabriel Trujillo","NOM_POPULA":"Gabriel Trujillo","NORMA":"84"}},{"type":"Feature","id":438,"geometry":{"type":"Polygon","coordinates":[[[-75.687995902,4.81653969500006],[-75.687905567,4.81734222900007],[-75.6878170409999,4.81732321900005],[-75.686317677,4.81699242300004],[-75.686144145,4.81693861300004],[-75.685975371,4.81681115300005],[-75.6855623769999,4.81627988100006],[-75.6863072199999,4.81635605000002],[-75.687995902,4.81653969500006]]]},"properties":{"FID":438,"ID_BAR":59,"CODCOM":"02","COMUNA":"Rio Otun","CODBAR":"010220","NOMBRE":"Los Alcazares","NOM_POPULA":"Los Alcazares","NORMA":"96"}},{"type":"Feature","id":439,"geometry":{"type":"Polygon","coordinates":[[[-75.7326830529999,4.81730397400002],[-75.732518779,4.81731845800004],[-75.732345632,4.81730904600003],[-75.732208719,4.81728078700006],[-75.732063742,4.81722561100001],[-75.731879853,4.81714756300003],[-75.73179798,4.81713949200001],[-75.73173625,4.81713276300008],[-75.731658391,4.81710720700004],[-75.73159321,4.81707599800006],[-75.731429464,4.81705178400005],[-75.731123418,4.81701411200005],[-75.730881285,4.81698717900003],[-75.730712152,4.81695892000005],[-75.7305537939999,4.81691990500003],[-75.7304150849999,4.81685370800004],[-75.7303640599999,4.81682410600007],[-75.7302889119999,4.81676893000001],[-75.730202004,4.81674294900006],[-75.730269998,4.81606780800007],[-75.730475825,4.81607739800006],[-75.7307619389999,4.81609786600006],[-75.731033968,4.81612508200003],[-75.732227267,4.81609211600004],[-75.732723504,4.81611463100006],[-75.7326830529999,4.81730397400002]]]},"properties":{"FID":439,"ID_BAR":60,"CODCOM":"12","COMUNA":"Ferrocarril","CODBAR":"011210","NOMBRE":"Simon Bolivar","NOM_POPULA":"Simon Bolivar","NORMA":"Sin"}},{"type":"Feature","id":440,"geometry":{"type":"Polygon","coordinates":[[[-75.724854426,4.81663498100005],[-75.724854426,4.81675056800002],[-75.7246020099999,4.81684726800006],[-75.724474078,4.81688073800007],[-75.724346144,4.81689559100004],[-75.7237499,4.81685101000004],[-75.723564497,4.81684542800002],[-75.723375362,4.81686400800003],[-75.72321218,4.81690304000005],[-75.7230768159999,4.81695694500008],[-75.7229740609999,4.81698675800003],[-75.721999898,4.81707972700001],[-75.721654482,4.81712433800005],[-75.7215079909999,4.81713735500005],[-75.721319384,4.81713530400001],[-75.7210623559999,4.81713918800006],[-75.720743456,4.81720609000007],[-75.720589535,4.81721723400006],[-75.7204133939999,4.81718748900004],[-75.720032274,4.81703299300005],[-75.719759718,4.81696608600003],[-75.719365706,4.81698176600002],[-75.718881583,4.81699389500006],[-75.718736958,4.81698089300005],[-75.7186368449999,4.81693256800002],[-75.718549691,4.81686751700006],[-75.7184644389999,4.81673919900004],[-75.718367567,4.81660487700003],[-75.71825446,4.81651195400002],[-75.718020851,4.81638741400007],[-75.717780938,4.81636842400007],[-75.7175951139999,4.81631882600005],[-75.717523313,4.81627714200004],[-75.717429857,4.81612821300007],[-75.718512448,4.81574278200003],[-75.7188341629999,4.81581917500005],[-75.7191098879999,4.81588248000003],[-75.719437061,4.81595910300006],[-75.719571614,4.81597908000002],[-75.7197642689999,4.81600239700004],[-75.719952312,4.81600891600005],[-75.720296424,4.81599229900006],[-75.720539859,4.81597568100006],[-75.720861153,4.81595934600006],[-75.721246148,4.81593856100005],[-75.7219547609999,4.81589778400007],[-75.724854428,4.81574703300003],[-75.7278567069999,4.81538123100006],[-75.727726735,4.81578540800006],[-75.728082114,4.81630970100003],[-75.726512864,4.81659112700004],[-75.725157269,4.81664431900003],[-75.724854426,4.81663498100005]]]},"properties":{"FID":440,"ID_BAR":61,"CODCOM":"08","COMUNA":"El Jardin","CODBAR":"010824","NOMBRE":"Sector 30 de Agosto","NOM_POPULA":"Av. 30 de Agosto","NORMA":"Sin"}},{"type":"Feature","id":441,"geometry":{"type":"Polygon","coordinates":[[[-75.693022297,4.81713549900007],[-75.690514258,4.81683878600005],[-75.689659053,4.81675404900005],[-75.6896204939999,4.81674097700004],[-75.6900012569999,4.81424118400002],[-75.689970064,4.81412464700003],[-75.69006631,4.81334214200006],[-75.690382647,4.81049319700002],[-75.690451493,4.80977171400003],[-75.6905788939999,4.80983065900005],[-75.691025356,4.81005847300003],[-75.691542316,4.81033152400005],[-75.691732644,4.81036731700004],[-75.691958647,4.81036733000007],[-75.692184653,4.81028386900005],[-75.692422533,4.81004540500003],[-75.692814423,4.80942901100002],[-75.692958413,4.80940757600007],[-75.6939056959999,4.80945414400003],[-75.693813889,4.81028126500006],[-75.69381029,4.81042212200003],[-75.69361048,4.81201705200004],[-75.693526702,4.81284074600007],[-75.693504758,4.81294119000006],[-75.693423449,4.81367385300006],[-75.6934008709999,4.81378879800007],[-75.693322272,4.81454610000003],[-75.693301068,4.81466369400004],[-75.693210989,4.81541260600005],[-75.693203097,4.81550195900007],[-75.6931311179999,4.81623647700007],[-75.693022297,4.81713549900007]]]},"properties":{"FID":441,"ID_BAR":62,"CODCOM":"03","COMUNA":"Centro","CODBAR":"010313","NOMBRE":"Sector Galeria Central","NOM_POPULA":"GalerÃ­a Central","NORMA":"Sin"}},{"type":"Feature","id":442,"geometry":{"type":"Polygon","coordinates":[[[-75.734489076,4.81687642200006],[-75.7343975209999,4.81701501900006],[-75.734226942,4.81690161200003],[-75.733571921,4.81653786400005],[-75.733486596,4.81650453700007],[-75.733398913,4.81648056900002],[-75.733304857,4.81646546900001],[-75.73323714,4.81646107200004],[-75.733050117,4.81645324900005],[-75.73306582,4.81616978700004],[-75.732723504,4.81611463100006],[-75.732227267,4.81609211600004],[-75.731033968,4.81612508200003],[-75.7307619389999,4.81609786600006],[-75.730475825,4.81607739800006],[-75.730269998,4.81606780800007],[-75.730202004,4.81674294900006],[-75.7301550989999,4.81672834200003],[-75.729837292,4.81669505000003],[-75.729620583,4.81668554900005],[-75.7292180159999,4.81660494000005],[-75.729027613,4.81650566100006],[-75.728945353,4.81648038700005],[-75.7287101219999,4.81646498600002],[-75.728537009,4.81632563100003],[-75.728362981,4.81617004500003],[-75.728342345,4.81563265200003],[-75.728421188,4.81555960100006],[-75.728525527,4.81554020700002],[-75.728544578,4.81537342200005],[-75.728853194,4.81542593100004],[-75.728980141,4.81545865900005],[-75.7291034959999,4.81547543800001],[-75.7292351959999,4.81548801300005],[-75.729426866,4.81548064700007],[-75.7296034989999,4.81544502100007],[-75.72977323,4.81538915500005],[-75.729875668,4.81533570800002],[-75.730055787,4.81522122100004],[-75.730261154,4.81503853900004],[-75.730183579,4.81518027900006],[-75.730071529,4.81548062600006],[-75.730081108,4.81559283500006],[-75.73010192,4.81565216300003],[-75.730153087,4.81572750900006],[-75.730225276,4.81576518300005],[-75.730287393,4.81578681900003],[-75.7304573709999,4.81583062000005],[-75.73069887,4.81587710600008],[-75.730857157,4.81589474900005],[-75.7309778709999,4.81589640900006],[-75.731089852,4.81588849600007],[-75.731188028,4.81587514300002],[-75.7322548719999,4.81563535100003],[-75.732465099,4.81561177000003],[-75.7326933209999,4.81561777300003],[-75.733422358,4.81569318400005],[-75.733545152,4.81593545700004],[-75.734165624,4.81598728900002],[-75.734155133,4.81618976900006],[-75.734638451,4.81658562900002],[-75.734489076,4.81687642200006]]]},"properties":{"FID":442,"ID_BAR":63,"CODCOM":"12","COMUNA":"Ferrocarril","CODBAR":"011208","NOMBRE":"Nacederos","NOM_POPULA":"Nacederos","NORMA":"Sin"}},{"type":"Feature","id":443,"geometry":{"type":"Polygon","coordinates":[[[-75.687995902,4.81653969500006],[-75.6863072199999,4.81635605000002],[-75.686484907,4.81463372400002],[-75.686541678,4.81453889800002],[-75.6866424999999,4.81444365100003],[-75.687340333,4.81387749200006],[-75.687430696,4.81380524100007],[-75.687497826,4.81361387400004],[-75.687559659,4.81304237900001],[-75.69006631,4.81334214200006],[-75.689970064,4.81412464700003],[-75.6900012569999,4.81424118400002],[-75.6896204939999,4.81674097700004],[-75.687995902,4.81653969500006]]]},"properties":{"FID":443,"ID_BAR":64,"CODCOM":"03","COMUNA":"Centro","CODBAR":"010315","NOMBRE":"Sector Parque La Libertad","NOM_POPULA":"Parque La Libertad","NORMA":"Sin"}},{"type":"Feature","id":444,"geometry":{"type":"Polygon","coordinates":[[[-75.728188884,4.81656085800006],[-75.728224309,4.81630256500006],[-75.728082114,4.81630970100003],[-75.728055879,4.81567776200007],[-75.727792689,4.81574249500004],[-75.727732402,4.81561015200003],[-75.727755679,4.81557717600004],[-75.7278567069999,4.81538123100006],[-75.728009642,4.81536017700006],[-75.7281110229999,4.81535786300003],[-75.728321181,4.81535305800002],[-75.728544578,4.81537342200005],[-75.728525527,4.81554020700002],[-75.728421188,4.81555960100006],[-75.728342345,4.81563265200003],[-75.728362981,4.81617004500003],[-75.728537009,4.81632563100003],[-75.7287101219999,4.81646498600002],[-75.7285818029999,4.81647777400001],[-75.728455772,4.81649584300004],[-75.728318507,4.81652973700005],[-75.728188884,4.81656085800006]]]},"properties":{"FID":444,"ID_BAR":65,"CODCOM":"12","COMUNA":"Ferrocarril","CODBAR":"011203","NOMBRE":"Jose Hilario Lopez I","NOM_POPULA":"Jose Hilario Lopez I","NORMA":"32"}},{"type":"Feature","id":445,"geometry":{"type":"Polygon","coordinates":[[[-75.710202672,4.81566848600004],[-75.710102503,4.81651194500006],[-75.707597521,4.81622364900005],[-75.707686143,4.81539032700004],[-75.708511557,4.81548155800004],[-75.710202672,4.81566848600004]]]},"properties":{"FID":445,"ID_BAR":66,"CODCOM":"03","COMUNA":"Centro","CODBAR":"010301","NOMBRE":"Bloques Primero de Febrero","NOM_POPULA":"Bloques Primero de Febrero","NORMA":"Sin"}},{"type":"Feature","id":446,"geometry":{"type":"Polygon","coordinates":[[[-75.717429857,4.81612821300007],[-75.7170827859999,4.81623089600002],[-75.7168142419999,4.81631035500004],[-75.7162379609999,4.81644885400004],[-75.7158763479999,4.81641237500002],[-75.7134837309999,4.81622898100005],[-75.7127115599999,4.81602955900007],[-75.712932075,4.81404988700007],[-75.712999945,4.81344813400005],[-75.713060019,4.81347710100004],[-75.713392999,4.81366284500007],[-75.713772425,4.81388285300005],[-75.7146078659999,4.81440586600007],[-75.714844291,4.81456500800003],[-75.715010428,4.81465136100008],[-75.715182695,4.81471510700004],[-75.715357038,4.81475211300004],[-75.715510853,4.81477267400005],[-75.716107237,4.81479400200003],[-75.7164408889999,4.81485455300004],[-75.716774962,4.81499462000005],[-75.7175327259999,4.81541184900004],[-75.7180721679999,4.81564079500004],[-75.718512448,4.81574278200003],[-75.717429857,4.81612821300007]]]},"properties":{"FID":446,"ID_BAR":67,"CODCOM":"03","COMUNA":"Centro","CODBAR":"010317","NOMBRE":"Turin","NOM_POPULA":"Turin","NORMA":"Sin"}},{"type":"Feature","id":447,"geometry":{"type":"Polygon","coordinates":[[[-75.710202672,4.81566848600004],[-75.7104264,4.81364467600003],[-75.710839174,4.81383169400004],[-75.7112201149999,4.81396383400005],[-75.711976157,4.81403310500002],[-75.712932075,4.81404988700007],[-75.7127115599999,4.81602955900007],[-75.711879174,4.81586814300004],[-75.710202672,4.81566848600004]]]},"properties":{"FID":447,"ID_BAR":68,"CODCOM":"03","COMUNA":"Centro","CODBAR":"010318","NOMBRE":"Venecia","NOM_POPULA":"Venecia","NORMA":"Sin"}},{"type":"Feature","id":448,"geometry":{"type":"Polygon","coordinates":[[[-75.719357047,4.81354376400002],[-75.719415865,4.81353996700006],[-75.719809154,4.81410514300005],[-75.720341675,4.81406454500006],[-75.7208110239999,4.81407802400002],[-75.7209630419999,4.81410014500005],[-75.721136929,4.81412112900006],[-75.721236163,4.81410012900005],[-75.721330853,4.81405722800003],[-75.721453856,4.81398681000007],[-75.721566083,4.81391729200003],[-75.721604326,4.81390358600003],[-75.7216398209999,4.81390358600003],[-75.7216671469999,4.81391455500006],[-75.721704474,4.81394740700005],[-75.7217181359999,4.81398757100004],[-75.7217529969999,4.81414812200006],[-75.7217893019999,4.81429828700004],[-75.7218129999999,4.81432110600002],[-75.721843038,4.81433115700004],[-75.721892197,4.81432933700005],[-75.721941355,4.81432391600003],[-75.721982451,4.81430906200005],[-75.7220190729999,4.81428571300006],[-75.722094818,4.81440657700005],[-75.722040975,4.81447844400002],[-75.7220150919999,4.81449515200005],[-75.721878531,4.81466149400008],[-75.7219547609999,4.81589778400007],[-75.721246148,4.81593856100005],[-75.720861153,4.81595934600006],[-75.720539859,4.81597568100006],[-75.720296424,4.81599229900006],[-75.719952312,4.81600891600005],[-75.7197642689999,4.81600239700004],[-75.719571614,4.81597908000002],[-75.719437061,4.81595910300006],[-75.7191098879999,4.81588248000003],[-75.7188341629999,4.81581917500005],[-75.718512448,4.81574278200003],[-75.7180721679999,4.81564079500004],[-75.7175327259999,4.81541184900004],[-75.716774962,4.81499462000005],[-75.7164408889999,4.81485455300004],[-75.716107237,4.81479400200003],[-75.715510853,4.81477267400005],[-75.715357038,4.81475211300004],[-75.715182695,4.81471510700004],[-75.715010428,4.81465136100008],[-75.714844291,4.81456500800003],[-75.7146078659999,4.81440586600007],[-75.713772425,4.81388285300005],[-75.713392999,4.81366284500007],[-75.713060019,4.81347710100004],[-75.712999945,4.81344813400005],[-75.7133327299999,4.81272997400003],[-75.713586514,4.81288487800004],[-75.713768568,4.81300934700005],[-75.7140356749999,4.81243723500005],[-75.7140599369999,4.81246201600004],[-75.7141310339999,4.81251913700004],[-75.714218891,4.81258478900003],[-75.714267978,4.81260466100001],[-75.714295551,4.81260206400001],[-75.7143093549999,4.81258825300006],[-75.714312772,4.81256665200003],[-75.714305027,4.81245608600006],[-75.7143127739999,4.81243015800003],[-75.7143283029999,4.81242498300003],[-75.7143636229999,4.81242929400001],[-75.7145091959999,4.81250360100006],[-75.7146028289999,4.81254673400002],[-75.714795766,4.81250959300006],[-75.7148431639999,4.81249232100004],[-75.7148767589999,4.81246208400005],[-75.71489831,4.81243184600003],[-75.714911235,4.81238520000004],[-75.7149042999999,4.81226114000003],[-75.714906873,4.81210996900005],[-75.714906873,4.81209182900004],[-75.7149189519999,4.81207800100002],[-75.714943918,4.81206678500006],[-75.714988394,4.81205216200004],[-75.7150426589999,4.81203921600007],[-75.715105551,4.81203058100005],[-75.715177915,4.81203143000003],[-75.715233906,4.81203575700005],[-75.71527007,4.81204872200003],[-75.715320178,4.81210692100008],[-75.715341693,4.81214233400004],[-75.715358947,4.81221835200006],[-75.715361656,4.81237766600004],[-75.715359083,4.81250635400004],[-75.7153633779999,4.81256336700005],[-75.7153763009999,4.81260570400002],[-75.715396126,4.81263505900005],[-75.715415951,4.81265666000007],[-75.7154417629999,4.81265839200005],[-75.7154736309999,4.81265839200005],[-75.715499479,4.81264889100005],[-75.7155193039999,4.81263075200007],[-75.7155546239999,4.81258583700004],[-75.7156099809999,4.81251942700003],[-75.7157117519999,4.81240927000005],[-75.715804189,4.81230792500002],[-75.715854722,4.81227125900005],[-75.7159074369999,4.81225400400007],[-75.715980542,4.81223999800004],[-75.716020298,4.81225508300003],[-75.716100937,4.81230144800003],[-75.716154708,4.81234134700003],[-75.716210626,4.81239417600005],[-75.7163291529999,4.81263915400006],[-75.71651427,4.81279032800007],[-75.71656061,4.81290377400006],[-75.716608992,4.81300079400006],[-75.7166465999999,4.81305577700004],[-75.7166895949999,4.81309244400006],[-75.71674386,4.81310760000003],[-75.716800871,4.81310760000003],[-75.716839571,4.81310544600007],[-75.716879364,4.81308388100007],[-75.716969652,4.81304075100007],[-75.717049237,4.81301164500007],[-75.717149772,4.81298027800005],[-75.7171596969999,4.81344626200006],[-75.717166315,4.81360585800005],[-75.717535886,4.81358594000003],[-75.717535533,4.81360233100003],[-75.717548596,4.81370173400006],[-75.717572858,4.81372865200006],[-75.717599691,4.81374688000005],[-75.717629975,4.81375382200001],[-75.717669837,4.81375555300001],[-75.717737378,4.81371214000005],[-75.717840838,4.81360078000005],[-75.717877179,4.81359295700001],[-75.7180374019999,4.81359295900007],[-75.718072862,4.81361404800002],[-75.718094519,4.81364492200003],[-75.718097933,4.81368035300006],[-75.7180922269999,4.81388836100007],[-75.7181115939999,4.81393751600006],[-75.7181400809999,4.81395581400004],[-75.718222553,4.81394258600006],[-75.718435703,4.81390028700003],[-75.71852962,4.81385104700007],[-75.7186310719999,4.81379389200002],[-75.718669843,4.81378474400003],[-75.7187051619999,4.81378704000002],[-75.7187359389999,4.81379959900005],[-75.718764427,4.81382704600003],[-75.718783829,4.81384875400005],[-75.71880207,4.81384875400005],[-75.718861336,4.81382589900006],[-75.719120617,4.81368147700004],[-75.719350988,4.81354710600004],[-75.719357047,4.81354376400002]]]},"properties":{"FID":448,"ID_BAR":69,"CODCOM":"08","COMUNA":"El Jardin","CODBAR":"010818","NOMBRE":"Maraya","NOM_POPULA":"Maraya","NORMA":"Sin"}},{"type":"Feature","id":449,"geometry":{"type":"Polygon","coordinates":[[[-75.728544578,4.81537342200005],[-75.728321181,4.81535305800002],[-75.7281110229999,4.81535786300003],[-75.728078802,4.81505592600007],[-75.7280614049999,4.81505493700008],[-75.7280464739999,4.81491335700002],[-75.7279278729999,4.81435106000002],[-75.728228917,4.81448787200003],[-75.7286178209999,4.81455996800003],[-75.729117789,4.81455668100004],[-75.729317276,4.81448354100007],[-75.729443096,4.81466466700004],[-75.729646316,4.81441335000006],[-75.729969193,4.81463407400003],[-75.7301142749999,4.81458394700008],[-75.730404123,4.81491560800004],[-75.730261154,4.81503853900004],[-75.730055787,4.81522122100004],[-75.729875668,4.81533570800002],[-75.72977323,4.81538915500005],[-75.7296034989999,4.81544502100007],[-75.729426866,4.81548064700007],[-75.7292351959999,4.81548801300005],[-75.7291034959999,4.81547543800001],[-75.728980141,4.81545865900005],[-75.728853194,4.81542593100004],[-75.728544578,4.81537342200005]]]},"properties":{"FID":449,"ID_BAR":70,"CODCOM":"12","COMUNA":"Ferrocarril","CODBAR":"011201","NOMBRE":"Sureste de la Sierra","NOM_POPULA":"Sureste de la Sierra","NORMA":"Sin"}},{"type":"Feature","id":450,"geometry":{"type":"Polygon","coordinates":[[[-75.707686143,4.81539032700004],[-75.70773373,4.81493716700003],[-75.708561398,4.81501193700006],[-75.708511557,4.81548155800004],[-75.707686143,4.81539032700004]]]},"properties":{"FID":450,"ID_BAR":71,"CODCOM":"03","COMUNA":"Centro","CODBAR":"010307","NOMBRE":"Los Periodistas","NOM_POPULA":"Los Periodistas","NORMA":"Sin"}},{"type":"Feature","id":451,"geometry":{"type":"Polygon","coordinates":[[[-75.681940663,4.81436545000003],[-75.682154727,4.81439416500007],[-75.682258501,4.81442622900004],[-75.6831920759999,4.81471469600006],[-75.683028173,4.81497395100006],[-75.683007257,4.81496729000003],[-75.682741111,4.81493685900006],[-75.682672972,4.81493496500002],[-75.682145959,4.81492662900007],[-75.6816250059999,4.81488530100006],[-75.68134925,4.81481525100002],[-75.6809214849999,4.81459070000005],[-75.680518299,4.81437427400004],[-75.679826524,4.81382016100002],[-75.6799483149999,4.81351593700002],[-75.680000438,4.81340694600004],[-75.6800501659999,4.81332301800006],[-75.6801345809999,4.81321804000002],[-75.6803798349999,4.81337878300007],[-75.6805705529999,4.81340004400004],[-75.680697395,4.81338118900005],[-75.68061664,4.81402981300004],[-75.6806988609999,4.81408508400004],[-75.68090711,4.81418683300006],[-75.6811651529999,4.81426143800007],[-75.681940663,4.81436545000003]]]},"properties":{"FID":451,"ID_BAR":72,"CODCOM":"05","COMUNA":"Oriente","CODBAR":"010515","NOMBRE":"Ormaza","NOM_POPULA":"Ormaza","NORMA":"Sin"}},{"type":"Feature","id":452,"geometry":{"type":"Polygon","coordinates":[[[-75.729646316,4.81441335000006],[-75.729713327,4.81433046000005],[-75.7297235729999,4.81416787900003],[-75.7301479699999,4.81382512300008],[-75.7299823229999,4.81356435800006],[-75.73014332,4.81336162900003],[-75.730471124,4.81294070100006],[-75.730690435,4.81266165200003],[-75.7307423399999,4.81259070300007],[-75.7308012869999,4.81254577000004],[-75.7308917509999,4.81249018600005],[-75.7309955259999,4.81243343600004],[-75.7311681799999,4.81236670700001],[-75.7313191059999,4.81233832300005],[-75.7315643699999,4.81231940500003],[-75.731531338,4.81201907600008],[-75.731668144,4.81201670800003],[-75.731748431,4.81195229300004],[-75.7319325289999,4.81193074300006],[-75.731963519,4.81220726400005],[-75.731969259,4.81228282300002],[-75.732282804,4.81225788100003],[-75.732461937,4.81223126300004],[-75.732712941,4.81221455200006],[-75.732690296,4.81202466500001],[-75.7333753819999,4.81199804200003],[-75.733372351,4.81179766400004],[-75.733448589,4.81181108600003],[-75.733556414,4.81179729100007],[-75.733671105,4.81176509200003],[-75.7338278769999,4.81169942100007],[-75.733852315,4.81168919500004],[-75.7339394699999,4.81168689800005],[-75.7340403919999,4.81170989300005],[-75.734139027,4.81177658400002],[-75.7342801299999,4.81189059300004],[-75.73431207,4.81193225800006],[-75.7343564399999,4.81201811300001],[-75.734344961,4.81208125600005],[-75.734296579,4.81220427500005],[-75.734190833,4.81237517600005],[-75.734120688,4.81246765700006],[-75.73398251,4.81259507300007],[-75.7338317259999,4.81275329400007],[-75.733645693,4.81294304200003],[-75.733590619,4.81301397400005],[-75.7335650539999,4.81307803600003],[-75.733552308,4.81315813400005],[-75.733542695,4.81324944800001],[-75.733526744,4.81331031300004],[-75.733484312,4.81338059100005],[-75.733423709,4.81345334300005],[-75.7322961959999,4.81368472800005],[-75.7317387259999,4.81387555700007],[-75.731249219,4.81418908300004],[-75.730404123,4.81491560800004],[-75.7301142749999,4.81458394700008],[-75.729969193,4.81463407400003],[-75.729646316,4.81441335000006]]]},"properties":{"FID":452,"ID_BAR":73,"CODCOM":"12","COMUNA":"Ferrocarril","CODBAR":"011213","NOMBRE":"El Plumon Alto","NOM_POPULA":"El Plumon Alto","NORMA":"Sin"}},{"type":"Feature","id":453,"geometry":{"type":"Polygon","coordinates":[[[-75.741693232,4.81459193300002],[-75.7415620949999,4.81456109700002],[-75.741334648,4.81456122600001],[-75.741312744,4.81448231100005],[-75.74138729,4.81444094500005],[-75.741562374,4.81443198600004],[-75.7419882039999,4.81385581500006],[-75.742035143,4.81382547000005],[-75.742004998,4.81374390700006],[-75.742102998,4.81368321800005],[-75.742251283,4.81364389800007],[-75.742298155,4.81376267500001],[-75.7423705539999,4.81374089600008],[-75.742390522,4.81380001200005],[-75.742591697,4.81371807100003],[-75.742982358,4.81359009900006],[-75.743180573,4.81342475800007],[-75.743767573,4.81276262000005],[-75.744122589,4.81240532000005],[-75.744303057,4.81225474500008],[-75.7447290659999,4.81196913500004],[-75.745027501,4.81184430800004],[-75.745198181,4.81178248500004],[-75.7454854169999,4.81169331800003],[-75.74567874,4.81164339900005],[-75.7459423139999,4.81159328400002],[-75.746317129,4.81156142800005],[-75.747676871,4.81139317200006],[-75.7477561009999,4.81138050500004],[-75.7478168799999,4.81136639100004],[-75.747867658,4.81135153500004],[-75.748153801,4.81123599800002],[-75.7482729279999,4.81115994000004],[-75.748562588,4.81087631000002],[-75.748848476,4.81050350300005],[-75.7487577269999,4.81040383800008],[-75.7488429759999,4.81028299000007],[-75.7489835809999,4.81016422500004],[-75.749256519,4.81008146700004],[-75.749489672,4.81013550600006],[-75.749489533,4.81021090600006],[-75.749627957,4.81017349300002],[-75.749705709,4.81016524200004],[-75.749776277,4.81015277000006],[-75.749854028,4.81013328600005],[-75.749962349,4.81024088100003],[-75.7498695299999,4.81038274800005],[-75.7497799129999,4.81043458900007],[-75.7497677649999,4.81044161900007],[-75.7495582769999,4.81042730300002],[-75.74912826,4.81082379900003],[-75.7490684649999,4.81076357300002],[-75.748279521,4.81142888400006],[-75.748030493,4.81154751200006],[-75.7478551999999,4.81157600600006],[-75.7471655049999,4.81168818200007],[-75.74658828,4.81171320900006],[-75.745722868,4.81185326100006],[-75.7449872239999,4.81212973100003],[-75.744375814,4.81248587200002],[-75.743850719,4.81302488500006],[-75.7433469279999,4.81364090500005],[-75.742965848,4.81382930000006],[-75.742174596,4.81407630800003],[-75.742185375,4.81420088000004],[-75.7419783189999,4.81431114900003],[-75.741956874,4.81434327700003],[-75.741915532,4.81432934300005],[-75.7418653559999,4.81444015700002],[-75.741992093,4.81455278700002],[-75.7420799179999,4.81459981900002],[-75.742148586,4.81466361400003],[-75.7421953859999,4.81469031800003],[-75.742085171,4.81488469400005],[-75.741976639,4.81479241100005],[-75.741891384,4.81469392800004],[-75.74183328,4.81465120400003],[-75.7417682029999,4.81460576100004],[-75.741693232,4.81459193300002]]]},"properties":{"FID":453,"ID_BAR":74,"CODCOM":"12","COMUNA":"Ferrocarril","CODBAR":"011207","NOMBRE":"Matecana","NOM_POPULA":"Matecana","NORMA":"Sin"}},{"type":"Feature","id":454,"geometry":{"type":"Polygon","coordinates":[[[-75.7279278729999,4.81435106000002],[-75.7278975889999,4.81420755500005],[-75.72771944,4.81346817600007],[-75.728084891,4.81365725000006],[-75.727965059,4.814009772],[-75.728099646,4.81412459400001],[-75.728260715,4.81420386200006],[-75.728363047,4.81424339000005],[-75.7285107339999,4.81428641500003],[-75.728641624,4.81431168900002],[-75.729117929,4.81428367600006],[-75.729239663,4.81424075500007],[-75.729318683,4.81420287000003],[-75.7292433599999,4.81402140800002],[-75.729189271,4.81393325500004],[-75.729156417,4.81390252400006],[-75.7291386329999,4.81386257200006],[-75.729087291,4.81383470100008],[-75.729016722,4.81382613400006],[-75.7289974609999,4.81380896700004],[-75.728969677,4.81380038300006],[-75.728911925,4.81377464900002],[-75.728873472,4.81371975500001],[-75.728884916,4.81368725700002],[-75.7289810499999,4.81358659900007],[-75.728987493,4.81342410500002],[-75.728981577,4.81322971400004],[-75.728933263,4.81317579200004],[-75.728847975,4.81313953100004],[-75.7288110699999,4.81301935800008],[-75.7289980909999,4.81298397900003],[-75.7290926049999,4.81289792800006],[-75.7292141629999,4.81276367700001],[-75.729313642,4.81263558900002],[-75.7293952319999,4.81250208000006],[-75.729476962,4.81235486500001],[-75.729643981,4.81221494300007],[-75.729676413,4.81216559500007],[-75.729686026,4.81211866600006],[-75.7296819059999,4.81204610900006],[-75.7296691929999,4.81196701800008],[-75.729622394,4.81186657200004],[-75.729584432,4.81163763400003],[-75.729534674,4.81137241700003],[-75.72948305,4.81119429400006],[-75.729458998,4.81107470300003],[-75.7294566039999,4.81101572800002],[-75.72946502,4.81097240200006],[-75.7294842109999,4.81094230600006],[-75.7295947819999,4.81083695000006],[-75.729647638,4.81074750800001],[-75.729644574,4.81072975700004],[-75.729623798,4.81069272000003],[-75.7294998789999,4.81050834400002],[-75.729501394,4.81046773800004],[-75.7295229439999,4.81042916300004],[-75.729552982,4.81041913200004],[-75.729610486,4.81042384700003],[-75.7299500889999,4.81075201000005],[-75.72997752,4.81082089300003],[-75.7302063779999,4.81139588800004],[-75.7302299369999,4.81160559200003],[-75.7303448059999,4.81184779400008],[-75.730489148,4.81196593600005],[-75.7306187359999,4.81203386500004],[-75.730733604,4.81206341400003],[-75.7307859319999,4.81206657500007],[-75.7308904809999,4.81207291500004],[-75.731117997,4.81190771800003],[-75.7315110869999,4.81166360500003],[-75.7315941209999,4.81161128800004],[-75.7316820499999,4.81155741800007],[-75.731628139,4.81177021300004],[-75.731748431,4.81195229300004],[-75.731668144,4.81201670800003],[-75.731531338,4.81201907600008],[-75.7315643699999,4.81231940500003],[-75.7313191059999,4.81233832300005],[-75.7311681799999,4.81236670700001],[-75.7309955259999,4.81243343600004],[-75.7308917509999,4.81249018600005],[-75.7308012869999,4.81254577000004],[-75.7307423399999,4.81259070300007],[-75.730690435,4.81266165200003],[-75.730471124,4.81294070100006],[-75.73014332,4.81336162900003],[-75.7299823229999,4.81356435800006],[-75.7301479699999,4.81382512300008],[-75.7297235729999,4.81416787900003],[-75.729713327,4.81433046000005],[-75.729646316,4.81441335000006],[-75.729443096,4.81466466700004],[-75.729317276,4.81448354100007],[-75.729117789,4.81455668100004],[-75.7286178209999,4.81455996800003],[-75.728228917,4.81448787200003],[-75.7279278729999,4.81435106000002]]]},"properties":{"FID":454,"ID_BAR":75,"CODCOM":"12","COMUNA":"Ferrocarril","CODBAR":"011212","NOMBRE":"El Plumon","NOM_POPULA":"El Plumon","NORMA":"47"}},{"type":"Feature","id":455,"geometry":{"type":"Polygon","coordinates":[[[-75.686484907,4.81463372400002],[-75.68357671,4.81428867200002],[-75.683523995,4.81429366600002],[-75.6834505419999,4.81423774300003],[-75.683591499,4.81373298200004],[-75.682459213,4.81345218500007],[-75.682374068,4.81341076100005],[-75.6816036719999,4.81321139100003],[-75.681445493,4.81317907700003],[-75.681407298,4.81351707700004],[-75.6812919019999,4.81351839500007],[-75.681194149,4.81350482300007],[-75.681078473,4.81347394200002],[-75.680883074,4.81342042900008],[-75.680771132,4.81338769400002],[-75.680697395,4.81338118900005],[-75.6805705529999,4.81340004400004],[-75.6803798349999,4.81337878300007],[-75.6801345809999,4.81321804000002],[-75.680223326,4.81313577500003],[-75.68037359,4.81303668200008],[-75.680481593,4.81300738700002],[-75.680616921,4.81299494500007],[-75.6806933,4.81299927800005],[-75.680750593,4.81300797100004],[-75.681244318,4.81313798100008],[-75.681387074,4.81316713300003],[-75.681399542,4.81311110900004],[-75.681608322,4.81316022400006],[-75.6816373249999,4.81283979700003],[-75.6820924259999,4.81289293800004],[-75.682523375,4.81287459700007],[-75.68261662,4.81290233200002],[-75.6827315099999,4.81308993100003],[-75.6830535949999,4.81336064400006],[-75.68318413,4.81340055200008],[-75.683267975,4.81339910900005],[-75.684094334,4.81350313900003],[-75.6849996079999,4.81360733200006],[-75.685779661,4.81370178400005],[-75.6866183819999,4.81378714300007],[-75.687340333,4.81387749200006],[-75.6866424999999,4.81444365100003],[-75.686541678,4.81453889800002],[-75.686484907,4.81463372400002]]]},"properties":{"FID":455,"ID_BAR":76,"CODCOM":"05","COMUNA":"Oriente","CODBAR":"010520","NOMBRE":"Santander","NOM_POPULA":"Santander","NORMA":"68"}},{"type":"Feature","id":456,"geometry":{"type":"Polygon","coordinates":[[[-75.681940663,4.81436545000003],[-75.682009262,4.81381211300005],[-75.682281745,4.81383980700002],[-75.6824455189999,4.81392374900001],[-75.682258501,4.81442622900004],[-75.682154727,4.81439416500007],[-75.681940663,4.81436545000003]]]},"properties":{"FID":456,"ID_BAR":77,"CODCOM":"05","COMUNA":"Oriente","CODBAR":"010513","NOMBRE":"La Pupi","NOM_POPULA":"La Pupi","NORMA":"Sin"}},{"type":"Feature","id":457,"geometry":{"type":"Polygon","coordinates":[[[-75.7288110699999,4.81301935800008],[-75.728847975,4.81313953100004],[-75.728933263,4.81317579200004],[-75.728981577,4.81322971400004],[-75.728987493,4.81342410500002],[-75.7289810499999,4.81358659900007],[-75.728884916,4.81368725700002],[-75.728873472,4.81371975500001],[-75.728911925,4.81377464900002],[-75.728969677,4.81380038300006],[-75.7289974609999,4.81380896700004],[-75.729016722,4.81382613400006],[-75.729087291,4.81383470100008],[-75.7291386329999,4.81386257200006],[-75.729156417,4.81390252400006],[-75.729189271,4.81393325500004],[-75.7292433599999,4.81402140800002],[-75.729318683,4.81420287000003],[-75.729239663,4.81424075500007],[-75.729117929,4.81428367600006],[-75.728641624,4.81431168900002],[-75.7285107339999,4.81428641500003],[-75.728363047,4.81424339000005],[-75.728260715,4.81420386200006],[-75.728099646,4.81412459400001],[-75.727965059,4.814009772],[-75.728084891,4.81365725000006],[-75.72771944,4.81346817600007],[-75.727692079,4.81335471400006],[-75.727525411,4.81282670000007],[-75.727612247,4.81211136000006],[-75.727717184,4.81219684600005],[-75.7278307139999,4.81233966200005],[-75.727934595,4.81249427700004],[-75.728015165,4.81266143300007],[-75.728067634,4.81281712700008],[-75.7281020029999,4.81305180500004],[-75.728136266,4.81311515900006],[-75.7281812699999,4.81313663700007],[-75.728244444,4.81313018900003],[-75.728313251,4.81308039900006],[-75.7283850869999,4.81302267900003],[-75.7284836159999,4.81297435500005],[-75.7288110699999,4.81301935800008]]]},"properties":{"FID":457,"ID_BAR":78,"CODCOM":"12","COMUNA":"Ferrocarril","CODBAR":"011214","NOMBRE":"El Plumon Bajo","NOM_POPULA":"El Plumon Bajo","NORMA":"Sin"}},{"type":"Feature","id":458,"geometry":{"type":"Polygon","coordinates":[[[-75.6834505419999,4.81423774300003],[-75.683197429,4.81415739900007],[-75.6831060869999,4.81410015000006],[-75.6830767219999,4.81406088400008],[-75.6830376739999,4.81398002400005],[-75.682970014,4.81419258500006],[-75.6824455189999,4.81392374900001],[-75.682281745,4.81383980700002],[-75.682009262,4.81381211300005],[-75.6815371499999,4.81376412800004],[-75.6815769949999,4.81350666800006],[-75.681407298,4.81351707700004],[-75.681445493,4.81317907700003],[-75.6816036719999,4.81321139100003],[-75.682374068,4.81341076100005],[-75.682459213,4.81345218500007],[-75.683591499,4.81373298200004],[-75.6834505419999,4.81423774300003]]]},"properties":{"FID":458,"ID_BAR":79,"CODCOM":"05","COMUNA":"Oriente","CODBAR":"010501","NOMBRE":"20 de Julio","NOM_POPULA":"20 de Julio","NORMA":"51"}},{"type":"Feature","id":459,"geometry":{"type":"Polygon","coordinates":[[[-75.704465485,4.81374101400007],[-75.704429906,4.81414957700001],[-75.702750699,4.81395237400005],[-75.701079346,4.81375894500008],[-75.701357382,4.81127196500007],[-75.7014938359999,4.81125830000002],[-75.701585216,4.81125925700006],[-75.7016919489999,4.81127063500002],[-75.7019449539999,4.81143409100002],[-75.702138593,4.81150439400005],[-75.702203562,4.81150801800003],[-75.702348679,4.81148539700007],[-75.702478935,4.81147109600005],[-75.7026116919999,4.81146225100002],[-75.7025281369999,4.81222736100006],[-75.703372493,4.81231914600006],[-75.7034639729999,4.81144320600004],[-75.704591855,4.81197362400007],[-75.704683798,4.81200697400004],[-75.704516101,4.81333893300007],[-75.704465485,4.81374101400007]]]},"properties":{"FID":459,"ID_BAR":80,"CODCOM":"03","COMUNA":"Centro","CODBAR":"010304","NOMBRE":"La Victoria","NOM_POPULA":"La Victoria","NORMA":"34"}},{"type":"Feature","id":460,"geometry":{"type":"Polygon","coordinates":[[[-75.7104264,4.81364467600003],[-75.710429429,4.81361429700006],[-75.7096350469999,4.81325820500007],[-75.709654278,4.81309013200006],[-75.7088079119999,4.81306087900003],[-75.708791325,4.81311056300007],[-75.7079401669999,4.81321427000004],[-75.707967857,4.81275874300007],[-75.7080241359999,4.81251246200002],[-75.70806249,4.81225667800003],[-75.7080786879999,4.81226095200004],[-75.7083047949999,4.81232721000002],[-75.70880518,4.81247385500007],[-75.709280318,4.81261309900003],[-75.709697811,4.81272388800005],[-75.710627664,4.81297067100008],[-75.7109844139999,4.81302742700005],[-75.711230856,4.81237528900004],[-75.7117701559999,4.81243639500001],[-75.712035984,4.81247411000002],[-75.712218604,4.81241485700001],[-75.712452251,4.81231252600002],[-75.7125233479999,4.81230742300005],[-75.7127086419999,4.81235589200004],[-75.712869744,4.81244477200005],[-75.7133327299999,4.81272997400003],[-75.712999945,4.81344813400005],[-75.712932075,4.81404988700007],[-75.711976157,4.81403310500002],[-75.7112201149999,4.81396383400005],[-75.710839174,4.81383169400004],[-75.7104264,4.81364467600003]]]},"properties":{"FID":460,"ID_BAR":81,"CODCOM":"03","COMUNA":"Centro","CODBAR":"010312","NOMBRE":"Sector 30 de Agosto","NOM_POPULA":"Av. 30 de Agosto","NORMA":"Sin"}},{"type":"Feature","id":461,"geometry":{"type":"Polygon","coordinates":[[[-75.706191469,4.81350465900005],[-75.706150222,4.81392247600006],[-75.704465485,4.81374101400007],[-75.704516101,4.81333893300007],[-75.706191469,4.81350465900005]]]},"properties":{"FID":461,"ID_BAR":82,"CODCOM":"03","COMUNA":"Centro","CODBAR":"010311","NOMBRE":"Santander","NOM_POPULA":"Santander","NORMA":"Sin"}},{"type":"Feature","id":462,"geometry":{"type":"Polygon","coordinates":[[[-75.687559659,4.81304237900001],[-75.687497826,4.81361387400004],[-75.687430696,4.81380524100007],[-75.687340333,4.81387749200006],[-75.6866183819999,4.81378714300007],[-75.685779661,4.81370178400005],[-75.6849996079999,4.81360733200006],[-75.684094334,4.81350313900003],[-75.683267975,4.81339910900005],[-75.68318413,4.81340055200008],[-75.6830535949999,4.81336064400006],[-75.6827315099999,4.81308993100003],[-75.68261662,4.81290233200002],[-75.682523375,4.81287459700007],[-75.6820924259999,4.81289293800004],[-75.6816373249999,4.81283979700003],[-75.6817127479999,4.81238261400005],[-75.681608306,4.81235247500006],[-75.6811368099999,4.81208422400003],[-75.6808738399999,4.81198358400008],[-75.6809382439999,4.81146802600005],[-75.684293923,4.81185828100007],[-75.687633725,4.81223408700004],[-75.6876301889999,4.81248255900004],[-75.687566423,4.81297978500003],[-75.687559659,4.81304237900001]]]},"properties":{"FID":462,"ID_BAR":83,"CODCOM":"04","COMUNA":"Villavicencio","CODBAR":"010404","NOMBRE":"Villavicencio","NOM_POPULA":"Villavicencio","NORMA":"Sin"}},{"type":"Feature","id":463,"geometry":{"type":"Polygon","coordinates":[[[-75.7078772959999,4.81369521300007],[-75.707891914,4.81356656000003],[-75.707909065,4.81346406700003],[-75.7079270619999,4.81337990700006],[-75.7079401669999,4.81321427000004],[-75.708791325,4.81311056300007],[-75.7088079119999,4.81306087900003],[-75.709654278,4.81309013200006],[-75.7096350469999,4.81325820500007],[-75.709563019,4.81386661600003],[-75.7078772959999,4.81369521300007]]]},"properties":{"FID":463,"ID_BAR":84,"CODCOM":"03","COMUNA":"Centro","CODBAR":"010302","NOMBRE":"Buenos Aires","NOM_POPULA":"Buenos Aires","NORMA":"Sin"}},{"type":"Feature","id":464,"geometry":{"type":"Polygon","coordinates":[[[-75.6799483149999,4.81351593700002],[-75.679826524,4.81382016100002],[-75.679518876,4.81357375100004],[-75.679231366,4.81341470000007],[-75.6791087889999,4.81336691500007],[-75.6787275,4.81325770000006],[-75.678407447,4.81316896000003],[-75.6779921029999,4.81312115400005],[-75.6773024459999,4.81299700800002],[-75.67721392,4.81299016700007],[-75.676955172,4.81292871800001],[-75.6768242489999,4.81289347200005],[-75.6762465629999,4.81244630900004],[-75.676424864,4.81225843100003],[-75.676502553,4.81217519400009],[-75.676720444,4.81232488000005],[-75.677082113,4.81251339900007],[-75.6771563039999,4.81256889900004],[-75.6772220829999,4.81259428500005],[-75.67769405,4.81265590800006],[-75.67789593,4.81266600700007],[-75.678098093,4.81267034900003],[-75.678326913,4.81266829900004],[-75.678460547,4.81270539900005],[-75.678901802,4.81285444700006],[-75.679027054,4.81290179100005],[-75.679178893,4.81296776900007],[-75.679291185,4.81302302500005],[-75.679590243,4.81323833100003],[-75.6797739089999,4.81337791200001],[-75.6799483149999,4.81351593700002]]]},"properties":{"FID":464,"ID_BAR":85,"CODCOM":"05","COMUNA":"Oriente","CODBAR":"010518","NOMBRE":"San Francisco","NOM_POPULA":"San Francisco","NORMA":"Sin"}},{"type":"Feature","id":465,"geometry":{"type":"Polygon","coordinates":[[[-75.717535886,4.81358594000003],[-75.717538105,4.81348858600004],[-75.717540712,4.81339914400007],[-75.717554552,4.81333750300007],[-75.717590048,4.81324311600001],[-75.7176307569999,4.81313196800006],[-75.717632483,4.81309376500008],[-75.717629033,4.81306077200003],[-75.7176177649999,4.81303993000005],[-75.717593503,4.81302343300007],[-75.7175381119999,4.81299478400006],[-75.717444583,4.81297394100005],[-75.717354542,4.81296786400004],[-75.717261014,4.81296786300005],[-75.717149772,4.81298027800005],[-75.717118119,4.81271161600005],[-75.717111077,4.81268146600006],[-75.717200733,4.81257326900004],[-75.7172973959999,4.81247966000007],[-75.7173654649999,4.81244993500007],[-75.717435753,4.81242460900005],[-75.7174829739999,4.81241798600006],[-75.717590623,4.81243231100007],[-75.7178924409999,4.81249439800007],[-75.7181988359999,4.81256708300003],[-75.718445402,4.81263081100007],[-75.718254918,4.81361491600005],[-75.7180374019999,4.81359295900007],[-75.717877179,4.81359295700001],[-75.717840838,4.81360078000005],[-75.717737378,4.81371214000005],[-75.717669837,4.81375555300001],[-75.717629975,4.81375382200001],[-75.717599691,4.81374688000005],[-75.717572858,4.81372865200006],[-75.717548596,4.81370173400006],[-75.717535533,4.81360233100003],[-75.717535886,4.81358594000003]]]},"properties":{"FID":465,"ID_BAR":86,"CODCOM":"08","COMUNA":"El Jardin","CODBAR":"010806","NOMBRE":"Caminos de Maraya","NOM_POPULA":"Caminos de Maraya","NORMA":"Sin"}},{"type":"Feature","id":466,"geometry":{"type":"Polygon","coordinates":[[[-75.706191469,4.81350465900005],[-75.704516101,4.81333893300007],[-75.704683798,4.81200697400004],[-75.7053914099999,4.81234081300004],[-75.7054847599999,4.81236879300007],[-75.706196564,4.81269802300005],[-75.706287098,4.81272298100004],[-75.70709919,4.81311932900007],[-75.7073895249999,4.81325950600006],[-75.707544887,4.81331963200006],[-75.707730216,4.81335515700004],[-75.7079270619999,4.81337990700006],[-75.707909065,4.81346406700003],[-75.707891914,4.81356656000003],[-75.7078772959999,4.81369521300007],[-75.7062743279999,4.81350685200004],[-75.706191469,4.81350465900005]]]},"properties":{"FID":466,"ID_BAR":87,"CODCOM":"03","COMUNA":"Centro","CODBAR":"010309","NOMBRE":"Ricardo Ramirez Carmona","NOM_POPULA":"El Porvenir","NORMA":"30"}},{"type":"Feature","id":467,"geometry":{"type":"Polygon","coordinates":[[[-75.717535886,4.81358594000003],[-75.717166315,4.81360585800005],[-75.7171596969999,4.81344626200006],[-75.717149772,4.81298027800005],[-75.717261014,4.81296786300005],[-75.717354542,4.81296786400004],[-75.717444583,4.81297394100005],[-75.7175381119999,4.81299478400006],[-75.717593503,4.81302343300007],[-75.7176177649999,4.81303993000005],[-75.717629033,4.81306077200003],[-75.717632483,4.81309376500008],[-75.7176307569999,4.81313196800006],[-75.717590048,4.81324311600001],[-75.717554552,4.81333750300007],[-75.717540712,4.81339914400007],[-75.717538105,4.81348858600004],[-75.717535886,4.81358594000003]]]},"properties":{"FID":467,"ID_BAR":88,"CODCOM":"08","COMUNA":"El Jardin","CODBAR":"010801","NOMBRE":"Alcazar de Maraya","NOM_POPULA":"Alcazar de Maraya","NORMA":"Sin"}},{"type":"Feature","id":468,"geometry":{"type":"Polygon","coordinates":[[[-75.6801345809999,4.81321804000002],[-75.6800501659999,4.81332301800006],[-75.680000438,4.81340694600004],[-75.6799483149999,4.81351593700002],[-75.6797739089999,4.81337791200001],[-75.679590243,4.81323833100003],[-75.679291185,4.81302302500005],[-75.679178893,4.81296776900007],[-75.679027054,4.81290179100005],[-75.678901802,4.81285444700006],[-75.679278547,4.81246544400003],[-75.6799102959999,4.81178292800006],[-75.679691033,4.81157970800008],[-75.679955122,4.81129497600006],[-75.680597166,4.81195053700002],[-75.6808738399999,4.81198358400008],[-75.6811368099999,4.81208422400003],[-75.681608306,4.81235247500006],[-75.6817127479999,4.81238261400005],[-75.6816373249999,4.81283979700003],[-75.681608322,4.81316022400006],[-75.681399542,4.81311110900004],[-75.681387074,4.81316713300003],[-75.681244318,4.81313798100008],[-75.680750593,4.81300797100004],[-75.6806933,4.81299927800005],[-75.680616921,4.81299494500007],[-75.680481593,4.81300738700002],[-75.68037359,4.81303668200008],[-75.680223326,4.81313577500003],[-75.6801345809999,4.81321804000002]]]},"properties":{"FID":468,"ID_BAR":89,"CODCOM":"05","COMUNA":"Oriente","CODBAR":"010511","NOMBRE":"Hernando Velez Marulanda","NOM_POPULA":"Hernando Velez Marulanda","NORMA":"Sin"}},{"type":"Feature","id":469,"geometry":{"type":"Polygon","coordinates":[[[-75.7079401669999,4.81321427000004],[-75.7079270619999,4.81337990700006],[-75.707730216,4.81335515700004],[-75.707544887,4.81331963200006],[-75.7073895249999,4.81325950600006],[-75.70709919,4.81311932900007],[-75.707212292,4.81203516900006],[-75.707311032,4.81205882200003],[-75.70806249,4.81225667800003],[-75.7080241359999,4.81251246200002],[-75.707967857,4.81275874300007],[-75.7079401669999,4.81321427000004]]]},"properties":{"FID":469,"ID_BAR":90,"CODCOM":"03","COMUNA":"Centro","CODBAR":"010305","NOMBRE":"Las Garzas","NOM_POPULA":"Las Garzas","NORMA":"Sin"}},{"type":"Feature","id":470,"geometry":{"type":"Polygon","coordinates":[[[-75.69006631,4.81334214200006],[-75.687559659,4.81304237900001],[-75.687566423,4.81297978500003],[-75.6876301889999,4.81248255900004],[-75.687633725,4.81223408700004],[-75.68768292,4.81220203200007],[-75.689044504,4.81021215200007],[-75.689341865,4.80991406500004],[-75.689734404,4.80969945400005],[-75.690043653,4.80965178300005],[-75.6902696539999,4.80968756100003],[-75.690451493,4.80977171400003],[-75.690382647,4.81049319700002],[-75.69006631,4.81334214200006]]]},"properties":{"FID":470,"ID_BAR":91,"CODCOM":"03","COMUNA":"Centro","CODBAR":"010303","NOMBRE":"La Paz","NOM_POPULA":"La Paz","NORMA":"Sin"}},{"type":"Feature","id":471,"geometry":{"type":"Polygon","coordinates":[[[-75.735024944,4.81238341400007],[-75.7352972899999,4.81246110700005],[-75.735368281,4.81250286000005],[-75.735569077,4.81295033200007],[-75.735550624,4.81295995800002],[-75.7353945569999,4.81302910800001],[-75.735218348,4.81309905200004],[-75.73501203,4.81315029300003],[-75.73455661,4.81323636700005],[-75.7343271189999,4.81313223300003],[-75.734217005,4.81303795300004],[-75.7341780209999,4.81287468300007],[-75.734120688,4.81246765700006],[-75.734190833,4.81237517600005],[-75.734296579,4.81220427500005],[-75.734344961,4.81208125600005],[-75.7343564399999,4.81201811300001],[-75.734392641,4.81207677000003],[-75.7344060569999,4.81210236200007],[-75.734430038,4.81213653800005],[-75.73453054,4.81225192500004],[-75.734548218,4.81223853700004],[-75.734581565,4.81227841700007],[-75.734598257,4.81226919800002],[-75.7346526969999,4.81220227500007],[-75.7347933409999,4.81223872800005],[-75.734816758,4.81221899900004],[-75.7348781709999,4.81225907400005],[-75.7349199,4.81228864000006],[-75.735024944,4.81238341400007]]]},"properties":{"FID":471,"ID_BAR":92,"CODCOM":"11","COMUNA":"Olimpica","CODBAR":"011118","NOMBRE":"La Glorieta","NOM_POPULA":"La Glorieta","NORMA":"Sin"}},{"type":"Feature","id":472,"geometry":{"type":"Polygon","coordinates":[[[-75.70709919,4.81311932900007],[-75.706287098,4.81272298100004],[-75.706196564,4.81269802300005],[-75.7054847599999,4.81236879300007],[-75.7053914099999,4.81234081300004],[-75.704683798,4.81200697400004],[-75.704591855,4.81197362400007],[-75.7034639729999,4.81144320600004],[-75.703367981,4.81141980000005],[-75.703170503,4.81139229300004],[-75.703060777,4.81138128600003],[-75.7030860039999,4.81095299300005],[-75.703097806,4.81079348600001],[-75.7032127429999,4.81083769800006],[-75.703400218,4.81093375200004],[-75.703693156,4.81111107500005],[-75.703968134,4.81129853300006],[-75.704196526,4.81145421600006],[-75.704418228,4.81158229300007],[-75.7046327479999,4.81169295400003],[-75.704811878,4.81176604600006],[-75.7050666119999,4.81183765700006],[-75.705125772,4.81185081700004],[-75.7051763379999,4.81186210600003],[-75.7053533929999,4.81188298800003],[-75.705606404,4.81189154400003],[-75.706700778,4.81195440200001],[-75.7067289139999,4.81195788300005],[-75.7070048849999,4.81199199600007],[-75.707171057,4.81202529400004],[-75.707212292,4.81203516900006],[-75.70709919,4.81311932900007]]]},"properties":{"FID":472,"ID_BAR":93,"CODCOM":"03","COMUNA":"Centro","CODBAR":"010312","NOMBRE":"Sector 30 de Agosto","NOM_POPULA":"Av. 30 de Agosto","NORMA":"Sin"}},{"type":"Feature","id":473,"geometry":{"type":"Polygon","coordinates":[[[-75.717111077,4.81268146600006],[-75.717118119,4.81271161600005],[-75.717149772,4.81298027800005],[-75.717049237,4.81301164500007],[-75.716969652,4.81304075100007],[-75.716879364,4.81308388100007],[-75.716839571,4.81310544600007],[-75.716800871,4.81310760000003],[-75.71674386,4.81310760000003],[-75.7166895949999,4.81309244400006],[-75.7166465999999,4.81305577700004],[-75.716608992,4.81300079400006],[-75.71656061,4.81290377400006],[-75.71651427,4.81279032800007],[-75.7163291529999,4.81263915400006],[-75.716210626,4.81239417600005],[-75.716154708,4.81234134700003],[-75.716100937,4.81230144800003],[-75.716020298,4.81225508300003],[-75.715980542,4.81223999800004],[-75.7159074369999,4.81225400400007],[-75.715854722,4.81227125900005],[-75.715804189,4.81230792500002],[-75.7157117519999,4.81240927000005],[-75.7156099809999,4.81251942700003],[-75.7155546239999,4.81258583700004],[-75.7155193039999,4.81263075200007],[-75.715499479,4.81264889100005],[-75.7154736309999,4.81265839200005],[-75.7154417629999,4.81265839200005],[-75.715415951,4.81265666000007],[-75.715396126,4.81263505900005],[-75.7153763009999,4.81260570400002],[-75.7153633779999,4.81256336700005],[-75.715359083,4.81250635400004],[-75.715361656,4.81237766600004],[-75.715358947,4.81221835200006],[-75.715341693,4.81214233400004],[-75.715320178,4.81210692100008],[-75.71527007,4.81204872200003],[-75.715233906,4.81203575700005],[-75.715177915,4.81203143000003],[-75.715105551,4.81203058100005],[-75.7150426589999,4.81203921600007],[-75.714988394,4.81205216200004],[-75.714943918,4.81206678500006],[-75.7149189519999,4.81207800100002],[-75.714906873,4.81209182900004],[-75.714906873,4.81210996900005],[-75.7149042999999,4.81226114000003],[-75.714911235,4.81238520000004],[-75.71489831,4.81243184600003],[-75.7148767589999,4.81246208400005],[-75.7148431639999,4.81249232100004],[-75.714795766,4.81250959300006],[-75.7146028289999,4.81254673400002],[-75.7145091959999,4.81250360100006],[-75.7143636229999,4.81242929400001],[-75.7143283029999,4.81242498300003],[-75.7143127739999,4.81243015800003],[-75.714305027,4.81245608600006],[-75.714312772,4.81256665200003],[-75.7143093549999,4.81258825300006],[-75.714295551,4.81260206400001],[-75.714267978,4.81260466100001],[-75.714218891,4.81258478900003],[-75.7141310339999,4.81251913700004],[-75.7140599369999,4.81246201600004],[-75.7140356749999,4.81243723500005],[-75.7139685939999,4.81236872200004],[-75.713822776,4.81222155700004],[-75.713681502,4.81208248200005],[-75.713490857,4.81189555800006],[-75.713369125,4.81174060500006],[-75.713320884,4.81167754900002],[-75.713277819,4.81158598700005],[-75.713233909,4.81153414700004],[-75.713097563,4.81142485100002],[-75.713090661,4.81140324900002],[-75.713120808,4.81125640600003],[-75.713124224,4.81120933600003],[-75.713109576,4.81116615200004],[-75.713090632,4.81113850900003],[-75.71306651,4.81114281800006],[-75.7129088569999,4.81119119200002],[-75.7128016999999,4.81122738000005],[-75.712773247,4.81122047400003],[-75.712731907,4.81120146800003],[-75.712692292,4.81116692000006],[-75.712661269,4.81114012600005],[-75.712600983,4.81111507900004],[-75.712396392,4.81109165500004],[-75.712292159,4.81110288600007],[-75.712159508,4.81111583000006],[-75.7120495349999,4.81113310100005],[-75.7119806209999,4.81115123900002],[-75.7119194539999,4.81117630000006],[-75.71186864,4.81121515600008],[-75.7118255729999,4.81124366200003],[-75.711734263,4.81127391500006],[-75.711655348,4.81130529900001],[-75.7116105549999,4.81131999300004],[-75.711585554,4.81132085800004],[-75.711446882,4.81131135300006],[-75.711267714,4.81129752000005],[-75.71116813,4.81129232400001],[-75.7111000959999,4.81129665000003],[-75.71107513,4.81130355500004],[-75.711047557,4.81130268900006],[-75.711034634,4.81127764400004],[-75.711034635,4.81124913700007],[-75.711051856,4.81115498000003],[-75.7110759449999,4.81105181500003],[-75.711088027,4.81091014600003],[-75.7110707749999,4.81078712800006],[-75.711040635,4.81064374500004],[-75.711055215,4.81057300800006],[-75.7110611319999,4.81051742500006],[-75.7110541959999,4.81049163700003],[-75.711029476,4.81046978800005],[-75.710875066,4.81038641900006],[-75.710615122,4.81022709900003],[-75.710451838,4.81010898800001],[-75.710358804,4.81006929800002],[-75.7101945329999,4.81002462600002],[-75.710144601,4.80997866800004],[-75.71012379,4.80995023100007],[-75.710098085,4.80991513600002],[-75.710033788,4.80980001100005],[-75.709983118,4.80967842200003],[-75.709929668,4.80948985900004],[-75.709874241,4.80949879400002],[-75.7097356749999,4.80952260000004],[-75.709538196,4.80955615300006],[-75.7094787889999,4.80956210300007],[-75.709427342,4.80956111300002],[-75.709223455,4.80955118200007],[-75.708915934,4.80953527800005],[-75.7087932489999,4.80952635500004],[-75.7087321189999,4.80950789600005],[-75.7087189489999,4.80948555300006],[-75.708680181,4.80939826500002],[-75.708642927,4.80932415300003],[-75.7085962349999,4.80928126800005],[-75.70851419,4.80915840800002],[-75.7084441869999,4.80907724700005],[-75.708361649,4.80900869800007],[-75.708302385,4.80898077200003],[-75.708206146,4.80896858300002],[-75.708139487,4.80898218000005],[-75.707844956,4.80907816700006],[-75.707809003,4.80907410400005],[-75.7077720289999,4.80905327900005],[-75.7077218869999,4.80896595500008],[-75.70770034,4.80884182400006],[-75.7076867499999,4.80874443300005],[-75.7076777729999,4.80866505900002],[-75.707655979,4.80855299200004],[-75.7076387599999,4.80850019800004],[-75.707608443,4.80844456100004],[-75.707580344,4.80840342500006],[-75.707554075,4.80837092500007],[-75.7075094959999,4.80832574400006],[-75.7074674519999,4.80829983200006],[-75.707455233,4.80830098000007],[-75.7075395479999,4.80779727200007],[-75.707659554,4.80785632000002],[-75.707890483,4.80795301000006],[-75.7081643019999,4.80804118800006],[-75.708432488,4.80809294500005],[-75.708736206,4.80809804000006],[-75.709082885,4.80808860000007],[-75.7095518959999,4.80806462700003],[-75.709958122,4.80803337500003],[-75.710809169,4.80788291300007],[-75.71099464,4.80782116900002],[-75.711696785,4.80852695200002],[-75.7117955579999,4.80860219600003],[-75.712960064,4.80909012400001],[-75.713050316,4.80916547300006],[-75.71310053,4.809207386],[-75.713145637,4.80929732300007],[-75.713182327,4.80939920000003],[-75.7132041579999,4.80949289900002],[-75.7132833169999,4.80955579600004],[-75.714113547,4.80980799400003],[-75.714161648,4.80982881900006],[-75.7142129539999,4.80986479800004],[-75.7142474629999,4.80990095300005],[-75.714442225,4.81019139500006],[-75.7146439589999,4.81048383300004],[-75.714822242,4.81075320400005],[-75.715002004,4.81102543600003],[-75.715230149,4.81134482600004],[-75.715296173,4.81143863200002],[-75.715378713,4.81153060100007],[-75.715497946,4.81162624400003],[-75.715596965,4.81169060700004],[-75.715921636,4.81181016800003],[-75.716121297,4.81187928400005],[-75.716179998,4.81191238500001],[-75.7162350369999,4.81195836000006],[-75.716323069,4.81207791700007],[-75.716444097,4.81227840400004],[-75.7165138189999,4.81233909200006],[-75.7165835069999,4.81236669900005],[-75.7167027409999,4.81238323300005],[-75.716891628,4.81239980300005],[-75.716943005,4.81241267900002],[-75.716998009,4.81244945300006],[-75.7170493849999,4.81249175500005],[-75.717084245,4.81255797200003],[-75.717100725,4.81263706400006],[-75.717111077,4.81268146600006]]]},"properties":{"FID":473,"ID_BAR":94,"CODCOM":"08","COMUNA":"El Jardin","CODBAR":"010809","NOMBRE":"Jardin I","NOM_POPULA":"Jardin I","NORMA":"Sin"}},{"type":"Feature","id":474,"geometry":{"type":"Polygon","coordinates":[[[-75.7125233479999,4.81230742300005],[-75.712452251,4.81231252600002],[-75.712218604,4.81241485700001],[-75.712035984,4.81247411000002],[-75.7117701559999,4.81243639500001],[-75.711230856,4.81237528900004],[-75.7109844139999,4.81302742700005],[-75.710627664,4.81297067100008],[-75.709697811,4.81272388800005],[-75.709751104,4.81213167300008],[-75.710384071,4.81224568100004],[-75.7104811949999,4.81207012000004],[-75.710557471,4.81197856100005],[-75.7105959959999,4.81188995000003],[-75.710633994,4.81184100800003],[-75.7107238949999,4.81178548000002],[-75.7108277089999,4.81167723100003],[-75.7108848629999,4.81159748700003],[-75.710946735,4.81153019500005],[-75.710986281,4.81146315000006],[-75.711005792,4.81136312900002],[-75.711018505,4.81133352700003],[-75.711047557,4.81130268900006],[-75.71107513,4.81130355500004],[-75.7111000959999,4.81129665000003],[-75.71116813,4.81129232400001],[-75.711267714,4.81129752000005],[-75.711446882,4.81131135300006],[-75.711585554,4.81132085800004],[-75.7116105549999,4.81131999300004],[-75.711655348,4.81130529900001],[-75.711734263,4.81127391500006],[-75.7118255729999,4.81124366200003],[-75.71186864,4.81121515600008],[-75.7119194539999,4.81117630000006],[-75.7119806209999,4.81115123900002],[-75.7120495349999,4.81113310100005],[-75.712159508,4.81111583000006],[-75.712292159,4.81110288600007],[-75.712396392,4.81109165500004],[-75.712600983,4.81111507900004],[-75.712661269,4.81114012600005],[-75.712692292,4.81116692000006],[-75.712731907,4.81120146800003],[-75.712773247,4.81122047400003],[-75.7128016999999,4.81122738000005],[-75.7129088569999,4.81119119200002],[-75.71306651,4.81114281800006],[-75.713090632,4.81113850900003],[-75.713109576,4.81116615200004],[-75.713124224,4.81120933600003],[-75.713120808,4.81125640600003],[-75.713090661,4.81140324900002],[-75.713097563,4.81142485100002],[-75.713233909,4.81153414700004],[-75.713277819,4.81158598700005],[-75.713320884,4.81167754900002],[-75.713244077,4.81195874900003],[-75.713189669,4.81211256900002],[-75.7130129299999,4.81213399000005],[-75.7128595039999,4.81210904700002],[-75.712668959,4.81221780800006],[-75.7125233479999,4.81230742300005]]]},"properties":{"FID":474,"ID_BAR":95,"CODCOM":"08","COMUNA":"El Jardin","CODBAR":"010819","NOMBRE":"Mayorca","NOM_POPULA":"Mayorca","NORMA":"Sin"}},{"type":"Feature","id":475,"geometry":{"type":"Polygon","coordinates":[[[-75.7140356749999,4.81243723500005],[-75.713768568,4.81300934700005],[-75.713586514,4.81288487800004],[-75.7133327299999,4.81272997400003],[-75.712869744,4.81244477200005],[-75.7127086419999,4.81235589200004],[-75.7125233479999,4.81230742300005],[-75.712668959,4.81221780800006],[-75.7128595039999,4.81210904700002],[-75.7130129299999,4.81213399000005],[-75.713189669,4.81211256900002],[-75.713244077,4.81195874900003],[-75.713320884,4.81167754900002],[-75.713369125,4.81174060500006],[-75.713490857,4.81189555800006],[-75.713681502,4.81208248200005],[-75.713822776,4.81222155700004],[-75.7139685939999,4.81236872200004],[-75.7140356749999,4.81243723500005]]]},"properties":{"FID":475,"ID_BAR":96,"CODCOM":"08","COMUNA":"El Jardin","CODBAR":"010808","NOMBRE":"Jardin de Velez Y Velez","NOM_POPULA":"Jardin de Velez Y Velez","NORMA":"Sin"}},{"type":"Feature","id":476,"geometry":{"type":"Polygon","coordinates":[[[-75.678901802,4.81285444700006],[-75.678460547,4.81270539900005],[-75.678364384,4.81261395500006],[-75.67829368,4.81253761300007],[-75.678235688,4.81246810700004],[-75.678541964,4.81217956300003],[-75.678647282,4.81227093700005],[-75.679278547,4.81246544400003],[-75.678901802,4.81285444700006]]]},"properties":{"FID":476,"ID_BAR":97,"CODCOM":"05","COMUNA":"Oriente","CODBAR":"010507","NOMBRE":"Castano Robledo","NOM_POPULA":"Castano Robledo","NORMA":"Sin"}},{"type":"Feature","id":477,"geometry":{"type":"Polygon","coordinates":[[[-75.709697811,4.81272388800005],[-75.709280318,4.81261309900003],[-75.70880518,4.81247385500007],[-75.708868229,4.81187304000002],[-75.708911098,4.81132724100007],[-75.7094351499999,4.81135846300004],[-75.7098159129999,4.81153474200005],[-75.709809784,4.81161605900006],[-75.709751104,4.81213167300008],[-75.709697811,4.81272388800005]]]},"properties":{"FID":477,"ID_BAR":98,"CODCOM":"08","COMUNA":"El Jardin","CODBAR":"010823","NOMBRE":"Rincon de Las Quintas","NOM_POPULA":"Rincon de Las Quintas","NORMA":"Sin"}},{"type":"Feature","id":478,"geometry":{"type":"Polygon","coordinates":[[[-75.678541964,4.81217956300003],[-75.678235688,4.81246810700004],[-75.67829368,4.81253761300007],[-75.678364384,4.81261395500006],[-75.678460547,4.81270539900005],[-75.678326913,4.81266829900004],[-75.678098093,4.81267034900003],[-75.67789593,4.81266600700007],[-75.67769405,4.81265590800006],[-75.6772220829999,4.81259428500005],[-75.6771563039999,4.81256889900004],[-75.677082113,4.81251339900007],[-75.676720444,4.81232488000005],[-75.676502553,4.81217519400009],[-75.676424864,4.81225843100003],[-75.67638895,4.81220081400005],[-75.6763487049999,4.81214957300005],[-75.67630131,4.81210108700002],[-75.676258317,4.81206521100005],[-75.676154019,4.81198542300006],[-75.6759801049999,4.81188742000006],[-75.675171517,4.81105788500001],[-75.677304571,4.80893141600007],[-75.677455634,4.80898393700004],[-75.678056466,4.80926726500007],[-75.678371722,4.80943066400004],[-75.678527221,4.80950393800003],[-75.6794640419999,4.81009003800004],[-75.67952436,4.81013887900002],[-75.6796073899999,4.81020324600006],[-75.679996008,4.81072646500007],[-75.680417625,4.81121589800006],[-75.680609073,4.81135153900003],[-75.6809382439999,4.81146802600005],[-75.6808738399999,4.81198358400008],[-75.680597166,4.81195053700002],[-75.679955122,4.81129497600006],[-75.679691033,4.81157970800008],[-75.679400819,4.81131072700003],[-75.678541964,4.81217956300003]]]},"properties":{"FID":478,"ID_BAR":99,"CODCOM":"05","COMUNA":"Oriente","CODBAR":"010502","NOMBRE":"Alfonso Lopez","NOM_POPULA":"Alfonso Lopez","NORMA":"Sin"}},{"type":"Feature","id":479,"geometry":{"type":"Polygon","coordinates":[[[-75.70880518,4.81247385500007],[-75.7083047949999,4.81232721000002],[-75.708362031,4.81181479400003],[-75.708395389,4.81143701500002],[-75.70809676,4.81070195600005],[-75.708707795,4.81053437500004],[-75.708801313,4.81089113800004],[-75.708911098,4.81132724100007],[-75.708868229,4.81187304000002],[-75.70880518,4.81247385500007]]]},"properties":{"FID":479,"ID_BAR":100,"CODCOM":"08","COMUNA":"El Jardin","CODBAR":"010817","NOMBRE":"Los Quimbayas","NOM_POPULA":"Los Quimbayas","NORMA":"Sin"}},{"type":"Feature","id":480,"geometry":{"type":"Polygon","coordinates":[[[-75.678541964,4.81217956300003],[-75.679400819,4.81131072700003],[-75.679691033,4.81157970800008],[-75.6799102959999,4.81178292800006],[-75.679278547,4.81246544400003],[-75.678647282,4.81227093700005],[-75.678541964,4.81217956300003]]]},"properties":{"FID":480,"ID_BAR":101,"CODCOM":"05","COMUNA":"Oriente","CODBAR":"010504","NOMBRE":"Antonio Narino","NOM_POPULA":"Antonio Narino","NORMA":"88"}},{"type":"Feature","id":481,"geometry":{"type":"Polygon","coordinates":[[[-75.6762465629999,4.81244630900004],[-75.676136561,4.81236111600002],[-75.675816551,4.81218365700004],[-75.6757007699999,4.81214952400005],[-75.675265004,4.81207440900005],[-75.6750256609999,4.81199847900008],[-75.674835022,4.81188244000003],[-75.674583082,4.81167768000005],[-75.674561045,4.81158821900004],[-75.6747843529999,4.81136327200003],[-75.674834883,4.81139097000005],[-75.675171517,4.81105788500001],[-75.6759801049999,4.81188742000006],[-75.676154019,4.81198542300006],[-75.676258317,4.81206521100005],[-75.67630131,4.81210108700002],[-75.6763487049999,4.81214957300005],[-75.67638895,4.81220081400005],[-75.676424864,4.81225843100003],[-75.6762465629999,4.81244630900004]]]},"properties":{"FID":481,"ID_BAR":102,"CODCOM":"05","COMUNA":"Oriente","CODBAR":"010506","NOMBRE":"Brisas Del Otun","NOM_POPULA":"Brisas Del Otun","NORMA":"39"}},{"type":"Feature","id":482,"geometry":{"type":"Polygon","coordinates":[[[-75.734392641,4.81207677000003],[-75.7343955979999,4.81199727200005],[-75.7344093999999,4.81189211100002],[-75.734424718,4.81183467200003],[-75.734445072,4.81183756900003],[-75.734471763,4.81180510500008],[-75.7344906379999,4.81178415700002],[-75.7345137729999,4.81180356800007],[-75.734617021,4.81188695000004],[-75.734720935,4.81171168600004],[-75.7347537529999,4.81165174100004],[-75.734737943,4.81164303300005],[-75.734808932,4.81147972700006],[-75.7347803379999,4.81145250900005],[-75.734830728,4.81132392800004],[-75.734884181,4.81121277800002],[-75.735004996,4.81095840400006],[-75.735039223,4.81088895600004],[-75.735050879,4.81085493800003],[-75.7350573579999,4.81081850100002],[-75.735057814,4.81079969000006],[-75.735051229,4.81076062200003],[-75.7350381639999,4.81072427300006],[-75.735027142,4.81068836500003],[-75.734985695,4.81060346300006],[-75.7349029759999,4.81050056500004],[-75.734898785,4.81044295000003],[-75.734787648,4.81026387300005],[-75.7355254769999,4.80987693600002],[-75.735950367,4.80996190400003],[-75.735930508,4.81008373900004],[-75.735899065,4.81025700600002],[-75.735959176,4.81035222200007],[-75.73598823,4.81050595400007],[-75.73589988,4.81063635600003],[-75.735893193,4.81087347300007],[-75.735954254,4.81092448100003],[-75.736092155,4.81119314000004],[-75.735994263,4.81136577200003],[-75.7359580299999,4.81148813700001],[-75.735906513,4.81154271400005],[-75.735255205,4.81213619300006],[-75.735240027,4.81214664900005],[-75.735024944,4.81238341400007],[-75.7349199,4.81228864000006],[-75.7348781709999,4.81225907400005],[-75.734816758,4.81221899900004],[-75.7347933409999,4.81223872800005],[-75.7346526969999,4.81220227500007],[-75.734598257,4.81226919800002],[-75.734581565,4.81227841700007],[-75.734548218,4.81223853700004],[-75.73453054,4.81225192500004],[-75.734430038,4.81213653800005],[-75.7344060569999,4.81210236200007],[-75.734392641,4.81207677000003]]]},"properties":{"FID":482,"ID_BAR":103,"CODCOM":"11","COMUNA":"Olimpica","CODBAR":"011135","NOMBRE":"Santa Monica","NOM_POPULA":"Santa Monica","NORMA":"Sin"}},{"type":"Feature","id":483,"geometry":{"type":"Polygon","coordinates":[[[-75.7083047949999,4.81232721000002],[-75.7080786879999,4.81226095200004],[-75.70806249,4.81225667800003],[-75.707311032,4.81205882200003],[-75.707212292,4.81203516900006],[-75.707171057,4.81202529400004],[-75.7070048849999,4.81199199600007],[-75.7067289139999,4.81195788300005],[-75.706887464,4.81136273800007],[-75.706110509,4.81127998600004],[-75.706210213,4.81081801300008],[-75.705481219,4.81074497600003],[-75.7057529579999,4.80977663100002],[-75.705802609,4.80979440100004],[-75.705968146,4.80990414200005],[-75.706004486,4.80993683600001],[-75.7060244859999,4.80994220600008],[-75.706085935,4.80992643500002],[-75.706188374,4.80985374000005],[-75.706232039,4.80984411600002],[-75.706284684,4.80985415000004],[-75.706337856,4.80986965900006],[-75.7063675049999,4.80988082300006],[-75.706528149,4.80995248300006],[-75.7065987509999,4.81000474800005],[-75.706620301,4.81000904000006],[-75.706683617,4.80998214300006],[-75.706708901,4.80996462200004],[-75.706925326,4.80989240700006],[-75.706971951,4.80986589800004],[-75.707042308,4.80983834600005],[-75.707075268,4.80982990500006],[-75.707141823,4.80978543400004],[-75.707227428,4.80977072300004],[-75.7072936659999,4.80977515800004],[-75.707458851,4.80984930900007],[-75.70755037,4.80992851000002],[-75.70759333,4.80995000600007],[-75.707614775,4.80995707100004],[-75.7076494249999,4.80996332500007],[-75.707686575,4.80996346700004],[-75.7077121409999,4.80995931700005],[-75.707725593,4.80995426600002],[-75.7077472139999,4.80994333300003],[-75.7077655959999,4.80992927500005],[-75.7077910209999,4.80990000900006],[-75.707868237,4.81018043600003],[-75.708015733,4.81071589000005],[-75.70809676,4.81070195600005],[-75.708395389,4.81143701500002],[-75.708362031,4.81181479400003],[-75.7083047949999,4.81232721000002]]]},"properties":{"FID":483,"ID_BAR":104,"CODCOM":"08","COMUNA":"El Jardin","CODBAR":"010813","NOMBRE":"Las Mangas","NOM_POPULA":"Las Mangas","NORMA":"Sin"}},{"type":"Feature","id":484,"geometry":{"type":"Polygon","coordinates":[[[-75.7026116919999,4.81146225100002],[-75.702915413,4.81140602500004],[-75.703060777,4.81138128600003],[-75.703170503,4.81139229300004],[-75.703367981,4.81141980000005],[-75.7034639729999,4.81144320600004],[-75.703372493,4.81231914600006],[-75.7025281369999,4.81222736100006],[-75.7026116919999,4.81146225100002]]]},"properties":{"FID":484,"ID_BAR":105,"CODCOM":"03","COMUNA":"Centro","CODBAR":"010306","NOMBRE":"Los Nogales","NOM_POPULA":"Los Nogales","NORMA":"Sin"}},{"type":"Feature","id":485,"geometry":{"type":"Polygon","coordinates":[[[-75.731748431,4.81195229300004],[-75.731628139,4.81177021300004],[-75.7316820499999,4.81155741800007],[-75.731887769,4.81142851700001],[-75.732093662,4.81130095900005],[-75.73221036,4.81122919600005],[-75.732259308,4.81121902200004],[-75.73226621,4.81130639700006],[-75.732291424,4.81135929500005],[-75.732351076,4.81139838100006],[-75.732497883,4.81139838000008],[-75.732573593,4.81138228900006],[-75.732711665,4.81133859200002],[-75.732876818,4.81130409500002],[-75.732970839,4.81132249900003],[-75.73304426,4.81136617700002],[-75.7331435289999,4.81148684500004],[-75.7332628,4.81171219600002],[-75.733297205,4.81176968700003],[-75.733372351,4.81179766400004],[-75.7333753819999,4.81199804200003],[-75.732690296,4.81202466500001],[-75.732712941,4.81221455200006],[-75.732461937,4.81223126300004],[-75.732282804,4.81225788100003],[-75.731969259,4.81228282300002],[-75.731963519,4.81220726400005],[-75.7319325289999,4.81193074300006],[-75.731748431,4.81195229300004]]]},"properties":{"FID":485,"ID_BAR":106,"CODCOM":"12","COMUNA":"Ferrocarril","CODBAR":"011211","NOMBRE":"Torres de San Mateo","NOM_POPULA":"Torres de San Mateo","NORMA":"Sin"}},{"type":"Feature","id":486,"geometry":{"type":"Polygon","coordinates":[[[-75.7511968759999,4.81055875300006],[-75.75076382,4.81064643500003],[-75.750690994,4.81073031700002],[-75.7506048289999,4.81079062600003],[-75.750630055,4.81080050600002],[-75.750484475,4.81096818500002],[-75.7505305569999,4.81088163300005],[-75.750619402,4.81016734700006],[-75.751200403,4.80985100100003],[-75.756436744,4.81154414400002],[-75.756367223,4.81188384100005],[-75.755980423,4.81189993000004],[-75.7559720419999,4.81212000400006],[-75.7511968759999,4.81055875300006]]]},"properties":{"FID":486,"ID_BAR":107,"CODCOM":"12","COMUNA":"Ferrocarril","CODBAR":"011209","NOMBRE":"Catalan","NOM_POPULA":"Portal de La Villa","NORMA":"Sin"}}]}